first,second,third,likelihood_ratio
pose,question,savoir,456.2643907633283
programme,front,national,19810.570758779653
secrétaire,parti,socialiste,2211.5043546957463
jean,marie,chevallier,3026.297934506163
jean,marie,avait,2924.3201385717402
jean,françois,copé,467.67885011369685
jean,pierre,stirbois,332.21826832096497
jean,claude,martinez,320.1080832499056
sera,pire,jospin,168.49283926871067
prix,nobel,économie,501.7631529681126
lettre,jean,marie,2958.5936470849274
voix,front,national,19809.625222156494
gens,front,national,19763.003383205236
faut,bien,dire,1547.2829913460291
faut,mettre,place,1172.3481411331595
faut,dire,vérité,551.859426423939
faut,faire,cesser,462.29308387947856
faut,aller,plus,149.0858623793377
classe,politique,française,2010.8586355113425
classe,politico,médiatique,570.5799988235697
insultes,plus,ignobles,212.45862721848755
immigrés,tiers,monde,560.9706263448124
vive,front,national,19887.268959213678
vive,france,vive,1117.2829218119848
vive,république,vive,1045.9654668586156
vive,france,chers,464.8342953386531
échange,gloire,immortelle,273.5583068328557
basses,insultes,plus,205.6891043358345
jours,plus,tard,837.7262216915248
constitution,européenne,2005,1026.4408795480258
veut,dire,faut,1370.4250577811147
veut,rien,dire,301.4681679860454
toute,classe,politique,1515.905627117119
toute,misère,monde,215.80901281888376
président,front,national,19921.40498602826
président,république,chef,4244.590343954387
président,république,sortant,4231.646301511715
président,etats,unis,2814.181970390461
président,conseil,général,671.2801448568059
nicolas,sarkozy,françois,7186.39675530681
nicolas,sarkozy,avait,7163.009274584681
nicolas,sarkozy,nicolas,7150.6846221843425
nicolas,sarkozy,était,7148.246435859461
conséquent,front,national,19732.384091143365
député,front,national,19754.430415031147
présidé,infâme,évêque,298.08201496937187
pression,baisse,salaires,705.017733767254
partis,bande,quatre,426.5937712645789
présenter,candidature,arabe,300.5789634420255
suis,député,européen,280.5146817062148
suis,pupille,nation,242.91219309928852
épargné,échange,gloire,260.9959790733303
chers,amis,chers,2672.5234883370395
chers,compatriotes,métropole,1317.889945183053
sympathisants,front,national,19772.06434908621
système,protection,sociale,1515.696618641049
système,bout,souffle,330.7586264249118
élire,président,république,4268.563389787213
emprunter,marchés,financiers,1572.4016869302236
1700,milliards,euros,2605.865949397307
aide,médicale,etat,815.4918256412934
candidats,front,national,19758.83379204698
candidats,deuxième,tour,1486.7547871688314
candidats,présidence,république,648.3783647650698
impôt,revenu,impôt,785.2555904533931
impôt,revenu,travail,770.8950878776054
impôt,successions,ligne,286.3773985281766
dire,front,national,19723.44237573641
dire,certain,nombre,7637.565033807625
dire,quelque,chose,2077.4433219258653
dire,vérité,français,220.3237574604476
année,après,année,242.26389453300914
intérêt,france,français,236.65109314117632
dois,dire,suis,888.4671579603179
aller,plus,loin,394.11350010077234
aller,emprunter,marchés,246.1485346698649
bonne,dépense,publique,438.37042429780456
bonne,gestion,argent,198.6801623465396
petites,moyennes,entreprises,250.04077514548385
salaires,travailleurs,manuels,299.43296050245254
tribunal,ecclésiastique,présidé,310.6253259364232
droits,homme,citoyen,314.36268037819355
liberté,peuple,français,2627.1550076238154
liberté,égalité,fraternité,548.4646690543109
gauche,extrême,gauche,474.75469430712286
pays,union,européenne,4519.556843873084
pays,tiers,monde,558.2308747908817
décider,entre,maintient,199.99478556524872
premier,ministre,socialiste,1557.4249992117545
premier,tour,élections,1135.2095764247745
premier,homme,politique,312.09084627430707
premier,secrétaire,parti,277.2029658121157
pieds,poings,liés,387.9770739450329
pieds,noirs,harkis,368.0753977893154
éducation,leurs,enfants,829.1761181680885
contribution,sociale,importation,346.9006204241372
arabe,députation,paris,363.96757684155284
congrès,front,national,19768.806032273846
députation,paris,1957,318.54146079209744
nathalie,kosciusko,morizet,586.4398209019566
avons,certain,nombre,7641.307459038093
avons,millions,chômeurs,844.8340365366554
avons,places,prison,569.9263869516254
avons,plus,moyens,320.4039108624355
ultra,libéralisme,mondialisé,347.9546237577697
organisation,mondiale,commerce,249.1116589420752
crois,front,national,19725.65574699654
crois,certain,nombre,7633.627432057997
était,premier,ministre,1495.4649951302822
sert,plus,rien,273.8969660620214
mettre,place,protectionnisme,1177.2527073569363
mettre,place,politique,1036.559323495489
unes,après,autres,282.5968758530429
tours,élection,présidentielle,2376.6245047070183
lutter,contre,immigration,1065.6668464331278
grande,partie,entre,731.5071136167719
grande,pitié,royaume,247.15303782470295
acquisition,automatique,nationalité,430.3356307815367
sécurité,première,libertés,260.7281161523208
patriotisme,économique,patriotisme,739.6256306534515
deuxième,tour,élection,1600.9847992863247
deuxième,guerre,mondiale,713.1179523790506
france,front,national,19723.71027279582
france,nicolas,sarkozy,7128.715107879417
france,chers,compatriotes,1239.852804840009
france,toute,entière,226.91475076469024
france,français,abord,163.19024890439402
france,pays,plus,51.90331245437211
gouvernement,nicolas,sarkozy,7170.88640244948
gouvernement,union,nationale,171.4791910693187
banques,dépôt,banques,408.26273456377726
baisse,salaires,manuels,817.5997889696537
baisse,salaires,travailleurs,741.0095332425403
dominique,strauss,kahn,1744.75879781853
rendent,bien,compte,178.0339348694055
candidate,élection,présidentielle,2355.687710216976
candidature,arabe,députation,431.7547231529576
simple,bonne,raison,207.39014302559306
classes,moyennes,populaires,1344.162457079338
bleu,blanc,rouge,339.12716097951017
celles,front,national,19751.54927447735
enfants,petits,enfants,364.7355745730985
idées,front,national,19752.137583132848
députés,front,national,19756.714736030794
enfin,veux,dire,985.2715749384811
plus,front,national,19732.740730021418
plus,milliards,euros,2481.458949725035
plus,plus,nombreux,1059.7958549589134
plus,grande,partie,879.0378504334328
plus,nombreux,plus,847.8519419262756
plus,plus,importants,733.1966540003482
plus,plus,français,636.4771606840078
plus,grand,nombre,507.4007365927722
plus,grande,fermeté,326.18969324647554
plus,grand,bénéfice,311.2713443468896
plus,millions,étrangers,310.7628918245921
plus,rien,dire,284.54517554850236
plus,basses,insultes,234.60814972693018
plus,ignobles,calomnies,209.86045253609677
présidente,front,national,19828.794852394203
campagne,électorale,présidentielle,1222.686949976071
campagne,électorale,européenne,1174.1587799819185
cinq,dernières,années,897.6330438004732
cinq,millions,chômeurs,837.2815683705358
municipaux,front,national,19778.877914374156
peser,baisse,salaires,967.5929514581217
trois,quatre,cinq,302.7994798161782
racisme,anti,français,312.6737216842158
référendum,constitution,européenne,1097.3577180742004
référendum,initiative,populaire,532.4888603254198
effectifs,police,gendarmerie,304.7682539721932
lutte,contre,terrorisme,1069.9245263908172
lutte,contre,insécurité,1060.6936085020368
armes,destruction,massive,260.3229362992826
intérêts,france,français,165.65730024957037
quelques,jours,plus,717.4479964717897
quelques,semaines,quelques,715.3947178814708
pendant,campagne,électorale,1323.63686304037
pendant,campagne,présidentielle,1000.6238938441277
pendant,années,années,526.5242784988915
ecclésiastique,présidé,infâme,322.5322623203965
jusqu,dernier,moment,189.22430467658893
guerre,grand,chef,180.81859790351618
faire,front,national,19732.052815901312
faire,quelque,chose,2070.3882199819755
faire,objet,publication,307.9054601816556
faire,respecter,lois,296.5473611809134
autres,pays,européens,694.2196419192587
autres,pays,monde,527.5233327127223
autres,mouvements,politiques,379.03180385102314
électeurs,front,national,19884.104560837146
égard,front,national,19751.851939258508
referendum,initiative,populaire,512.5092367420705
écrasé,chevalerie,française,261.95955295090306
entre,maintient,territoire,187.8729252286211
entre,leurs,mains,134.43311007920084
liste,front,national,19770.02489667874
pouvoir,achat,français,2339.301479846209
économique,patriotisme,social,339.6680830875733
êtes,train,dire,245.50304041063075
argent,public,faut,467.4755475684953
choses,soient,claires,599.4779057176177
monopole,marchés,financiers,1661.6661730123458
mois,plus,tard,890.8011212358351
vice,premier,ministre,1600.675128738456
ensemble,classe,politique,1496.8530808818628
voulu,faire,hier,258.97977479374475
matin,paysans,arrive,408.8723270013463
quatre,millions,demi,499.31329847302777
quatre,coins,monde,246.96419751292572
représentés,assemblée,nationale,1699.850160611261
république,vive,france,650.9760992127125
celle,front,national,19733.752313034478
contre,front,national,19839.15707497789
contre,mariage,homosexuel,597.2636908716566
contre,vents,marées,253.86023099913595
chiffres,ministère,intérieur,718.4006684686747
appel,offre,alimentaire,311.5040747675998
groupes,politico,religieux,376.3049339914281
devant,assemblée,nationale,1595.905138910028
chine,etats,unis,2836.840736838642
vote,front,national,19742.52780921809
bien,front,national,19723.895126074574
bien,verra,bien,286.0001713043925
conseil,général,corrèze,623.9411558574596
millions,chômeurs,millions,1038.2153071500265
millions,demi,voix,512.0337911097268
millions,crimes,délits,463.2366633319665
millions,travailleurs,pauvres,293.39826323548147
couper,pompes,aspirantes,598.9829475739556
installation,jeunes,agriculteurs,276.29533851486804
monde,sait,bien,320.30216663929605
monde,besoin,france,118.89468968903563
emploi,pouvoir,achat,2308.8785004587426
statut,juridique,social,227.90461528351193
réforme,code,nationalité,301.50142805827977
projet,contre,projet,153.27480348129842
volonté,peuple,français,2661.6533263652723
national,front,national,19746.590754956433
national,vive,france,487.7069635944555
compatriotes,métropole,outre,288.09059001987873
grand,chef,guerre,200.46058424115262
grand,chef,politique,173.20968790027422
ferrée,pieds,taille,286.99631262456643
etat,collectivités,territoriales,614.661159074921
etat,fort,etat,402.5364551328063
groupe,front,national,19755.316647166273
groupe,droites,européennes,371.6689538878849
soit,milliards,euros,2522.844442500019
adhérents,front,national,19834.222011599348
chef,guerre,grand,163.40161821800342
sarkozy,nicolas,sarkozy,7140.398023859863
sarkozy,françois,hollande,1710.8486035123533
conseillers,municipaux,front,374.6768652292474
amis,front,national,19759.916533993266
amis,chers,camarades,736.2181417748978
élections,cantonales,mars,553.5646757927675
militants,front,national,19784.89869598086
banque,centrale,européenne,397.88117719255047
banque,france,prêter,317.2881710883356
protections,intelligentes,frontières,242.51511120925937
coûte,milliards,euros,2595.8711413927463
chevalerie,française,azincourt,272.1146876531421
français,doivent,savoir,486.4067409135072
français,rendent,compte,474.08945728444456
français,origine,étrangère,326.58826976014853
français,peuvent,plus,158.53419722203637
semaines,quelques,mois,616.7622838779148
demain,voulu,faire,256.03947994385044
retour,monnaie,nationale,516.4092018019757
retour,monnaies,nationales,386.51749246915716
leurs,enfants,école,814.1746983999815
mauvaise,dépense,publique,658.5620563659903
gestion,argent,public,503.7354806712408
certain,nombre,gens,7967.504861732657
certain,nombre,sujets,7787.036976351765
certain,nombre,autres,7769.5375450510855
certain,nombre,choses,7723.97494201251
certain,nombre,années,7697.577794167897
certain,nombre,mesures,7674.006288421691
certain,nombre,candidats,7672.014887188192
certain,nombre,propositions,7669.913730374229
certain,nombre,pays,7667.945952459562
certain,nombre,conditions,7658.652391709173
certain,nombre,temps,7644.052086913836
certain,nombre,français,7633.543989537209
celui,front,national,19769.657584896246
concurrence,internationale,déloyale,736.842937248537
déjà,certain,nombre,7679.650834622625
empêcher,front,national,19784.347516085603
hommes,politiques,français,795.115248188738
lire,écrire,compter,434.1990754063646
situation,économique,sociale,532.1587349536046
politique,front,national,19731.890070386766
politique,dissuasive,immigration,268.74177331688236
politique,agricole,commune,225.549092648128
échec,nicolas,sarkozy,7168.918684420108
croissance,plus,faible,227.6264023620606
élus,front,national,19803.76770830963
compte,tenu,situation,1126.860021289679
ailleurs,certain,nombre,7642.0087055214235
tour,élection,présidentielle,2473.5431460290156
nouvel,ordre,mondial,288.2791679620083
rétablissement,peine,mort,832.7726443275019
ouverture,totale,frontières,561.8395328677423
dirigeants,front,national,19746.57192131253
lorsqu,était,ministre,258.3007633005228
place,protectionnisme,intelligent,605.5467463914044
place,politique,dissuasive,215.7027628946151
pouvoirs,publics,successifs,790.1947085022225
candidat,front,national,19745.743904490315
candidat,élection,présidentielle,2298.280278108364
candidat,présidence,république,777.4715858621717
moment,donné,faut,959.276254937243
rassemblement,bleu,marine,704.7076548936636
front,national,vive,19862.888588042966
front,national,avait,19780.2260544945
front,national,parti,19770.922184079383
front,national,rassemblement,19765.59487210637
front,national,était,19765.024454815863
front,national,aurait,19757.593667111607
front,national,sera,19756.532144238896
front,national,front,19744.513805833012
front,national,aura,19744.4177735829
front,national,veut,19738.819208225803
front,national,soit,19733.72549591434
front,national,bien,19732.96801667378
front,national,aujourd,19730.493071160614
front,national,jamais,19730.457156601424
front,national,dont,19728.94364237132
front,national,gens,19728.4837379871
front,national,beaucoup,19728.236153764505
front,national,faut,19723.651818830615
front,national,crois,19722.755597213523
hausse,pouvoir,achat,2328.5580090691165
suppression,impôt,revenu,762.6299009652587
suppression,aide,médicale,686.3572885192289
milliards,euros,dette,2635.174053498201
milliards,euros,soit,2546.3982790888695
mise,place,euro,890.6395276503515
successions,ligne,directe,253.7043628460807
beaucoup,plus,facile,988.9659352642173
beaucoup,autres,pays,799.6906149063611
etats,unis,amérique,2963.090114761907
immigration,insécurité,chômage,476.8482672821018
avait,certain,nombre,7641.21278631265
seconde,guerre,mondiale,608.8523846320213
