first,second,likelihood_ratio
isabeau,bavière,133.14188621293408
régler,problème,56.86771189313016
personnage,historique,60.94019256771552
pierre,stirbois,72.50057376562125
partis,politiques,210.09176904535275
partis,bande,49.479620590100275
partir,moment,212.1025160812368
chers,camarades,437.0763991648207
chers,compatriotes,304.97946654813114
chers,amis,284.0033006318345
laisser,aller,43.84041373931167
libertés,françaises,44.282761707604536
ignoble,traité,64.11809952260384
jours,plus,6.411865869596889
veut,dire,240.2808681978001
veut,faire,24.194320463008467
veut,rien,22.810245325580624
veut,bien,6.409347736162651
votez,utile,87.45346137995033
origine,étrangère,132.0847893498899
origine,immigrée,111.45367293914724
fonction,publique,351.1221607311029
compagnons,armes,65.11143491864458
lucidité,courage,121.87741527276084
assez,étonnant,93.98950874868767
assez,normal,79.17330561193018
assez,scandaleux,40.72005608285283
assez,bien,21.15528726154767
épargné,échange,85.87662123076949
essayer,empêcher,49.093492456078096
essayer,faire,32.45716745082468
devenir,français,21.71977793376424
dimanche,prochain,112.2807833600168
rappelle,ailleurs,18.569275851253067
sympathisants,front,35.88332794428066
arrivée,tête,73.0310450036504
sais,rien,101.77651632626481
sais,bien,91.50936363605925
sait,bien,70.40148146003813
sait,plus,3.2834719376675103
pure,simple,78.96184600002142
veulent,travailler,100.13471259574442
veulent,faire,16.23694619493804
dire,vérité,67.29227328321078
dire,suis,26.649818616515127
dire,chose,22.70055432570313
dire,pensent,22.38583886311966
dire,gens,21.24630097748984
dire,était,15.835406998907981
dire,quelque,9.404081446971984
dire,avait,4.309235677454593
dire,beaucoup,3.2721682372256566
dire,faut,1.953845191038953
dire,crois,1.1198052827840828
dire,bien,0.8931658505900621
dire,plus,0.5382801720988732
dire,français,0.03210653172518396
dire,france,0.007041615744301288
villes,plus,12.069418286025769
heure,vérité,45.32161154369539
faits,divers,86.17323793376272
grands,féodaux,96.04428690690798
grands,partis,81.0016901229088
grands,parents,77.87929417467873
grands,équilibres,57.09174083216899
grands,meetings,56.246548679794586
grands,problèmes,49.92835400345832
grands,pays,23.828655451966423
vieux,continent,226.5186664648677
armée,française,167.8848149113523
armée,allemande,52.682930108984394
majorité,parlementaire,112.90807017106253
majorité,qualifiée,102.10787863614041
majorité,français,30.932120946324765
majorité,bien,6.95778346075969
droits,douane,255.99423117620935
droits,homme,93.37127989297782
droits,sociaux,39.01224953048726
garde,sceaux,96.97230891609227
délinquants,criminels,123.21397194964567
poings,liés,95.85218591274851
premier,ministre,798.6366083320556
premier,tour,450.172162036684
premier,rang,70.593992075145
premier,plan,58.233697531179224
premier,homme,20.314132063656686
pieds,noirs,157.55935722850757
pieds,poings,81.49113686630409
pieds,taille,69.57684067446661
libéralisme,mondialisé,91.86062180817885
ultra,libéral,119.96845608987452
ultra,libéralisme,71.84325970237455
délinquance,criminalité,155.25626605690394
double,peine,101.68123134424008
peine,mort,331.30339244618995
organisation,mondiale,69.21926598650863
union,européenne,838.0356976876765
union,patriotique,210.62021715934577
union,soviétique,49.06473486020232
union,nationale,20.26319396255609
préférence,nationale,519.6614401674203
préférence,étrangère,129.58749238408075
préférence,communautaire,127.70175454002089
mettre,oeuvre,232.4935928421373
mettre,place,149.21309969396447
mettre,garde,42.535807580182315
mettre,prison,37.37194486293052
jouer,rôle,82.66812909340156
conduit,france,22.222650482958606
pensée,unique,203.414596485887
strictement,rien,142.183787603929
lorsque,intérêts,45.28293855569142
dette,publique,85.94172176165583
outre,atlantique,73.03618992748262
conseils,régionaux,150.45672544722743
problèmes,français,10.415846690248523
fonds,intervention,96.89485249063084
prochaines,élections,92.0351233127245
présomption,innocence,99.78749033508699
appliquer,politique,35.11265404449859
familles,françaises,74.7359604172653
familles,école,39.90625137342032
soient,plus,6.004335250034362
autant,plus,86.35257833271396
milliard,hommes,57.78373369127272
quotas,laitiers,144.70325677966719
avez,oublié,51.36982949825663
ailleurs,crois,9.83957528393322
ailleurs,beaucoup,5.896694322460591
ailleurs,suis,4.68330143815249
ailleurs,gens,3.9469724119481873
ailleurs,faut,2.6947148095479934
ailleurs,bien,0.6956447184892496
ailleurs,plus,0.0003086751182997255
infâme,évêque,83.93609877156909
acte,unique,114.80166352532414
peser,baisse,80.30622425243311
produits,agricoles,80.83182855183315
respect,ordre,39.5774280651223
racisme,anti,102.1645871841924
mosquées,cathédrales,120.44425852911738
espace,médiatique,50.23011704547149
nombreux,plus,21.965488824926098
quelques,jours,274.9616766603455
quelques,mois,134.18215756520846
quelques,années,125.57354126514653
quelques,semaines,105.1880137927651
quelques,centaines,84.40148657057385
quelques,unes,64.83393218013079
quelques,décennies,55.21643265486435
quelques,dizaines,46.24865995173317
quelques,milliers,30.070768956596265
quelques,autres,25.600425213506085
quelques,millions,17.593789904280783
giscard,estaing,299.07718509126374
pendant,cinq,85.87336654411533
pendant,années,83.18390259881046
pendant,campagne,71.8572277301707
pendant,décennies,70.15144932942805
pendant,temps,69.44714399355418
pendant,trente,55.07759496714111
pendant,guerre,47.74612344021479
pendant,toute,43.92240040221708
pendant,mois,28.897050942234195
pendant,plus,2.534375974880845
ecclésiastique,présidé,117.55949911034078
famille,école,70.72909394002258
famille,française,28.10709514727661
famille,politique,12.49466131332185
avais,trouvé,44.03128950014634
députés,européens,101.22677772672516
europe,fédérale,208.40989994701096
europe,nations,95.46241518919736
europe,bruxelles,92.13883473796984
europe,nord,78.95564836314506
europe,maastricht,50.80882528806533
europe,europe,15.77788240493465
europe,dont,11.479666958571793
europe,monde,10.973527772705165
europe,après,9.292901141809484
europe,ailleurs,5.776021276186528
europe,plus,5.681749050261427
europe,france,5.253239612447583
europe,bien,5.026032183397543
porte,avions,45.261685436377405
porte,bien,23.949213385933426
chômage,masse,71.70758740375051
chômage,insécurité,36.16874331304954
chômage,immigration,23.921664551520937
société,française,97.32548164070538
société,civile,44.955435717891426
avait,raison,39.81375047008916
avait,pourtant,33.349010501022015
avait,déjà,25.542335542551925
avait,millions,15.855493828878334
avait,ailleurs,13.685839634911229
avait,beaucoup,11.808060169283936
avait,plus,0.1571182518493246
intérêts,dette,89.325166945852
intérêts,vitaux,72.34847088470644
intérêts,français,13.453479252026485
intérêts,france,12.494382241195382
petit,petit,35.85554276551004
petit,pays,11.5243955235705
opposition,nationale,74.93876945268997
opposition,parlementaire,44.524586082476546
royal,bayrou,45.639919284067595
royal,sarkozy,27.779098415034625
communauté,européenne,83.33874131893708
communauté,nationale,29.74603913483104
grave,problème,35.04833874472383
finances,publiques,76.28464978281583
liste,front,26.507893417221364
nationale,magistrature,34.07075176755794
nationale,française,28.873928077246628
nationale,emploi,23.22986948272132
nationale,bien,2.281365500113788
nationale,plus,0.6960415338071395
plusieurs,reprises,121.24980612592283
plusieurs,mois,50.552142475313104
plusieurs,dizaines,50.03361040439078
plusieurs,millions,40.77646297226365
allocations,familiales,152.30813496945925
nicolas,sarkozy,552.0491860928695
équilibre,social,65.48510780637478
hérite,mérite,84.24199042058157
somme,toute,343.71697717948643
vice,premier,71.14278739266133
ensemble,forces,46.04218640306981
natalité,française,74.90477360712592
représentés,assemblée,96.92993196764772
nobel,économie,57.62625274426279
mère,famille,46.4972013566648
sommes,seuls,56.16892644951431
sommes,aujourd,20.480645759808272
sommes,plus,8.814954207072596
recherche,emploi,56.51985092047336
vient,faire,22.32334113356478
défense,nationale,124.13616633919094
défense,intérêts,35.470619560786034
aides,sociales,163.89399873828572
présidé,infâme,100.23625960755923
veux,dire,57.273238511274045
veux,bien,16.76058546525389
cent,mille,163.41684575333093
libérer,france,25.144439628610655
écoutez,suis,43.36728766476406
écoutez,crois,34.186505046400065
écoutez,sais,22.86154030064821
façon,plus,5.033431159727363
patriotes,français,46.75324209791074
emploi,logement,60.98977478283612
pourrait,faire,25.817533160904585
intellectuel,moral,65.88800269236096
européen,suis,18.535133293886503
activité,économique,45.73065693862668
prestations,sociales,81.36962330471721
tiers,monde,326.438337414025
tiers,mondiste,134.64201053230326
soit,milliards,43.27037062035528
soit,disant,28.21334636017674
soit,plus,9.340486661865423
prendre,mesures,62.2606252049799
prendre,décisions,44.16101563564328
prendre,place,43.15923877713964
prendre,compte,34.64092304321066
pompes,aspirantes,125.42328132878666
600ème,anniversaire,98.46407406149642
période,électorale,88.43026585448736
brest,vladivostok,127.42625963966516
super,menteur,133.98407500217567
ministère,intérieur,175.22610460105957
puisse,dire,52.66731900588883
militants,sympathisants,62.41082486678475
militants,front,37.78046998342616
bruno,mégret,248.53782080132552
bruno,gollnisch,168.49413494322846
viande,bovine,101.56777837575217
unis,amérique,115.48077820747793
revanche,suis,21.743747282930336
centrale,européenne,45.34066515702092
cour,cassation,125.26357043276931
cour,comptes,111.32249014421542
cour,justice,73.64550095290716
cour,appel,72.11551548611749
différents,gouvernements,71.01822934678543
2002,avais,38.7903003568685
selon,laquelle,74.22241738743439
commerce,extérieur,57.976395175400285
commerce,mondial,53.42469076704786
tour,élection,74.70637662208249
tour,élections,65.28730107519009
tour,passe,34.15644246823767
rétablissement,peine,93.9456882042009
ouverture,frontières,75.53327470757301
ouverture,gauche,53.549878811694896
note,ailleurs,53.29802236512535
décembre,2005,59.350459772906355
beaucoup,plus,260.56886682196466
beaucoup,autres,180.06607096429605
beaucoup,choses,97.97720831246124
beaucoup,gens,96.49925182762186
beaucoup,importance,59.091104145738115
beaucoup,entre,31.591708383470912
beaucoup,mieux,27.390844331330104
beaucoup,problèmes,19.873151003119034
beaucoup,pays,17.914171810273718
beaucoup,électeurs,16.43075683892542
beaucoup,français,8.03127131562951
beaucoup,dire,3.2721682372256566
puissance,publique,74.58362685403492
puissance,économique,55.155380265416326
suppression,impôt,87.36890838242937
suppression,frontières,39.9403184023258
système,électoral,95.2585638092261
système,judiciaire,61.049045195400616
système,éducatif,57.19835857226858
système,retraite,32.34753207317051
système,politique,8.978812034824895
bûcher,rouen,155.7760897884068
agents,publics,85.99518068521809
héroïne,nationale,82.17841843480967
2ème,tour,64.45751297164128
successions,ligne,73.55643501504619
nouvelle,calédonie,179.20915878760425
savent,lire,57.4092412825542
ministre,intérieur,486.7428475885648
ministre,socialiste,67.1288103547436
ministre,agriculture,50.55668114270324
ministre,finances,44.22722878240813
ministre,affaires,29.894264997284154
ministre,gouvernement,25.018739953557258
ministre,président,14.954665265208167
mise,place,262.28948852746134
mise,oeuvre,72.05718870854187
prélèvements,obligatoires,270.3086097069103
voit,bien,76.94141079783923
malgré,millions,32.90017221361426
école,nationale,28.018912919097104
déjà,largement,35.57519322711792
déjà,plus,10.265355925942425
prix,nobel,200.144030154018
voix,front,58.30447014884288
voix,élections,18.74973854622116
voix,gauche,16.271634517869373
voix,peuple,14.734069645953685
faut,dire,245.76010544558454
faut,bien,189.17051600669578
faut,savoir,143.4875033597761
faut,faire,120.11670704933891
faut,aller,62.67112139719486
faut,abord,42.86942288040096
faut,noter,42.65041054121056
faut,revenir,40.96697806568115
faut,reconnaitre,40.49774137848288
faut,modifier,39.57798075488817
faut,regarder,33.79784640949861
faut,supprimer,28.662945611569747
faut,laisser,25.33914879398126
faut,rétablir,24.757020890119875
faut,donner,22.015733125020397
faut,mettre,20.788174333870067
faut,prendre,20.146656048288254
faut,plus,0.22915484035472566
nouvel,ordre,94.25567136763436
fallait,faire,27.69397227523715
histoire,france,93.99982091969288
histoire,humaine,59.54327786924167
histoire,peuples,30.832578290151453
histoire,monde,26.732725650486564
père,mort,85.78371368801032
vive,france,130.63719403798171
vive,nation,57.3567551615699
vive,front,53.86339083616022
vive,république,34.60498026499607
direction,centrale,64.92895776980055
police,justice,78.86103025922708
place,opéra,78.4013035228264
maastricht,amsterdam,81.75114182664888
constitution,européenne,484.4844044949977
constitution,française,39.912234370265004
fond,coeur,67.67152983517424
siècles,siècles,71.99368803428123
plan,économique,45.72843197397032
plan,social,45.628084787668165
plan,politique,28.88624612801918
contrôle,frontières,47.55236795612317
agit,bien,9.896008911674432
claude,martinez,104.45188821086367
économiques,sociales,179.27700240249152
économiques,sociaux,77.35163844396153
présenter,candidature,69.57670509679113
présenter,élections,35.59899324510034
ignobles,calomnies,90.08847037309494
lepénisation,esprits,108.0146914077979
existe,plus,23.045893824128385
jeux,olympiques,90.88255459710727
entre,mains,64.73963645815263
entre,guillemets,62.86604915383294
entre,autres,29.24074528421018
entre,gauche,11.533863952177354
entre,france,7.093532397882713
bombe,atomique,107.81189589756089
avaient,voté,44.80562153710521
ordre,international,80.23383347843401
ordre,mondial,44.531723549483154
pacte,stabilité,80.66246207573593
métiers,manuels,77.96424125602931
connu,parti,38.651568349663094
aller,jusqu,58.55841551244222
aller,plus,22.163900706663902
aller,bien,9.896008911674432
jeunes,gens,78.67763660531638
jeunes,agriculteurs,50.71601795939632
jeunes,français,16.36766351533248
frontières,europe,25.439076926938295
tient,compte,89.49429911065246
savez,suis,71.71527850642232
savez,bien,45.927256184701065
viennent,chez,38.370212505382085
liberté,pensée,98.22754958171797
liberté,équité,64.55485340994791
liberté,expression,54.13474114661255
liberté,esprit,48.59455166084574
liberté,sécurité,37.516921588448625
liberté,égalité,34.0886073446748
voudrais,simplement,59.12933416811432
voudrais,abord,55.866180975924145
voudrais,dire,54.55777315244569
voudrais,rappeler,45.63751906543044
xxème,siècle,93.59315421494662
connétable,richemont,100.80798473973326
arabe,députation,137.13180983516406
proche,orient,118.47724975390474
députation,paris,90.18338978857255
homme,politique,165.9922812156832
homme,gauche,64.29258821229462
homme,citoyen,39.562974433868305
homme,femme,38.60429692454204
assure,plus,23.39446764868736
avons,perdu,74.89845594147769
avons,subi,51.20800044050204
avons,gagné,47.06401112155531
avons,places,42.905075323573925
avons,plus,37.20746305095953
avons,toujours,36.437441898375624
avons,premiers,32.96781139629261
avons,élus,32.221241384193036
avons,jamais,27.140577145896657
écrasante,majorité,77.11566819563822
palais,bourbon,172.34464454066566
espère,bien,14.981665384737996
jospin,chirac,84.76510500493723
jospin,crois,15.08969591011245
cause,principale,84.01261400911993
quelque,sorte,2173.9104849646897
quelque,chose,781.1373371186806
quelque,soit,68.97968818306043
était,nécessaire,42.24280600745887
était,noir,33.295881390282375
était,première,19.927683556944768
était,ministre,15.853121721836034
était,déjà,13.14210038033327
était,ailleurs,10.307023376516748
était,temps,7.7535306506225155
était,plus,0.760583975127183
était,bien,0.007790812020357418
pense,faut,47.98658213736891
pense,électeurs,19.327960997956982
pense,français,11.7261366916517
emprisonnée,rouen,87.58940310679914
étais,plus,6.786251925194287
croissance,économique,44.49765218008215
croissance,plus,12.210869485168413
allons,faire,36.18946738105711
grande,partie,248.98147576306144
grande,bretagne,112.75428326173852
grande,pitié,69.01340430803374
grande,distribution,53.823704028145
grande,importance,49.47422543439853
grande,majorité,33.041153822125864
grande,victoire,32.712475961749234
grande,nation,21.452455099290674
grande,politique,11.67925237079518
tribunal,ecclésiastique,95.06609332558848
insécurité,chômage,99.35861106219215
insécurité,immigration,18.993432497757574
candidats,présidence,46.58248210966248
candidats,deuxième,36.6372396240824
candidats,front,27.801240515060822
gouvernement,socialiste,97.36899793247714
gouvernement,raffarin,48.64489473129824
gouvernement,français,45.86026330085413
élus,front,52.636429692252136
général,gaulle,311.82954008149
élire,président,52.060396671903895
voulez,bien,43.49498410704848
voulez,faire,14.805014658893414
paysans,arrive,54.81889247129035
paysans,france,39.19932697434281
dois,dire,574.5961958537277
immigrés,clandestins,82.54499397215281
immigrés,tiers,48.761308874668494
immigrés,mêmes,27.10235237275672
immigrés,situation,23.892222223672576
immigrés,france,15.061622967492882
huit,jours,60.10592199520547
moyen,orient,283.5821965487652
étant,entendu,47.80285733622011
mitterrand,chirac,28.699838718045452
circulation,hommes,43.974791903838536
mois,après,44.1535620436387
mois,demi,35.05489091611741
mois,années,22.632237965799746
mois,plus,12.14717791986998
enfin,écoutez,29.054099421451994
corps,électoral,149.09027060707928
changer,choses,39.99840405709582
sarkozy,bayrou,66.687773124479
sarkozy,royal,60.96354889612704
sarkozy,bien,3.4675260088317392
cinq,plus,8.924267892360646
anniversaire,naissance,96.61956484197259
politiques,économiques,86.00399762818188
politiques,français,4.688649458525068
référendum,constitution,37.83935139601307
nation,française,92.96141914931934
nation,peuple,20.069639505297207
nation,république,16.082555885813008
vers,nord,41.06191201024599
milliers,gens,30.333941091195854
rmistes,millions,42.98650657604475
aucune,raison,50.32247549997807
aucune,importance,47.077752616049096
aucune,chance,45.076159160840234
issus,immigration,39.736893734413215
noirs,harkis,74.7809938253649
laissé,faire,25.824010373698712
justice,police,37.54523797042478
justice,française,26.982171821996495
syndicat,magistrature,218.78094483126137
tenir,compte,118.38936124825545
électeurs,front,71.90455998390946
électeurs,voter,50.00994054149613
électeurs,français,46.327858917733344
états,unis,289.6111866788139
occasion,dire,15.908127502570492
jeune,fille,63.451173408167854
jeune,homme,34.69952092973611
écrasé,chevalerie,98.59876422440792
barrières,douanières,146.95656037932946
commerçants,artisans,104.87379021637385
donner,leçons,66.41589055645612
donner,moyens,32.65119866589686
quinze,jours,85.47391293781712
aurait,battu,42.948086888978956
aurait,jamais,34.26075556020519
aurait,faire,19.507898720055607
vais,faire,50.06848854588974
nations,unies,121.38314094941525
nations,européennes,74.77243502693733
neutralité,politique,69.30369033236877
services,publics,385.6619320731915
avenir,france,30.273502348666938
celle,france,3.836646649646262
sentiment,national,52.82351795506614
quoique,soit,97.64932277513901
chiffres,officiels,114.9886537598899
fiscales,sociales,59.303162841210366
rassemblement,national,47.925103911171256
dont,sait,70.88706990421568
dont,félicite,39.28634292365188
dont,certains,27.03533725297697
dont,suis,16.491466510566447
dont,ailleurs,7.363172326551913
dont,était,5.133984430673044
mantes,jolie,164.28802903969523
exactement,inverse,92.62743317325855
géographie,histoire,69.78105570695143
millions,chômeurs,188.82080783965543
millions,demi,151.47276868675328
millions,étrangers,145.73622405511952
millions,habitants,142.09838153747103
millions,voix,135.3157834849558
millions,électeurs,130.0264521739786
millions,immigrés,111.94513694260121
millions,euros,107.8492164752814
millions,emplois,82.09396971267101
millions,hectares,73.57466374096481
millions,pauvres,72.98578750374861
millions,rmistes,42.98650657604475
millions,travailleurs,41.16034127196815
millions,retraités,38.327520078261195
millions,crimes,30.479515665753603
millions,français,30.437787750889534
millions,compatriotes,25.78598886491907
millions,millions,22.161518074819192
millions,gens,17.925078835261246
civique,morale,65.39344659631305
front,national,8842.870537384226
années,années,110.56337078367378
années,viennent,85.46573617633399
années,précédentes,50.06971863159518
promesses,électorales,78.60826928665817
hausse,prix,76.48973605345103
population,active,117.01728301882123
population,mondiale,82.2783533736843
population,française,31.238372871250256
volonté,politique,14.015269924765155
italie,espagne,69.05294191479598
équipe,ministérielle,72.55250933468619
équipe,france,60.744216562125615
chacun,entre,77.75713340449268
revenu,travail,76.4464700031172
revenu,impôt,71.34343732219929
revenu,parental,67.81131849540412
administration,fiscale,101.14370896154941
administration,pénitentiaire,75.12031435053997
campagnes,électorales,82.76826333210647
mégret,amis,34.1219932758939
ferrée,pieds,86.89755583455148
1957,premier,45.349974646163226
instruire,éduquer,187.53074146723407
région,parisienne,111.49601545585917
région,monde,29.253464878252203
supprimé,frontières,76.4312306132074
reine,isabeau,103.77700741863646
écrase,anglais,76.67619507090964
salut,public,165.38040237191888
rendu,compte,58.077613742711776
troisième,homme,48.123987258990766
bande,quatre,228.4719280908345
nationalité,française,94.2773876534304
sainte,martyre,121.07928435028417
réchauffement,climatique,114.72803438383269
reste,monde,62.60866735739645
reste,france,8.990515085485717
peuples,européens,72.39550228384235
peuples,europe,24.40770915386112
service,public,194.37890740052484
service,militaire,114.49383743055195
protection,sociale,132.5129043010083
leurs,enfants,250.63861803369207
leurs,parents,88.52795539794572
leurs,propres,65.62983777514748
leurs,familles,44.08229118490148
leurs,intérêts,38.19413555149569
leurs,responsabilités,36.81817059882642
leurs,yeux,30.02540586516561
leurs,droits,23.139631925917882
leurs,amis,18.996003194354124
leurs,électeurs,17.0976087663393
honnêtes,gens,44.699261930018125
celui,front,19.832631684501855
celui,était,13.457846310356262
celui,immigration,13.190261578068867
celui,dont,11.775589661138264
obtenu,voix,41.533861525834894
élection,présidentielle,869.7100359641385
élection,législative,111.43357232447073
élection,européenne,22.499619585550306
pape,martin,87.87122411163304
jamais,rencontré,43.03948752024404
jamais,entendu,33.661874324413304
socialistes,communistes,62.03944684060222
cachot,sordide,105.19419073169311
carte,identité,85.4460043648075
formation,professionnelle,186.9557282116919
formation,politique,34.22907204339854
serait,plus,22.108643668157015
aujourd,plus,0.37572417533167224
discrimination,positive,192.5732941567944
patrimoine,national,28.11102979500837
remis,cause,72.37194564973579
travailler,plus,48.48058802226814
opinion,publique,144.88973065661946
action,politique,32.39020223467874
rendront,compte,61.978824856027956
grosso,modo,153.84430517041199
lien,entre,57.53405932589111
dirigeants,politiques,37.865323932552386
candidat,présidence,144.25007526384167
candidat,élection,33.52650342677185
candidat,élections,21.967307721178052
offre,alimentaire,71.48603282685042
installation,jeunes,71.67535108948513
milliards,euros,665.286363794715
milliards,francs,286.52151199151956
milliards,habitants,111.61458105002653
milliards,dollars,61.154448781523506
milliards,dette,38.9925699457118
vraie,raison,44.22355472294695
monnaie,unique,206.87697588024236
monnaie,nationale,96.54658315054148
monnaie,occupation,57.527472027799874
rend,compte,68.94315671323378
apprentis,sorciers,182.77760122525115
million,demi,106.21109777802091
etats,unis,1025.8619025305632
etats,membres,48.88913985526686
etats,nations,35.53941038869114
euros,mois,100.26391763410328
euros,soit,40.583520308256034
algérie,française,133.65228002266025
suffrages,exprimés,167.14216599951584
propre,pays,102.17902984832904
retraite,heures,41.234279041933135
conditions,ressources,53.500404865308724
gens,veulent,48.257076401434816
gens,viennent,48.068371589909034
gens,savent,33.69843998222929
gens,disent,31.708086500257366
gens,avaient,24.928597294883627
gens,front,19.924424056957644
gens,peuvent,19.50151279999856
gens,dont,12.095525346542427
gens,bien,0.12036837018238145
année,dernière,100.07728074658189
année,prochaine,46.38315109131701
année,après,26.851291254636443
année,france,14.441267609071026
insultes,plus,35.60314379015292
faux,semblants,130.82143270616353
régimes,spéciaux,209.8658100631784
présidence,république,283.85334636974505
présidence,française,80.38957063049874
française,azincourt,55.209223826704154
française,soit,9.402663035124053
basses,insultes,94.60928125100968
partout,france,14.640020044328555
politiquement,correct,86.69057491574425
première,instance,57.78368082408346
première,libertés,50.426484329570634
première,mesure,31.270518245513415
première,guerre,30.900239001766163
première,cause,29.691960989390214
président,république,1792.4886796950645
président,front,112.3088494702197
président,conseil,65.71353108363735
président,groupe,60.9643443705643
président,sortant,53.7834448438891
président,commission,43.6792041140975
président,chirac,28.787983526950285
président,sarkozy,11.293152824684539
emplois,industriels,126.48767085885468
collectivités,locales,126.04414644296635
concurrence,mondiale,117.97906438776229
concurrence,sauvage,88.63524131274123
député,européen,120.90844625291201
député,front,21.195364243683414
ligne,directe,66.82435308404303
ligne,politique,30.967354962555657
valeurs,morales,118.65616525126634
valeurs,communes,61.87213038954293
valeurs,françaises,36.57470217065014
toujours,plus,69.66566727830065
saint,denis,81.49113686630409
soyons,sérieux,146.67908836646595
corée,nord,71.10084094805676
souveraineté,nationale,39.859978033013725
souveraineté,française,32.64540929900349
souvent,occasion,35.63754341657444
attendez,attendez,53.864049077841
baisse,salaires,137.91094357496587
radio,télévision,68.25731197831435
tête,liste,116.07789593329157
tête,cochon,67.7019035884117
tête,armée,34.87408856096317
etat,nation,53.7293190372183
etat,français,9.087562373881712
code,nationalité,107.4211956565834
conseiller,régional,210.18358276355764
chez,jeunes,24.51210216506957
petits,enfants,69.53104241290853
marché,mondial,83.95393714595767
marché,intérieur,82.0553537332862
marché,commun,60.19225287486148
marché,travail,43.31236988367528
aide,sociale,89.8355302331831
vendue,anglais,96.44976232742628
impôt,revenu,402.6885759950931
impôt,successions,102.57320805575739
peux,dire,27.034828379496517
ecoutez,crois,80.50932613817321
ecoutez,vais,29.71271605327823
ecoutez,sais,22.343488344657494
ecoutez,suis,20.84286676640366
ecoutez,abord,19.0185243131937
rendre,compte,188.1688766628096
signatures,maires,62.23508589659067
égalité,fraternité,68.73909584607863
égalité,chances,68.2847898313517
ségolène,royal,357.4292751493143
intellectuelle,morale,57.11034439437771
remettre,cause,58.567543088429666
mairie,paris,64.0571781194028
faudra,bien,26.563271425498584
gauche,extrême,40.38969329913193
gauche,pouvoir,13.392490576772383
gauche,française,12.155382084969895
derniers,mois,53.04395789485612
jusqu,présent,193.42072083006036
jusqu,bout,93.86783899242458
important,celui,50.18049967787986
éducation,nationale,296.4866681875637
éducation,civique,91.96768242441559
éducation,leurs,40.9898234688968
éducation,enfants,34.3628522804709
politiciens,français,63.39177624568978
traité,rome,206.2599165676708
traité,lisbonne,106.74161837467004
traité,troyes,87.58183830037514
traité,maastricht,72.0011970002177
traité,constitutionnel,63.797404591081545
hénin,beaumont,112.15276460394514
dieu,merci,182.04331275097334
dieu,prête,90.11794837064059
dieu,sait,32.480895606658976
religion,musulmane,60.14430611166618
institutions,européennes,67.87415441676242
institutions,françaises,56.25658237606946
tours,élection,68.66771604110812
différence,entre,70.7022984540875
lutter,contre,195.70663895608095
aime,beaucoup,32.897483356259215
xixème,siècle,220.89447548290858
modulables,remboursables,103.77700741863644
forme,plus,14.32819577768234
deuxième,tour,862.7180290837978
deuxième,guerre,98.55643365498504
deuxième,liste,46.044638763044816
deuxième,position,37.41522263614732
mieux,placé,69.479818114866
autorité,parentale,82.1460637163376
classes,moyennes,76.65518426575532
fête,travail,120.9027241070201
guerre,mondiale,237.554836451018
guerre,civile,206.3069846633083
guerre,golfe,99.45007342839044
guerre,irak,75.11649051082634
guerre,algérie,48.06771077395982
guerre,grand,26.085577357300153
prise,conscience,83.50566133097769
celles,front,19.01094785266028
enfants,école,30.066017497859345
hong,kong,159.87262775051494
temps,temps,104.82833815244982
temps,travail,58.54443370825966
temps,antenne,55.512795704750054
temps,faire,7.519302016880259
chirac,jospin,76.2181371728038
chirac,avait,26.969790890462242
chirac,président,14.732466858934888
chirac,était,14.491534446973006
chirac,bien,1.5524927313429577
dizaines,milliers,176.3515125373661
dizaines,millions,70.62016147563696
dizaines,années,39.846485699611456
petites,entreprises,43.75082846312697
scrutin,majoritaire,73.36290984789186
pans,entiers,124.14454095400058
assurance,maladie,73.79743539545453
résultat,élections,31.136055091221802
étrangers,france,13.22732563743391
semaine,dernière,66.12471751280387
demi,voix,102.6320843469987
demi,siècle,89.85291036631222
pupille,nation,116.87284248404958
droites,européennes,132.5693975338864
abord,dire,8.078161416589463
abord,faire,5.782660017249947
faire,face,147.9949302725155
faire,croire,105.46098714514669
faire,élire,95.8541715034244
faire,valoir,88.38027065170394
faire,cesser,78.39708145932627
faire,respecter,75.2664359670905
faire,soigner,63.16134157991899
faire,semblant,60.00652878774601
faire,réformes,53.470217031581114
faire,oublier,52.789018928010236
faire,sauter,52.417583142979566
faire,preuve,41.56674726612472
faire,remarquer,39.75695478140693
faire,rire,39.75695478140693
faire,confiance,37.22344701319635
faire,diagnostic,35.08179621883257
faire,passer,33.110645408776946
faire,choix,32.03912756159432
faire,bilan,31.996826138263792
faire,entendre,30.284043915208596
faire,vivre,27.69397227523715
faire,hier,26.690251442724232
faire,effort,24.600149050465365
faire,appel,18.968956165631496
faire,mieux,18.593668526230076
faire,peur,17.609635245659895
faire,quelque,17.155206501314566
faire,demain,12.403695485176266
faire,campagne,11.415615172185259
faire,petit,11.325675886635574
faire,politique,3.446645717413018
faire,europe,3.2555797902019368
faire,bien,0.6402892198303869
commission,européenne,91.17322326206279
travail,manuel,126.4487321974929
travail,effort,28.754875343267912
travail,famille,23.267879554746266
travail,immigration,11.739097562501657
travail,france,9.858429762627074
travail,plus,0.6395881421894054
indépendance,france,38.948402784996546
indépendance,nation,26.490713866698812
peuvent,plus,7.396851858033722
grandes,entreprises,91.6080357541925
grandes,surfaces,91.13770578884461
grandes,villes,62.02749437199503
grandes,manifestations,55.278074409695606
grandes,écoles,50.90515858821305
grandes,valeurs,44.668481345761094
grandes,questions,43.870331491230985
grandes,réformes,40.244139068019074
poitou,charentes,103.77700741863644
économique,sociale,187.4653059760938
économique,social,156.90570602489484
économique,financier,41.50435229996329
prouve,bien,36.3579868876334
posez,question,58.5290243295628
anciens,compagnons,67.95377883648754
campagne,électorale,690.1141618511908
campagne,présidentielle,181.64818748906393
campagne,européenne,31.87691402549789
nombreuses,années,71.15166864518079
totalement,faux,130.36203253016794
république,française,86.02822694790703
république,chef,43.628480936626325
république,démocratie,36.545164468588204
république,vive,26.980983981716015
forces,ordre,102.0186833833954
forces,politiques,80.0064836719557
forces,armées,54.53019073386193
contre,immigration,50.42806359986952
contre,front,49.5737961450387
contre,terrorisme,49.09985858794627
contre,traité,24.878476523829406
contre,insécurité,23.761438375349613
contre,autres,7.621153473577184
contre,france,1.1712945390235578
relancer,économie,68.81608949791497
folle,politique,40.16384553608976
devant,tribunaux,74.95559058721604
devant,assemblée,34.06378776207985
devant,situation,32.39728442064564
excédentaire,1970,111.89142772726899
chef,etat,193.28564317628968
chef,armées,64.06134012329795
chef,parti,61.61370117956477
chef,gouvernement,55.64084524978455
chef,guerre,41.52909845810891
chef,politique,22.04633082166378
devoir,faire,26.200686321944872
verra,bien,160.65636024367203
bien,évidemment,336.39417995737887
bien,évident,326.9997443896948
bien,entendu,63.98224219656474
bien,dire,61.236381604572706
bien,écoutez,54.11541136725183
bien,crois,30.100904477177473
bien,normal,28.968334259071696
bien,reconnaître,26.035713080422276
bien,loin,25.52568706617775
bien,verra,21.096732617510888
bien,compris,17.82051157624589
bien,compte,17.54479323951791
bien,faut,16.782055903100698
bien,pense,16.77845928730792
bien,moment,16.41835424253484
bien,souvent,15.816424827608495
bien,sera,13.19919723875308
bien,aurait,12.831686526000297
bien,preuve,12.281008705082737
bien,longtemps,10.525601325151703
bien,aura,10.047794599543774
bien,autres,7.512576447191572
bien,sais,6.797527335137106
bien,suis,6.67398008244907
bien,plus,5.404344964323769
bien,situation,4.037372363157305
bien,france,3.2483294091621513
bien,ailleurs,2.5664046603664348
bien,abord,2.26152866490382
bien,gens,1.4806513669468533
bien,front,0.31868536414440607
bien,faire,0.1388997297791672
bien,bien,0.06551654167354726
bien,était,0.007790812020357418
conseil,constitutionnel,290.71334452069806
conseil,régional,133.74211080671668
conseil,sécurité,94.38022855749315
conseil,général,80.87227986930716
conseil,municipal,80.52583475461296
conseil,administration,44.78802127191695
conseil,national,37.58759403829395
monde,entier,193.73527815023044
monde,sait,98.84892905935487
monde,travail,72.6510740621554
monde,arabe,36.197850515710854
monde,compris,26.100478109482367
monde,besoin,25.12882339658308
monde,voit,21.120170641275458
monde,europe,5.275119878495993
monde,était,4.818745042806926
monde,politique,1.86540160660447
délits,crimes,117.97060492130271
statut,juridique,69.22761933753895
tant,autres,67.97214678003422
tant,mieux,65.50801483038276
tant,aura,35.43674581175816
vedettes,américaines,94.60928125100968
absolument,absolument,40.66359136531548
françois,mitterrand,326.5146554371299
centaines,milliers,311.6645207609197
ancien,ministre,129.22977571192447
entendu,parler,42.71304193019696
besoin,france,39.28682073776196
sacrer,reims,95.3208665339921
choix,entre,34.91527291170806
socialo,communiste,181.71009356423258
socialo,communistes,122.9058543945223
adhérents,front,40.53048038551088
michel,rocard,109.13058968182682
anti,français,21.71977793376424
juge,instruction,116.55680125817038
vème,république,232.2297882610756
lois,appliquent,72.75766969157606
parmi,plus,15.53056175588398
crédit,lyonnais,171.01704705267016
amis,chers,82.18570921678634
amis,mégret,34.1219932758939
amis,politiques,29.004124988845078
amis,front,17.85942423925294
élections,législatives,478.6535080375198
élections,européennes,378.4476494661462
élections,présidentielles,372.55810692434443
élections,régionales,171.8805557750458
élections,partielles,89.10502475759469
élections,cantonales,56.022353007303124
élections,municipales,54.164474834311534
demande,ailleurs,24.63913008726359
perdu,presque,47.86592509402804
banque,centrale,75.19273643331846
ores,déjà,213.8210572310138
bonnes,questions,60.46900448057878
chevalerie,française,70.57031063616138
identité,nationale,198.29369872664907
identité,française,42.37009635328733
afrique,nord,110.25143910795285
citoyens,français,84.24832742686992
strauss,kahn,138.8835146689718
criminalité,délinquance,60.482423792211165
mêmes,charges,85.78896806686045
mêmes,valeurs,40.125323429060295
mêmes,droits,31.65803577745932
voilà,vérité,25.396970782353108
voilà,suis,18.9862461834499
voilà,gens,12.219393720665575
voilà,crois,9.061745280670257
gouvernements,successifs,180.7367918749427
gouvernements,français,35.414461796914786
seuil,pauvreté,93.38582489559192
rétablir,frontières,49.29139972661741
regroupement,familial,314.4004693074444
extrême,gauche,226.23020899816925
salaire,parental,95.12207210032372
situation,dramatique,105.20640559034635
situation,irrégulière,60.4136660514633
situation,actuelle,42.17210737466363
situation,économique,35.19176408189898
situation,pays,28.64998182136663
situation,france,5.247473020660669
entrée,turquie,109.86197526272154
effet,politique,4.494221682986865
mener,politique,26.232483478519747
politique,française,280.78294890328783
politique,immigration,123.93788770623048
politique,menée,103.61181558383524
politique,économique,78.06418473925493
politique,familiale,77.27865030039104
politique,sociale,64.84186411370831
politique,gauche,49.179339072973306
politique,agricole,40.18824830187915
politique,européenne,37.99218358867431
politique,étrangère,31.561831090621794
politique,monétaire,31.36510605375988
politique,ouverture,30.655934087376874
politique,américaine,24.433093320839827
politique,médiatique,18.58085102219601
politique,français,11.887586597947358
politique,gouvernement,8.532974031485846
politique,nationale,7.801058980444342
politique,premier,5.979849523905899
politique,puisque,5.9538148231984644
politique,conséquent,4.753435385497268
politique,sarkozy,4.474872450131265
politique,était,2.1170178036474656
politique,politique,1.4369789900868781
politique,front,1.2884816502726313
politique,bien,1.198002573706952
politique,suis,0.718177815925491
politique,plus,0.3390724878755522
politique,faire,0.04659442077324827
politique,france,0.02731801024803615
trouve,scandaleux,89.05404773861198
trouve,assez,56.501170628352746
trouve,choquant,54.20790015073524
décidées,bruxelles,64.89727213358421
travailleurs,français,106.47308408877387
travailleurs,manuels,98.55950652845827
travailleurs,pauvres,63.16574222729167
barrer,route,187.60525807496842
répondre,appel,48.40970088108948
chevalier,blanc,160.15351388373347
indispensable,rétablir,57.58982500636135
négociations,commerciales,92.27145067247997
avantages,sociaux,78.40931930127374
secteur,public,63.39103985058146
parti,socialiste,493.20388330997554
parti,communiste,362.370148209856
parti,républicain,41.551717623514065
parti,politique,15.605814434772945
moment,donné,211.84540412267825
moment,était,11.92684940676144
françaises,français,106.96402226165011
populations,civiles,70.65340779840831
national,vive,57.63523790202865
national,avait,19.42320328506498
national,veut,11.235861873506868
national,sera,10.547078396381956
national,était,9.358231987309598
national,front,7.426189453927837
national,dont,7.23922437418369
national,aujourd,3.661949341486636
national,soit,3.310275581470698
national,faut,2.5484128571298914
national,bien,2.3347769937643985
national,plus,0.6148858046598997
partenaires,européens,83.54421553807265
construire,prisons,76.5206796046362
écrire,compter,67.95377883648753
maîtres,chez,44.4447331478405
comprends,bien,26.550845512059063
ayez,peur,75.46962039473055
êtres,humains,108.78795365735037
assurer,défense,41.52894210886837
amour,patrie,139.92397892987523
amour,peuple,44.135887101225904
amour,france,16.4647231140913
révolution,verte,104.08040566799883
révolution,française,30.622357547023725
bouches,rhône,163.2517986778235
pose,question,97.44532739475252
pose,problème,47.35543687839677
secrétaire,général,124.77395729159183
sept,mois,49.497325353950316
sera,pire,40.09511162168856
sera,candidat,28.305449179482704
sera,plus,6.576648366212238
lorsqu,était,29.50851050143668
montre,bien,27.095785391556397
classe,politique,380.8857772106502
classe,politico,81.48043842810353
salariés,privé,123.05793768277667
moyens,financiers,57.68987275241751
moyens,matériels,53.162839468454294
trois,semaines,164.00581992032835
trois,mois,131.04283514608838
trois,quarts,92.80838911520581
trois,quatre,65.37268194328713
trois,jours,44.85501236093579
trois,grands,28.528634168202252
joué,rôle,92.21082243305106
dernières,années,238.65510147058473
dernières,élections,117.69239276242203
bataille,politique,35.1220705416289
toute,série,179.27150289568863
toute,évidence,136.04912342616296
toute,entière,78.86613699322749
toute,hypothèse,72.30480691562614
toute,classe,45.78615971380145
toute,chose,40.49496248485635
toute,france,27.971587714889218
toute,histoire,27.263281612519712
toute,europe,21.72325573559838
toute,place,19.76300976177552
toute,campagne,17.840712176923834
toute,politique,5.137421389589595
avril,2002,78.53849666783704
assemblée,nationale,619.2094929096069
conséquent,suis,42.5024684942817
conséquent,faut,37.080937780830965
conséquent,vois,29.80435658103071
conséquent,tant,20.62706068631981
conséquent,crois,20.435361312802065
conséquent,pense,14.60151783006338
conséquent,front,7.217235763542937
puisque,suis,30.873598344832683
causes,principales,61.79622499686489
causes,chômage,60.689398475104305
jacques,chirac,1574.9055678317652
manière,dont,107.14901620304602
budget,défense,51.30266381092544
budget,européen,38.04246123539602
suis,convaincu,117.7102693704127
suis,candidat,91.58738355538122
suis,fier,70.57985971848093
suis,prêt,63.95575529639774
suis,homme,60.27941015076632
suis,partisan,56.86814591684317
suis,assez,54.29920861270041
suis,accord,48.778831210240995
suis,président,44.516413630875476
suis,pupille,44.09158566959093
suis,fondateur,42.80241544992133
suis,étonné,40.64955810308523
suis,hostile,31.408037467842114
suis,obligé,30.02292505866527
suis,député,28.61427719158038
suis,invité,27.48746020646567
suis,contre,25.067580634312716
suis,présent,24.718608025796634
suis,près,21.04211214846816
suis,avis,20.49513390157634
suis,parti,16.163972509556793
suis,premier,13.01326748162134
suis,toujours,7.590611514123196
suis,suis,2.6369403277612955
suis,plus,1.038434360639747
suis,français,0.29780772398639366
près,millions,86.25088087694635
près,moitié,43.76931821313896
près,milliards,39.15015308347932
pire,jospin,49.949609761482094
politico,médiatique,209.2915032699284
forte,croissance,52.07921096436624
réussi,faire,25.546070332351157
sécurité,sociale,254.47234834341373
sécurité,intérieure,87.79802106215462
sécurité,publique,54.90584371655592
sécurité,prospérité,54.85562602521936
sécurité,nationale,17.337257856528215
dumping,social,59.846682030379036
rien,dire,21.247857890410053
rien,rien,18.706747783433066
rien,faire,10.557716783835058
rien,plus,1.6500017441535269
affaires,intérieures,78.5858208274897
affaires,étrangères,77.40070214639746
long,terme,66.31312088379191
sens,terme,54.10940561659204
charles,gaulle,89.48833155104353
charles,pasqua,70.0153886100528
échange,gloire,66.72336286648891
torrent,migratoire,71.08969182755254
poser,question,59.930947693134776
intérêt,général,190.3944009777
intérêt,national,62.734743045197646
intérêt,france,23.413593243994512
intérêt,français,19.489882426637628
xviiième,siècle,94.12529270792659
saddam,hussein,188.0234745299285
bonne,volonté,110.28531821554937
bonne,année,49.05056152815681
bonne,raison,31.67589914034415
résoudre,problème,101.71042105861031
résoudre,problèmes,88.95943740373514
peter,mandelson,159.87262775051494
pouvoir,achat,416.59132677645
pouvoir,faire,58.001813398234425
pouvoir,socialiste,22.378851173192096
pouvoir,politique,6.823328743256505
construction,européenne,110.91933709777821
construction,europe,28.101963866789333
fais,confiance,41.66908973663043
dépenses,publiques,172.63005773637101
article,constitution,59.04093936410837
tirer,conséquences,70.37156808505233
bayrou,royal,57.131670948398806
xxième,siècle,134.98702691587107
congrès,front,24.857754200863933
certain,nombre,2718.842715173792
joue,rôle,99.79264173256041
paris,1957,65.92719564482327
combat,politique,51.23057880964268
crois,faut,107.6700444479421
crois,crois,74.17204620997256
crois,aura,27.03299870078616
crois,savoir,17.30689056129828
crois,beaucoup,16.070951399634254
crois,assez,14.302998020786731
crois,problème,12.81909296294134
crois,serait,10.123667280229615
crois,ailleurs,9.83957528393322
crois,effet,9.1481563720582
crois,gouvernement,7.552256785909729
crois,français,4.684792929659503
crois,était,2.0505525198696466
crois,suis,1.6996766748401244
crois,france,0.5878842179676367
solidarité,nationale,96.51917631785733
solidarité,demain,85.8291841447632
décidons,plus,46.1283800660387
juridique,social,49.44892450701791
compte,tenu,284.99242943041554
compte,plus,7.296022307345105
conservatoire,vignoble,100.80798473973326
salaires,manuels,158.40768724870892
salaires,travailleurs,84.26863303340619
taux,chômage,84.23555728343014
bruxelles,veut,40.6455617546403
rendent,compte,143.55998817612993
rendent,bien,23.056404589554806
hommage,jeanne,61.86146267098529
candidature,arabe,127.6721117143004
parle,beaucoup,21.922175724310033
parle,plus,13.984950094515016
hauts,fonctionnaires,206.4692751150775
territoire,national,19.376274778055475
territoire,français,16.496457673570397
choisir,entre,65.9268172601546
conférence,presse,155.6716376144714
enseignement,supérieur,88.82824748754321
arriver,pouvoir,33.70006224233044
verrons,bien,63.11723643623537
arme,nucléaire,67.97909507812437
immense,majorité,100.54544287129478
plus,tard,365.51530951883814
plus,plus,252.39486296807462
plus,nombreux,139.60032880170763
plus,loin,116.19092235881125
plus,important,92.33124546232997
plus,proche,70.06777839332
plus,vite,69.74058473011776
plus,grave,66.5156779737181
plus,démunis,64.58569132019292
plus,grand,64.34131821421741
plus,grande,60.33391090840097
plus,graves,58.92571476809941
plus,importants,55.73966523993348
plus,basses,55.09079589843023
plus,fort,54.858170891307296
plus,faibles,51.58975055069382
plus,souvent,51.54492019479689
plus,millions,50.657111523254166
plus,efficace,49.63387563264919
plus,élevé,49.284007589111646
plus,jeune,48.85221585787134
plus,faible,46.812282707059964
plus,apte,46.1283800660387
plus,value,46.1283800660387
plus,profond,43.95910458725088
plus,forte,40.52719672420791
plus,moitié,39.6021016460438
plus,ignobles,37.79245609687537
plus,hautes,36.39451764555095
plus,illustre,32.36506277280898
plus,proches,31.916647387971885
plus,rien,31.47208212115369
plus,humbles,31.08972865714
plus,facile,29.893369747031286
plus,belle,26.245401685991922
plus,courageux,23.39446764868736
plus,longtemps,23.371118864173884
plus,pauvres,23.118395830249433
plus,jeunes,22.939147197837997
plus,jamais,20.292967946310874
plus,particulièrement,19.95305729304191
plus,importante,19.254652652859175
plus,confiance,19.237518105712248
plus,généralement,18.425474216182856
plus,million,16.44057042495063
plus,moyens,15.113992210118138
plus,nécessaire,14.209151940740945
plus,vieux,14.143858687936355
plus,ancien,12.804069011652507
plus,demi,12.354969426403063
plus,près,11.901377343117824
plus,assez,9.805535168322107
plus,aucune,8.401779946493363
plus,france,7.8322579887395705
plus,droits,7.614894963843533
plus,petit,6.921134954940902
plus,grandes,6.786251925194287
plus,grands,6.351790287878953
plus,demain,5.320681290988949
plus,voix,5.208521540246119
plus,milliards,5.033431159727363
plus,français,4.346663404906263
plus,frontières,4.26250382708778
plus,politique,3.9971534899156076
plus,pays,2.570825982983134
plus,aujourd,2.0407629607283253
plus,ailleurs,0.5582507463157604
plus,pouvoir,0.5429649394432432
plus,europe,0.2631990103695214
faudrait,faire,18.705668678584217
voter,utile,49.20727331508631
gloire,immortelle,92.99597558640929
vache,folle,186.82804533876543
économie,française,89.2244910175447
économie,demain,67.60467081774479
groupe,droites,103.7039304232591
groupe,parlementaire,83.89301484237384
groupe,front,22.523141264873168
arrive,tête,52.17705334304884
européens,plus,6.292349974420095
professions,libérales,139.14492847110043
sociale,économique,29.48715161958691
sociale,politique,7.953620883758249
condamnée,mort,72.22399994798413
peines,prison,50.996500075031946
disposer,mêmes,55.80202105424719
programme,front,48.78208112170611
jean,marie,1022.4390656442998
jean,pierre,112.51323815006768
jean,paul,102.53879400612489
jean,claude,88.44831072134504
jean,michel,50.052315088593254
croyez,bien,27.966175290286298
toutes,sortes,148.40153090914865
toutes,régions,89.07488814492172
toutes,forces,88.55802661544192
toutes,formes,66.44866896164984
toutes,difficultés,34.97776836252553
toutes,grandes,32.368677771899705
toutes,élections,28.61835215041542
toutes,valeurs,26.09028832830073
toutes,nations,24.98192012744846
toutes,autres,11.598061749816576
allongement,durée,73.00916645842406
court,terme,68.6898137627778
court,après,37.236024398199916
cours,siècles,47.56624269643845
seront,plus,6.411865869596889
serai,candidat,61.37942234346122
bureau,politique,424.01150535952763
bureau,exécutif,135.2149263722224
jambe,bois,87.1328139819799
commissaire,européen,160.93132244974817
crise,économique,78.62180609418483
fonctions,régaliennes,95.12207210032372
libre,circulation,242.40138703892552
libre,échangisme,217.87507848306308
libre,échange,90.52180961348117
nombre,gens,182.86005390160432
nombre,sujets,103.29854947909332
nombre,choses,68.3418869456636
nombre,chômeurs,51.654969240193516
nombre,suffisant,46.2091215162702
nombre,autres,45.99013731496957
nombre,immigrés,37.520918911713935
nombre,députés,33.406620249911164
nombre,fonctionnaires,32.975051631185565
nombre,électeurs,28.653944278928986
nombre,voix,25.399021348149404
agriculture,européenne,31.218476487412932
échéances,électorales,109.09826817351257
meilleur,candidat,61.37942234346122
voulu,faire,64.8148840966014
matin,paysans,203.01348254344026
quatre,millions,93.22163349826378
quatre,coins,66.48532849250975
quatre,plus,11.043761545641509
aura,beaucoup,30.466998978273352
aura,plus,16.386172673205273
femmes,hommes,70.4009555860551
femmes,enfants,43.50850670715439
parlement,européen,622.1177314901284
parlement,strasbourg,49.21158934875973
parlement,français,22.616378306806368
appel,offre,132.62548176745588
second,tour,234.36878695411832
places,prison,241.05083907967867
problème,immigration,98.85155580882983
problème,insécurité,63.733614573903644
problème,fond,30.156841118476216
problème,problème,26.830493062810127
problème,suis,10.641424757096713
problème,faut,10.511259956027157
réformes,nécessaires,101.15533648994688
renaissance,française,43.02236438384825
vote,immigrés,79.85022448570308
vote,étrangers,53.22081952082809
aménagement,territoire,104.20913157922934
novembre,2005,63.26531297157017
pitié,royaume,86.1010156394036
cadre,national,72.38390776531216
lettre,jean,46.92438679361836
logements,sociaux,73.43964305570124
réforme,code,58.615141399364596
réforme,retraites,48.40970088108948
cesse,aggraver,62.89959371196831
grand,chose,77.19035883320227
grand,nombre,71.69654343357277
grand,chef,67.82889651631012
grand,mouvement,55.67616177619297
grand,secret,41.80266929362327
grand,orient,40.13839613998114
grand,rôle,36.429758914443816
grand,père,35.00728734448661
grand,homme,21.809436653958592
grand,pays,15.546886983376325
question,savoir,35.94142144115614
petite,partie,46.07096541313326
pays,européens,133.76415336557935
pays,baltes,46.7349438416134
pays,salaires,40.66290988363193
pays,tiers,35.34450062551117
pays,arabes,34.59452315457901
pays,accueil,33.9294094625003
pays,monde,32.27676566730128
pays,musulmans,24.253639280151294
pays,européen,20.02176695695951
pays,origine,18.41667186130641
pays,europe,15.483943910690552
pays,ecoutez,13.17913715621049
pays,étrangers,12.854359082920471
pays,union,12.729192405044925
pays,dont,7.039800939725929
pays,faut,2.423514408379199
pays,plus,1.9290591860838582
pays,bien,1.2931625157648403
pays,france,0.0984830564190724
charges,fiscales,73.6014521234939
traités,européens,58.310713967986494
magistrature,suprême,64.1729912408168
remise,cause,61.77083565011616
peuple,français,634.2252815511122
peuple,souverain,103.91155766575898
peuple,france,66.21628769491087
peuple,peuple,23.377032695046537
peuple,toujours,12.03288343075753
lutte,contre,248.72847454764008
mondiale,commerce,59.06407034659277
cohn,bendit,138.8835146689718
mode,scrutin,167.79975276316924
conseillers,régionaux,186.03008461917244
mères,famille,70.07466872190541
chine,inde,72.75701575390549
français,souche,144.48952869572278
français,néerlandais,53.69492979163031
français,doivent,50.63656097452915
français,sachent,49.25364032125738
français,abord,47.30703858060639
français,rendent,41.304008305853706
français,savent,37.863114656691266
français,vivent,35.3217448084543
français,origine,32.53743150216009
français,notamment,19.07368080346417
français,veulent,13.824925205371242
français,seront,11.39149509012055
français,européens,11.253717777837405
français,soient,10.920048823749662
français,crois,3.2351221550350395
français,dont,2.7231651563723718
français,faut,0.9349730009509534
français,plus,0.8607027043683075
français,français,0.5601231749253626
français,bien,0.5375016779638822
français,france,0.38162813197858414
français,ailleurs,0.35762781934572097
terre,france,33.20818459835695
électorale,présidentielle,80.54447300009906
électorale,européenne,50.31122465380851
prison,ferme,132.50040816171673
zone,euro,206.9494045279346
mauvaise,réputation,75.7293850314394
suffrage,universel,301.8488611522483
télévision,radio,84.74169854255953
publics,successifs,64.7044415540492
féodaux,déchirent,105.19419073169311
hommes,politiques,485.03461923279997
hommes,femmes,254.07464329525692
lire,écrire,223.58798961378147
fiscale,plus,18.614647577966366
vérité,bien,14.857707438133996
france,vive,48.766597186357586
france,français,43.89239191779682
france,menacée,37.834464213555876
france,europe,34.86112554362807
france,profonde,29.411766482229446
france,besoin,28.64464867969529
france,merci,21.886675549118856
france,soir,21.68225718676478
france,perdu,18.600411588346205
france,pendant,15.295494195838664
france,jeanne,10.74296605496284
france,reste,8.990515085485717
france,histoire,7.644983544736676
france,toujours,7.080649584562545
france,grande,6.212601743349191
france,abord,5.34730803074749
france,soit,3.9933146610917998
france,plus,3.9298279909374507
france,celle,3.836646649646262
france,avait,3.688984783905391
france,française,3.6524978925586176
france,toute,3.4269934422442345
france,était,1.8133126195397526
france,aujourd,1.403557219386899
france,pays,0.8077758262196513
france,bien,0.49499725905956904
france,suis,0.10201179275369943
france,faut,0.08222585312225839
france,france,0.03042429227429788
voté,contre,38.8974612040686
après,midi,72.6898048134197
après,guerre,61.92387662862412
après,élections,22.019666987521532
après,année,20.59307986628667
après,autres,19.67840376360323
prospérité,solidarité,49.45317002962122
doivent,savoir,132.6481241595128
doivent,garder,47.89585815510599
doivent,pouvoir,24.610080890161253
brûlée,vive,86.95807353884273
autres,pays,90.73298602934909
autres,partis,84.16462280164393
autres,gens,41.907164504900976
autres,domaines,38.46967318187431
autres,candidats,28.18458231449496
autres,nations,26.198539915454894
autres,choses,23.350884952674903
autres,français,2.8741122903024348
responsables,politiques,48.565816938069055
responsables,situation,41.924708534098954
organisations,professionnelles,71.53016406114442
pouvoirs,publics,345.5413052934652
circonstances,exceptionnelles,112.85644641398648
marie,france,13.753631741892933
donné,raison,31.866209565445768
entreprises,publiques,66.39988770086399
entreprises,françaises,34.58013300728954
crimes,délits,273.26468438936604
chiffre,officiel,71.18633594404037
chiffre,chômage,45.686225977799864
demain,voulu,50.229356668208624
mesures,prendre,43.06986088361212
immigration,massive,302.4026799503901
immigration,masse,219.3952844573468
immigration,insécurité,132.3439314826645
immigration,choisie,118.29855339717783
immigration,clandestine,106.49681439798297
immigration,peuplement,100.42160423307442
immigration,incontrôlée,78.27073482729236
immigration,zéro,65.95661680512923
immigration,illégale,63.83720358169991
immigration,sauvage,59.645689671884995
immigration,étrangère,52.40392759520496
immigration,invasion,35.093404999163944
immigration,continue,34.23195961636173
immigration,travail,25.64082521389912
immigration,immigration,17.47242048907809
immigration,faut,8.452845879327787
listes,électorales,57.704835054419135
