first,second,third,likelihood_ratio
électeurs,front,national,13374.90041688841
programme,front,national,13343.881751922747
jean,claude,martinez,316.31713521244427
jean,pierre,stirbois,298.34395693564545
partis,bande,quatre,424.98731510484834
voix,front,national,13354.492940345397
gens,front,national,13297.160450043913
liste,front,national,13305.094609137659
année,après,année,151.3884976876921
insultes,plus,ignobles,217.24015591252302
immigrés,tiers,monde,574.1547175223515
vive,front,national,13346.696991606255
vive,france,vive,549.6643784157104
organisation,mondiale,commerce,249.7601525588708
basses,insultes,plus,211.31570813961054
représentés,assemblée,nationale,1085.8487730359336
mois,plus,tard,651.9059337103716
vice,premier,ministre,1332.0552878558774
matin,paysans,arrive,422.33960266553635
président,front,national,13437.838039958891
président,république,chef,2772.7712197973256
président,conseil,général,240.48785556930983
quatre,millions,demi,410.2800726439773
conséquent,front,national,13276.640970111193
voulu,faire,hier,200.50439076912158
député,front,national,13296.968992990089
présidé,infâme,évêque,302.2433968229965
appel,offre,alimentaire,320.7582995919445
prix,nobel,économie,386.8192349990999
présenter,candidature,arabe,314.00626986317275
suis,pupille,nation,245.91383476813485
suis,député,européen,245.69451543492977
devant,assemblée,nationale,988.776262563699
épargné,échange,gloire,268.31472847907446
candidature,arabe,députation,433.61754884097775
contre,front,national,13346.231355131269
députation,paris,1957,299.4620430504989
bien,front,national,13265.922931625078
bien,verra,bien,283.0320260922226
chers,amis,chers,643.8948173054141
millions,crimes,délits,472.5346809936607
millions,demi,voix,424.0560472253087
millions,travailleurs,pauvres,191.8167177890927
installation,jeunes,agriculteurs,235.23829208497625
monde,sait,bien,275.64353104802456
monde,besoin,france,142.81863402614374
lettre,jean,marie,1612.4964186868176
classe,politico,médiatique,461.8379089567728
réforme,code,nationalité,276.77318507218445
faut,bien,dire,703.2998971390513
faut,dire,vérité,493.8880103314759
faut,aller,plus,146.8002128946488
échange,gloire,immortelle,276.4242929652478
national,front,national,13291.298830572934
national,vive,france,296.02560679683995
candidats,front,national,13307.536205123408
candidats,deuxième,tour,1375.9809081781293
candidats,présidence,république,503.1246059658421
dire,quelque,chose,1232.5148483684193
grand,chef,guerre,196.1829041110252
grand,chef,politique,172.04185386485312
ferrée,pieds,taille,280.7045096771922
pays,tiers,monde,562.2638026918014
milliards,euros,soit,1097.328292816276
congrès,front,national,13302.409746845999
adhérents,front,national,13327.004595907405
tribunal,ecclésiastique,présidé,318.93838865405894
droits,homme,citoyen,246.0967483506194
liberté,égalité,fraternité,251.76652570687577
banque,centrale,européenne,214.577380442706
gauche,extrême,gauche,415.69770098242515
aller,plus,loin,300.23025485375587
chevalerie,française,azincourt,261.53132125015946
premier,ministre,socialiste,1300.6395225242054
premier,tour,élections,780.5628385778522
premier,homme,politique,309.4980477431972
pieds,noirs,harkis,363.96144214176843
pieds,poings,liés,274.12839913501
éducation,leurs,enfants,476.49150762679307
arabe,députation,paris,353.58782845281513
amis,front,national,13292.333284887487
amis,chers,camarades,814.2410787805545
certain,nombre,gens,4406.663731258562
certain,nombre,sujets,4256.497329358869
certain,nombre,choses,4202.343637362999
certain,nombre,autres,4171.014993023028
militants,front,national,13322.090841316069
élire,président,république,2776.867054153656
avons,places,prison,444.7035655650418
faire,quelque,chose,1233.170552981655
français,rendent,compte,298.464809060001
français,origine,étrangère,273.5436354571781
leurs,enfants,école,449.67000456904117
tours,élection,présidentielle,1427.4703426617393
celui,front,national,13297.319105947596
grande,pitié,royaume,247.31746581776667
sera,pire,jospin,173.3446909826468
salaires,travailleurs,manuels,300.90695327429194
deuxième,tour,élection,1408.1708493118595
deuxième,guerre,mondiale,596.2297054547352
france,français,abord,165.95251686324232
hommes,politiques,français,763.3366795530363
baisse,salaires,manuels,452.1429935532325
baisse,salaires,travailleurs,370.18838569721265
rendent,bien,compte,144.69467065147055
lire,écrire,compter,442.229414615112
dois,dire,suis,930.3141814077386
situation,économique,sociale,375.63566884974534
élus,front,national,13344.868557904863
celles,front,national,13298.822760323814
écrasé,chevalerie,française,258.22264980299474
guerre,grand,chef,185.57300447118374
tour,élection,présidentielle,1454.4661754438962
nouvel,ordre,mondial,253.46981490709408
veut,rien,dire,124.35211430038342
rétablissement,peine,mort,661.1163916544425
plus,plus,nombreux,629.6774096781548
plus,nombreux,plus,546.0046594063558
plus,grande,partie,477.85702886288027
plus,millions,étrangers,309.2357831421561
plus,grand,nombre,249.44478627002704
plus,basses,insultes,230.62400425447962
plus,ignobles,calomnies,204.6839357821968
campagne,électorale,présidentielle,1171.1621168614936
campagne,électorale,européenne,1118.7007498742219
pouvoirs,publics,successifs,651.7270695560453
candidat,élection,présidentielle,1362.4267873303886
candidat,présidence,république,666.4609372094275
peser,baisse,salaires,355.13081736390143
sympathisants,front,national,13318.87127113425
front,national,vive,13358.222120567807
front,national,avait,13301.103119734962
front,national,était,13288.61331153319
front,national,veut,13284.603535618833
front,national,sera,13284.293991342434
front,national,front,13279.258889789367
front,national,dont,13275.640332571147
front,national,aujourd,13273.377390504655
front,national,soit,13272.862388524296
front,national,bien,13270.07871603785
suppression,impôt,revenu,737.2719293424088
groupe,front,national,13298.93904520596
groupe,droites,européennes,358.5047921563079
impôt,revenu,impôt,739.0413854484789
impôt,revenu,travail,738.9781588922169
impôt,successions,ligne,283.6167105542594
demain,voulu,faire,208.0788347621456
pendant,campagne,électorale,1148.708065748426
ecclésiastique,présidé,infâme,326.69363807685
successions,ligne,directe,255.78436910470765
etats,unis,amérique,1712.0673174478802
immigration,insécurité,chômage,403.7283930409137
chef,guerre,grand,155.14767292706546
autres,pays,européens,359.0066607980503
