first,second,third,likelihood_ratio
électeurs,front,national,6410.776117062149
jean,marie,chevallier,1449.9969392649923
jean,françois,copé,451.3892596181055
projet,contre,projet,145.63847753585512
referendum,initiative,populaire,545.8038975743923
plus,front,national,6367.827950684673
plus,plus,nombreux,437.25416571755045
plus,plus,importants,301.71134757974767
plus,grande,fermeté,242.53696081338583
chers,compatriotes,métropole,863.6169733628616
entre,maintient,territoire,184.05568373831142
faut,mettre,place,903.0959775496603
faut,bien,dire,852.4844232688024
classe,politique,française,1031.3079645131897
économique,patriotisme,social,297.73504304850854
êtes,train,dire,201.46169744885395
argent,public,faut,438.4793680705144
vive,front,national,6448.236445979355
vive,république,vive,692.8862686368152
choses,soient,claires,326.0620231508395
1700,milliards,euros,1566.4463617559854
ensemble,classe,politique,899.5420313664587
toute,misère,monde,165.6902351501697
président,front,national,6385.843075174318
président,conseil,général,475.49930367195054
nicolas,sarkozy,françois,6461.130981363023
nicolas,sarkozy,avait,6442.4400800016465
nicolas,sarkozy,était,6429.396399354329
nicolas,sarkozy,nicolas,6425.631997372931
monopole,marchés,financiers,1555.8738945647
république,vive,france,439.1093964038733
contre,front,national,6398.726455086928
contre,mariage,homosexuel,578.6496865666659
beaucoup,plus,facile,564.0025019525633
beaucoup,autres,pays,405.2422315772536
élections,cantonales,mars,516.527625284112
conseil,général,corrèze,531.8352092812627
nathalie,kosciusko,morizet,541.2932189659806
candidate,élection,présidentielle,1073.975459068662
emprunter,marchés,financiers,1461.3404183377022
banque,france,prêter,311.01491591085085
aide,médicale,etat,682.6021843929748
compatriotes,métropole,outre,298.69523848046595
etat,collectivités,territoriales,520.0514070947968
etat,fort,etat,387.5954603113347
intérêt,france,français,112.26633109452831
aller,emprunter,marchés,236.85352318075712
milliards,euros,dette,1602.2155000382318
bonne,dépense,publique,408.36268014799396
bonne,gestion,argent,187.59367930970984
groupes,politico,religieux,375.6156252755486
échec,nicolas,sarkozy,6452.80898411485
pouvoir,achat,français,1659.7394998735524
liberté,peuple,français,1635.3142968602035
liberté,égalité,fraternité,311.5269739855892
pose,question,savoir,266.116671193506
adhérents,front,national,6416.330872718121
pays,union,européenne,3379.8566689143818
décider,entre,maintient,193.9186266141266
contribution,sociale,importation,334.708554314811
certain,nombre,années,3684.0017116145355
certain,nombre,autres,3667.9761744918014
certain,nombre,pays,3658.44373389856
certain,nombre,temps,3642.4798985109255
certain,nombre,gens,3641.0831479437275
avons,millions,chômeurs,575.5234830938132
avons,plus,moyens,225.37143637526992
protections,intelligentes,frontières,235.2737623464439
coûte,milliards,euros,1571.9702485890339
mettre,place,protectionnisme,917.2068700323729
mettre,place,politique,805.6433965499048
retour,monnaies,nationales,396.78615413147776
retour,monnaie,nationale,390.1420256369354
mauvaise,dépense,publique,624.8603370472828
gestion,argent,public,469.7892025542065
concurrence,internationale,déloyale,700.5937658925757
grande,partie,entre,381.2452732357568
déjà,certain,nombre,3662.612488623885
acquisition,automatique,nationalité,286.8679393085621
peser,baisse,salaires,606.4803627349921
patriotisme,économique,patriotisme,734.6931689924107
gouvernement,nicolas,sarkozy,6461.666474461617
gouvernement,union,nationale,142.50982161548518
banques,dépôt,banques,336.35546464798557
dominique,strauss,kahn,1434.0012843194097
sert,plus,rien,229.05880255370144
simple,bonne,raison,172.7726119032003
classes,moyennes,populaires,1169.8132710934547
bleu,blanc,rouge,244.68971376067066
politique,dissuasive,immigration,283.6260581230688
france,nicolas,sarkozy,6411.575845821877
france,chers,compatriotes,770.1403711675015
enfants,petits,enfants,212.8714661153739
ailleurs,certain,nombre,3635.024970929804
tour,élection,présidentielle,1044.395362723083
veut,rien,dire,183.93037540602518
autres,pays,monde,346.0130676503086
autres,mouvements,politiques,294.7117239679985
enfin,veux,dire,873.2643815721469
ouverture,totale,frontières,546.2080263407403
présidente,front,national,6488.010030968506
sarkozy,nicolas,sarkozy,6422.518127420579
sarkozy,françois,hollande,1617.5709666335279
cinq,millions,chômeurs,600.1280401339136
place,protectionnisme,intelligent,533.8282521451422
place,politique,dissuasive,216.67095910308515
moment,donné,faut,662.8960254085372
rassemblement,bleu,marine,690.359352399874
front,national,rassemblement,6417.786143273481
front,national,vive,6408.353956066947
front,national,aurait,6406.203591574471
front,national,parti,6405.916102959938
front,national,était,6383.51272501821
front,national,avait,6382.875114000028
front,national,bien,6368.372898351826
suppression,aide,médicale,580.4546029626972
référendum,initiative,populaire,558.7845820607331
référendum,constitution,européenne,327.6923096224989
système,protection,sociale,1314.1810024306244
effectifs,police,gendarmerie,287.7637787958715
pendant,campagne,présidentielle,639.9360834988715
empêcher,front,national,6440.301539898868
faire,objet,publication,340.4725484187116
unes,après,autres,253.49377543116645
seconde,guerre,mondiale,222.22484242547694
