first,second,likelihood_ratio
cumul,mandats,98.57996887954336
croire,celui,40.024256165790966
régler,problème,126.96646893478717
régler,problèmes,75.18745029361813
alain,marleix,117.72400901717089
partout,france,20.411907661726154
mariage,homosexuel,336.6274024265261
principes,républicains,112.52070185225307
partis,politiques,144.27437472538446
partis,système,28.73796866498671
partir,moment,217.4586638647821
chers,amis,1374.9854584319726
chers,compatriotes,487.1483735941483
chers,internautes,64.36062978262343
gens,viennent,53.71292311975914
compte,tenu,427.9684695631108
compte,réalité,21.61199340026642
compte,plus,8.971749587770042
année,dernière,104.50744133666194
année,2014,49.659701933791226
fonctionnement,démocratique,52.57640616541244
laisser,faire,42.19996288807773
terme,extrême,47.70027378280746
libertés,individuelles,139.03656896533033
partie,entre,38.15783291101271
régularisation,clandestins,65.76638987141277
vision,homme,99.90971170941185
vision,politique,23.714672490227173
vision,france,21.314006812227973
veut,dire,642.2547773645304
veut,faire,25.522567518451844
veut,mettre,24.198160068322125
veut,rien,23.982172334710356
mouvement,politique,66.08647376170131
première,chose,130.2963056104229
première,étape,73.83356983738244
première,libertés,52.60220331770838
président,république,986.1266583595522
président,sortant,86.40719420823359
président,honneur,72.37645971061723
président,conseil,49.64930989904396
président,front,14.983976893596152
emplois,industriels,86.41047755807266
objet,publication,75.90158692053978
nicolas,sarkozy,4270.719061111857
pouvons,plus,60.984747214708705
banlieues,françaises,61.43421340981629
territoire,national,54.90085805882791
territoire,français,42.07921130700698
fonction,publique,177.14943207170487
valeurs,civilisation,47.63146183260814
toujours,plus,100.92755055348718
toujours,mêmes,36.30736943439635
dette,publique,30.75125498739706
défendre,intérêts,43.679986737587456
accès,logement,114.22001305818539
accès,emploi,53.046279155646886
dépense,publique,215.75383015853612
cercle,vertueux,97.5573677605584
petite,caste,68.99143341849812
souveraineté,nationale,91.4925252254318
souveraineté,monétaire,78.24244345288625
souveraineté,peuple,23.011484534127028
attendez,attendez,82.71764048446339
harlem,désir,149.3683131092597
mesure,temps,36.88768050394904
venir,soutien,66.03237263260856
venir,france,10.430114621729007
small,business,150.0938382471666
système,protection,297.5348067999854
système,umps,57.457347547086435
système,bancaire,55.09643854234618
système,économique,36.46112168249242
système,système,17.766027798474404
brésil,argentine,88.65257821961704
italie,espagne,63.91149213869612
sait,pertinemment,81.45164238398453
sait,bien,22.660794087765076
sait,plus,7.1205402064158525
petits,enfants,79.61993684549164
marché,travail,148.36106874303223
marché,financier,87.95277476310399
marché,intérieur,72.149785318412
veulent,imposer,39.571609897994286
veulent,vivre,34.96512239283272
veulent,plus,7.259748420675635
aide,médicale,305.28862536509047
aide,sociale,49.966724613245766
passe,aujourd,25.555294093092208
dire,faut,32.04990046488752
dire,vérité,28.346107059444144
dire,était,12.2057914183913
dire,aujourd,9.241988123415576
dire,suis,4.774400250274191
dire,immigration,4.694370770756382
dire,soit,4.317951329821739
dire,plus,0.9136410402396429
dire,faire,0.046723945312832416
dire,français,0.04238535284691247
euro,monnaie,26.97460022422565
euro,plus,2.032665228246901
jours,après,31.76694596976465
rendre,compte,99.55162109630626
rendre,peuple,22.79424966009031
politiquement,correct,87.57333196719743
priorité,nationale,198.57088025287106
priorité,accès,109.5585457620213
priorité,français,11.580338030221139
blanc,rouge,74.51631055530684
tourner,vers,129.83919566368363
caste,politique,32.74942810770467
caste,pouvoir,24.328221390647688
caméras,télévision,85.91148366143901
valises,billets,102.51529888458816
majorité,français,33.65914585329115
droits,douane,456.7666311586062
remettre,cause,93.35293965492787
fort,etat,50.27294842214708
jeunesse,france,45.62486070239506
revanche,faut,23.638177749799304
soigner,correctement,86.04272606056385
gagner,temps,42.331163770887116
gagner,argent,38.3276858030614
tourne,vers,75.24670719137234
pays,émergents,69.57852113934901
pays,européens,68.73966638431557
pays,monde,57.805909174281624
pays,origine,51.24271386043543
pays,étrangers,35.826697089492285
pays,respectent,33.49750705948766
pays,dont,22.15262483461028
pays,europe,20.461137387101846
pays,union,9.826508529915289
pays,plus,4.673925559461777
pays,suis,2.054037297261
pays,bien,0.7743351755036594
pays,faut,0.7002754835164104
jusqu,dernier,56.2885476357867
premier,tour,203.03231641454332
premier,ministre,160.41494902370246
premier,rang,57.45422496704245
premier,lieu,42.88060846195154
contribution,sociale,108.8384588768518
traité,lisbonne,183.2027611246318
traité,européen,121.34031306511055
centaines,milliers,172.9440864891106
culture,excuse,65.30576519530065
culture,française,41.040130143758184
ancien,président,53.92360202460083
unité,nationale,75.64169972362595
hénin,beaumont,414.0872021413684
peine,mort,106.73543146021005
maitrise,frontières,58.04655101384341
union,européenne,2241.827613723163
union,nationale,27.477836466862883
préférence,nationale,91.07789263262393
parler,français,16.197770129320837
mettre,place,510.8065671162497
mettre,œuvre,297.4252259733063
mettre,terme,60.12998684991072
mettre,france,3.9907018416221955
septembre,2010,68.98987417233971
alliot,marie,103.56716935969787
prise,charge,102.18134779067569
aimerais,bien,45.35916048725965
tendance,oublier,66.30137993744363
peux,faire,19.56226337414287
trois,mois,81.603323389493
trois,quatre,62.252637949124846
trois,jours,49.78117468398517
différence,entre,74.55684151681267
lutter,contre,442.09677161129684
acheter,français,21.702033781341726
aime,france,21.917148937604892
deuxième,tour,69.27444687432734
industrie,française,37.06393517821864
propres,besoins,102.6103317472456
propre,pays,47.597162115089304
banques,dépôt,115.81651207316905
banques,marchés,56.829789007508296
banques,affaire,39.205920829572676
baisse,salaires,252.6390877284867
autorité,etat,201.64809676874526
autorité,publique,61.74168571585973
conseils,généraux,507.50087808495687
conseils,régionaux,145.14169846665808
compétences,égales,91.74741624877575
choix,entre,59.767776231524294
choix,politiques,47.560057653126954
choix,économiques,44.62559232745457
choix,choix,34.48444632154059
choix,politique,13.01563364751705
choix,peuple,12.320954685508632
classes,moyennes,721.6271381024676
classes,populaires,190.8148939343243
bleu,marine,270.75003943053383
bleu,blanc,69.51140675433005
autant,plus,66.57435975226176
décision,prise,93.6774994997838
quotas,importation,145.28553084159012
avez,raison,102.67181437381163
avez,compris,44.951388554597635
avez,bien,9.210546080468056
crime,contre,53.80386282424059
peuples,européens,45.84772871994159
peuples,europe,27.236203374967
guerre,civile,161.1001407360709
guerre,algérie,71.41220219679357
guerre,mondiale,57.757619761731924
temps,obscurs,65.94218975343593
temps,temps,55.92496261586589
1400,milliards,67.86784156014835
nicholas,sarkozy,97.14623781838135
énergies,nouvelles,87.94514777563766
dépôt,banques,80.73443748673344
vais,mettre,53.593729946878426
vais,demander,36.80998279778104
vais,faire,23.806793319480775
petites,communes,76.07604314380276
petites,entreprises,67.14330134041498
campagne,présidentielle,332.9338099168918
campagne,interne,88.96647607661289
campagne,électorale,46.13919754708736
électeurs,front,31.618087883764026
prendre,charge,138.73131643397252
prendre,décisions,56.33370728890186
prendre,pouvoir,17.175680968868647
bouclier,patriotique,251.8657573247816
peser,baisse,94.96584920349876
logement,social,192.65137765043923
étrangers,légaux,89.597388986464
espace,public,45.93310857955092
implantation,locale,150.0938382471666
processus,démocratique,220.97727757404977
nombreux,mois,39.471687776650356
quelques,semaines,330.0379629923336
quelques,mois,224.05154459052451
quelques,jours,163.54698076373745
quelques,années,75.17909941349538
quelques,temps,21.27455565647007
pendant,années,112.61067141136174
pendant,campagne,81.1181977901021
pendant,cinq,38.45448773353475
pendant,mois,36.77301019882491
empêcher,front,51.20496489660433
secteurs,économiques,111.33181383352832
enfants,petits,32.464673067271946
enfants,france,6.324750280491774
ouvrir,yeux,79.79337941126668
faire,croire,159.51207659109934
faire,objet,143.9257136043097
faire,oublier,91.7552224826108
faire,avancer,69.46756982755021
faire,élire,64.65284775546893
faire,rentrer,54.77022475596283
faire,plaisir,53.460682231344094
faire,fructifier,52.92331227457417
faire,respecter,51.06795443484636
faire,baisser,49.36484948499619
faire,plier,48.40662769113386
faire,payer,44.77527533319849
faire,vivre,43.03175823573328
faire,appliquer,42.20979512329224
faire,économies,42.20979512329224
faire,entrer,39.80448762673109
faire,confiance,36.287006201710014
faire,entendre,36.15149392414524
faire,taire,35.68053515211751
faire,sacrifices,34.17637017144389
faire,peur,32.775803917972624
faire,choix,32.692095401531404
faire,sorte,31.62935163944358
faire,gagner,27.021267281562213
faire,preuve,22.393257932780628
faire,opinion,22.15910009327257
faire,grand,11.72178409517876
faire,enfants,9.224669052983275
faire,politique,3.41423421261457
faire,plus,1.1965270335581888
faire,aujourd,0.8289531654123223
commission,européenne,137.57020383509072
europe,bruxelles,183.27446130100557
europe,nations,31.89141554451728
europe,euro,17.087328721121644
face,mondialisation,85.10521183885996
chômage,masse,165.07676687443026
bachar,assad,209.1959980980917
avait,promis,74.66275743674619
avait,déjà,41.74924230330452
avait,rien,16.71285314271244
intérêts,particuliers,87.07796444088359
intérêts,électoraux,65.79060135916372
intérêts,allemagne,42.593189838644335
intérêts,dette,38.679297103949395
intérêts,france,24.897210563884176
intérêts,français,10.910812109500126
subventions,associations,69.16497572767554
débat,public,153.8849786900709
débat,politique,13.272716733553624
purement,simplement,95.98861403113499
grandes,entreprises,301.51515346915573
grandes,compagnies,87.42492794031502
grandes,sociétés,62.317677536602844
grandes,écoles,60.45692798029948
grandes,institutions,49.25396100646446
communauté,nationale,275.66440483066447
présidente,front,82.55929246464468
présidente,république,66.26178846470816
économique,social,125.76085753590267
économique,sociale,72.3613869876619
économique,patriotisme,65.60127943273329
œuvre,politique,15.15434480207819
plusieurs,reprises,68.23935482298006
êtes,train,95.17911058242765
allocations,familiales,113.21133011781629
argent,public,253.27726320399626
argent,français,24.678067191332808
veux,dire,498.58128060470324
veux,mettre,47.09417905011595
veux,meilleur,29.502208687344538
veux,faire,28.01246525519284
veux,donner,25.663229153068066
veux,plus,16.35330404295064
veux,bien,9.193701877482706
veux,france,1.4645921985704504
changer,modèle,45.219373576412316
changer,avis,41.38572891864064
changer,choses,32.9636460131352
choses,soient,58.717049118541254
directives,européennes,130.04624338712244
médicale,etat,143.24427201478943
somme,toute,104.67277914079905
lois,république,29.59729997125732
mode,scrutin,88.99510774310912
soient,claires,51.511457304879315
soient,leurs,23.544546908905637
gestion,argent,41.43067244444179
problème,problème,18.521387304923984
problème,économique,17.360085318588816
problème,français,3.3301053706657484
pourra,faire,34.043317807218855
pourra,plus,14.44034029801613
marchés,financiers,893.5335399137268
marchés,publics,91.72822960927726
commissaire,politique,81.11426283501713
relèvement,exigences,92.38720147858766
adversaires,politiques,103.68453692772847
forces,ordre,58.50351577543561
contre,corruption,65.95765815815514
contre,mariage,47.010994281346704
contre,ententes,44.45994120064554
contre,insécurité,36.23723848853669
contre,mondialisation,28.045209095209366
contre,lequel,25.002051058207215
contre,front,21.979964114846805
contre,immigration,14.821493265735612
contre,projet,12.941600191023204
amis,pouvoir,14.053541287909837
sommes,seuls,129.11189247570243
sommes,confrontés,60.99846156542181
sommes,aujourd,45.34384829667411
sommes,plus,3.4450370325807285
continuer,faire,26.783568465135954
groupes,politico,110.09208643037297
public,faut,20.309971392102867
désengagement,etat,62.017272254220934
folle,politique,65.78405428513253
défense,intérêts,85.64697338273183
arrêter,immigration,30.90856597920569
transmission,savoirs,76.75776318217895
aides,sociales,404.0240879520533
niche,fiscale,151.14510434401086
niche,copé,110.47422981940588
bien,entendu,197.6728366666933
bien,souvent,150.58298728320477
bien,dire,101.48897196667654
bien,évidemment,70.73399252030758
bien,compris,62.33736013131191
bien,contraire,45.685020938572166
bien,gentil,42.85820513400816
bien,faut,24.429868785160075
bien,commun,24.344530761834534
bien,écoutez,23.521958126196893
bien,longtemps,20.778373032039738
bien,autres,16.279755569190645
bien,crois,14.182316057646837
bien,moment,13.835050642160748
bien,vais,11.364635794230283
bien,suis,11.241877973976528
bien,compte,8.763612611884804
bien,tant,8.104399554188092
bien,chers,6.729793921076629
bien,pense,6.070793251130572
bien,gouvernement,5.2940170038240435
bien,beaucoup,4.626296700982112
bien,voilà,2.0178708822168643
bien,français,1.361118054252235
bien,plus,1.3012915717801743
bien,bien,0.10175923761424133
bien,faire,0.028548383806596522
agences,notation,118.46998654991592
doivent,savoir,39.380068941001255
doivent,pouvoir,31.60208885960165
doivent,faire,23.403314522411428
mohammed,merah,145.73609971147897
jacques,chirac,155.82443375450546
conséquence,directe,65.93330460265987
monde,entier,236.794117961911
monde,faut,5.805016895065701
monde,bien,2.3134969161151595
revendications,communautaristes,76.03551252147689
règle,générale,68.21834968420102
honnêtes,gens,48.65587394587884
tant,mieux,78.73627605550823
tant,aura,30.55843825647495
tant,autres,19.80660551699833
savoir,faire,50.99999890629774
vers,pouvoir,20.010693013909727
économie,française,44.09046784661448
économie,marché,42.61932046601039
arabie,saoudite,235.3909061987834
manière,dont,212.1415334931009
manière,générale,62.80494257942501
manière,extrêmement,30.236397318572337
manière,plus,25.624186197540578
général,gaulle,215.3344311616753
général,corrèze,87.46345339182827
moindre,choses,141.3266432071267
coûte,milliards,70.13804358736414
vivre,france,11.488228237740016
moyennes,populaires,56.173062606432076
désir,bien,27.222707184155976
régression,sociale,76.5417743092427
soit,ailleurs,16.331578649326204
soit,plus,6.579686615421286
misère,monde,50.00309847634688
franc,euro,96.41329638576593
adhérents,front,35.53382918944937
voix,peuple,22.648611393225153
voix,france,14.31723841272898
assez,bien,18.09431350346663
sais,rien,30.059423220538186
sais,plus,7.8275312342676955
sais,france,7.580422294328643
vème,république,103.33102369375888
strictement,rien,228.82380952983618
français,doivent,97.12782000782121
français,attendent,65.84889166165875
français,savent,42.80528025024037
français,peuvent,40.553068732245734
français,soient,37.52079655503296
français,sachent,37.18756119523674
français,connaissent,32.908014582354554
français,origine,22.089263561606252
français,payent,21.702033781341733
français,veulent,20.711448013307425
français,musulmans,19.468352491585012
français,besoin,13.514412988169545
français,faut,5.905223006013145
français,abord,5.013817732357185
français,enfin,3.7716208585319997
français,sera,3.006035878576064
français,liberté,2.5604904117024265
français,toutes,2.4581926620861925
français,toute,1.7672368049804383
français,pense,1.7322451355212722
français,soit,1.4630916524734525
français,crois,1.3882080506505856
français,bien,1.053800467406199
français,rien,0.8354624019752941
français,pouvoir,0.8323666457247292
français,france,0.8019722160246685
français,faire,0.29189621844807556
français,ailleurs,0.18202526550645848
français,suis,0.062109984006277985
français,plus,0.0011362782897176849
cure,austérité,99.26458269347337
ministère,intérieur,266.60823354175886
élections,cantonales,207.12605177487492
élections,législatives,121.5169794060678
élections,municipales,89.55009954689451
élections,régionales,83.58356794932666
élections,présidentielles,63.80724654354616
puisse,dire,178.33252987625792
demande,français,10.011142115680919
bruno,gollnisch,115.47848658338208
banque,france,134.66776393586005
banque,centrale,94.96156137666158
ores,déjà,147.8399769759555
artisans,commerçants,105.21785481632021
sortie,euro,175.58262827256536
radicalement,différent,76.08773360461596
pompes,aspirantes,176.2887797895503
capable,faire,17.83335765246967
prêter,trésor,110.13626462818411
identité,nationale,103.70094022812799
identité,française,38.10959262712324
perspective,française,47.502680878570416
fondamentalisme,islamique,81.24555769173692
disparition,frontières,41.36001250228419
made,france,59.119299116783715
belles,âmes,93.71068396724394
strauss,kahn,702.000374360984
génie,français,33.361332553798604
extrêmement,grave,41.79937522493887
voilà,choses,25.69127190054775
voilà,pense,24.556297081086278
voilà,crois,11.440084379673156
voilà,veux,10.697935665851132
voilà,faut,8.111873669045135
proportionnelle,intégrale,111.12063249210335
existe,entre,34.94770131278111
existe,plus,31.195435043355655
déjà,certain,34.07666436241591
déjà,beaucoup,16.762079350062578
regroupement,familial,101.0981208110519
extrême,gauche,50.92146301584442
plateau,télévision,71.91964658407522
conflits,intérêt,92.06377369853291
arrivent,plus,41.250205078069044
chiffres,immigration,38.90456211296442
devenir,français,35.67182619052754
assemblée,nationale,386.79881401534476
petit,monde,35.06529069586682
petit,pays,13.23163306171998
petit,plus,9.65895874490725
situation,légale,108.0655488496833
situation,dramatique,66.5782321134727
situation,économique,43.78212966513446
situation,crise,34.5750329304788
situation,france,13.85786056504418
kosciusko,morizet,201.85268453766457
retour,monnaies,109.96050135147773
retour,réel,67.726676610825
retour,monnaie,36.11984298692833
retour,france,14.5936785517854
augmentation,euros,32.33832313679812
politique,française,116.53652104097375
politique,menée,106.1908879892575
politique,étrangère,100.9079309210569
politique,dissuasive,87.38477304767747
politique,agricole,38.354742301502796
politique,incarne,34.10077261300873
politique,ville,28.72024034504072
politique,absurde,27.08788754380663
politique,ultralibérale,26.14278000504169
politique,économique,26.047428517903313
politique,internationale,25.56147845778957
politique,sociale,16.55919805652981
politique,crois,6.499733500678213
politique,immigration,5.83512058876058
politique,aujourd,4.6611298932689476
politique,faut,0.913640296164008
politique,france,0.060493843936801905
échec,nicolas,31.045373471742366
valse,étiquettes,113.2917426880261
trouve,scandaleux,49.75092298047018
trouve,assez,41.04434052398941
puisqu,aujourd,33.275451333651134
mauvaise,dépense,191.62542371720326
baisser,salaires,66.30016076225046
ministre,budget,48.71276927276009
ministre,intérieur,48.43529506761017
tour,élection,59.71804079300033
tour,france,42.97901350024713
yeux,français,25.28386856995305
ligne,politique,42.56724050949439
ouverture,totale,185.50364694404186
place,protectionnisme,79.98213784184966
place,conditions,70.21317893230682
place,politique,15.722764090435591
nations,monde,69.13291884921412
nouvelle,politique,25.639763843302276
parti,socialiste,910.4240658424885
parti,politique,107.10598832818238
parti,communiste,80.25747918481443
parti,france,5.906652630315998
moment,donné,399.1561409093705
moment,faut,15.87894154687166
moment,français,5.941480319581721
rassemblement,bleu,174.49213362079007
automatique,nationalité,70.72919588190636
front,national,4241.244170130682
front,républicain,83.23999428263436
prend,charge,48.15464245333217
suppression,aide,65.9029477131057
partenaires,européens,174.3205467400762
nathalie,kosciusko,113.21133011781629
porte,projet,45.336440831470384
saccage,social,68.65969505509523
compris,ailleurs,18.836745216884744
janvier,2011,80.28606084165341
zones,rurales,141.48464386086255
société,française,27.62512417024105
assurer,sécurité,72.8785690044019
unes,après,54.859815976577956
peuvent,plus,41.332435887800315
internationale,déloyale,176.52576145203534
élection,présidentielle,631.7368034047822
pose,question,92.5886731470525
pose,questions,53.096606983657736
voit,bien,181.85088081933378
école,république,42.18331513793426
pétrolières,gazières,140.55914895862733
vois,bien,19.201054356959155
égard,français,13.018534450258882
sera,plus,15.895439048964196
prix,essence,92.37908956659183
prix,pétrole,61.34111278964129
premières,victimes,63.82197724952355
chacun,entre,43.39581810869717
chacun,sait,42.216068290725865
voté,contre,54.51631654208818
faut,bien,164.1963657426353
faut,arrêter,122.3853759556319
faut,mettre,89.97532031838315
faut,faire,74.16503290665844
faut,admettre,45.04506665117075
faut,revenir,44.29545024931757
faut,sortir,44.175834185416846
faut,supprimer,32.70641465622196
faut,attaquer,32.00761358917714
faut,réserver,30.073104214807458
faut,dire,28.764148395744463
faut,savoir,26.821345458498037
faut,abord,23.545323191952896
faut,remettre,23.41887312496953
faut,changer,22.525049330126926
faut,prendre,18.057455189900892
faut,aller,11.871804983127298
faut,soit,8.46586954142001
protéger,français,17.51073280976946
emprunter,marchés,72.97630282501716
histoire,france,95.35593896347125
long,terme,54.162354504504066
vive,république,147.08075133269926
vive,france,105.69546040958755
vive,front,56.33160620822226
payent,plein,61.19142870424302
police,gendarmerie,100.4935482768964
clairement,suis,34.15809452912188
famille,politique,23.316731179447906
constitution,européenne,144.71467941532208
constitution,république,31.099299447230454
variable,ajustement,94.13961382216277
fond,choses,69.26131158734545
plans,renflouement,204.38925289312238
plans,austérité,51.41454835628072
plan,désendettement,115.8329028750528
plan,économique,76.73162172714679
plan,rigueur,60.993841253040216
plan,austérité,40.791357045960126
toute,série,524.7571665101844
toute,façon,282.7069966846556
toute,circonstance,104.27267377561827
toute,journée,51.209581741253
toute,entière,40.563537097414525
toute,misère,40.037473839063
toute,petite,37.67740788480643
toute,action,28.99519340420762
toute,histoire,26.80252776539401
toute,classe,26.043471387404736
toute,immigration,13.222270391078705
toute,politique,11.966156380498335
toute,france,2.4372367036830136
mohamed,merah,221.43067489168052
avril,2011,62.90888991753752
descenseur,social,156.7377673817235
agriculteurs,pêcheurs,75.14394622547766
monopole,marchés,143.63673179390122
puisque,définition,68.72866079487277
augmenter,salaires,43.45295406459686
socialiste,bien,9.637130720080766
nord,calais,260.0369635202417
raison,simple,73.18679378034929
pression,baisse,48.5628643582812
françois,hollande,1034.5485527443643
françois,copé,113.98222381461079
françois,mitterrand,100.91266632589634
françois,bayrou,54.15497017634664
véritable,scandale,55.49607977263466
véritable,changement,52.17135762788276
véritable,démocratie,31.881773491763965
suis,sûre,217.16856555964185
suis,convaincue,113.42517409534733
suis,prête,103.94008780005586
suis,désolée,102.27709326354126
suis,heureuse,93.311259210093
suis,candidate,90.31751996520204
suis,allée,75.72030294637499
suis,ravie,60.752596108873334
suis,accord,58.29024428808361
suis,femme,47.42305174993818
suis,présidente,46.51252144002826
suis,absolument,37.96820890915855
suis,contre,37.94418569032884
suis,élue,34.6250382206835
suis,train,31.392897825351227
près,milliards,48.13808755093347
près,loin,41.617477564060565
contrat,social,51.18020672053096
politico,religieux,125.02406071112242
créer,emploi,116.24485662310863
créer,richesse,69.22907710845759
grèce,irlande,63.745041190066814
voulu,faire,25.133278980334964
rendez,compte,50.45792914040037
sécurité,sociale,120.42924940935549
sécurité,français,7.775809927108153
financement,public,48.44502475336327
citoyens,français,32.218981738113726
entre,mains,177.40673502786552
entre,maintient,46.309198967596444
entre,citoyens,46.18148190681024
entre,élites,28.03766891921365
entre,leurs,11.94720578037573
entre,autres,11.635227927184708
entre,français,6.267065632895987
dumping,social,157.520598612384
bombe,atomique,101.0981208110519
classe,politique,561.7750440446
classe,moyenne,88.27134671461764
steeve,briois,129.92720813762205
dernières,années,324.42533679473496
1700,milliards,75.73177007048722
candidats,présidentielle,46.53498746078037
cartes,vitales,176.0143824493407
ordre,républicain,101.38206103701907
allez,dire,27.341327673566653
parfaitement,accord,49.1661270583846
poser,question,142.41637058902114
intérêt,général,152.59484743928903
intérêt,supérieur,59.750243569915185
intérêt,français,31.375962888250594
intérêt,france,29.07893801370164
bout,souffle,132.48057068533302
aller,chercher,190.33900704956747
aller,emprunter,69.57749453149525
jeunes,femmes,39.01188783586961
bonne,gestion,59.31879992541444
bonne,dépense,51.53232448029716
bonne,volonté,49.13118414510812
bonne,raison,42.67626500771572
frontières,nationales,54.43687341043619
résoudre,problème,78.6105411694785
savez,bien,35.465775288671196
démocratie,liberté,29.324149437099443
pouvoir,achat,1061.354263704538
pouvoir,sarkozyste,57.49685506761482
pouvoir,faire,19.193458302857692
pouvoir,peuple,17.817414589527242
pouvoir,politique,4.895677480390761
liberté,monétaire,86.03745467667993
liberté,égalité,54.95442388844702
liberté,presse,49.11558632663095
liberté,peuple,37.60582765449875
liberté,france,5.410195081671272
chiffrage,projet,52.84756976871132
responsable,politique,108.6009998496676
tenter,faire,26.141096624397363
puissance,publique,60.741109042171125
puissance,mondiale,52.47001762136387
qatar,finance,49.68108655713634
devant,caméras,69.25870985470225
devant,français,13.005751767999271
peur,dire,12.721737794398562
preuve,ailleurs,44.53352053686069
colonne,vertébrale,135.6688365936598
métropole,outre,117.61324019553192
xxième,siècle,91.82788311497022
frédéric,mitterrand,108.11484018931114
certain,nombre,2407.254157539046
homme,femme,69.6775351280446
égalité,fraternité,125.92312415029495
combat,politique,31.274480889198358
quelque,sorte,722.9221291898449
quelque,chose,567.7852726157008
était,ministre,46.303802055686866
était,bien,2.245187301024653
était,plus,0.5989906327773009
sert,rien,61.2360339138706
sert,plus,18.232198037587466
pense,faut,86.39905247215415
pense,beaucoup,13.418952990895153
pense,rien,7.581118130460418
pense,français,6.168477508448698
pense,bien,6.070793251130572
pense,pense,5.792989592221958
pense,ailleurs,5.748556923021553
solidarité,nationale,67.78439439092419
étais,contre,39.22754064531937
croissance,mondiale,52.6698344077913
croissance,emploi,39.717117147659124
langue,bois,76.5589705470859
langue,française,59.70526428593156
langue,nationale,38.73296748773063
sortir,euro,42.45662419614935
redressement,économique,45.15864577701272
redressement,national,39.244655848991044
allons,gagner,70.49209173346452
grande,distribution,217.56887575856848
grande,bretagne,202.99434986569156
grande,partie,189.02733078506458
grande,finance,94.40848177864342
grande,fermeté,60.86931889282691
grande,puissance,35.30348690465515
grande,politique,17.65799293399411
train,passer,64.65853259395391
train,faire,44.85578101100982
train,mettre,36.46796350166338
train,dire,10.595781151575663
acquisition,automatique,100.32078497559387
patriotisme,économique,385.88305816470177
patriotisme,social,98.08753843124157
impôts,locaux,86.49002154306088
taux,intérêt,119.74704835312609
gouvernement,français,44.242996941368574
gouvernement,nicolas,34.21014282067428
gouvernement,sarkozy,30.39253245443986
gouvernement,socialiste,26.590459363678676
gouvernement,union,22.462150057356393
rendus,compte,59.9791551657253
dominique,strauss,254.00048185199364
rendent,compte,112.25009302013791
candidate,élection,77.98128032680883
voulez,pense,17.823305364174914
grands,groupes,553.5442445783237
grands,patrons,99.41818143824871
grands,sujets,54.789945545071575
grands,parents,48.133094633749785
grands,choix,36.996885675315276
grands,partis,34.88417926425891
simple,bonne,39.88971760203585
créent,emploi,95.59130194736647
mondialisation,sauvage,202.9331819264445
mondialisation,débridée,75.28067512779292
mondialisation,ultralibérale,46.603978337347144
hauts,fonctionnaires,69.16497572767554
comprenez,bien,31.601565048082772
attendent,logement,55.89649872660419
conférence,presse,152.5328698940925
fondamentalistes,islamiques,208.07536486128703
fondamentalistes,islamistes,62.527142525385145
travailleurs,pauvres,50.174461533666395
travailleurs,français,50.002634037148844
maintient,territoire,58.38451691651832
puissances,argent,111.98393532106603
puissances,financières,101.86928702239794
mois,viennent,33.97652530139464
mois,mois,26.02661319502202
ailleurs,était,21.051738599958313
ailleurs,certain,13.477265446376679
ailleurs,faut,5.030036293524855
ailleurs,france,0.4811428469134835
enfin,veux,49.142203202396516
enfin,écoutez,41.828428210810266
plus,faibles,159.42384372730993
plus,plus,144.7735382512255
plus,tard,142.4606146046272
plus,nombreux,107.92251919971076
plus,difficile,98.16489014428487
plus,rien,94.22943708864301
plus,grande,84.27005373970458
plus,grand,84.01777804482961
plus,facile,78.5315757037036
plus,pauvres,60.89912063810418
plus,loin,53.333021444851624
plus,modestes,50.12982917943212
plus,profond,50.12982917943212
plus,efficace,45.12417405288018
plus,jamais,44.59634287193728
plus,moyens,41.972407355506434
plus,cher,40.58260891587846
plus,attractif,38.74175796954042
plus,importante,38.017491913216354
plus,fragiles,37.709001787412845
plus,forts,37.45253947067247
plus,important,35.48992557945134
plus,grave,33.81941959049172
plus,possible,32.74903046933582
plus,fort,30.929276436950666
plus,proches,29.884575976596132
plus,vite,28.626131714161986
plus,exigeant,27.97620676843207
plus,riches,27.150053661636928
plus,faible,27.074318525749433
plus,ferme,27.074318525749433
plus,importantes,25.688540527755762
plus,importants,25.688540527755762
plus,aucune,22.62373530018184
plus,près,18.791764361475266
plus,confiance,11.720453600168822
plus,souvent,9.045062109087105
plus,français,8.9635412286685
plus,millions,7.4061276312139075
plus,petit,6.5942691735858565
plus,grandes,6.408622550059175
plus,bien,6.228735127108113
plus,démocratie,5.830934303542212
plus,france,4.8611564032908205
plus,euro,2.032665228246901
plus,temps,1.990689021390235
plus,front,1.2991489387327562
plus,beaucoup,1.0494988186157004
plus,faut,0.9074984874074135
plus,immigration,0.9019221164299651
plus,faire,0.8735800627695598
plus,aujourd,0.3505439695896597
plus,ailleurs,7.81314655821097e-05
dupont,aignan,114.88060726333995
plein,fouet,87.84693473144135
sarkozy,françois,33.098464472128384
sarkozy,hollande,27.937140891096767
sarkozy,avait,20.634038392455125
sarkozy,était,15.392856253417674
sarkozy,nicolas,10.463533272192645
cinq,millions,35.971980888550256
économies,faire,49.774996573900225
voter,socialiste,77.7275595792469
légitime,peuple,29.31570849084077
flux,migratoires,215.18325892649506
dernier,moment,57.15180802608559
niveau,etat,49.017644248925045
niveau,national,32.063689796852756
niveau,économique,24.347475018444758
ensemble,classe,32.60496783241292
ensemble,pays,14.874592098132169
ensemble,français,8.821194411311211
référendum,initiative,110.74721888244298
référendum,constitution,56.393530414178336
effectifs,police,72.69040368376554
prestations,services,55.508132845866264
nation,française,46.184229555484976
nation,peuple,16.503979350639987
nation,etat,15.586819429141382
amour,france,37.63572200174545
aujourd,plus,10.217900970406603
aujourd,français,2.1482562131950615
aujourd,france,1.0234590581241099
derniers,mois,45.787387518353384
aucune,communauté,51.95770213512621
aucune,raison,48.182082272425845
aucune,différence,41.33492030227776
sociale,importation,64.86664338248767
associations,communautaristes,84.86195738772082
cour,comptes,199.68967594640824
décider,entre,30.669119619399318
cherche,faire,23.394388634002222
voyez,bien,77.67654821838522
justice,sociale,69.47667015462368
justice,fiscale,53.93522393317137
abord,pense,14.060079965007874
abord,faut,10.483243925445123
tenir,compte,72.43273868462349
programme,économique,55.761548120268884
jean,marie,900.234007250266
jean,françois,117.66893985131074
jean,mélenchon,76.45465101827743
toutes,circonstances,212.47118832860417
toutes,forces,175.04991482721448
toutes,nations,37.14146976730105
toutes,entreprises,19.21312867898689
referendum,initiative,109.20388226124494
court,terme,62.09207246594512
drapeau,national,54.73324975116006
progrès,social,60.18235794516741
serai,dure,73.34387410292476
modèle,économique,311.84339719688865
modèle,ultralibéral,66.3095556374721
modèle,social,47.733940093253885
responsables,politiques,402.9400334730108
quartiers,entiers,84.89821388218682
apporte,solutions,65.00781749463479
crise,financière,71.59580017103933
crise,économique,39.08642994307756
savoirs,fondamentaux,71.61330900106051
libre,échange,435.39010054818704
libre,circulation,64.03937613312593
libre,entreprise,44.30333386156421
matière,immigration,114.32303071772021
matière,internationale,45.40658504122348
donner,moyens,93.45857598305592
donner,leçons,86.2305437876229
donner,exemple,38.778034219915995
donner,priorité,34.78632513525011
vents,mondialisation,91.87555197416603
fracture,politique,31.158160559791206
aurait,fallu,109.65605267882462
aurait,permis,56.78986284776872
balance,commerciale,127.28114113403274
totale,frontières,121.3472192765577
république,française,158.91540182434494
république,vive,147.08075133269926
république,référendaire,64.825612024918
chefs,entreprise,98.33676666820163
services,publics,845.7121957676538
avenir,france,18.62475326001981
aura,plus,26.269714765389068
fraude,sociale,128.9978873884489
fraude,fiscale,58.470733080591614
syndic,faillite,91.29837213782642
pris,charge,45.25913972812131
ferait,mieux,57.0409245096567
parlement,européen,83.26895765228265
ascenseur,social,85.28559227340789
respectent,aucune,53.61791430611083
beaucoup,plus,276.19840134301654
beaucoup,autres,112.21650045591892
beaucoup,mieux,39.16649003071893
beaucoup,choses,27.22243607530331
beaucoup,français,18.83725844994077
beaucoup,pays,15.041808513641948
lorsqu,était,42.72394341149159
terrorisme,intellectuel,80.63037983312417
places,crèche,96.12163502844025
places,prison,89.94557834143357
dont,sait,93.53165928574504
dont,parle,38.62145303250302
dont,rappelle,36.1011826390762
dont,espère,33.026724104928185
dont,pense,13.115658904686438
dont,suis,12.199518629988
dont,faut,9.07728105157342
mouvements,politiques,97.47021198653839
service,public,157.49660372939283
vote,étrangers,212.724878066244
nombre,habitants,44.70710749800388
nombre,années,43.30914673132742
nombre,autres,36.393670184056155
nombre,pays,30.9319854634416
nombre,temps,17.66288605937296
nombre,gens,16.726778051788305
nombre,français,3.054020166933575
sonnette,alarme,114.88060726333995
nationale,bien,12.522050894115164
écoutez,crois,23.08505097239336
écoutez,voilà,17.14022203660967
écoutez,suis,13.111485565068348
millions,chômeurs,346.5200328005059
millions,euros,178.13378909402917
millions,français,86.57141180667068
millions,demi,57.28325196883971
millions,pauvres,50.41591897002084
protectionnisme,intelligent,264.5523333750648
protectionnisme,économique,42.007429829696896
protectionnisme,social,41.063476811425126
protectionnisme,frontières,31.622538730756496
promesses,tenues,78.3042186918818
logements,sociaux,231.52259678884974
présidence,république,79.10826084566327
avons,versé,54.685259108277606
avons,plus,48.39574524508635
avons,besoin,44.11228939085659
avons,payé,36.97805604597892
avons,millions,24.559976297380658
avons,déjà,20.51251382434845
avons,jamais,14.107608593260919
population,française,58.75628833260501
volonté,peuple,62.97824187214816
volonté,politique,48.314898401170666
national,vive,28.31775219095246
national,extrême,26.91940395492
national,rassemblement,26.73542399984809
national,parti,25.578788819096996
national,aurait,20.37614159369904
national,sera,12.355112078060124
national,avait,11.263517728414937
national,était,11.109560286958006
national,bien,3.6131150355252686
compatriotes,métropole,75.77816380397772
compatriotes,outre,60.26373920213865
grand,patronat,189.38617433967704
grand,nombre,101.20960743505526
grand,rassemblement,53.55737232957763
grand,chose,36.53043247071006
grand,peuple,12.676399441165033
question,savoir,67.24154657553598
question,pose,38.62365046965548
etat,fort,188.48614362302567
etat,stratège,182.47909135174964
etat,collectivités,71.93080068061964
etat,nation,64.79542313457857
etat,français,18.289332437398375
etat,etat,14.653237580563777
administration,fiscale,56.00339379741307
colère,légitime,60.41938879642867
double,nationalité,134.51056173305625
double,peine,93.4691919683531
second,tour,614.1329930416357
traités,européens,269.54121253057474
dissuasive,immigration,101.62102894111808
vraie,question,117.52669972317844
policiers,gendarmes,128.41375203812294
semi,démente,102.51529888458816
peuple,français,1051.352842221932
peuple,libyen,75.4039640901983
peuple,france,40.70469894070853
peuple,souverain,32.81127706117281
peuple,libre,22.53037236014043
peuple,peuple,19.978002867302664
peuple,souveraineté,17.41805435966513
peuple,toujours,10.311795283950511
peuple,soit,8.136468232920098
peuple,plus,2.0384095376902023
lutte,contre,380.6681974606123
chef,etat,34.730203688730285
absolument,aucune,43.9363396981335
cotisations,sociales,70.59850550490081
plateaux,télévision,106.12425668518775
nombreuses,années,138.9155951336578
conseillers,municipaux,160.77886845532305
construction,européenne,61.75703351897085
notamment,intermédiaire,49.45521409233423
tête,etat,71.97197608202086
projet,présidentiel,150.72955908721343
projet,redressement,66.6379289226825
projet,alternatif,60.57897245643707
projet,national,43.73610755671321
projet,économique,34.42172803888297
projet,contre,27.695477805031256
projet,projet,23.387936384635367
projet,politique,11.105698083853442
protections,frontières,125.19096348123718
protections,intelligentes,81.07921763755083
crois,faut,63.59253406893855
crois,crois,46.866006629702596
crois,profondément,27.226106852687685
crois,beaucoup,25.727890452690076
crois,français,16.17171081984255
crois,pense,11.097934600654696
crois,aujourd,3.580605254718371
crois,plus,0.10062698343143861
nationalité,française,333.39376410756256
politiques,gauche,18.987731161711494
politiques,français,3.7716208585319997
pôle,rassemblement,88.53661396169973
cantonales,mars,98.95588513522782
lionel,jospin,244.07855940359104
terre,france,20.420903503772205
goldman,sachs,114.88060726333995
bras,corps,102.6103317472456
relancer,emploi,83.51974872892217
relancer,économie,44.931197709102555
monnaies,nationales,143.50552475991464
protection,sociale,514.3590792764606
leurs,enfants,239.87940470116513
leurs,propres,85.74884347934038
leurs,origines,43.164688486616605
leurs,compétences,35.702376608531246
leurs,parents,31.521200595749413
leurs,intérêts,27.35008854083563
leurs,frontières,19.005965521405287
collectivités,territoriales,269.57576058279494
collectivités,locales,127.62276844621543
générations,futures,98.5813047865647
concurrence,déloyale,573.7251614103127
concurrence,internationale,202.90911466420272
concurrence,sauvage,47.47454281065038
feuille,route,101.54448598778845
exactement,inverse,115.51562680592889
exactement,mêmes,31.96662308350141
jamais,cotisé,60.257091490052
jamais,rien,17.856761650084756
hommes,femmes,240.0860885175666
hommes,politiques,39.07201511658137
expliquer,français,36.793081906180646
rien,change,111.69351101032997
rien,dire,39.85671275568481
rien,changé,33.40107264021324
rien,faire,23.656032603078913
rien,plus,3.309988685618837
vivons,aujourd,40.7868989544659
maîtrise,frontières,90.91232683695605
fédéralisme,européen,189.45903217502845
novembre,2011,80.28606084165341
vérité,français,30.424519419507718
ville,rennes,105.50147205308355
ville,toulon,73.58478793968578
achat,français,43.0043679314206
france,rurale,84.56086659565764
france,éternelle,56.80410805643582
france,descend,43.87006349008871
france,oubliés,30.628981399752124
france,prêter,29.54736551849478
france,sera,21.659886726963805
france,cœur,18.45947779470047
france,libre,16.93992675022808
france,chers,16.668704522088603
france,aujourd,14.616648595906586
france,serait,12.372925057495474
france,vais,11.094085008867593
france,besoin,10.766171229403076
france,doivent,10.348482425668836
france,aura,9.727020322685116
france,français,7.709462473301908
france,avenir,7.63437807035944
france,voilà,5.384289265427254
france,enfin,4.629955606359771
france,veux,4.583379980054628
france,soit,3.740936829849506
france,était,3.5873479215029302
france,toute,2.4372367036830136
france,pays,2.3642962598757578
france,nicolas,2.2339309156922784
france,peuple,1.9985323012182175
france,crois,1.0760959614652563
france,dire,0.39647003255935287
france,bien,0.31612159067056345
france,france,0.24657045194048255
france,plus,0.09116836107596082
frères,musulmans,70.71269981175182
parle,beaucoup,24.469279288048355
parle,immigration,24.092975479964835
morale,publique,352.5468744494014
après,midi,98.0964934857052
après,élection,84.49617140553535
après,autres,80.30220447695277
immense,majorité,319.59324835394125
initiative,populaire,253.50445894266645
pensée,unique,52.436698490705545
autres,pays,149.14133768743858
autres,candidats,86.49567189321769
autres,mouvements,76.82267867088615
autres,domaines,36.849873515380985
autres,partis,35.776494528758
autres,ailleurs,8.564057086311324
autres,bien,2.077475693833115
notes,frais,162.17764306740457
islam,radical,241.7956555987861
islam,france,22.948877461194947
intelligentes,frontières,64.91286031601938
conseil,général,249.75562728608844
conseil,régional,121.78384576686571
conseil,constitutionnel,67.42469288067903
conseil,etat,51.291019619610566
conseil,national,25.379743801753285
pouvoirs,publics,103.03897569645315
candidat,présidentielle,166.11380395164247
candidat,socialiste,42.49133260058624
candidat,national,20.65580030123454
marie,chevallier,64.28206190887863
zone,euro,308.8619090378114
donné,faut,31.525414556102863
sauver,euro,65.90375322344354
entreprises,françaises,242.91102782284966
entreprises,cac40,118.45962573229134
milliards,euros,964.1715781979601
milliards,économie,31.094346109950834
milliards,intérêts,25.684723166655086
souverain,légitime,106.05898034848619
monnaie,unique,227.33590815180062
monnaie,nationale,202.31860186297268
monnaie,forte,64.0742817903065
monnaie,commune,62.27802674762788
esprit,france,52.92225573352602
mise,place,291.97460411605573
mise,œuvre,121.64786017714637
mise,concurrence,55.27428813546234
réindustrialisation,france,50.91402196229822
rend,plus,26.60206071475417
proximité,idéologique,70.55988101852748
titre,séjour,86.5949038996498
million,euros,69.68925748705375
etats,unis,830.2165082897898
immigration,massive,181.93437037776226
immigration,légale,159.3479455456227
immigration,masse,68.87108924814656
immigration,insécurité,64.57478355986918
immigration,clandestine,49.61971207698457
immigration,travail,19.935845217742504
immigration,immigration,13.136881794206188
immigration,plus,3.469525078399257
apporter,solutions,54.25528033171804
euros,mois,80.47245343073745
euros,dette,50.598317519833934
seconde,guerre,56.299810959914524
vrais,problèmes,57.30326660950524
