<?xml version='1.0' ?>
<topicModel>
  <topic id='0' alpha='0.36813362003331107' totalTokens='3477'>
	<word rank='1'>social</word>
	<word rank='2'>pouvoir</word>
	<word rank='3'>achat</word>
	<word rank='4'>salaire</word>
	<word rank='5'>prix</word>
	<word rank='6'>logement</word>
	<word rank='7'>moyen</word>
	<word rank='8'>baisse</word>
	<word rank='9'>système</word>
	<word rank='10'>national</word>
	<word rank='11'>seul</word>
	<word rank='12'>chômage</word>
	<word rank='13'>travailleur</word>
	<word rank='14'>augmentation</word>
	<word rank='15'>entreprise</word>
	<word rank='16'>enfant</word>
	<word rank='17'>projet</word>
	<word rank='18'>hausse</word>
	<word rank='19'>crise</word>
  </topic>
  <topic id='1' alpha='0.3786080932303743' totalTokens='2884'>
	<word rank='1'>candidat</word>
	<word rank='2'>élection</word>
	<word rank='3'>présidentiel</word>
	<word rank='4'>heure</word>
	<word rank='5'>général</word>
	<word rank='6'>national</word>
	<word rank='7'>campagne</word>
	<word rank='8'>maire</word>
	<word rank='9'>présidence</word>
	<word rank='10'>législatif</word>
	<word rank='11'>résultat</word>
	<word rank='12'>terrain</word>
	<word rank='13'>républicain</word>
	<word rank='14'>financier</word>
	<word rank='15'>vrai</word>
	<word rank='16'>adversaire</word>
	<word rank='17'>meilleur</word>
	<word rank='18'>militant</word>
	<word rank='19'>moi</word>
  </topic>
  <topic id='2' alpha='0.25571071709951365' totalTokens='2110'>
	<word rank='1'>monde</word>
	<word rank='2'>vie</word>
	<word rank='3'>pouvoir</word>
	<word rank='4'>liberté</word>
	<word rank='5'>famille</word>
	<word rank='6'>peur</word>
	<word rank='7'>amour</word>
	<word rank='8'>faible</word>
	<word rank='9'>principe</word>
	<word rank='10'>société</word>
	<word rank='11'>fort</word>
	<word rank='12'>forme</word>
	<word rank='13'>homme</word>
	<word rank='14'>racine</word>
	<word rank='15'>langue</word>
	<word rank='16'>siècle</word>
	<word rank='17'>père</word>
	<word rank='18'>but</word>
	<word rank='19'>ouvrier</word>
  </topic>
  <topic id='3' alpha='0.4093301471436212' totalTokens='3196'>
	<word rank='1'>projet</word>
	<word rank='2'>grand</word>
	<word rank='3'>choix</word>
	<word rank='4'>vision</word>
	<word rank='5'>économique</word>
	<word rank='6'>petit</word>
	<word rank='7'>proposition</word>
	<word rank='8'>présidentiel</word>
	<word rank='9'>économie</word>
	<word rank='10'>démocratie</word>
	<word rank='11'>réalité</word>
	<word rank='12'>total</word>
	<word rank='13'>ultralibéral</word>
	<word rank='14'>moment</word>
	<word rank='15'>mondialisme</word>
	<word rank='16'>crise</word>
	<word rank='17'>logique</word>
	<word rank='18'>mise</word>
	<word rank='19'>inquiétude</word>
  </topic>
  <topic id='4' alpha='0.19936539970907577' totalTokens='1607'>
	<word rank='1'>liberté</word>
	<word rank='2'>justice</word>
	<word rank='3'>seul</word>
	<word rank='4'>libre</word>
	<word rank='5'>collectif</word>
	<word rank='6'>égalité</word>
	<word rank='7'>expert</word>
	<word rank='8'>fort</word>
	<word rank='9'>sentiment</word>
	<word rank='10'>sûr</word>
	<word rank='11'>individu</word>
	<word rank='12'>unité</word>
	<word rank='13'>décennie</word>
	<word rank='14'>individuel</word>
	<word rank='15'>fraternité</word>
	<word rank='16'>fondamental</word>
	<word rank='17'>exigence</word>
	<word rank='18'>main</word>
	<word rank='19'>défenseur</word>
  </topic>
  <topic id='5' alpha='0.16814544270970286' totalTokens='1364'>
	<word rank='1'>politique</word>
	<word rank='2'>élection</word>
	<word rank='3'>parti</word>
	<word rank='4'>démocratie</word>
	<word rank='5'>échec</word>
	<word rank='6'>programme</word>
	<word rank='7'>divergence</word>
	<word rank='8'>opinion</word>
	<word rank='9'>démocratique</word>
	<word rank='10'>phrase</word>
	<word rank='11'>différent</word>
	<word rank='12'>cantonal</word>
	<word rank='13'>main</word>
	<word rank='14'>télévision</word>
	<word rank='15'>jour</word>
	<word rank='16'>crédible</word>
	<word rank='17'>plateau</word>
	<word rank='18'>leçon</word>
	<word rank='19'>différence</word>
  </topic>
  <topic id='6' alpha='0.2050627255785812' totalTokens='1844'>
	<word rank='1'>politique</word>
	<word rank='2'>national</word>
	<word rank='3'>mouvement</word>
	<word rank='4'>municipal</word>
	<word rank='5'>député</word>
	<word rank='6'>liste</word>
	<word rank='7'>majorité</word>
	<word rank='8'>gouvernement</word>
	<word rank='9'>ville</word>
	<word rank='10'>commission</word>
	<word rank='11'>coup</word>
	<word rank='12'>risque</word>
	<word rank='13'>municipalité</word>
	<word rank='14'>mandat</word>
	<word rank='15'>activité</word>
	<word rank='16'>racisme</word>
	<word rank='17'>sénateur</word>
	<word rank='18'>commissaire</word>
	<word rank='19'>secret</word>
  </topic>
  <topic id='7' alpha='0.2786062379185065' totalTokens='2264'>
	<word rank='1'>peuple</word>
	<word rank='2'>souveraineté</word>
	<word rank='3'>français</word>
	<word rank='4'>indépendance</word>
	<word rank='5'>souverain</word>
	<word rank='6'>république</word>
	<word rank='7'>nation</word>
	<word rank='8'>puissance</word>
	<word rank='9'>esprit</word>
	<word rank='10'>volonté</word>
	<word rank='11'>histoire</word>
	<word rank='12'>patrie</word>
	<word rank='13'>frontière</word>
	<word rank='14'>victoire</word>
	<word rank='15'>ordre</word>
	<word rank='16'>chaos</word>
	<word rank='17'>défense</word>
	<word rank='18'>diplomatie</word>
	<word rank='19'>territorial</word>
  </topic>
  <topic id='8' alpha='0.34403817984402224' totalTokens='2745'>
	<word rank='1'>nation</word>
	<word rank='2'>national</word>
	<word rank='3'>communauté</word>
	<word rank='4'>république</word>
	<word rank='5'>identité</word>
	<word rank='6'>principe</word>
	<word rank='7'>modèle</word>
	<word rank='8'>loi</word>
	<word rank='9'>laïcité</word>
	<word rank='10'>nouveau</word>
	<word rank='11'>monde</word>
	<word rank='12'>sen</word>
	<word rank='13'>avenir</word>
	<word rank='14'>mondialisation</word>
	<word rank='15'>parti</word>
	<word rank='16'>argent</word>
	<word rank='17'>drapeau</word>
	<word rank='18'>civilisation</word>
	<word rank='19'>meilleur</word>
  </topic>
  <topic id='9' alpha='0.11011688059042159' totalTokens='1074'>
	<word rank='1'>terre</word>
	<word rank='2'>ville</word>
	<word rank='3'>petit</word>
	<word rank='4'>grand</word>
	<word rank='5'>village</word>
	<word rank='6'>lieu</word>
	<word rank='7'>jour</word>
	<word rank='8'>mer</word>
	<word rank='9'>tradition</word>
	<word rank='10'>eau</word>
	<word rank='11'>paysage</word>
	<word rank='12'>diversité</word>
	<word rank='13'>art</word>
	<word rank='14'>retour</word>
	<word rank='15'>commerce</word>
	<word rank='16'>agriculture</word>
	<word rank='17'>climat</word>
	<word rank='18'>rêve</word>
	<word rank='19'>champ</word>
  </topic>
  <topic id='10' alpha='0.42303715867426483' totalTokens='3887'>
	<word rank='1'>cher</word>
	<word rank='2'>peuple</word>
	<word rank='3'>cœur</word>
	<word rank='4'>ami</word>
	<word rank='5'>compatriote</word>
	<word rank='6'>beau</word>
	<word rank='7'>vif</word>
	<word rank='8'>espérance</word>
	<word rank='9'>vérité</word>
	<word rank='10'>élite</word>
	<word rank='11'>système</word>
	<word rank='12'>nouveau</word>
	<word rank='13'>chemin</word>
	<word rank='14'>combat</word>
	<word rank='15'>devoir</word>
	<word rank='16'>foi</word>
	<word rank='17'>destin</word>
	<word rank='18'>retour</word>
	<word rank='19'>fier</word>
  </topic>
  <topic id='11' alpha='0.7200281588751967' totalTokens='5667'>
	<word rank='1'>problème</word>
	<word rank='2'>foi</word>
	<word rank='3'>situation</word>
	<word rank='4'>question</word>
	<word rank='5'>raison</word>
	<word rank='6'>politique</word>
	<word rank='7'>cas</word>
	<word rank='8'>vrai</word>
	<word rank='9'>temps</word>
	<word rank='10'>sorte</word>
	<word rank='11'>chose</word>
	<word rank='12'>différent</word>
	<word rank='13'>réalité</word>
	<word rank='14'>difficile</word>
	<word rank='15'>sûr</word>
	<word rank='16'>manière</word>
	<word rank='17'>système</word>
	<word rank='18'>solution</word>
	<word rank='19'>affaire</word>
  </topic>
  <topic id='12' alpha='0.21633564791621954' totalTokens='2139'>
	<word rank='1'>guerre</word>
	<word rank='2'>international</word>
	<word rank='3'>monde</word>
	<word rank='4'>armée</word>
	<word rank='5'>mondial</word>
	<word rank='6'>population</word>
	<word rank='7'>nation</word>
	<word rank='8'>militaire</word>
	<word rank='9'>américain</word>
	<word rank='10'>civil</word>
	<word rank='11'>arabe</word>
	<word rank='12'>paix</word>
	<word rank='13'>musulman</word>
	<word rank='14'>territoire</word>
	<word rank='15'>intérieur</word>
	<word rank='16'>sud</word>
	<word rank='17'>risque</word>
	<word rank='18'>algérien</word>
	<word rank='19'>arme</word>
  </topic>
  <topic id='13' alpha='0.015137680574773485' totalTokens='428'>
	<word rank='1'>chasseur</word>
	<word rank='2'>rural</word>
	<word rank='3'>forain</word>
	<word rank='4'>chasse</word>
	<word rank='5'>ruralité</word>
	<word rank='6'>injustice</word>
	<word rank='7'>fête</word>
	<word rank='8'>mesure</word>
	<word rank='9'>aversion</word>
	<word rank='10'>terrain</word>
	<word rank='11'>influence</word>
	<word rank='12'>palombe</word>
	<word rank='13'>code</word>
	<word rank='14'>ministère</word>
	<word rank='15'>restauration</word>
	<word rank='16'>véhicule</word>
	<word rank='17'>arme</word>
	<word rank='18'>campagne</word>
	<word rank='19'>perdreau</word>
  </topic>
  <topic id='14' alpha='0.11119998843411232' totalTokens='1078'>
	<word rank='1'>famille</word>
	<word rank='2'>enfant</word>
	<word rank='3'>familial</word>
	<word rank='4'>social</word>
	<word rank='5'>an</word>
	<word rank='6'>vie</word>
	<word rank='7'>mère</word>
	<word rank='8'>démographique</word>
	<word rank='9'>natalité</word>
	<word rank='10'>naissance</word>
	<word rank='11'>adoption</word>
	<word rank='12'>préférence</word>
	<word rank='13'>société</word>
	<word rank='14'>revenu</word>
	<word rank='15'>cause</word>
	<word rank='16'>allocation</word>
	<word rank='17'>recours</word>
	<word rank='18'>traditionnel</word>
	<word rank='19'>enfance</word>
  </topic>
  <topic id='15' alpha='0.09684922988567969' totalTokens='1403'>
	<word rank='1'>département</word>
	<word rank='2'>général</word>
	<word rank='3'>dépense</word>
	<word rank='4'>conseil</word>
	<word rank='5'>social</word>
	<word rank='6'>service</word>
	<word rank='7'>public</word>
	<word rank='8'>personne</word>
	<word rank='9'>local</word>
	<word rank='10'>collectivité</word>
	<word rank='11'>âgé</word>
	<word rank='12'>compétence</word>
	<word rank='13'>euro</word>
	<word rank='14'>aide</word>
	<word rank='15'>contrat</word>
	<word rank='16'>décentralisation</word>
	<word rank='17'>retraite</word>
	<word rank='18'>départemental</word>
	<word rank='19'>socialiste</word>
  </topic>
  <topic id='16' alpha='0.15577088002476697' totalTokens='1741'>
	<word rank='1'>monnaie</word>
	<word rank='2'>européen</word>
	<word rank='3'>économie</word>
	<word rank='4'>franc</word>
	<word rank='5'>économique</word>
	<word rank='6'>retour</word>
	<word rank='7'>banque</word>
	<word rank='8'>intérêt</word>
	<word rank='9'>dette</word>
	<word rank='10'>prix</word>
	<word rank='11'>augmentation</word>
	<word rank='12'>monétaire</word>
	<word rank='13'>sen</word>
	<word rank='14'>croissance</word>
	<word rank='15'>marché</word>
	<word rank='16'>compétitif</word>
	<word rank='17'>solution</word>
	<word rank='18'>réalité</word>
	<word rank='19'>maîtrise</word>
  </topic>
  <topic id='17' alpha='0.5203867141978303' totalTokens='3647'>
	<word rank='1'>européen</word>
	<word rank='2'>pays</word>
	<word rank='3'>nombre</word>
	<word rank='4'>intérêt</word>
	<word rank='5'>union</word>
	<word rank='6'>partie</word>
	<word rank='7'>part</word>
	<word rank='8'>ensemble</word>
	<word rank='9'>argent</word>
	<word rank='10'>exemple</word>
	<word rank='11'>responsable</word>
	<word rank='12'>propre</word>
	<word rank='13'>rapport</word>
	<word rank='14'>plan</word>
	<word rank='15'>réalité</word>
	<word rank='16'>rôle</word>
	<word rank='17'>clair</word>
	<word rank='18'>conséquence</word>
	<word rank='19'>relation</word>
  </topic>
  <topic id='18' alpha='0.11989832047853725' totalTokens='1309'>
	<word rank='1'>électoral</word>
	<word rank='2'>mars</word>
	<word rank='3'>ami</word>
	<word rank='4'>foi</word>
	<word rank='5'>mouvement</word>
	<word rank='6'>populaire</word>
	<word rank='7'>lettre</word>
	<word rank='8'>accord</word>
	<word rank='9'>officiel</word>
	<word rank='10'>pire</word>
	<word rank='11'>fête</word>
	<word rank='12'>scrutin</word>
	<word rank='13'>fidèle</word>
	<word rank='14'>succès</word>
	<word rank='15'>liste</word>
	<word rank='16'>juin</word>
	<word rank='17'>local</word>
	<word rank='18'>consultation</word>
	<word rank='19'>sanction</word>
  </topic>
  <topic id='19' alpha='0.2762564968238349' totalTokens='2450'>
	<word rank='1'>politique</word>
	<word rank='2'>mouvement</word>
	<word rank='3'>national</word>
	<word rank='4'>président</word>
	<word rank='5'>campagne</word>
	<word rank='6'>parti</word>
	<word rank='7'>militant</word>
	<word rank='8'>bureau</word>
	<word rank='9'>adhérent</word>
	<word rank='10'>français</word>
	<word rank='11'>combat</word>
	<word rank='12'>congrès</word>
	<word rank='13'>moment</word>
	<word rank='14'>législatif</word>
	<word rank='15'>victoire</word>
	<word rank='16'>propre</word>
	<word rank='17'>sympathisant</word>
	<word rank='18'>polémique</word>
	<word rank='19'>cadre</word>
  </topic>
  <topic id='20' alpha='0.14830521304226804' totalTokens='1043'>
	<word rank='1'>lieu</word>
	<word rank='2'>équilibre</word>
	<word rank='3'>culturel</word>
	<word rank='4'>création</word>
	<word rank='5'>effort</word>
	<word rank='6'>culture</word>
	<word rank='7'>puissance</word>
	<word rank='8'>public</word>
	<word rank='9'>soutien</word>
	<word rank='10'>statut</word>
	<word rank='11'>rôle</word>
	<word rank='12'>rang</word>
	<word rank='13'>mal</word>
	<word rank='14'>patrimoine</word>
	<word rank='15'>développement</word>
	<word rank='16'>notion</word>
	<word rank='17'>ambition</word>
	<word rank='18'>raisonnable</word>
	<word rank='19'>savoir</word>
  </topic>
  <topic id='21' alpha='0.2358744780192432' totalTokens='2218'>
	<word rank='1'>public</word>
	<word rank='2'>campagne</word>
	<word rank='3'>banque</word>
	<word rank='4'>petit</word>
	<word rank='5'>service</word>
	<word rank='6'>ami</word>
	<word rank='7'>cher</word>
	<word rank='8'>temps</word>
	<word rank='9'>grand</word>
	<word rank='10'>marché</word>
	<word rank='11'>libre</word>
	<word rank='12'>zone</word>
	<word rank='13'>centre</word>
	<word rank='14'>vieux</word>
	<word rank='15'>artisan</word>
	<word rank='16'>gendarmerie</word>
	<word rank='17'>mépris</word>
	<word rank='18'>argent</word>
	<word rank='19'>fatalité</word>
  </topic>
  <topic id='22' alpha='0.08579558947790071' totalTokens='1055'>
	<word rank='1'>communiste</word>
	<word rank='2'>effort</word>
	<word rank='3'>suffrage</word>
	<word rank='4'>an</word>
	<word rank='5'>parlementaire</word>
	<word rank='6'>communisme</word>
	<word rank='7'>socialisme</word>
	<word rank='8'>décadence</word>
	<word rank='9'>patrie</word>
	<word rank='10'>presse</word>
	<word rank='11'>réel</word>
	<word rank='12'>famille</word>
	<word rank='13'>franc</word>
	<word rank='14'>prétendu</word>
	<word rank='15'>désinformation</word>
	<word rank='16'>ministre</word>
	<word rank='17'>constant</word>
	<word rank='18'>parisien</word>
	<word rank='19'>bande</word>
  </topic>
  <topic id='23' alpha='0.11645613665991267' totalTokens='1133'>
	<word rank='1'>peuple</word>
	<word rank='2'>seul</word>
	<word rank='3'>caste</word>
	<word rank='4'>mondialisation</word>
	<word rank='5'>promesse</word>
	<word rank='6'>vent</word>
	<word rank='7'>véritable</word>
	<word rank='8'>sauvage</word>
	<word rank='9'>salarié</word>
	<word rank='10'>citoyen</word>
	<word rank='11'>consommateur</word>
	<word rank='12'>réalité</word>
	<word rank='13'>terre</word>
	<word rank='14'>patriote</word>
	<word rank='15'>marée</word>
	<word rank='16'>époque</word>
	<word rank='17'>orientation</word>
	<word rank='18'>glorieux</word>
	<word rank='19'>sommet</word>
  </topic>
  <topic id='24' alpha='0.38849411108769927' totalTokens='2844'>
	<word rank='1'>français</word>
	<word rank='2'>pays</word>
	<word rank='3'>étranger</word>
	<word rank='4'>situation</word>
	<word rank='5'>travail</word>
	<word rank='6'>million</word>
	<word rank='7'>général</word>
	<word rank='8'>vérité</word>
	<word rank='9'>nécessaire</word>
	<word rank='10'>guerre</word>
	<word rank='11'>social</word>
	<word rank='12'>millier</word>
	<word rank='13'>évident</word>
	<word rank='14'>échec</word>
	<word rank='15'>noir</word>
	<word rank='16'>année</word>
	<word rank='17'>parent</word>
	<word rank='18'>réforme</word>
	<word rank='19'>interdiction</word>
  </topic>
  <topic id='25' alpha='0.1436497959237365' totalTokens='1153'>
	<word rank='1'>crime</word>
	<word rank='2'>délit</word>
	<word rank='3'>mort</word>
	<word rank='4'>terrorisme</word>
	<word rank='5'>terroriste</word>
	<word rank='6'>citoyen</word>
	<word rank='7'>complice</word>
	<word rank='8'>assassinat</word>
	<word rank='9'>complicité</word>
	<word rank='10'>partie</word>
	<word rank='11'>moral</word>
	<word rank='12'>façon</word>
	<word rank='13'>trimestre</word>
	<word rank='14'>meurtre</word>
	<word rank='15'>exécution</word>
	<word rank='16'>délinquance</word>
	<word rank='17'>préfet</word>
	<word rank='18'>faute</word>
	<word rank='19'>expérience</word>
  </topic>
  <topic id='26' alpha='0.38712234665031864' totalTokens='3743'>
	<word rank='1'>an</word>
	<word rank='2'>milliard</word>
	<word rank='3'>euro</word>
	<word rank='4'>million</word>
	<word rank='5'>dette</word>
	<word rank='6'>année</word>
	<word rank='7'>financier</word>
	<word rank='8'>déficit</word>
	<word rank='9'>gouvernement</word>
	<word rank='10'>budget</word>
	<word rank='11'>impôt</word>
	<word rank='12'>chiffre</word>
	<word rank='13'>cas</word>
	<word rank='14'>personne</word>
	<word rank='15'>chômeur</word>
	<word rank='16'>dépense</word>
	<word rank='17'>tau</word>
	<word rank='18'>argent</word>
	<word rank='19'>public</word>
  </topic>
  <topic id='27' alpha='0.13086195262683958' totalTokens='1830'>
	<word rank='1'>an</word>
	<word rank='2'>roi</word>
	<word rank='3'>grand</word>
	<word rank='4'>foi</word>
	<word rank='5'>mai</word>
	<word rank='6'>patrie</word>
	<word rank='7'>guerre</word>
	<word rank='8'>trahison</word>
	<word rank='9'>chef</word>
	<word rank='10'>temps</word>
	<word rank='11'>martyr</word>
	<word rank='12'>saint</word>
	<word rank='13'>moi</word>
	<word rank='14'>historique</word>
	<word rank='15'>vif</word>
	<word rank='16'>abandon</word>
	<word rank='17'>ciel</word>
	<word rank='18'>anglais</word>
	<word rank='19'>gloire</word>
  </topic>
  <topic id='28' alpha='0.08147439687074023' totalTokens='695'>
	<word rank='1'>chrétien</word>
	<word rank='2'>honneur</word>
	<word rank='3'>histoire</word>
	<word rank='4'>nom</word>
	<word rank='5'>honte</word>
	<word rank='6'>juif</word>
	<word rank='7'>hommage</word>
	<word rank='8'>victime</word>
	<word rank='9'>refus</word>
	<word rank='10'>mépris</word>
	<word rank='11'>invasion</word>
	<word rank='12'>islamique</word>
	<word rank='13'>tranquillité</word>
	<word rank='14'>succès</word>
	<word rank='15'>ferveur</word>
	<word rank='16'>message</word>
	<word rank='17'>vergogne</word>
	<word rank='18'>soldat</word>
	<word rank='19'>culte</word>
  </topic>
  <topic id='29' alpha='0.7607534218507943' totalTokens='7735'>
	<word rank='1'>gens</word>
	<word rank='2'>an</word>
	<word rank='3'>conséquent</word>
	<word rank='4'>politique</word>
	<word rank='5'>chose</word>
	<word rank='6'>foi</word>
	<word rank='7'>nombre</word>
	<word rank='8'>français</word>
	<word rank='9'>petit</word>
	<word rank='10'>cas</word>
	<word rank='11'>gouvernement</word>
	<word rank='12'>monde</word>
	<word rank='13'>pays</word>
	<word rank='14'>loi</word>
	<word rank='15'>évident</word>
	<word rank='16'>responsabilité</word>
	<word rank='17'>façon</word>
	<word rank='18'>jour</word>
	<word rank='19'>avis</word>
  </topic>
  <topic id='30' alpha='0.4482016008009424' totalTokens='4484'>
	<word rank='1'>chose</word>
	<word rank='2'>gens</word>
	<word rank='3'>nombre</word>
	<word rank='4'>manière</word>
	<word rank='5'>peuple</word>
	<word rank='6'>grand</word>
	<word rank='7'>foi</word>
	<word rank='8'>pays</word>
	<word rank='9'>occurrence</word>
	<word rank='10'>conséquent</word>
	<word rank='11'>monde</word>
	<word rank='12'>moi</word>
	<word rank='13'>important</word>
	<word rank='14'>moment</word>
	<word rank='15'>programme</word>
	<word rank='16'>référendum</word>
	<word rank='17'>rien</word>
	<word rank='18'>résultat</word>
	<word rank='19'>capable</word>
  </topic>
  <topic id='31' alpha='0.9203288937756068' totalTokens='6405'>
	<word rank='1'>moi</word>
	<word rank='2'>jour</word>
	<word rank='3'>année</word>
	<word rank='4'>grand</word>
	<word rank='5'>immigration</word>
	<word rank='6'>raison</word>
	<word rank='7'>vie</word>
	<word rank='8'>dernier</word>
	<word rank='9'>seul</word>
	<word rank='10'>personne</word>
	<word rank='11'>sécurité</word>
	<word rank='12'>semaine</word>
	<word rank='13'>chômage</word>
	<word rank='14'>jeune</word>
	<word rank='15'>problème</word>
	<word rank='16'>campagne</word>
	<word rank='17'>main</word>
	<word rank='18'>majorité</word>
	<word rank='19'>groupe</word>
  </topic>
  <topic id='32' alpha='0.4014897318003907' totalTokens='4243'>
	<word rank='1'>frontière</word>
	<word rank='2'>entreprise</word>
	<word rank='3'>emploi</word>
	<word rank='4'>économique</word>
	<word rank='5'>concurrence</word>
	<word rank='6'>pays</word>
	<word rank='7'>produit</word>
	<word rank='8'>modèle</word>
	<word rank='9'>protectionnisme</word>
	<word rank='10'>union</word>
	<word rank='11'>protection</word>
	<word rank='12'>industrie</word>
	<word rank='13'>social</word>
	<word rank='14'>déloyal</word>
	<word rank='15'>production</word>
	<word rank='16'>niveau</word>
	<word rank='17'>industriel</word>
	<word rank='18'>douane</word>
	<word rank='19'>échange</word>
  </topic>
  <topic id='33' alpha='0.14886685244200346' totalTokens='1263'>
	<word rank='1'>résultat</word>
	<word rank='2'>cause</word>
	<word rank='3'>défense</word>
	<word rank='4'>novembre</word>
	<word rank='5'>année</word>
	<word rank='6'>banlieue</word>
	<word rank='7'>gauche</word>
	<word rank='8'>chiffre</word>
	<word rank='9'>effet</word>
	<word rank='10'>méthode</word>
	<word rank='11'>preuve</word>
	<word rank='12'>émeute</word>
	<word rank='13'>officiel</word>
	<word rank='14'>sol</word>
	<word rank='15'>décembre</word>
	<word rank='16'>cité</word>
	<word rank='17'>janvier</word>
	<word rank='18'>maghrébin</word>
	<word rank='19'>judiciaire</word>
  </topic>
  <topic id='34' alpha='0.11020909228115185' totalTokens='956'>
	<word rank='1'>nouveau</word>
	<word rank='2'>idée</word>
	<word rank='3'>faux</word>
	<word rank='4'>ancien</word>
	<word rank='5'>référendum</word>
	<word rank='6'>espoir</word>
	<word rank='7'>rupture</word>
	<word rank='8'>semblant</word>
	<word rank='9'>médias</word>
	<word rank='10'>acte</word>
	<word rank='11'>garde</word>
	<word rank='12'>camp</word>
	<word rank='13'>esprit</word>
	<word rank='14'>défenseur</word>
	<word rank='15'>plan</word>
	<word rank='16'>poisson</word>
	<word rank='17'>déclaration</word>
	<word rank='18'>volontaire</word>
	<word rank='19'>bête</word>
  </topic>
  <topic id='35' alpha='0.33939340419633673' totalTokens='3143'>
	<word rank='1'>français</word>
	<word rank='2'>national</word>
	<word rank='3'>étranger</word>
	<word rank='4'>nationalité</word>
	<word rank='5'>social</word>
	<word rank='6'>droit</word>
	<word rank='7'>an</word>
	<word rank='8'>origine</word>
	<word rank='9'>travail</word>
	<word rank='10'>préférence</word>
	<word rank='11'>discrimination</word>
	<word rank='12'>priorité</word>
	<word rank='13'>religion</word>
	<word rank='14'>emploi</word>
	<word rank='15'>double</word>
	<word rank='16'>logement</word>
	<word rank='17'>volonté</word>
	<word rank='18'>constitution</word>
	<word rank='19'>aide</word>
  </topic>
  <topic id='36' alpha='0.11610692289827955' totalTokens='983'>
	<word rank='1'>maire</word>
	<word rank='2'>indépendance</word>
	<word rank='3'>signature</word>
	<word rank='4'>république</word>
	<word rank='5'>espèce</word>
	<word rank='6'>président</word>
	<word rank='7'>citoyen</word>
	<word rank='8'>civique</word>
	<word rank='9'>article</word>
	<word rank='10'>constitution</word>
	<word rank='11'>déclaration</word>
	<word rank='12'>expérience</word>
	<word rank='13'>congrès</word>
	<word rank='14'>libre</word>
	<word rank='15'>événement</word>
	<word rank='16'>poste</word>
	<word rank='17'>calme</word>
	<word rank='18'>réponse</word>
	<word rank='19'>engagement</word>
  </topic>
  <topic id='37' alpha='0.2216841298347714' totalTokens='1798'>
	<word rank='1'>autorité</word>
	<word rank='2'>insécurité</word>
	<word rank='3'>ordre</word>
	<word rank='4'>violence</word>
	<word rank='5'>société</word>
	<word rank='6'>désordre</word>
	<word rank='7'>drogue</word>
	<word rank='8'>enfant</word>
	<word rank='9'>républicain</word>
	<word rank='10'>quartier</word>
	<word rank='11'>pouvoir</word>
	<word rank='12'>peur</word>
	<word rank='13'>bande</word>
	<word rank='14'>ville</word>
	<word rank='15'>jour</word>
	<word rank='16'>arme</word>
	<word rank='17'>anarchie</word>
	<word rank='18'>agression</word>
	<word rank='19'>laxisme</word>
  </topic>
  <topic id='38' alpha='0.1156630044394473' totalTokens='888'>
	<word rank='1'>impôt</word>
	<word rank='2'>revenu</word>
	<word rank='3'>économie</word>
	<word rank='4'>emploi</word>
	<word rank='5'>prélèvement</word>
	<word rank='6'>français</word>
	<word rank='7'>intérieur</word>
	<word rank='8'>obligatoire</word>
	<word rank='9'>milliard</word>
	<word rank='10'>diagnostic</word>
	<word rank='11'>direct</word>
	<word rank='12'>supplémentaire</word>
	<word rank='13'>contribuable</word>
	<word rank='14'>point</word>
	<word rank='15'>cause</word>
	<word rank='16'>fruit</word>
	<word rank='17'>succession</word>
	<word rank='18'>dieu</word>
	<word rank='19'>compétition</word>
  </topic>
  <topic id='39' alpha='0.20814711211381876' totalTokens='1808'>
	<word rank='1'>marché</word>
	<word rank='2'>économie</word>
	<word rank='3'>financier</word>
	<word rank='4'>groupe</word>
	<word rank='5'>fiscal</word>
	<word rank='6'>grand</word>
	<word rank='7'>intérêt</word>
	<word rank='8'>monopole</word>
	<word rank='9'>massif</word>
	<word rank='10'>esclave</word>
	<word rank='11'>distribution</word>
	<word rank='12'>bénéfice</word>
	<word rank='13'>sacrifice</word>
	<word rank='14'>marge</word>
	<word rank='15'>classe</word>
	<word rank='16'>création</word>
	<word rank='17'>esclavage</word>
	<word rank='18'>producteur</word>
	<word rank='19'>capital</word>
  </topic>
  <topic id='40' alpha='0.4892644111410955' totalTokens='4233'>
	<word rank='1'>gauche</word>
	<word rank='2'>droit</word>
	<word rank='3'>candidat</word>
	<word rank='4'>élection</word>
	<word rank='5'>tour</word>
	<word rank='6'>parti</word>
	<word rank='7'>vote</word>
	<word rank='8'>système</word>
	<word rank='9'>campagne</word>
	<word rank='10'>présidentiel</word>
	<word rank='11'>socialiste</word>
	<word rank='12'>dernier</word>
	<word rank='13'>électeur</word>
	<word rank='14'>homme</word>
	<word rank='15'>idée</word>
	<word rank='16'>politique</word>
	<word rank='17'>position</word>
	<word rank='18'>place</word>
	<word rank='19'>situation</word>
  </topic>
  <topic id='41' alpha='0.3118357390519316' totalTokens='2862'>
	<word rank='1'>européen</word>
	<word rank='2'>constitution</word>
	<word rank='3'>traité</word>
	<word rank='4'>union</word>
	<word rank='5'>nation</word>
	<word rank='6'>libre</word>
	<word rank='7'>référendum</word>
	<word rank='8'>affaire</word>
	<word rank='9'>mai</word>
	<word rank='10'>nouveau</word>
	<word rank='11'>parlement</word>
	<word rank='12'>coopération</word>
	<word rank='13'>commun</word>
	<word rank='14'>unique</word>
	<word rank='15'>texte</word>
	<word rank='16'>adhésion</word>
	<word rank='17'>pouvoir</word>
	<word rank='18'>fédéral</word>
	<word rank='19'>présidence</word>
  </topic>
  <topic id='42' alpha='0.17702888558307955' totalTokens='1609'>
	<word rank='1'>jeune</word>
	<word rank='2'>jeunesse</word>
	<word rank='3'>patriote</word>
	<word rank='4'>moral</word>
	<word rank='5'>famille</word>
	<word rank='6'>cadre</word>
	<word rank='7'>victoire</word>
	<word rank='8'>voix</word>
	<word rank='9'>dieu</word>
	<word rank='10'>fille</word>
	<word rank='11'>sacrifice</word>
	<word rank='12'>victime</word>
	<word rank='13'>vie</word>
	<word rank='14'>patrie</word>
	<word rank='15'>marxiste</word>
	<word rank='16'>familial</word>
	<word rank='17'>crainte</word>
	<word rank='18'>communisme</word>
	<word rank='19'>fonctionnaire</word>
  </topic>
  <topic id='43' alpha='0.13747605093971763' totalTokens='957'>
	<word rank='1'>ami</word>
	<word rank='2'>heure</word>
	<word rank='3'>respect</word>
	<word rank='4'>commune</word>
	<word rank='5'>ligne</word>
	<word rank='6'>thèse</word>
	<word rank='7'>fraternel</word>
	<word rank='8'>vocation</word>
	<word rank='9'>chef</word>
	<word rank='10'>détail</word>
	<word rank='11'>espoir</word>
	<word rank='12'>félon</word>
	<word rank='13'>conception</word>
	<word rank='14'>brillant</word>
	<word rank='15'>gouvernement</word>
	<word rank='16'>âme</word>
	<word rank='17'>proche</word>
	<word rank='18'>circonstance</word>
	<word rank='19'>phénomène</word>
  </topic>
  <topic id='44' alpha='0.19452711902977513' totalTokens='1894'>
	<word rank='1'>travail</word>
	<word rank='2'>formation</word>
	<word rank='3'>professionnel</word>
	<word rank='4'>fondamental</word>
	<word rank='5'>société</word>
	<word rank='6'>social</word>
	<word rank='7'>jeune</word>
	<word rank='8'>véritable</word>
	<word rank='9'>recherche</word>
	<word rank='10'>moral</word>
	<word rank='11'>métier</word>
	<word rank='12'>principe</word>
	<word rank='13'>humain</word>
	<word rank='14'>meilleur</word>
	<word rank='15'>intellectuel</word>
	<word rank='16'>manuel</word>
	<word rank='17'>citoyen</word>
	<word rank='18'>esprit</word>
	<word rank='19'>tau</word>
  </topic>
  <topic id='45' alpha='0.1355616686199708' totalTokens='1128'>
	<word rank='1'>région</word>
	<word rank='2'>régional</word>
	<word rank='3'>liste</word>
	<word rank='4'>élu</word>
	<word rank='5'>européen</word>
	<word rank='6'>paca</word>
	<word rank='7'>gauche</word>
	<word rank='8'>bureau</word>
	<word rank='9'>conseiller</word>
	<word rank='10'>faux</word>
	<word rank='11'>condition</word>
	<word rank='12'>fonctionnaire</word>
	<word rank='13'>exécutif</word>
	<word rank='14'>échelon</word>
	<word rank='15'>séance</word>
	<word rank='16'>voisin</word>
	<word rank='17'>conseil</word>
	<word rank='18'>département</word>
	<word rank='19'>unanimité</word>
  </topic>
  <topic id='46' alpha='0.3884208514302793' totalTokens='3365'>
	<word rank='1'>immigration</word>
	<word rank='2'>pays</word>
	<word rank='3'>an</word>
	<word rank='4'>clandestin</word>
	<word rank='5'>étranger</word>
	<word rank='6'>frontière</word>
	<word rank='7'>situation</word>
	<word rank='8'>droit</word>
	<word rank='9'>légal</word>
	<word rank='10'>intérieur</word>
	<word rank='11'>identité</word>
	<word rank='12'>chiffre</word>
	<word rank='13'>population</word>
	<word rank='14'>illégal</word>
	<word rank='15'>ministre</word>
	<word rank='16'>massif</word>
	<word rank='17'>contrôle</word>
	<word rank='18'>régularisation</word>
	<word rank='19'>millier</word>
  </topic>
  <topic id='47' alpha='0.162045122287998' totalTokens='2034'>
	<word rank='1'>prison</word>
	<word rank='2'>peine</word>
	<word rank='3'>délinquant</word>
	<word rank='4'>justice</word>
	<word rank='5'>criminel</word>
	<word rank='6'>délinquance</word>
	<word rank='7'>policier</word>
	<word rank='8'>place</word>
	<word rank='9'>insécurité</word>
	<word rank='10'>magistrat</word>
	<word rank='11'>victime</word>
	<word rank='12'>police</word>
	<word rank='13'>criminalité</word>
	<word rank='14'>loi</word>
	<word rank='15'>judiciaire</word>
	<word rank='16'>liberté</word>
	<word rank='17'>pénal</word>
	<word rank='18'>magistrature</word>
	<word rank='19'>mineur</word>
  </topic>
  <topic id='48' alpha='0.3257581759459498' totalTokens='2491'>
	<word rank='1'>sécurité</word>
	<word rank='2'>politique</word>
	<word rank='3'>social</word>
	<word rank='4'>défense</word>
	<word rank='5'>action</word>
	<word rank='6'>gouvernement</word>
	<word rank='7'>responsabilité</word>
	<word rank='8'>révolution</word>
	<word rank='9'>économique</word>
	<word rank='10'>menace</word>
	<word rank='11'>peuple</word>
	<word rank='12'>nouveau</word>
	<word rank='13'>permanent</word>
	<word rank='14'>bien</word>
	<word rank='15'>progrès</word>
	<word rank='16'>conséquence</word>
	<word rank='17'>mal</word>
	<word rank='18'>intervention</word>
	<word rank='19'>actuel</word>
  </topic>
  <topic id='49' alpha='0.4190784655319109' totalTokens='2840'>
	<word rank='1'>français</word>
	<word rank='2'>avenir</word>
	<word rank='3'>plan</word>
	<word rank='4'>essentiel</word>
	<word rank='5'>question</word>
	<word rank='6'>national</word>
	<word rank='7'>place</word>
	<word rank='8'>fond</word>
	<word rank='9'>réponse</word>
	<word rank='10'>homme</word>
	<word rank='11'>protection</word>
	<word rank='12'>financier</word>
	<word rank='13'>mesure</word>
	<word rank='14'>nombreux</word>
	<word rank='15'>priorité</word>
	<word rank='16'>responsabilité</word>
	<word rank='17'>marché</word>
	<word rank='18'>concret</word>
	<word rank='19'>important</word>
  </topic>
  <topic id='50' alpha='0.2526834114593879' totalTokens='2126'>
	<word rank='1'>socialiste</word>
	<word rank='2'>parti</word>
	<word rank='3'>ami</word>
	<word rank='4'>opposition</word>
	<word rank='5'>assemblée</word>
	<word rank='6'>pouvoir</word>
	<word rank='7'>élu</word>
	<word rank='8'>volonté</word>
	<word rank='9'>député</word>
	<word rank='10'>manifestation</word>
	<word rank='11'>siège</word>
	<word rank='12'>régime</word>
	<word rank='13'>parlement</word>
	<word rank='14'>scandale</word>
	<word rank='15'>sorte</word>
	<word rank='16'>corruption</word>
	<word rank='17'>divers</word>
	<word rank='18'>dur</word>
	<word rank='19'>dirigeant</word>
  </topic>
  <topic id='51' alpha='0.09134590668842177' totalTokens='1108'>
	<word rank='1'>musulman</word>
	<word rank='2'>banlieue</word>
	<word rank='3'>religieux</word>
	<word rank='4'>mosquée</word>
	<word rank='5'>religion</word>
	<word rank='6'>quartier</word>
	<word rank='7'>islam</word>
	<word rank='8'>radical</word>
	<word rank='9'>territoire</word>
	<word rank='10'>police</word>
	<word rank='11'>fondamentalisme</word>
	<word rank='12'>islamisme</word>
	<word rank='13'>laïcité</word>
	<word rank='14'>ville</word>
	<word rank='15'>prière</word>
	<word rank='16'>policier</word>
	<word rank='17'>imam</word>
	<word rank='18'>voile</word>
	<word rank='19'>jeune</word>
  </topic>
  <topic id='52' alpha='0.19981023307943035' totalTokens='2045'>
	<word rank='1'>entreprise</word>
	<word rank='2'>retraite</word>
	<word rank='3'>an</word>
	<word rank='4'>heure</word>
	<word rank='5'>travail</word>
	<word rank='6'>salarié</word>
	<word rank='7'>emploi</word>
	<word rank='8'>régime</word>
	<word rank='9'>salaire</word>
	<word rank='10'>investissement</word>
	<word rank='11'>grand</word>
	<word rank='12'>privé</word>
	<word rank='13'>fiscal</word>
	<word rank='14'>cotisation</word>
	<word rank='15'>retraité</word>
	<word rank='16'>système</word>
	<word rank='17'>âge</word>
	<word rank='18'>économique</word>
	<word rank='19'>répartition</word>
  </topic>
  <topic id='53' alpha='0.1243997011525043' totalTokens='1153'>
	<word rank='1'>histoire</word>
	<word rank='2'>patrie</word>
	<word rank='3'>mort</word>
	<word rank='4'>esprit</word>
	<word rank='5'>terre</word>
	<word rank='6'>grandeur</word>
	<word rank='7'>siècle</word>
	<word rank='8'>nom</word>
	<word rank='9'>armée</word>
	<word rank='10'>sentiment</word>
	<word rank='11'>personnage</word>
	<word rank='12'>disque</word>
	<word rank='13'>expérience</word>
	<word rank='14'>mémoire</word>
	<word rank='15'>crime</word>
	<word rank='16'>ouest</word>
	<word rank='17'>maritime</word>
	<word rank='18'>passion</word>
	<word rank='19'>musique</word>
  </topic>
  <topic id='54' alpha='0.20494547089052512' totalTokens='1466'>
	<word rank='1'>femme</word>
	<word rank='2'>homme</word>
	<word rank='3'>an</word>
	<word rank='4'>enfant</word>
	<word rank='5'>place</word>
	<word rank='6'>mère</word>
	<word rank='7'>fil</word>
	<word rank='8'>fille</word>
	<word rank='9'>avortement</word>
	<word rank='10'>père</word>
	<word rank='11'>condamnation</word>
	<word rank='12'>point</word>
	<word rank='13'>famille</word>
	<word rank='14'>discipline</word>
	<word rank='15'>abus</word>
	<word rank='16'>décision</word>
	<word rank='17'>statut</word>
	<word rank='18'>journaliste</word>
	<word rank='19'>catégorie</word>
  </topic>
  <topic id='55' alpha='0.5306211237417607' totalTokens='3711'>
	<word rank='1'>droit</word>
	<word rank='2'>loi</word>
	<word rank='3'>seul</word>
	<word rank='4'>territoire</word>
	<word rank='5'>règle</word>
	<word rank='6'>pays</word>
	<word rank='7'>vie</word>
	<word rank='8'>mesure</word>
	<word rank='9'>condition</word>
	<word rank='10'>personne</word>
	<word rank='11'>service</word>
	<word rank='12'>idée</word>
	<word rank='13'>liberté</word>
	<word rank='14'>heure</word>
	<word rank='15'>ensemble</word>
	<word rank='16'>tradition</word>
	<word rank='17'>dérive</word>
	<word rank='18'>accès</word>
	<word rank='19'>lutte</word>
  </topic>
  <topic id='56' alpha='0.11844564977490628' totalTokens='1281'>
	<word rank='1'>publique</word>
	<word rank='2'>affaire</word>
	<word rank='3'>morale</word>
	<word rank='4'>niveau</word>
	<word rank='5'>politique</word>
	<word rank='6'>argent</word>
	<word rank='7'>administration</word>
	<word rank='8'>assemblée</word>
	<word rank='9'>public</word>
	<word rank='10'>transparence</word>
	<word rank='11'>nomination</word>
	<word rank='12'>dossier</word>
	<word rank='13'>gestion</word>
	<word rank='14'>clair</word>
	<word rank='15'>contrôle</word>
	<word rank='16'>principe</word>
	<word rank='17'>caste</word>
	<word rank='18'>compromission</word>
	<word rank='19'>conflit</word>
  </topic>
  <topic id='57' alpha='0.3903825672305449' totalTokens='3453'>
	<word rank='1'>national</word>
	<word rank='2'>pays</word>
	<word rank='3'>effet</word>
	<word rank='4'>mondial</word>
	<word rank='5'>siècle</word>
	<word rank='6'>peuple</word>
	<word rank='7'>prospérité</word>
	<word rank='8'>temps</word>
	<word rank='9'>année</word>
	<word rank='10'>libre</word>
	<word rank='11'>dernier</word>
	<word rank='12'>publique</word>
	<word rank='13'>véritable</word>
	<word rank='14'>politicien</word>
	<word rank='15'>idéologie</word>
	<word rank='16'>population</word>
	<word rank='17'>disparition</word>
	<word rank='18'>masse</word>
	<word rank='19'>société</word>
  </topic>
  <topic id='58' alpha='0.05588689303091914' totalTokens='705'>
	<word rank='1'>énergie</word>
	<word rank='2'>nucléaire</word>
	<word rank='3'>recherche</word>
	<word rank='4'>homme</word>
	<word rank='5'>beau</word>
	<word rank='6'>américain</word>
	<word rank='7'>parité</word>
	<word rank='8'>génie</word>
	<word rank='9'>privé</word>
	<word rank='10'>civil</word>
	<word rank='11'>enfant</word>
	<word rank='12'>propagande</word>
	<word rank='13'>certitude</word>
	<word rank='14'>équipe</word>
	<word rank='15'>sondage</word>
	<word rank='16'>télé</word>
	<word rank='17'>sordide</word>
	<word rank='18'>bénéficiaire</word>
	<word rank='19'>salop</word>
  </topic>
  <topic id='59' alpha='0.4760868606258303' totalTokens='4528'>
	<word rank='1'>national</word>
	<word rank='2'>voix</word>
	<word rank='3'>électeur</word>
	<word rank='4'>élection</word>
	<word rank='5'>électoral</word>
	<word rank='6'>grand</word>
	<word rank='7'>tour</word>
	<word rank='8'>seul</word>
	<word rank='9'>adversaire</word>
	<word rank='10'>communiste</word>
	<word rank='11'>réforme</word>
	<word rank='12'>prochain</word>
	<word rank='13'>programme</word>
	<word rank='14'>million</word>
	<word rank='15'>moyen</word>
	<word rank='16'>scrutin</word>
	<word rank='17'>assemblée</word>
	<word rank='18'>gouvernement</word>
	<word rank='19'>domaine</word>
  </topic>
  <topic id='60' alpha='0.17606918883647205' totalTokens='1687'>
	<word rank='1'>affaire</word>
	<word rank='2'>homme</word>
	<word rank='3'>ministre</word>
	<word rank='4'>justice</word>
	<word rank='5'>nom</word>
	<word rank='6'>responsabilité</word>
	<word rank='7'>juge</word>
	<word rank='8'>avocat</word>
	<word rank='9'>citoyen</word>
	<word rank='10'>violence</word>
	<word rank='11'>injustice</word>
	<word rank='12'>procès</word>
	<word rank='13'>syndicat</word>
	<word rank='14'>lutte</word>
	<word rank='15'>niveau</word>
	<word rank='16'>grave</word>
	<word rank='17'>faible</word>
	<word rank='18'>mise</word>
	<word rank='19'>partiel</word>
  </topic>
  <topic id='61' alpha='0.4122022069681485' totalTokens='3008'>
	<word rank='1'>publique</word>
	<word rank='2'>public</word>
	<word rank='3'>service</word>
	<word rank='4'>fonction</word>
	<word rank='5'>condition</word>
	<word rank='6'>mission</word>
	<word rank='7'>moyen</word>
	<word rank='8'>nécessaire</word>
	<word rank='9'>vie</word>
	<word rank='10'>principal</word>
	<word rank='11'>équilibre</word>
	<word rank='12'>réforme</word>
	<word rank='13'>volonté</word>
	<word rank='14'>corps</word>
	<word rank='15'>extérieur</word>
	<word rank='16'>suppression</word>
	<word rank='17'>indispensable</word>
	<word rank='18'>mode</word>
	<word rank='19'>profession</word>
  </topic>
  <topic id='62' alpha='0.24829180433843584' totalTokens='1855'>
	<word rank='1'>français</word>
	<word rank='2'>démocratie</word>
	<word rank='3'>extrême</word>
	<word rank='4'>vrai</word>
	<word rank='5'>journaliste</word>
	<word rank='6'>peuple</word>
	<word rank='7'>presse</word>
	<word rank='8'>journal</word>
	<word rank='9'>populaire</word>
	<word rank='10'>décision</word>
	<word rank='11'>initiative</word>
	<word rank='12'>droit</word>
	<word rank='13'>coup</word>
	<word rank='14'>démocratique</word>
	<word rank='15'>télévision</word>
	<word rank='16'>bilan</word>
	<word rank='17'>médias</word>
	<word rank='18'>meeting</word>
	<word rank='19'>exception</word>
  </topic>
  <topic id='63' alpha='0.16633967460822904' totalTokens='1224'>
	<word rank='1'>gauche</word>
	<word rank='2'>droit</word>
	<word rank='3'>homme</word>
	<word rank='4'>travailleur</word>
	<word rank='5'>salaire</word>
	<word rank='6'>manuel</word>
	<word rank='7'>chance</word>
	<word rank='8'>cause</word>
	<word rank='9'>bombe</word>
	<word rank='10'>politicien</word>
	<word rank='11'>nord</word>
	<word rank='12'>raciste</word>
	<word rank='13'>pêche</word>
	<word rank='14'>gâteau</word>
	<word rank='15'>vente</word>
	<word rank='16'>extrémiste</word>
	<word rank='17'>atomique</word>
	<word rank='18'>commencement</word>
	<word rank='19'>combattant</word>
  </topic>
  <topic id='64' alpha='0.17136264303602397' totalTokens='1679'>
	<word rank='1'>école</word>
	<word rank='2'>enfant</word>
	<word rank='3'>éducation</word>
	<word rank='4'>élève</word>
	<word rank='5'>autorité</word>
	<word rank='6'>maître</word>
	<word rank='7'>parent</word>
	<word rank='8'>scolaire</word>
	<word rank='9'>classe</word>
	<word rank='10'>enseignant</word>
	<word rank='11'>enseignement</word>
	<word rank='12'>savoir</word>
	<word rank='13'>famille</word>
	<word rank='14'>respect</word>
	<word rank='15'>filière</word>
	<word rank='16'>égalité</word>
	<word rank='17'>professeur</word>
	<word rank='18'>apprentissage</word>
	<word rank='19'>supérieur</word>
  </topic>
  <topic id='65' alpha='0.05772960604923158' totalTokens='589'>
	<word rank='1'>administration</word>
	<word rank='2'>national</word>
	<word rank='3'>fiscal</word>
	<word rank='4'>préfet</word>
	<word rank='5'>fonctionnaire</word>
	<word rank='6'>erreur</word>
	<word rank='7'>rue</word>
	<word rank='8'>voile</word>
	<word rank='9'>noble</word>
	<word rank='10'>ordre</word>
	<word rank='11'>bail</word>
	<word rank='12'>document</word>
	<word rank='13'>hiérarchie</word>
	<word rank='14'>dossier</word>
	<word rank='15'>port</word>
	<word rank='16'>civil</word>
	<word rank='17'>intention</word>
	<word rank='18'>titre</word>
	<word rank='19'>nom</word>
  </topic>
  <topic id='66' alpha='0.3851948811163372' totalTokens='2691'>
	<word rank='1'>président</word>
	<word rank='2'>république</word>
	<word rank='3'>ministre</word>
	<word rank='4'>pouvoir</word>
	<word rank='5'>politique</word>
	<word rank='6'>chef</word>
	<word rank='7'>fonction</word>
	<word rank='8'>opinion</word>
	<word rank='9'>mandat</word>
	<word rank='10'>compte</word>
	<word rank='11'>constitutionnel</word>
	<word rank='12'>médiatique</word>
	<word rank='13'>exercice</word>
	<word rank='14'>jour</word>
	<word rank='15'>constitution</word>
	<word rank='16'>journal</word>
	<word rank='17'>supérieur</word>
	<word rank='18'>efficacité</word>
	<word rank='19'>mensonge</word>
  </topic>
  <topic id='67' alpha='0.10441391634072439' totalTokens='997'>
	<word rank='1'>mariage</word>
	<word rank='2'>homosexuel</word>
	<word rank='3'>débat</word>
	<word rank='4'>question</word>
	<word rank='5'>année</word>
	<word rank='6'>patriote</word>
	<word rank='7'>projet</word>
	<word rank='8'>austérité</word>
	<word rank='9'>internet</word>
	<word rank='10'>faux</word>
	<word rank='11'>municipal</word>
	<word rank='12'>information</word>
	<word rank='13'>idée</word>
	<word rank='14'>impôt</word>
	<word rank='15'>promesse</word>
	<word rank='16'>sincère</word>
	<word rank='17'>niveau</word>
	<word rank='18'>piège</word>
	<word rank='19'>ambition</word>
  </topic>
  <topic id='68' alpha='0.11604894322516844' totalTokens='1108'>
	<word rank='1'>travail</word>
	<word rank='2'>travailleur</word>
	<word rank='3'>emploi</word>
	<word rank='4'>mai</word>
	<word rank='5'>fête</word>
	<word rank='6'>massif</word>
	<word rank='7'>chômeur</word>
	<word rank='8'>temps</word>
	<word rank='9'>richesse</word>
	<word rank='10'>patrie</word>
	<word rank='11'>charge</word>
	<word rank='12'>commerçant</word>
	<word rank='13'>différence</word>
	<word rank='14'>humble</word>
	<word rank='15'>dignité</word>
	<word rank='16'>artisan</word>
	<word rank='17'>contrôle</word>
	<word rank='18'>jeu</word>
	<word rank='19'>apprenti</word>
  </topic>
  <topic id='69' alpha='0.18662580442133306' totalTokens='1690'>
	<word rank='1'>système</word>
	<word rank='2'>vérité</word>
	<word rank='3'>moyen</word>
	<word rank='4'>mensonge</word>
	<word rank='5'>jeune</word>
	<word rank='6'>fin</word>
	<word rank='7'>entier</word>
	<word rank='8'>classe</word>
	<word rank='9'>unique</word>
	<word rank='10'>promesse</word>
	<word rank='11'>chose</word>
	<word rank='12'>terrible</word>
	<word rank='13'>instrument</word>
	<word rank='14'>rôle</word>
	<word rank='15'>permanent</word>
	<word rank='16'>contrat</word>
	<word rank='17'>discours</word>
	<word rank='18'>injustice</word>
	<word rank='19'>pire</word>
  </topic>
  <topic id='70' alpha='0.2677024995340546' totalTokens='2083'>
	<word rank='1'>social</word>
	<word rank='2'>chômage</word>
	<word rank='3'>travail</word>
	<word rank='4'>syndicat</word>
	<word rank='5'>solidarité</word>
	<word rank='6'>économique</word>
	<word rank='7'>effort</word>
	<word rank='8'>ouvrier</word>
	<word rank='9'>dirigeant</word>
	<word rank='10'>délocalisation</word>
	<word rank='11'>société</word>
	<word rank='12'>monde</word>
	<word rank='13'>patriotique</word>
	<word rank='14'>pauvre</word>
	<word rank='15'>syndical</word>
	<word rank='16'>patron</word>
	<word rank='17'>capitalisme</word>
	<word rank='18'>génération</word>
	<word rank='19'>pauvreté</word>
  </topic>
  <topic id='71' alpha='0.04631663902776478' totalTokens='669'>
	<word rank='1'>peur</word>
	<word rank='2'>fondamentaliste</word>
	<word rank='3'>victime</word>
	<word rank='4'>islamiste</word>
	<word rank='5'>hypothèse</word>
	<word rank='6'>rebelle</word>
	<word rank='7'>islamique</word>
	<word rank='8'>arme</word>
	<word rank='9'>responsable</word>
	<word rank='10'>faute</word>
	<word rank='11'>otage</word>
	<word rank='12'>instruction</word>
	<word rank='13'>mort</word>
	<word rank='14'>t</word>
	<word rank='15'>acte</word>
	<word rank='16'>individuel</word>
	<word rank='17'>épouvantable</word>
	<word rank='18'>image</word>
	<word rank='19'>soutien</word>
  </topic>
  <topic id='72' alpha='0.10820634602314222' totalTokens='845'>
	<word rank='1'>crise</word>
	<word rank='2'>économique</word>
	<word rank='3'>emploi</word>
	<word rank='4'>plan</word>
	<word rank='5'>fermeture</word>
	<word rank='6'>dirigeant</word>
	<word rank='7'>méthode</word>
	<word rank='8'>dizaine</word>
	<word rank='9'>profond</word>
	<word rank='10'>colère</word>
	<word rank='11'>construction</word>
	<word rank='12'>bancaire</word>
	<word rank='13'>croissance</word>
	<word rank='14'>règlement</word>
	<word rank='15'>artificiel</word>
	<word rank='16'>poison</word>
	<word rank='17'>dramatique</word>
	<word rank='18'>merci</word>
	<word rank='19'>réponse</word>
  </topic>
  <topic id='73' alpha='0.3096724093097165' totalTokens='2256'>
	<word rank='1'>million</word>
	<word rank='2'>homme</word>
	<word rank='3'>grand</word>
	<word rank='4'>politique</word>
	<word rank='5'>demi</word>
	<word rank='6'>prix</word>
	<word rank='7'>moral</word>
	<word rank='8'>pauvre</word>
	<word rank='9'>pire</word>
	<word rank='10'>habitant</word>
	<word rank='11'>milliard</word>
	<word rank='12'>maladie</word>
	<word rank='13'>condition</word>
	<word rank='14'>nord</word>
	<word rank='15'>besoin</word>
	<word rank='16'>moitié</word>
	<word rank='17'>mauvais</word>
	<word rank='18'>commerce</word>
	<word rank='19'>fin</word>
  </topic>
  <topic id='74' alpha='0.4021854891510586' totalTokens='3146'>
	<word rank='1'>pays</word>
	<word rank='2'>peuple</word>
	<word rank='3'>seul</word>
	<word rank='4'>avenir</word>
	<word rank='5'>grand</word>
	<word rank='6'>courage</word>
	<word rank='7'>redressement</word>
	<word rank='8'>confiance</word>
	<word rank='9'>histoire</word>
	<word rank='10'>engagement</word>
	<word rank='11'>objectif</word>
	<word rank='12'>action</word>
	<word rank='13'>merci</word>
	<word rank='14'>ancien</word>
	<word rank='15'>cap</word>
	<word rank='16'>grâce</word>
	<word rank='17'>respect</word>
	<word rank='18'>nouveau</word>
	<word rank='19'>puissance</word>
  </topic>
  <topic id='75' alpha='0.15491303144614446' totalTokens='1137'>
	<word rank='1'>chef</word>
	<word rank='2'>manifestation</word>
	<word rank='3'>risque</word>
	<word rank='4'>santé</word>
	<word rank='5'>affaire</word>
	<word rank='6'>appel</word>
	<word rank='7'>membre</word>
	<word rank='8'>rue</word>
	<word rank='9'>événement</word>
	<word rank='10'>troupe</word>
	<word rank='11'>information</word>
	<word rank='12'>terrain</word>
	<word rank='13'>rang</word>
	<word rank='14'>nom</word>
	<word rank='15'>bâtiment</word>
	<word rank='16'>allemand</word>
	<word rank='17'>disposition</word>
	<word rank='18'>vœu</word>
	<word rank='19'>utilité</word>
  </topic>
  <topic id='76' alpha='0.09046828123192092' totalTokens='1803'>
	<word rank='1'>paysan</word>
	<word rank='2'>agriculture</word>
	<word rank='3'>agricole</word>
	<word rank='4'>agriculteur</word>
	<word rank='5'>européen</word>
	<word rank='6'>rural</word>
	<word rank='7'>terre</word>
	<word rank='8'>planétaire</word>
	<word rank='9'>jeune</word>
	<word rank='10'>mur</word>
	<word rank='11'>monde</word>
	<word rank='12'>mesure</word>
	<word rank='13'>sud</word>
	<word rank='14'>intervention</word>
	<word rank='15'>alimentaire</word>
	<word rank='16'>matin</word>
	<word rank='17'>secteur</word>
	<word rank='18'>quota</word>
	<word rank='19'>laitier</word>
  </topic>
  <topic id='77' alpha='0.5576763372168211' totalTokens='4005'>
	<word rank='1'>pays</word>
	<word rank='2'>débat</word>
	<word rank='3'>grand</word>
	<word rank='4'>président</word>
	<word rank='5'>vrai</word>
	<word rank='6'>petit</word>
	<word rank='7'>sondage</word>
	<word rank='8'>opinion</word>
	<word rank='9'>question</word>
	<word rank='10'>droit</word>
	<word rank='11'>général</word>
	<word rank='12'>liberté</word>
	<word rank='13'>rôle</word>
	<word rank='14'>position</word>
	<word rank='15'>occasion</word>
	<word rank='16'>électoral</word>
	<word rank='17'>pensée</word>
	<word rank='18'>propos</word>
	<word rank='19'>presse</word>
  </topic>
  <topic id='78' alpha='0.6133090742670433' totalTokens='4636'>
	<word rank='1'>politique</word>
	<word rank='2'>français</word>
	<word rank='3'>pouvoir</word>
	<word rank='4'>intérêt</word>
	<word rank='5'>gouvernement</word>
	<word rank='6'>monde</word>
	<word rank='7'>foi</word>
	<word rank='8'>simple</word>
	<word rank='9'>responsable</word>
	<word rank='10'>choix</word>
	<word rank='11'>classe</word>
	<word rank='12'>objectif</word>
	<word rank='13'>école</word>
	<word rank='14'>bien</word>
	<word rank='15'>décision</word>
	<word rank='16'>discours</word>
	<word rank='17'>courage</word>
	<word rank='18'>international</word>
	<word rank='19'>accord</word>
  </topic>
  <topic id='79' alpha='0.07932141618550634' totalTokens='973'>
	<word rank='1'>nature</word>
	<word rank='2'>environnement</word>
	<word rank='3'>humain</word>
	<word rank='4'>rural</word>
	<word rank='5'>respect</word>
	<word rank='6'>activité</word>
	<word rank='7'>transport</word>
	<word rank='8'>écologie</word>
	<word rank='9'>territoire</word>
	<word rank='10'>santé</word>
	<word rank='11'>animal</word>
	<word rank='12'>millier</word>
	<word rank='13'>taxe</word>
	<word rank='14'>écologique</word>
	<word rank='15'>développement</word>
	<word rank='16'>médecin</word>
	<word rank='17'>traditionnel</word>
	<word rank='18'>harmonie</word>
	<word rank='19'>paysage</word>
  </topic>
</topicModel>
