,Europe,France,author,avenir,caste,chef,civilisastion,classe,classe moyenne,communauté,culture,date,devoir,droit,délinquance,démocracie,etat,euro,famille,filename,finance,fraternité,genre,identité,immigration,immigré,intérêt,islam,islamisme,islamiste,laïcité,liberté,migratoire,millénaire,mondialisation,morale,mot,musulman,nation,nationalisation,nationalite,parole,patriote,patriotique,patriotisme,patronat,peuple,politique,priorité,protection,préférence,religieux,républicain,souveraineté,syndicats,systeme,total words,travail,type,vote,égalité,élites,éternel,étranger
0,0.0,0.011060507482108002,JMLP,0.0,0.0,0.0013012361743656475,0.0,0.0,0.0,0.0,0.0,2012-05-01 00:00:00,0.0006506180871828237,0.0,0.0,0.0,0.0,0.0,0.0,JMLP-CLean-Txt/JMLP discours CLEAN .txt/JMLP20120501.txt,0.0,0.0,0.0,0.0006506180871828237,0.0,0.0,0.0,0.0,0.0,0.0,0.0,0.0,0.0,0.0,0.0,0.0,0.0,0.0,0.0013012361743656475,0.0,0.0,0.0,0.0,0.0,0.0006506180871828237,0.0,0.0013012361743656475,0.0013012361743656475,0.0,0.0,0.0,0.0,0.0,0.0006506180871828237,0.0,0.0,1537,0.0,discours,0.0,0.0,0.0,0.0,0.0006506180871828237
1,0.0,0.005745987715474539,JMLP,0.0,0.0,0.0,0.0,0.00019813750743015652,0.0,0.00019813750743015652,0.0,2007-03-03 00:00:00,0.0,0.0035664751337428175,0.0,0.0,0.0,0.00019813750743015652,0.00019813750743015652,JMLP-CLean-Txt/JMLP discours CLEAN .txt/JMLP20070303.txt,0.0,0.0,0.0,0.00039627501486031304,0.0005944125222904696,0.0,0.0,0.0,0.0,0.0,0.0,0.0,0.00039627501486031304,0.0,0.0,0.0,0.0,0.0,0.0,0.0,0.0,0.0,0.0,0.0,0.0,0.0,0.00019813750743015652,0.002179512581731722,0.00019813750743015652,0.0,0.0009906875371507827,0.0,0.00039627501486031304,0.00019813750743015652,0.0,0.0,5047,0.0005944125222904696,discours,0.0005944125222904696,0.0,0.0,0.0,0.0005944125222904696
2,0.0,0.0,JMLP,0.0035587188612099642,0.0,0.0,0.0,0.0,0.0,0.0,0.0,2007-01-04 00:00:00,0.0,0.0,0.0,0.0,0.0,0.0,0.0,JMLP-CLean-Txt/JMLP discours CLEAN .txt/JMLP20070104.txt,0.0,0.0,0.0,0.0,0.0,0.0,0.0,0.0,0.0,0.0,0.0,0.0035587188612099642,0.0,0.0,0.0,0.0,0.0,0.0,0.0,0.0,0.0,0.0,0.0,0.0,0.0,0.0,0.0035587188612099642,0.0,0.0,0.0,0.0,0.0,0.0,0.0,0.0,0.0,281,0.0035587188612099642,discours,0.0,0.0,0.0,0.0,0.0
3,0.0,0.0008613264427217916,JMLP,0.0,0.0,0.0,0.0,0.0002153316106804479,0.0,0.0,0.0,2006-11-05 00:00:00,0.0,0.0012919896640826874,0.0017226528854435831,0.0,0.0,0.0,0.0002153316106804479,JMLP-CLean-Txt/JMLP discours CLEAN .txt/JMLP20061105.txt,0.0,0.0,0.0,0.0,0.0,0.0002153316106804479,0.0,0.0,0.0,0.0,0.0,0.0012919896640826874,0.0,0.0,0.0,0.0004306632213608958,0.0002153316106804479,0.0,0.0004306632213608958,0.0,0.0,0.0,0.0,0.0002153316106804479,0.0,0.0,0.0004306632213608958,0.001937984496124031,0.0002153316106804479,0.0002153316106804479,0.0,0.0,0.0,0.0002153316106804479,0.0004306632213608958,0.0,4644,0.0006459948320413437,discours,0.0,0.0,0.0,0.0,0.0
4,0.0,0.002963841138114997,JMLP,0.0005927682276229994,0.0,0.0,0.0,0.0,0.0,0.0,0.0,2007-03-06 00:00:00,0.0,0.0,0.0,0.0,0.0,0.0005927682276229994,0.0011855364552459987,JMLP-CLean-Txt/JMLP discours CLEAN .txt/JMLP20070306.txt,0.0,0.0,0.0,0.0,0.0,0.0,0.0,0.0,0.0,0.0,0.0,0.0,0.0,0.0,0.0,0.0,0.0,0.0,0.0,0.0,0.0,0.0,0.0,0.0,0.0,0.0,0.0,0.002963841138114997,0.0,0.0005927682276229994,0.0011855364552459987,0.0,0.0,0.0,0.0,0.0,1687,0.0,discours,0.0,0.0005927682276229994,0.0,0.0,0.0
5,0.0,0.010380622837370242,JMLP,0.0034602076124567475,0.0,0.0,0.0,0.0034602076124567475,0.0,0.0,0.0,2007-04-06 00:00:00,0.0,0.0,0.0,0.0,0.0,0.0,0.0,JMLP-CLean-Txt/JMLP discours CLEAN .txt/JMLP20070406.txt,0.0,0.0,0.0,0.0,0.0,0.0,0.0,0.0,0.0,0.0,0.0,0.0034602076124567475,0.0,0.0,0.0,0.0,0.006920415224913495,0.0,0.0,0.0,0.0,0.0,0.0,0.0,0.0,0.0,0.0,0.0034602076124567475,0.0,0.0,0.0034602076124567475,0.0,0.0,0.0,0.0,0.0,289,0.0034602076124567475,discours,0.0,0.0,0.0,0.0,0.0
6,0.0,0.0023823704586063135,JMLP,0.0,0.0,0.0,0.0,0.0,0.0,0.0002977963073257892,0.0,2006-10-08 00:00:00,0.0002977963073257892,0.0011911852293031567,0.0,0.0,0.0,0.0,0.0,JMLP-CLean-Txt/JMLP discours CLEAN .txt/JMLP20061008.txt,0.0002977963073257892,0.0005955926146515784,0.0,0.0,0.0,0.0,0.0,0.0,0.0,0.0,0.0,0.0011911852293031567,0.0002977963073257892,0.0,0.0,0.0,0.0,0.0,0.0005955926146515784,0.0,0.0,0.0,0.0,0.0002977963073257892,0.0,0.0,0.0002977963073257892,0.002084574151280524,0.0002977963073257892,0.0,0.0,0.0,0.0,0.0,0.0,0.0,3358,0.004466944609886838,discours,0.0,0.0,0.0002977963073257892,0.0,0.0
7,0.0007727975270479134,0.00927357032457496,JMLP,0.0015455950540958269,0.0,0.0007727975270479134,0.0,0.0,0.0,0.0,0.0,2012-01-09 00:00:00,0.0,0.0,0.0,0.0,0.0,0.0,0.0015455950540958269,JMLP-CLean-Txt/JMLP discours CLEAN .txt/JMLP20120109.txt,0.0,0.0,0.0,0.0,0.0015455950540958269,0.0,0.0,0.0,0.0,0.0,0.0,0.0,0.0,0.0007727975270479134,0.0,0.0,0.0,0.0,0.00231839258114374,0.0,0.0,0.0,0.0,0.0,0.0007727975270479134,0.0,0.0,0.0007727975270479134,0.0007727975270479134,0.0,0.0,0.0,0.0,0.0,0.0,0.0,1294,0.0,discours,0.0,0.0,0.0,0.0,0.0
8,0.0004405286343612335,0.0030837004405286344,JMLP,0.0,0.0,0.0,0.0,0.00022026431718061675,0.0,0.00022026431718061675,0.0,2007-02-11 00:00:00,0.0,0.0006607929515418502,0.00022026431718061675,0.0,0.0,0.0,0.0004405286343612335,JMLP-CLean-Txt/JMLP discours CLEAN .txt/JMLP20070211.txt,0.0,0.0,0.0,0.0,0.0,0.0,0.0,0.0,0.0,0.0,0.0,0.000881057268722467,0.0,0.0,0.0,0.00022026431718061675,0.00022026431718061675,0.0,0.0004405286343612335,0.0,0.0,0.0,0.0,0.0,0.0,0.0,0.0006607929515418502,0.0026431718061674008,0.0,0.0006607929515418502,0.0,0.0,0.0,0.0,0.0,0.0,4540,0.0011013215859030838,discours,0.00022026431718061675,0.0,0.0,0.0,0.0
9,0.00014988009592326138,0.002997601918465228,JMLP,0.0,0.0,0.0,0.0,0.0004496402877697842,0.0,0.00029976019184652276,0.0005995203836930455,2007-03-11 00:00:00,0.0008992805755395684,0.0013489208633093526,0.0,0.0,0.0,0.0,0.0019484412470023981,JMLP-CLean-Txt/JMLP discours CLEAN .txt/JMLP20070311.txt,0.0,0.00029976019184652276,0.0,0.00029976019184652276,0.00014988009592326138,0.0,0.0,0.0,0.0,0.0,0.00014988009592326138,0.0022482014388489208,0.0,0.0,0.0,0.0010491606714628297,0.0004496402877697842,0.0,0.0020983213429256594,0.0,0.0,0.0,0.0,0.00014988009592326138,0.00029976019184652276,0.0,0.0016486810551558752,0.001199040767386091,0.00029976019184652276,0.0004496402877697842,0.00014988009592326138,0.0,0.0,0.00029976019184652276,0.00029976019184652276,0.0,6672,0.002547961630695444,discours,0.0,0.0,0.0,0.00014988009592326138,0.0
10,0.0004165364990107258,0.004686035613870665,JMLP,0.0002082682495053629,0.0,0.0,0.0,0.0005206706237634072,0.0,0.0002082682495053629,0.00031240237425804435,2006-11-12 00:00:00,0.0004165364990107258,0.0005206706237634072,0.0002082682495053629,0.0,0.0,0.00010413412475268145,0.0004165364990107258,JMLP-CLean-Txt/JMLP discours CLEAN .txt/JMLP20061112.txt,0.00010413412475268145,0.0009372071227741331,0.0,0.00010413412475268145,0.0005206706237634072,0.0,0.0002082682495053629,0.0,0.0,0.0,0.0005206706237634072,0.0029157554930750807,0.00010413412475268145,0.00010413412475268145,0.0008330729980214516,0.0004165364990107258,0.00031240237425804435,0.00010413412475268145,0.001353743621784859,0.0,0.0,0.0,0.0002082682495053629,0.0002082682495053629,0.0,0.0,0.0035405602415911693,0.003644694366343851,0.00010413412475268145,0.0004165364990107258,0.00010413412475268145,0.0,0.0,0.0004165364990107258,0.0004165364990107258,0.0,9603,0.002290950744558992,discours,0.00010413412475268145,0.00010413412475268145,0.00010413412475268145,0.0,0.0
11,0.00012211503236048357,0.005250946391500794,JMLP,0.0004884601294419343,0.0,0.00036634509708145075,0.0,0.0010990352912443521,0.0,0.0,0.00012211503236048357,2007-04-15 00:00:00,0.00036634509708145075,0.000854805226523385,0.0006105751618024178,0.0,0.0,0.00012211503236048357,0.0,JMLP-CLean-Txt/JMLP discours CLEAN .txt/JMLP20070415.txt,0.00024423006472096715,0.0,0.0,0.00012211503236048357,0.00024423006472096715,0.0,0.00012211503236048357,0.0,0.0,0.0,0.0,0.0004884601294419343,0.00024423006472096715,0.0,0.0,0.00024423006472096715,0.0,0.0,0.001465380388325803,0.0,0.0,0.0,0.0,0.00012211503236048357,0.00024423006472096715,0.00012211503236048357,0.001953840517767737,0.0026865307119306385,0.0,0.00024423006472096715,0.00024423006472096715,0.0,0.0,0.00024423006472096715,0.00024423006472096715,0.0,8189,0.0009769202588838686,discours,0.0006105751618024178,0.00012211503236048357,0.0,0.0,0.00012211503236048357
12,0.0,0.004741833508956797,JMLP,0.0,0.0,0.0,0.0,0.0005268703898840885,0.0,0.0,0.0,2007-04-17 00:00:00,0.0,0.0005268703898840885,0.0,0.0,0.0,0.0005268703898840885,0.0,JMLP-CLean-Txt/JMLP discours CLEAN .txt/JMLP20070417.txt,0.0,0.0,0.0,0.0,0.0,0.0,0.0,0.0,0.0,0.0,0.0,0.0,0.0,0.0,0.0,0.0005268703898840885,0.0005268703898840885,0.0,0.0,0.0,0.0,0.0005268703898840885,0.0,0.001053740779768177,0.0,0.0,0.001053740779768177,0.0026343519494204425,0.0,0.0015806111696522655,0.001053740779768177,0.0,0.0,0.0,0.0,0.0,1898,0.0015806111696522655,discours,0.0,0.0,0.0,0.0,0.0
13,0.00018910741301059002,0.006051437216338881,JMLP,0.00037821482602118004,0.0,0.00037821482602118004,0.0,0.0,0.0,0.00018910741301059002,0.00018910741301059002,2007-04-19 00:00:00,0.00037821482602118004,0.00018910741301059002,0.00018910741301059002,0.0,0.0,0.0,0.0005673222390317701,JMLP-CLean-Txt/JMLP discours CLEAN .txt/JMLP20070419.txt,0.0,0.00037821482602118004,0.0,0.0,0.0,0.0,0.0,0.0,0.0,0.0,0.00018910741301059002,0.00037821482602118004,0.00018910741301059002,0.0,0.0005673222390317701,0.0,0.00018910741301059002,0.0,0.0018910741301059002,0.0,0.0,0.0,0.0,0.00037821482602118004,0.00018910741301059002,0.0,0.00264750378214826,0.0022692889561270802,0.00018910741301059002,0.0,0.0,0.0,0.00037821482602118004,0.0,0.0005673222390317701,0.0,5288,0.0005673222390317701,discours,0.00037821482602118004,0.0,0.0,0.00018910741301059002,0.0
14,0.0,0.0012033694344163659,JMLP,0.0,0.0,0.0006016847172081829,0.0,0.0,0.0,0.0,0.0,2006-11-19 00:00:00,0.0,0.0006016847172081829,0.0,0.0,0.0,0.0,0.0,JMLP-CLean-Txt/JMLP discours CLEAN .txt/JMLP20061119.txt,0.0,0.0012033694344163659,0.0,0.0,0.0,0.0,0.0,0.0,0.0,0.0,0.0012033694344163659,0.0006016847172081829,0.0,0.0,0.0006016847172081829,0.0,0.0,0.0,0.0006016847172081829,0.0,0.0,0.0,0.0,0.0,0.0,0.0,0.0,0.0018050541516245488,0.0,0.0,0.0006016847172081829,0.0,0.0,0.0,0.0012033694344163659,0.0,1662,0.0,discours,0.0,0.0006016847172081829,0.0,0.0,0.0
15,0.0,0.0025519504192489974,JMLP,0.0,0.0,0.0,0.0,0.0,0.0,0.0,0.0,2007-02-20 00:00:00,0.0,0.0018228217280349982,0.0,0.0,0.0,0.0,0.001093693036820999,JMLP-CLean-Txt/JMLP discours CLEAN .txt/JMLP20070220.txt,0.0,0.0,0.0,0.0,0.0,0.0,0.0,0.0,0.0,0.0,0.0,0.0,0.0,0.0,0.0,0.0,0.0,0.0,0.0,0.0,0.0,0.0003645643456069996,0.0,0.0,0.0,0.0,0.0,0.0018228217280349982,0.0003645643456069996,0.0,0.0007291286912139992,0.0,0.0003645643456069996,0.0003645643456069996,0.0,0.0,2743,0.0,discours,0.0,0.0,0.0,0.0,0.0
16,0.0,0.0045297095656807885,JMLP,0.0,0.0,0.0,0.0,0.0,0.0,0.0,0.0,2006-09-20 00:00:00,0.0,0.0010658140154543032,0.0,0.0,0.0,0.0,0.0,JMLP-CLean-Txt/JMLP discours CLEAN .txt/JMLP20060920.txt,0.0,0.0002664535038635758,0.0,0.0,0.0,0.0,0.0,0.0,0.0,0.0,0.0,0.0005329070077271516,0.0,0.0,0.0002664535038635758,0.0,0.0005329070077271516,0.0,0.001332267519317879,0.0,0.0,0.0,0.0005329070077271516,0.0,0.0,0.0,0.004796163069544364,0.0018651745270450307,0.0,0.0,0.0,0.0,0.0007993605115907274,0.0,0.0,0.0,3753,0.0007993605115907274,discours,0.0007993605115907274,0.0,0.0007993605115907274,0.0,0.0
17,0.0,0.003826787512588117,JMLP,0.0,0.0,0.0,0.0,0.0002014098690835851,0.0,0.0,0.0,2009-09-20 00:00:00,0.0,0.0006042296072507553,0.0,0.0,0.0,0.0,0.0006042296072507553,JMLP-CLean-Txt/JMLP discours CLEAN .txt/JMLP20090920.txt,0.0002014098690835851,0.0,0.0,0.0,0.0004028197381671702,0.0,0.0,0.0,0.0,0.0,0.0002014098690835851,0.0004028197381671702,0.0002014098690835851,0.0,0.0,0.0002014098690835851,0.0002014098690835851,0.0,0.0,0.0,0.0,0.0,0.0,0.0002014098690835851,0.0,0.0,0.0002014098690835851,0.0010070493454179255,0.0,0.0,0.0,0.0,0.0,0.0,0.0004028197381671702,0.0,4965,0.0008056394763343404,discours,0.0006042296072507553,0.0,0.0002014098690835851,0.0,0.0
18,0.0,0.0035451322607035723,JMLP,0.0002727024815925825,0.0,0.0002727024815925825,0.0,0.0,0.0,0.0,0.0,2007-01-21 00:00:00,0.0002727024815925825,0.001636214889555495,0.0002727024815925825,0.0,0.0,0.0,0.004908644668666485,JMLP-CLean-Txt/JMLP discours CLEAN .txt/JMLP20070121.txt,0.0,0.0,0.0,0.0,0.0002727024815925825,0.0,0.0,0.0,0.0,0.0,0.0,0.0,0.0002727024815925825,0.0,0.0,0.0008181074447777475,0.0,0.0,0.0008181074447777475,0.0,0.0,0.0,0.0,0.0002727024815925825,0.0,0.0,0.001636214889555495,0.004090537223888737,0.0,0.00109080992637033,0.0013635124079629125,0.0,0.0,0.0,0.0,0.0,3667,0.000545404963185165,discours,0.0,0.0,0.0,0.0,0.0008181074447777475
19,0.0,0.0029069767441860465,JMLP,0.0,0.0,0.0,0.0,0.0,0.0,0.0,0.0,2007-04-22 00:00:00,0.0,0.0,0.0,0.0,0.0,0.0,0.0,JMLP-CLean-Txt/JMLP discours CLEAN .txt/JMLP20070422.txt,0.0,0.0,0.0,0.0,0.0,0.0,0.0,0.0,0.0,0.0,0.0,0.0,0.0,0.0,0.0,0.0,0.0029069767441860465,0.0,0.0029069767441860465,0.0,0.0,0.0,0.0,0.0,0.005813953488372093,0.0,0.0,0.0029069767441860465,0.0,0.0,0.0,0.0,0.0,0.0,0.0,0.0,344,0.0,discours,0.0,0.0,0.0,0.0029069767441860465,0.0
20,0.001869158878504673,0.0035046728971962616,JMLP,0.0,0.0,0.0011682242990654205,0.0,0.0,0.0,0.0,0.00023364485981308412,2006-10-22 00:00:00,0.00023364485981308412,0.002336448598130841,0.0,0.0,0.0,0.0,0.0,JMLP-CLean-Txt/JMLP discours CLEAN .txt/JMLP20061022.txt,0.0,0.0,0.0,0.00023364485981308412,0.00023364485981308412,0.0,0.0,0.0,0.0,0.0,0.0,0.0007009345794392523,0.00023364485981308412,0.0,0.0,0.0,0.0,0.0,0.00046728971962616824,0.0,0.0,0.0,0.00023364485981308412,0.0,0.0,0.0,0.0007009345794392523,0.001869158878504673,0.00023364485981308412,0.0,0.00023364485981308412,0.0,0.00023364485981308412,0.0009345794392523365,0.0,0.0,4280,0.00046728971962616824,discours,0.0,0.0,0.00023364485981308412,0.0,0.0
21,0.003373313343328336,0.004122938530734633,JMLP,0.0,0.0,0.0003748125937031484,0.0,0.0,0.0,0.0003748125937031484,0.0,2007-03-23 00:00:00,0.0,0.0007496251874062968,0.0,0.0,0.0,0.0,0.0,JMLP-CLean-Txt/JMLP discours CLEAN .txt/JMLP20070323.txt,0.0,0.0,0.0003748125937031484,0.0,0.0,0.0,0.0,0.0,0.0,0.0,0.0,0.0014992503748125937,0.0,0.0,0.0003748125937031484,0.0,0.0,0.0,0.0003748125937031484,0.0,0.0,0.0,0.0,0.0,0.0003748125937031484,0.0,0.0007496251874062968,0.0029985007496251873,0.0,0.0003748125937031484,0.0007496251874062968,0.0,0.0,0.0007496251874062968,0.0,0.0,2668,0.0,discours,0.0003748125937031484,0.0,0.0,0.0,0.0
22,0.0,0.007655502392344498,JMLP,0.0,0.0,0.0,0.0,0.0,0.0,0.0,0.0009569377990430622,2007-03-24 00:00:00,0.0004784688995215311,0.0004784688995215311,0.0,0.0,0.0,0.0,0.0004784688995215311,JMLP-CLean-Txt/JMLP discours CLEAN .txt/JMLP20070324.txt,0.0,0.0004784688995215311,0.0,0.0004784688995215311,0.0,0.0,0.0,0.0,0.0,0.0,0.0,0.0009569377990430622,0.0,0.0004784688995215311,0.0,0.0,0.0,0.0019138755980861245,0.0004784688995215311,0.0,0.0,0.0,0.0,0.0,0.0,0.0,0.0004784688995215311,0.0014354066985645933,0.0,0.0004784688995215311,0.0,0.0004784688995215311,0.0,0.0,0.0,0.0,2090,0.0,discours,0.0,0.0,0.0,0.0,0.0
23,0.0016339869281045752,0.003758169934640523,JMLP,0.0001633986928104575,0.0,0.0,0.0,0.0004901960784313725,0.0,0.000326797385620915,0.0001633986928104575,2007-03-25 00:00:00,0.0,0.0011437908496732027,0.0,0.0,0.0,0.0001633986928104575,0.0,JMLP-CLean-Txt/JMLP discours CLEAN .txt/JMLP20070325.txt,0.0001633986928104575,0.0,0.0001633986928104575,0.0,0.0,0.0001633986928104575,0.0,0.0,0.0,0.0,0.0,0.000980392156862745,0.0001633986928104575,0.0,0.000326797385620915,0.0001633986928104575,0.0001633986928104575,0.0,0.00130718954248366,0.0,0.0,0.0,0.0,0.0,0.0,0.0,0.0021241830065359475,0.0031045751633986926,0.0,0.0001633986928104575,0.0,0.0,0.0,0.00065359477124183,0.0,0.0,6120,0.0008169934640522876,discours,0.0001633986928104575,0.0,0.0,0.0,0.0
24,0.0008813678829543451,0.0033491979552265115,JMLP,0.0005288207297726071,0.0,0.00017627357659086903,0.0,0.0,0.0,0.00017627357659086903,0.0,2007-02-26 00:00:00,0.0005288207297726071,0.0005288207297726071,0.0,0.0,0.0,0.00017627357659086903,0.0,JMLP-CLean-Txt/JMLP discours CLEAN .txt/JMLP20070226.txt,0.00017627357659086903,0.00035254715318173806,0.0,0.00017627357659086903,0.0,0.0,0.0,0.0,0.0,0.0,0.0,0.0005288207297726071,0.0,0.0,0.00017627357659086903,0.0,0.00035254715318173806,0.0,0.0017627357659086903,0.0,0.0,0.00017627357659086903,0.0,0.0,0.0,0.0,0.0022915564956812974,0.0019390093424995593,0.0,0.0007050943063634761,0.0007050943063634761,0.0,0.0,0.0005288207297726071,0.00017627357659086903,0.0,5673,0.0010576414595452142,discours,0.0,0.00017627357659086903,0.0,0.0,0.0
25,0.0,0.0018376722817764165,JMLP,0.0,0.0,0.0,0.0,0.0018376722817764165,0.0,0.0,0.0,2006-11-26 00:00:00,0.00030627871362940275,0.00030627871362940275,0.00030627871362940275,0.0,0.0,0.0,0.0,JMLP-CLean-Txt/JMLP discours CLEAN .txt/JMLP20061126.txt,0.0,0.0,0.0,0.0,0.0,0.0,0.0,0.0,0.0,0.0,0.0006125574272588055,0.0009188361408882082,0.0,0.0,0.0,0.001225114854517611,0.00030627871362940275,0.0,0.0006125574272588055,0.0,0.0,0.0,0.0,0.0,0.0,0.0,0.0,0.001225114854517611,0.00030627871362940275,0.00030627871362940275,0.0,0.0,0.0,0.0,0.0009188361408882082,0.0,3265,0.0015313935681470138,discours,0.0,0.00030627871362940275,0.00030627871362940275,0.0,0.0
26,0.0,0.0024330900243309003,JMLP,0.0,0.0,0.00022119000221190003,0.0,0.0,0.0,0.0,0.0,2007-01-27 00:00:00,0.0006635700066357001,0.0008847600088476001,0.0017695200176952002,0.0,0.0,0.0,0.0,JMLP-CLean-Txt/JMLP discours CLEAN .txt/JMLP20070127.txt,0.0,0.0,0.0,0.0,0.00022119000221190003,0.0,0.0,0.0,0.0,0.0,0.0,0.0,0.0,0.0,0.00044238000442380006,0.00044238000442380006,0.00022119000221190003,0.0,0.0,0.0,0.0,0.0,0.0,0.0,0.0,0.0,0.0006635700066357001,0.0028754700287547,0.0,0.00022119000221190003,0.00022119000221190003,0.0,0.0,0.0,0.0,0.0,4521,0.0008847600088476001,discours,0.0,0.0,0.0,0.0,0.0
27,0.0,0.0012642225031605564,JMLP,0.0,0.0,0.0,0.0,0.0006321112515802782,0.0,0.0,0.0,2009-11-28 00:00:00,0.0,0.0,0.0012642225031605564,0.0,0.0006321112515802782,0.0,0.0,JMLP-CLean-Txt/JMLP discours CLEAN .txt/JMLP20091128.txt,0.0,0.0,0.0,0.0025284450063211127,0.0012642225031605564,0.0,0.0,0.0,0.0,0.0,0.0006321112515802782,0.0,0.0006321112515802782,0.0,0.0006321112515802782,0.0,0.0,0.0,0.0006321112515802782,0.0,0.0,0.0,0.0,0.0,0.0,0.0,0.0006321112515802782,0.0006321112515802782,0.0,0.0025284450063211127,0.0,0.0012642225031605564,0.0,0.0006321112515802782,0.0,0.0,1582,0.0006321112515802782,discours,0.0,0.0,0.0,0.0,0.0
28,0.0031446540880503146,0.006289308176100629,JMLP,0.0,0.0,0.0,0.0,0.0,0.0,0.0,0.0,2006-09-29 00:00:00,0.0,0.0,0.0,0.0,0.0,0.0,0.0,JMLP-CLean-Txt/JMLP discours CLEAN .txt/JMLP20060929.txt,0.0,0.0,0.0,0.0,0.0031446540880503146,0.0,0.0,0.0,0.0,0.0,0.0,0.0,0.0031446540880503146,0.0,0.0,0.0,0.0,0.0,0.0,0.0,0.0,0.0,0.0,0.0,0.0,0.0,0.0,0.006289308176100629,0.0,0.0,0.0,0.0,0.0,0.0,0.0,0.0,318,0.0,discours,0.0,0.0,0.0,0.0,0.0
29,0.0,0.005431093007467753,JMLP,0.0010183299389002036,0.0,0.0,0.0,0.0,0.0,0.0,0.0,2006-10-29 00:00:00,0.00033944331296673454,0.00033944331296673454,0.0,0.0,0.0,0.0,0.00033944331296673454,JMLP-CLean-Txt/JMLP discours CLEAN .txt/JMLP20061029.txt,0.0,0.0,0.0,0.0,0.0,0.0,0.0,0.0,0.0,0.0,0.0,0.0,0.0,0.00033944331296673454,0.00033944331296673454,0.0,0.0,0.0,0.0,0.0,0.0,0.0,0.0,0.0,0.0,0.0,0.00033944331296673454,0.0,0.0,0.0,0.0010183299389002036,0.0,0.0,0.0,0.0,0.0,2946,0.0,discours,0.0,0.00033944331296673454,0.0,0.0,0.0
30,0.000474158368895211,0.004267425320056899,JMLP,0.0,0.0,0.0,0.0,0.0,0.0,0.0,0.0,2007-03-31 00:00:00,0.0002370791844476055,0.000474158368895211,0.0,0.0,0.0,0.0,0.000474158368895211,JMLP-CLean-Txt/JMLP discours CLEAN .txt/JMLP20070331.txt,0.0007112375533428165,0.0,0.0,0.0,0.0,0.0,0.0,0.0,0.0,0.0,0.0,0.0,0.0,0.0,0.0,0.0,0.000474158368895211,0.0,0.0002370791844476055,0.0,0.0,0.0,0.0,0.0,0.0,0.0002370791844476055,0.0,0.000474158368895211,0.0,0.0002370791844476055,0.0,0.0,0.0,0.0,0.001896633475580844,0.0,4218,0.006401137980085348,discours,0.0,0.0,0.0,0.0,0.0
31,0.0,0.0030441400304414,MLP,0.00030441400304414006,0.00030441400304414006,0.0006088280060882801,0.0,0.00030441400304414006,0.0,0.00030441400304414006,0.00030441400304414006,2010-09-04 00:00:00,0.0006088280060882801,0.0006088280060882801,0.0,0.0,0.0,0.0,0.0009132420091324201,MLP-CLean-Txt/MLP Discours CLEAN .Txt/MLP-D-20100904.txt,0.0,0.00030441400304414006,0.0,0.0,0.0,0.0,0.0,0.00030441400304414006,0.0,0.0,0.0,0.0012176560121765602,0.0,0.0,0.00030441400304414006,0.0006088280060882801,0.0,0.0,0.0015220700152207,0.0,0.0,0.0,0.0,0.0,0.0,0.0,0.0027397260273972603,0.0036529680365296802,0.00030441400304414006,0.00030441400304414006,0.0,0.0,0.0,0.00030441400304414006,0.0,0.0,3285,0.0015220700152207,discours,0.00030441400304414006,0.0,0.0,0.0,0.0
32,0.00017274140611504577,0.005354983589566419,MLP,0.0,0.00017274140611504577,0.0005182242183451373,0.0,0.00034548281223009154,0.0,0.0005182242183451373,0.00034548281223009154,2011-01-16 00:00:00,0.0,0.0005182242183451373,0.00034548281223009154,0.0,0.0012091898428053204,0.00017274140611504577,0.00017274140611504577,MLP-CLean-Txt/MLP Discours CLEAN .Txt/MLP-D-20110116.txt,0.0,0.0,0.0,0.00017274140611504577,0.0,0.0,0.0,0.0,0.0,0.0,0.00034548281223009154,0.0010364484366902746,0.0,0.00017274140611504577,0.0008637070305752289,0.00017274140611504577,0.00017274140611504577,0.0,0.0025911210917256866,0.0,0.0,0.0,0.0,0.0,0.0005182242183451373,0.0,0.002936603903955778,0.0034548281223009156,0.0,0.00017274140611504577,0.0,0.00034548281223009154,0.00017274140611504577,0.0013819312489203662,0.0,0.0,5789,0.0008637070305752289,discours,0.00034548281223009154,0.0,0.00017274140611504577,0.0,0.0
33,0.0,0.0011217049915872126,MLP,0.0,0.0005608524957936063,0.0,0.0,0.0003739016638624042,0.0,0.0001869508319312021,0.0005608524957936063,2011-02-12 00:00:00,0.0005608524957936063,0.0007478033277248083,0.0,0.0,0.0005608524957936063,0.0,0.0,MLP-CLean-Txt/MLP Discours CLEAN .Txt/MLP-D-20110212.txt,0.0,0.0,0.0,0.0,0.0,0.0,0.0,0.0,0.0,0.0,0.0,0.0,0.0,0.0001869508319312021,0.0,0.0024303608151056274,0.0001869508319312021,0.0,0.0001869508319312021,0.0,0.0,0.0,0.0,0.0,0.0,0.0,0.0011217049915872126,0.0029912133108992334,0.0001869508319312021,0.0,0.0,0.0,0.0,0.0,0.0,0.0,5349,0.0001869508319312021,discours,0.0001869508319312021,0.0,0.0003739016638624042,0.0,0.0
34,0.0002543881963876876,0.0017807173747138134,MLP,0.0002543881963876876,0.0005087763927753752,0.0,0.0,0.0007631645891630628,0.0,0.0,0.0002543881963876876,2011-03-11 00:00:00,0.0002543881963876876,0.0005087763927753752,0.0,0.0,0.0,0.0,0.0005087763927753752,MLP-CLean-Txt/MLP Discours CLEAN .Txt/MLP-D-20110311.txt,0.0,0.0,0.0,0.0002543881963876876,0.0,0.0,0.0002543881963876876,0.0,0.0,0.0,0.0,0.0012719409819384382,0.0,0.0,0.0012719409819384382,0.0007631645891630628,0.0,0.0,0.0010175527855507504,0.0,0.0,0.0,0.0,0.0,0.0,0.0,0.0022894937674891886,0.0027982701602645636,0.0002543881963876876,0.0010175527855507504,0.0,0.0,0.0,0.0,0.0010175527855507504,0.0,3931,0.0015263291783261257,discours,0.0,0.0,0.0002543881963876876,0.0,0.0
35,0.0,0.003844041735310269,MLP,0.0,0.0002745744096650192,0.0002745744096650192,0.0,0.0008237232289950577,0.0,0.0,0.0,2011-03-12 00:00:00,0.0002745744096650192,0.0008237232289950577,0.0,0.0,0.0,0.0,0.0002745744096650192,MLP-CLean-Txt/MLP Discours CLEAN .Txt/MLP-D-20110312.txt,0.0002745744096650192,0.0,0.0,0.0,0.0005491488193300384,0.0,0.0002745744096650192,0.0,0.0,0.0,0.0,0.0,0.0005491488193300384,0.0,0.0002745744096650192,0.0005491488193300384,0.0002745744096650192,0.0,0.0008237232289950577,0.0,0.0,0.0,0.0,0.0,0.0,0.0,0.0008237232289950577,0.0016474464579901153,0.0,0.0,0.0,0.0,0.0,0.0002745744096650192,0.0005491488193300384,0.0,3642,0.001098297638660077,discours,0.0,0.0,0.0,0.0,0.0
36,0.00018793459875963165,0.004134561172711896,MLP,0.0009396729937981583,0.00018793459875963165,0.0,0.0,0.0003758691975192633,0.0,0.0007517383950385266,0.00018793459875963165,2011-05-01 00:00:00,0.00018793459875963165,0.00018793459875963165,0.00018793459875963165,0.0,0.0,0.00018793459875963165,0.0,MLP-CLean-Txt/MLP Discours CLEAN .Txt/MLP-D-20110501.txt,0.0,0.0005638037962788949,0.0,0.0,0.0,0.0,0.0,0.0,0.0,0.0,0.00018793459875963165,0.012215748919376056,0.0,0.00018793459875963165,0.0005638037962788949,0.0003758691975192633,0.0005638037962788949,0.00018793459875963165,0.0007517383950385266,0.0,0.0,0.00018793459875963165,0.0,0.0003758691975192633,0.00018793459875963165,0.0,0.004134561172711896,0.0009396729937981583,0.0,0.0,0.0,0.0,0.00018793459875963165,0.002631084382634843,0.0005638037962788949,0.0,5321,0.0007517383950385266,discours,0.0,0.0,0.0007517383950385266,0.0,0.0
37,0.0002853067047075606,0.005991440798858773,MLP,0.0005706134094151213,0.0001426533523537803,0.0005706134094151213,0.0,0.0001426533523537803,0.0,0.0001426533523537803,0.0002853067047075606,2011-09-11 00:00:00,0.0,0.0011412268188302425,0.00042796005706134097,0.0,0.0007132667617689016,0.0005706134094151213,0.0,MLP-CLean-Txt/MLP Discours CLEAN .Txt/MLP-D-20110911.txt,0.00042796005706134097,0.0,0.0,0.0002853067047075606,0.00042796005706134097,0.0,0.0001426533523537803,0.0,0.0,0.0,0.0002853067047075606,0.0005706134094151213,0.0001426533523537803,0.0,0.0005706134094151213,0.0,0.0001426533523537803,0.0,0.0007132667617689016,0.0,0.0,0.0002853067047075606,0.0,0.0,0.0001426533523537803,0.0,0.0014265335235378032,0.001854493580599144,0.0,0.0005706134094151213,0.0,0.0001426533523537803,0.0,0.00042796005706134097,0.0,0.0,7010,0.0011412268188302425,discours,0.0,0.0,0.0,0.0,0.0
38,0.0015343841539963733,0.007253452364346492,MLP,0.0002789789370902497,0.00013948946854512484,0.00013948946854512484,0.0,0.0,0.0,0.0002789789370902497,0.0,2011-11-19 00:00:00,0.0005579578741804993,0.0005579578741804993,0.00013948946854512484,0.0,0.0011159157483609987,0.00013948946854512484,0.0009764262798158739,MLP-CLean-Txt/MLP Discours CLEAN .Txt/MLP-D-20111109.txt,0.0,0.00013948946854512484,0.0,0.0005579578741804993,0.00013948946854512484,0.0,0.0002789789370902497,0.0,0.0,0.00013948946854512484,0.00013948946854512484,0.0016738736225414982,0.0,0.00013948946854512484,0.0006974473427256243,0.0002789789370902497,0.0002789789370902497,0.00013948946854512484,0.002092342028176873,0.0,0.0,0.00013948946854512484,0.0,0.00013948946854512484,0.0,0.0,0.005161110336169619,0.003626726182173246,0.00041846840563537454,0.00013948946854512484,0.0,0.0,0.0,0.0006974473427256243,0.0,0.0,7169,0.00041846840563537454,discours,0.00013948946854512484,0.0,0.0008369368112707491,0.0,0.0
39,0.0,0.0036610878661087866,MLP,0.0,0.0010460251046025104,0.0,0.0,0.0,0.0,0.0,0.0,2011-11-30 00:00:00,0.0,0.0,0.0005230125523012552,0.0,0.0,0.0,0.0,MLP-CLean-Txt/MLP Discours CLEAN .Txt/MLP-D-20111130.txt,0.0,0.0,0.0,0.0005230125523012552,0.0,0.0,0.0,0.0,0.0,0.0,0.0,0.0,0.0,0.0,0.0,0.0,0.0005230125523012552,0.0,0.0,0.0,0.0,0.0,0.0,0.0,0.0,0.0,0.0020920502092050207,0.0010460251046025104,0.0005230125523012552,0.0,0.0,0.0,0.0,0.0005230125523012552,0.0,0.0,1912,0.0005230125523012552,discours,0.0005230125523012552,0.0,0.0,0.0,0.0
40,0.0,0.007186858316221766,MLP,0.001026694045174538,0.001026694045174538,0.0,0.0,0.0,0.0,0.0,0.0,2011-12-08 00:00:00,0.0,0.011293634496919919,0.0,0.0,0.0,0.0,0.0,MLP-CLean-Txt/MLP Discours CLEAN .Txt/MLP-D-20111211-1.txt,0.0,0.0,0.0,0.0,0.001026694045174538,0.0,0.0,0.0,0.0,0.0,0.0,0.0,0.0,0.0,0.0,0.001026694045174538,0.0,0.0,0.0,0.0,0.0,0.0,0.0,0.0,0.0,0.0,0.003080082135523614,0.0,0.0,0.0,0.0,0.0,0.0,0.0,0.0,0.0,974,0.0,discours,0.01026694045174538,0.0,0.0,0.0,0.001026694045174538
41,0.0005362888809438684,0.005899177690382553,MLP,0.0016088666428316052,0.0010725777618877368,0.0,0.0,0.0,0.0,0.0,0.0001787629603146228,2011-12-11 00:00:00,0.0,0.0001787629603146228,0.0001787629603146228,0.0,0.0003575259206292456,0.0005362888809438684,0.0001787629603146228,MLP-CLean-Txt/MLP Discours CLEAN .Txt/MLP-D-20111211-M.txt,0.0,0.0,0.0,0.0003575259206292456,0.0,0.0,0.0,0.0,0.0001787629603146228,0.0,0.0001787629603146228,0.000893814801573114,0.0,0.0,0.000893814801573114,0.0001787629603146228,0.0007150518412584912,0.0,0.000893814801573114,0.0,0.0,0.0,0.0,0.0001787629603146228,0.000893814801573114,0.0,0.002681444404719342,0.002860207365033965,0.0001787629603146228,0.0001787629603146228,0.0,0.0001787629603146228,0.0,0.0005362888809438684,0.0001787629603146228,0.0,5594,0.0001787629603146228,discours,0.0001787629603146228,0.0,0.0007150518412584912,0.0,0.0003575259206292456
42,0.0006745362563237774,0.004721753794266442,MLP,0.0,0.0003372681281618887,0.0,0.0,0.0,0.0,0.0,0.0,2012-01-05 00:00:00,0.0003372681281618887,0.0003372681281618887,0.0,0.0,0.0,0.0,0.0,MLP-CLean-Txt/MLP Discours CLEAN .Txt/MLP-D-20120105.txt,0.0,0.0,0.0,0.0,0.0003372681281618887,0.0,0.0,0.0,0.0,0.0,0.0003372681281618887,0.0026981450252951096,0.0,0.0,0.001011804384485666,0.0,0.0,0.0,0.0003372681281618887,0.0,0.0,0.0006745362563237774,0.0,0.0,0.0,0.0003372681281618887,0.0003372681281618887,0.001011804384485666,0.0,0.0,0.0,0.0,0.0003372681281618887,0.0,0.0,0.0,2965,0.0003372681281618887,discours,0.0006745362563237774,0.0,0.0,0.0,0.0
43,0.0,0.00779896013864818,MLP,0.0004332755632582322,0.0004332755632582322,0.0,0.0,0.0012998266897746968,0.0,0.0002166377816291161,0.0,2012-01-06 00:00:00,0.0006499133448873484,0.0004332755632582322,0.0002166377816291161,0.0,0.0,0.0002166377816291161,0.0,MLP-CLean-Txt/MLP Discours CLEAN .Txt/MLP-D-20120106.txt,0.0002166377816291161,0.0,0.0,0.0,0.0004332755632582322,0.0,0.0,0.0,0.0,0.0,0.0,0.0,0.0,0.0,0.0002166377816291161,0.0,0.0,0.0,0.0006499133448873484,0.0,0.0,0.0,0.0004332755632582322,0.0,0.0008665511265164644,0.0,0.0010831889081455806,0.0012998266897746968,0.0010831889081455806,0.0002166377816291161,0.0,0.0,0.0002166377816291161,0.0,0.0,0.0,4616,0.0025996533795493936,discours,0.0,0.0,0.0002166377816291161,0.0,0.0
44,0.0,0.0037776578521316784,MLP,0.0005396654074473826,0.0,0.0,0.0,0.0,0.0,0.0005396654074473826,0.0,2012-01-12 00:00:00,0.0,0.0,0.0,0.0,0.0,0.0,0.0,MLP-CLean-Txt/MLP Discours CLEAN .Txt/MLP-D-20120112.txt,0.0,0.0,0.0,0.0,0.0,0.0,0.0,0.0,0.0,0.0,0.0,0.0,0.0,0.0,0.0,0.0,0.0,0.0,0.0,0.0,0.0,0.0,0.0,0.0,0.0,0.0005396654074473826,0.0,0.0016189962223421479,0.0016189962223421479,0.0005396654074473826,0.0,0.0,0.0,0.0,0.0,0.0,1853,0.0,discours,0.0005396654074473826,0.0,0.0,0.0,0.0
45,0.0004100041000410004,0.008200082000820008,MLP,0.0002050020500205002,0.0004100041000410004,0.0,0.0,0.0006150061500615006,0.0,0.0012300123001230013,0.0,2012-01-15 00:00:00,0.0004100041000410004,0.0002050020500205002,0.0,0.0,0.0002050020500205002,0.0,0.0002050020500205002,MLP-CLean-Txt/MLP Discours CLEAN .Txt/MLP-D-20120115.txt,0.0004100041000410004,0.0002050020500205002,0.0,0.0018450184501845018,0.0004100041000410004,0.0,0.0002050020500205002,0.0,0.0,0.0,0.0018450184501845018,0.001025010250102501,0.0,0.0,0.0014350143501435015,0.0,0.0006150061500615006,0.0,0.002255022550225502,0.0,0.0,0.0,0.0,0.0,0.0008200082000820008,0.0002050020500205002,0.0008200082000820008,0.001025010250102501,0.0,0.0,0.0,0.0002050020500205002,0.0,0.0002050020500205002,0.0002050020500205002,0.0,4878,0.0002050020500205002,discours,0.0002050020500205002,0.0,0.0002050020500205002,0.0,0.0
46,0.0001733102253032929,0.006759098786828423,MLP,0.0001733102253032929,0.0025996533795493936,0.0,0.0,0.0001733102253032929,0.0,0.0,0.0001733102253032929,2012-01-22 00:00:00,0.0001733102253032929,0.0008665511265164644,0.0,0.0,0.0,0.0,0.0,MLP-CLean-Txt/MLP Discours CLEAN .Txt/MLP-D-20120122.txt,0.0001733102253032929,0.0001733102253032929,0.0,0.0005199306759098787,0.0010398613518197574,0.0,0.0001733102253032929,0.0,0.0,0.0,0.0,0.0001733102253032929,0.0,0.0,0.0008665511265164644,0.0005199306759098787,0.0001733102253032929,0.0,0.003639514731369151,0.0,0.0,0.0001733102253032929,0.0001733102253032929,0.0024263431542461003,0.0,0.0003466204506065858,0.004506065857885615,0.003119584055459272,0.0001733102253032929,0.0008665511265164644,0.0,0.0,0.0,0.0001733102253032929,0.0005199306759098787,0.0,5770,0.0001733102253032929,discours,0.0003466204506065858,0.0,0.0001733102253032929,0.0,0.0
47,0.0,0.003812997347480106,MLP,0.0004973474801061008,0.0,0.0,0.0,0.0,0.0,0.0,0.0003315649867374005,2012-02-05 00:00:00,0.0003315649867374005,0.0003315649867374005,0.0,0.0,0.0003315649867374005,0.0,0.00016578249336870026,MLP-CLean-Txt/MLP Discours CLEAN .Txt/MLP-D-20120205.txt,0.001326259946949602,0.0,0.00016578249336870026,0.0004973474801061008,0.00016578249336870026,0.0,0.0,0.0,0.0,0.0,0.00016578249336870026,0.002486737400530504,0.0,0.0,0.0,0.000663129973474801,0.0003315649867374005,0.0,0.0003315649867374005,0.0,0.0,0.001823607427055703,0.0,0.0,0.00016578249336870026,0.0,0.0033156498673740055,0.001823607427055703,0.0,0.0,0.0,0.0,0.0008289124668435014,0.0,0.0,0.0,6032,0.0009946949602122016,discours,0.000663129973474801,0.0,0.0,0.00016578249336870026,0.00016578249336870026
48,0.0,0.0011217049915872126,MLP,0.0,0.0005608524957936063,0.0,0.0,0.0003739016638624042,0.0,0.0001869508319312021,0.0005608524957936063,2012-02-12 00:00:00,0.0005608524957936063,0.0007478033277248083,0.0,0.0,0.0005608524957936063,0.0,0.0,MLP-CLean-Txt/MLP Discours CLEAN .Txt/MLP-D-20110212.txt,0.0,0.0,0.0,0.0,0.0,0.0,0.0,0.0,0.0,0.0,0.0,0.0,0.0,0.0001869508319312021,0.0,0.0024303608151056274,0.0001869508319312021,0.0,0.0001869508319312021,0.0,0.0,0.0,0.0,0.0,0.0,0.0,0.0011217049915872126,0.0029912133108992334,0.0001869508319312021,0.0,0.0,0.0,0.0,0.0,0.0,0.0,5349,0.0001869508319312021,discours,0.0001869508319312021,0.0,0.0003739016638624042,0.0,0.0
49,0.00019391118867558658,0.011246848943184022,MLP,0.00038782237735117316,0.00019391118867558658,0.0,0.0,0.0,0.0,0.0,0.0,2012-02-26 00:00:00,0.0,0.001357378320729106,0.00019391118867558658,0.0,0.00019391118867558658,0.0,0.0,MLP-CLean-Txt/MLP Discours CLEAN .Txt/MLP-D-20120226.txt,0.0,0.0,0.0,0.0,0.0,0.0,0.0,0.0,0.0,0.0,0.0,0.00019391118867558658,0.0,0.0,0.00019391118867558658,0.0,0.00038782237735117316,0.0,0.00019391118867558658,0.0,0.0,0.0,0.0,0.0,0.0,0.0,0.0005817335660267597,0.002326934264107039,0.00038782237735117316,0.00019391118867558658,0.0,0.0,0.0,0.0,0.0,0.0,5157,0.0007756447547023463,discours,0.0,0.0,0.00019391118867558658,0.0,0.0
50,0.00013243279035889287,0.004900013243279036,MLP,0.0,0.0,0.0,0.0,0.00013243279035889287,0.0,0.0,0.0005297311614355715,2012-03-04 00:00:00,0.0005297311614355715,0.0011918951132300357,0.0005297311614355715,0.0,0.00013243279035889287,0.0,0.0005297311614355715,MLP-CLean-Txt/MLP Discours CLEAN .Txt/MLP-D-20120304.txt,0.00013243279035889287,0.0,0.0,0.0,0.00013243279035889287,0.0,0.0,0.0,0.0,0.0,0.0,0.0013243279035889286,0.0,0.0,0.00013243279035889287,0.0,0.0007945967421533572,0.0,0.0011918951132300357,0.0,0.0,0.00013243279035889287,0.0,0.0,0.0,0.00013243279035889287,0.003708118130049,0.0015891934843067143,0.00026486558071778574,0.0003972983710766786,0.0,0.00026486558071778574,0.0006621639517944643,0.0005297311614355715,0.00013243279035889287,0.0,7551,0.0007945967421533572,discours,0.0,0.0,0.00013243279035889287,0.0,0.0
51,0.0,0.009873834339001646,MLP,0.0,0.0,0.0,0.0,0.0,0.0,0.0,0.0010970927043335162,2012-03-13 00:00:00,0.0,0.0010970927043335162,0.0,0.0,0.0,0.0,0.0005485463521667581,MLP-CLean-Txt/MLP Discours CLEAN .Txt/MLP-D-20120313.txt,0.0005485463521667581,0.0,0.0,0.0,0.0,0.0,0.0,0.0,0.0,0.0,0.0,0.0016456390565002743,0.0,0.0,0.0,0.0,0.0,0.0005485463521667581,0.0,0.0,0.0,0.0,0.0,0.0,0.0,0.0,0.0021941854086670325,0.0016456390565002743,0.0,0.0,0.0,0.0,0.0,0.0,0.0,0.0,1823,0.0010970927043335162,discours,0.0,0.0,0.0,0.0,0.0
52,0.0,0.008503679476696648,MLP,0.00016353229762878168,0.0,0.0,0.0,0.0,0.0,0.00032706459525756336,0.0011447260834014717,2012-03-25 00:00:00,0.00032706459525756336,0.002125919869174162,0.0009811937857726902,0.0,0.0,0.0,0.00016353229762878168,MLP-CLean-Txt/MLP Discours CLEAN .Txt/MLP-D-20120325.txt,0.00032706459525756336,0.00016353229762878168,0.00032706459525756336,0.0,0.0,0.00016353229762878168,0.0,0.0008176614881439084,0.0,0.0008176614881439084,0.00032706459525756336,0.0004905968928863451,0.0,0.0,0.0,0.00016353229762878168,0.00032706459525756336,0.00016353229762878168,0.0004905968928863451,0.0,0.0,0.0,0.0,0.0,0.00016353229762878168,0.0,0.0019623875715453804,0.0013082583810302534,0.00016353229762878168,0.0,0.00016353229762878168,0.00032706459525756336,0.00016353229762878168,0.0,0.0,0.0,6115,0.00032706459525756336,discours,0.0,0.0,0.0013082583810302534,0.0,0.0
53,0.0,0.00132890365448505,MLP,0.00132890365448505,0.0,0.0,0.0,0.0,0.0,0.0,0.0,2012-04-20 00:00:00,0.0,0.0,0.0,0.0,0.0,0.0,0.0,MLP-CLean-Txt/MLP Discours CLEAN .Txt/MLP-D-20120420.txt,0.0,0.0,0.0,0.0,0.0,0.0,0.0,0.0,0.0,0.0,0.0,0.0026578073089701,0.0,0.0,0.0,0.0,0.0,0.0,0.0,0.0,0.0,0.000664451827242525,0.0,0.0,0.0,0.0,0.0,0.000664451827242525,0.0,0.0,0.0,0.0,0.0,0.0,0.0,0.0,1505,0.000664451827242525,discours,0.0,0.0,0.0019933554817275745,0.0,0.0
54,0.000553939897521119,0.007755158565295665,MLP,0.0002769699487605595,0.0002769699487605595,0.0002769699487605595,0.0,0.00013848497438027975,0.0,0.00013848497438027975,0.0002769699487605595,2012-09-26 00:00:00,0.0008309098462816784,0.0008309098462816784,0.0,0.0,0.0,0.0002769699487605595,0.0004154549231408392,MLP-CLean-Txt/MLP Discours CLEAN .Txt/MLP-D-20120926.txt,0.000553939897521119,0.00013848497438027975,0.0,0.0006924248719013987,0.0006924248719013987,0.0,0.0,0.0,0.0,0.0,0.0006924248719013987,0.0004154549231408392,0.00013848497438027975,0.0,0.00013848497438027975,0.0,0.0002769699487605595,0.0,0.0016618196925633569,0.0,0.0,0.0,0.0002769699487605595,0.0,0.0004154549231408392,0.0002769699487605595,0.004016064257028112,0.003185154410746434,0.0002769699487605595,0.0,0.0,0.0004154549231408392,0.00013848497438027975,0.00013848497438027975,0.0,0.0,7221,0.0004154549231408392,discours,0.00013848497438027975,0.00013848497438027975,0.00013848497438027975,0.0,0.0
55,0.0004144218814753419,0.007874015748031496,MLP,0.0,0.0004144218814753419,0.0,0.0,0.0,0.0,0.0,0.0012432656444260257,2013-01-09 00:00:00,0.0,0.0004144218814753419,0.0004144218814753419,0.0,0.0008288437629506838,0.0,0.0008288437629506838,MLP-CLean-Txt/MLP Discours CLEAN .Txt/MLP-D-20130109.txt,0.0004144218814753419,0.0,0.0,0.0,0.0004144218814753419,0.0,0.0,0.0,0.0,0.0,0.0,0.0016576875259013675,0.0,0.0,0.0037297969332780773,0.0008288437629506838,0.0004144218814753419,0.0,0.003315375051802735,0.0,0.0,0.0,0.0012432656444260257,0.0,0.0,0.0004144218814753419,0.0016576875259013675,0.0,0.0,0.0004144218814753419,0.0,0.0,0.0,0.0004144218814753419,0.0,0.0,2413,0.0004144218814753419,discours,0.0,0.0,0.0004144218814753419,0.0,0.0
56,0.0001579778830963665,0.006635071090047393,MLP,0.000631911532385466,0.0,0.000631911532385466,0.0,0.000315955766192733,0.0,0.000315955766192733,0.0001579778830963665,2013-05-01 00:00:00,0.0,0.000631911532385466,0.0001579778830963665,0.0,0.0001579778830963665,0.0,0.00047393364928909954,MLP-CLean-Txt/MLP Discours CLEAN .Txt/MLP-D-20130501.txt,0.00047393364928909954,0.00047393364928909954,0.0,0.0,0.0001579778830963665,0.0,0.0,0.0,0.0,0.0,0.0001579778830963665,0.002369668246445498,0.0001579778830963665,0.0001579778830963665,0.001579778830963665,0.0001579778830963665,0.0001579778830963665,0.0,0.0026856240126382305,0.0,0.0,0.0001579778830963665,0.0,0.0,0.0001579778830963665,0.0,0.005371248025276461,0.0026856240126382305,0.0001579778830963665,0.00047393364928909954,0.0,0.0,0.0001579778830963665,0.001579778830963665,0.0001579778830963665,0.0,6330,0.000631911532385466,discours,0.000315955766192733,0.0,0.0007898894154818325,0.0,0.0
57,0.0002192982456140351,0.013267543859649122,MLP,0.0002192982456140351,0.0,0.0,0.0,0.0003289473684210526,0.0,0.0002192982456140351,0.0002192982456140351,2013-09-15 00:00:00,0.00010964912280701755,0.000986842105263158,0.0,0.0,0.0003289473684210526,0.0,0.0,MLP-CLean-Txt/MLP Discours CLEAN .Txt/MLP-D-20130915.txt,0.0005482456140350877,0.0002192982456140351,0.0,0.00010964912280701755,0.00010964912280701755,0.0,0.0,0.0,0.0,0.00010964912280701755,0.0002192982456140351,0.000986842105263158,0.0,0.0,0.0003289473684210526,0.0,0.0003289473684210526,0.0,0.0007675438596491228,0.0,0.0,0.00010964912280701755,0.0,0.0,0.00010964912280701755,0.00010964912280701755,0.003399122807017544,0.004934210526315789,0.0002192982456140351,0.0,0.0,0.0,0.0003289473684210526,0.000986842105263158,0.0,0.0,9120,0.0007675438596491228,discours,0.0005482456140350877,0.0,0.0005482456140350877,0.00010964912280701755,0.00010964912280701755
58,0.0,0.004592422502870264,MLP,0.0,0.000574052812858783,0.0,0.0,0.000574052812858783,0.0,0.0,0.0,2014-01-07 00:00:00,0.0002870264064293915,0.0002870264064293915,0.0002870264064293915,0.0,0.0,0.0002870264064293915,0.0,MLP-CLean-Txt/MLP Discours CLEAN .Txt/MLP-D-20140107.txt,0.0,0.0,0.0,0.0,0.0,0.0,0.0,0.0,0.0,0.0,0.0,0.0014351320321469576,0.0,0.0,0.0002870264064293915,0.0,0.0002870264064293915,0.0,0.0008610792192881745,0.0,0.0,0.001148105625717566,0.0,0.0,0.0002870264064293915,0.0,0.000574052812858783,0.004018369690011481,0.0,0.0,0.0,0.0,0.0,0.0,0.0,0.0,3484,0.0014351320321469576,discours,0.0,0.0,0.0002870264064293915,0.0,0.0
59,0.0,0.009380863039399626,JMLP,0.0,0.0,0.0009380863039399625,0.0,0.0,0.0,0.0,0.0009380863039399625,1997-05-19 00:00:00,0.0009380863039399625,0.0,0.0,0.0,0.0,0.0,0.0,JMLP-CLean-Txt/JMLP radio CLEAN .txt/JMLP19970519.txt,0.0,0.0,0.0009380863039399625,0.0,0.0,0.0,0.0,0.0,0.0,0.0,0.0,0.0,0.0,0.0,0.0,0.0,0.0,0.0,0.0009380863039399625,0.0,0.0,0.0,0.0,0.0,0.0,0.0,0.0009380863039399625,0.0009380863039399625,0.0,0.0,0.0,0.0,0.0,0.0,0.0,0.0,1066,0.0,DL Radio ,0.0,0.0,0.0,0.0,0.0
60,0.0,0.0,JMLP,0.0,0.0,0.003125,0.0,0.0,0.0,0.0,0.0,1997-06-01 00:00:00,0.0,0.0,0.0,0.0,0.0,0.0,0.0,JMLP-CLean-Txt/JMLP radio CLEAN .txt/JMLP19970601.txt,0.0,0.0,0.0,0.0,0.0,0.0,0.0,0.0,0.0,0.0,0.0,0.0,0.0,0.0,0.0,0.0,0.0,0.0,0.003125,0.0,0.0,0.0,0.0,0.0,0.0,0.0,0.00625,0.015625,0.0,0.0,0.0,0.0,0.003125,0.003125,0.0,0.0,320,0.0,DL Radio ,0.0,0.0,0.0,0.0,0.0
61,0.0,0.0017857142857142857,JMLP,0.0,0.0,0.0,0.0,0.0,0.0,0.0,0.0,1998-02-13 00:00:00,0.0006696428571428571,0.0006696428571428571,0.0002232142857142857,0.0,0.0,0.0,0.0002232142857142857,JMLP-CLean-Txt/JMLP radio CLEAN .txt/JMLP19980213.txt,0.0,0.0,0.0,0.0,0.0,0.0,0.0002232142857142857,0.0,0.0,0.0,0.0,0.0,0.0,0.0,0.0,0.0006696428571428571,0.0,0.0,0.0006696428571428571,0.0,0.0,0.0002232142857142857,0.0,0.0,0.0,0.0,0.0011160714285714285,0.004241071428571428,0.0,0.0,0.0002232142857142857,0.0,0.0,0.0,0.0,0.0,4480,0.0006696428571428571,DL Radio ,0.0006696428571428571,0.0,0.0,0.0,0.0
62,0.0,0.002680965147453083,JMLP,0.0,0.0,0.0,0.0,0.0,0.0,0.0,0.0,1998-11-17 00:00:00,0.0,0.0008936550491510277,0.0,0.0,0.0,0.0,0.0008936550491510277,JMLP-CLean-Txt/JMLP radio CLEAN .txt/JMLP19981117.txt,0.0,0.0,0.0,0.0,0.0,0.0,0.0,0.0,0.0,0.0,0.0,0.0,0.0,0.0,0.0,0.0,0.0,0.0,0.0,0.0,0.0,0.0,0.0,0.0,0.0,0.0,0.0017873100983020554,0.00804289544235925,0.0,0.0,0.0008936550491510277,0.0,0.0,0.0008936550491510277,0.0,0.0,1119,0.0,DL Radio ,0.0,0.0,0.0,0.0,0.0
63,0.0011502185415228894,0.0011502185415228894,JMLP,0.0,0.0,0.0,0.0,0.00023004370830457787,0.0,0.0,0.0,1999-03-19 00:00:00,0.00046008741660915573,0.00023004370830457787,0.0,0.0,0.00023004370830457787,0.0,0.0,JMLP-CLean-Txt/JMLP radio CLEAN .txt/JMLP19990319.txt,0.0,0.0,0.0,0.0,0.0,0.0,0.00046008741660915573,0.0,0.0,0.0,0.0,0.0,0.0,0.0,0.0,0.0,0.00023004370830457787,0.0,0.0009201748332183115,0.0,0.0,0.0,0.0,0.0,0.0,0.0,0.0006901311249137336,0.0025304807913503567,0.0,0.0,0.0,0.0,0.00023004370830457787,0.0006901311249137336,0.0,0.0,4347,0.0,DL Radio ,0.00046008741660915573,0.00023004370830457787,0.0,0.00023004370830457787,0.0
64,0.0,0.0014925373134328358,JMLP,0.0,0.0,0.0,0.0,0.0,0.0,0.0,0.0,1999-06-03 00:00:00,0.0,0.0014925373134328358,0.0,0.0,0.0,0.0,0.0,JMLP-CLean-Txt/JMLP radio CLEAN .txt/JMLP19990603.txt,0.0,0.0,0.0,0.0,0.0,0.0,0.0,0.0,0.0,0.0,0.0,0.0014925373134328358,0.0,0.0,0.0,0.0,0.0,0.0,0.0,0.0,0.0,0.0,0.0,0.0,0.0,0.0,0.0014925373134328358,0.0,0.0,0.0,0.0,0.0,0.0,0.0,0.0,0.0,670,0.0,DL Radio ,0.0,0.0014925373134328358,0.0,0.0,0.0
65,0.00021353833013025838,0.0012812299807815502,JMLP,0.0,0.0,0.0008541533205210335,0.0,0.0,0.0,0.0,0.0,2002-02-20 00:00:00,0.0,0.0012812299807815502,0.00021353833013025838,0.0,0.0,0.0,0.0,JMLP-CLean-Txt/JMLP radio CLEAN .txt/JMLP20020220.txt,0.0,0.0,0.0006406149903907751,0.0,0.0,0.0,0.0,0.0,0.0,0.0,0.0,0.00021353833013025838,0.0,0.0,0.0,0.0,0.0,0.0,0.00021353833013025838,0.0,0.0,0.0,0.0,0.0,0.0,0.0,0.00021353833013025838,0.003416613282084134,0.0,0.0,0.0,0.0,0.0,0.0,0.0,0.0,4683,0.0,DL Radio ,0.0,0.0,0.0,0.0,0.0
66,0.0003588087549336204,0.002152852529601722,JMLP,0.0,0.0,0.0,0.0,0.0003588087549336204,0.0,0.0,0.0,2002-03-15 00:00:00,0.0003588087549336204,0.0007176175098672408,0.0,0.0,0.0,0.0,0.0007176175098672408,JMLP-CLean-Txt/JMLP radio CLEAN .txt/JMLP20020315.txt,0.0,0.0,0.0,0.0,0.0,0.0,0.0,0.0,0.0,0.0,0.0,0.0,0.0,0.0,0.0,0.0007176175098672408,0.0,0.0,0.0,0.0,0.0,0.0,0.0,0.0,0.0,0.0,0.0003588087549336204,0.003588087549336204,0.0,0.0,0.0,0.0,0.0,0.0,0.0003588087549336204,0.0,2787,0.0,DL Radio ,0.0003588087549336204,0.0,0.0,0.0,0.0
67,0.0,0.00300187617260788,JMLP,0.0,0.0,0.0,0.0,0.0,0.0,0.0,0.0,2002-03-21 00:00:00,0.000375234521575985,0.0,0.000375234521575985,0.0,0.0,0.0,0.000375234521575985,JMLP-CLean-Txt/JMLP radio CLEAN .txt/JMLP20020321.txt,0.0,0.0,0.0,0.0,0.0,0.0,0.0,0.0,0.0,0.0,0.0,0.000375234521575985,0.0,0.0,0.0,0.0,0.0,0.0,0.0,0.0,0.0,0.0,0.0,0.0,0.0,0.0,0.000375234521575985,0.00225140712945591,0.0,0.0,0.0,0.0,0.0,0.0,0.0,0.0,2665,0.00075046904315197,DL Radio ,0.0,0.0,0.0,0.0,0.0
68,0.0,0.0015021459227467812,JMLP,0.00021459227467811158,0.0,0.00021459227467811158,0.0,0.0006437768240343348,0.0,0.0,0.00021459227467811158,2002-04-02 00:00:00,0.0006437768240343348,0.00021459227467811158,0.00021459227467811158,0.0,0.0,0.0,0.00021459227467811158,JMLP-CLean-Txt/JMLP radio CLEAN .txt/JMLP20020402.txt,0.0,0.0,0.0,0.0,0.00021459227467811158,0.0,0.00021459227467811158,0.0,0.0,0.0,0.0,0.00021459227467811158,0.0,0.0,0.0,0.00042918454935622315,0.00021459227467811158,0.00021459227467811158,0.001072961373390558,0.0,0.0,0.00021459227467811158,0.0,0.0,0.0,0.0,0.0,0.0034334763948497852,0.0,0.0,0.0,0.00042918454935622315,0.0,0.0,0.0,0.0,4660,0.0012875536480686696,DL Radio ,0.00021459227467811158,0.0,0.0,0.0,0.0
69,0.0,0.0012330456226880395,JMLP,0.0,0.0,0.0,0.0,0.0,0.0,0.0,0.0,2002-04-08 00:00:00,0.0012330456226880395,0.0,0.0,0.0,0.0,0.0,0.002466091245376079,JMLP-CLean-Txt/JMLP radio CLEAN .txt/JMLP20020408.txt,0.0,0.0012330456226880395,0.0,0.0,0.0,0.0,0.0,0.0,0.0,0.0,0.0,0.0012330456226880395,0.0,0.0,0.0,0.0,0.0,0.0,0.0,0.0,0.0,0.0,0.0,0.0,0.0,0.0,0.0,0.002466091245376079,0.0,0.0,0.0,0.0,0.0,0.0,0.0,0.0,811,0.002466091245376079,DL Radio ,0.0,0.0012330456226880395,0.0,0.0,0.0
70,0.0,0.0,JMLP,0.0,0.0,0.0,0.0,0.0,0.0,0.0,0.0,2002-04-22 00:00:00,0.0,0.0,0.0,0.0,0.0,0.0,0.0043859649122807015,JMLP-CLean-Txt/JMLP radio CLEAN .txt/JMLP20020422.txt,0.0,0.0,0.0,0.0,0.0,0.0,0.0,0.0,0.0,0.0,0.0,0.0,0.0,0.0,0.0,0.0,0.0043859649122807015,0.0,0.0,0.0,0.0,0.0,0.0,0.0,0.0,0.0,0.0,0.0,0.0,0.0,0.0,0.0,0.0,0.0,0.0,0.0,228,0.0,DL Radio ,0.0043859649122807015,0.0,0.0,0.0,0.0
71,0.0,0.0023677979479084454,MLP,0.0,0.0,0.0,0.0,0.0,0.0,0.0003946329913180742,0.0,2011-01-17 00:00:00,0.0,0.0007892659826361484,0.0,0.0,0.0007892659826361484,0.0011838989739542227,0.0,MLP-CLean-Txt/MLP radio CLEAN .txt/20110117Bourdin.txt,0.0,0.0,0.0,0.0007892659826361484,0.0,0.0,0.0,0.0,0.0,0.0,0.0003946329913180742,0.0003946329913180742,0.0,0.0,0.0003946329913180742,0.0,0.0,0.0,0.0007892659826361484,0.0,0.0,0.0,0.0,0.0,0.0,0.0,0.0,0.001973164956590371,0.0,0.0,0.0,0.0,0.0,0.0003946329913180742,0.0,0.0,2534,0.0,DL Radio,0.0,0.0,0.0,0.0,0.0
72,0.00019120458891013384,0.0038240917782026767,MLP,0.00019120458891013384,0.0,0.00019120458891013384,0.0,0.0,0.0,0.0,0.0,2011-02-20 00:00:00,0.0,0.001147227533460803,0.0,0.0,0.0,0.0,0.00019120458891013384,MLP-CLean-Txt/MLP radio CLEAN .txt/20110220FranceInter.txt,0.0,0.0,0.0,0.0,0.0005736137667304016,0.0,0.00019120458891013384,0.0,0.0,0.0,0.0003824091778202677,0.0003824091778202677,0.0,0.0,0.0003824091778202677,0.0,0.0,0.00019120458891013384,0.00019120458891013384,0.0,0.0,0.0,0.0,0.0,0.0,0.0,0.0013384321223709368,0.003632887189292543,0.0,0.0005736137667304016,0.0,0.0,0.0,0.0005736137667304016,0.0,0.0,5230,0.0,DL Radio,0.0,0.0,0.0,0.0,0.0005736137667304016
73,0.0,0.0009633911368015414,MLP,0.0,0.0,0.0,0.0,0.0,0.0,0.0,0.0,2011-03-22 00:00:00,0.0,0.0,0.0,0.0,0.0,0.0,0.0,MLP-CLean-Txt/MLP radio CLEAN .txt/20110322RTL.txt,0.0,0.0,0.0,0.0,0.0,0.0,0.0,0.0,0.0,0.0,0.0,0.0,0.0,0.0,0.0,0.0,0.0,0.0,0.0,0.0,0.0,0.0009633911368015414,0.0,0.0,0.0,0.0,0.0,0.00674373795761079,0.0,0.0,0.0,0.0,0.0009633911368015414,0.0009633911368015414,0.0,0.0,1038,0.0,DL Radio,0.0,0.0,0.0,0.0,0.0
74,0.0,0.000700770847932726,MLP,0.0,0.0,0.0,0.0,0.0,0.0,0.0,0.0,2011-03-23 00:00:00,0.0,0.000700770847932726,0.0,0.0,0.0,0.0,0.0,MLP-CLean-Txt/MLP radio CLEAN .txt/20110323Europe1.txt,0.0,0.0,0.0,0.0,0.0,0.0,0.0,0.0,0.0,0.0,0.0,0.000700770847932726,0.0,0.0,0.0,0.0,0.0,0.0,0.0,0.0,0.0,0.0,0.0,0.0,0.0,0.0,0.000700770847932726,0.001401541695865452,0.0,0.0,0.0,0.0,0.001401541695865452,0.0,0.0,0.0,1427,0.000700770847932726,DL Radio,0.0,0.0,0.0,0.0,0.0
75,0.0,0.0037174721189591076,MLP,0.0,0.0,0.0,0.0,0.0,0.0,0.0,0.0,2011-04-27 00:00:00,0.0,0.0009293680297397769,0.0,0.0,0.0,0.0,0.0,MLP-CLean-Txt/MLP radio CLEAN .txt/20110429RTL.txt,0.0,0.0,0.0,0.0,0.0009293680297397769,0.0,0.0,0.0,0.0,0.0,0.0,0.0,0.0009293680297397769,0.0,0.0,0.0,0.0,0.0,0.0,0.0,0.0,0.0,0.0,0.0,0.0,0.0,0.0009293680297397769,0.0,0.0,0.0,0.0,0.0,0.0,0.0,0.0,0.0,1076,0.0,DL Radio,0.0,0.0,0.0,0.0,0.0
76,0.0,0.0020161290322580645,MLP,0.0,0.0,0.0,0.0,0.0,0.0,0.0,0.0,2011-05-26 00:00:00,0.0,0.0010080645161290322,0.0,0.0,0.0,0.0,0.0,MLP-CLean-Txt/MLP radio CLEAN .txt/20110526RFI.txt,0.0,0.0,0.0010080645161290322,0.0,0.0,0.0,0.0,0.0,0.0,0.0,0.0,0.0,0.0,0.0,0.0,0.0020161290322580645,0.0,0.0,0.0,0.0,0.0,0.0,0.0,0.0,0.0,0.0,0.0,0.0010080645161290322,0.0,0.0,0.0,0.0,0.0,0.0,0.0,0.0,992,0.0,DL Radio,0.0,0.0,0.0,0.0,0.0
77,0.0,0.0006343165239454488,MLP,0.0,0.0,0.0,0.0,0.0,0.0,0.0,0.0,2011-06-14 00:00:00,0.0006343165239454488,0.0012686330478908975,0.0,0.0,0.0,0.0006343165239454488,0.0003171582619727244,MLP-CLean-Txt/MLP radio CLEAN .txt/20110604FranceInter.txt,0.0,0.0,0.0,0.0003171582619727244,0.0,0.0,0.0003171582619727244,0.0,0.0,0.0,0.0012686330478908975,0.0,0.0,0.0,0.0,0.0,0.0,0.0,0.0,0.0,0.0,0.0009514747859181732,0.0,0.0,0.0,0.0,0.0009514747859181732,0.0022201078338090706,0.0,0.0,0.0009514747859181732,0.0,0.0,0.0,0.0,0.0,3153,0.0006343165239454488,DL Radio,0.0,0.0,0.0,0.0,0.0
78,0.0,0.005629838142153413,MLP,0.0,0.0,0.0,0.0,0.0014074595355383533,0.0,0.0,0.0,2011-08-24 00:00:00,0.0,0.0007037297677691766,0.0,0.0,0.0,0.0,0.0,MLP-CLean-Txt/MLP radio CLEAN .txt/20110824FranceInfo.txt,0.0,0.0,0.0,0.0,0.0,0.0,0.0,0.0,0.0,0.0014074595355383533,0.0,0.0,0.0,0.0,0.0,0.0,0.0,0.0,0.0,0.0,0.0,0.0,0.0,0.0,0.0,0.0,0.0007037297677691766,0.0014074595355383533,0.0,0.0,0.0,0.0,0.0,0.0,0.0,0.0,1421,0.0,DL Radio,0.0,0.0,0.0,0.0,0.0
79,0.0,0.000931098696461825,MLP,0.0,0.0,0.0,0.0,0.0,0.0,0.0,0.0,2011-09-02 00:00:00,0.0,0.0,0.0,0.0,0.0,0.0,0.0,MLP-CLean-Txt/MLP radio CLEAN .txt/20110902RTL.txt,0.0,0.0,0.0,0.0,0.0,0.0,0.0,0.0,0.0,0.00186219739292365,0.0,0.000931098696461825,0.0,0.0,0.0,0.0,0.0,0.0,0.0,0.0,0.0,0.0,0.0,0.0,0.0,0.0,0.00186219739292365,0.00186219739292365,0.0,0.000931098696461825,0.0,0.0,0.0,0.0,0.0,0.0,1074,0.0,DL Radio,0.0,0.0,0.0,0.0,0.0
80,0.0,0.0038535645472061657,MLP,0.0003853564547206166,0.0,0.0,0.0,0.0,0.0,0.0,0.0,2011-09-08 00:00:00,0.0,0.0,0.0,0.0,0.0003853564547206166,0.0019267822736030828,0.0,MLP-CLean-Txt/MLP radio CLEAN .txt/20110908BFM.txt,0.0,0.0,0.0,0.0,0.0007707129094412332,0.0,0.0003853564547206166,0.0,0.0,0.0,0.0,0.0011560693641618498,0.0,0.0,0.0,0.0,0.0,0.0,0.0,0.0,0.0,0.0,0.0,0.0,0.0,0.0,0.0023121387283236996,0.0007707129094412332,0.0,0.0003853564547206166,0.0,0.0,0.0,0.0,0.0,0.0,2595,0.0,DL Radio,0.0,0.0,0.0,0.0,0.0
81,0.0,0.0027906976744186047,MLP,0.00026578073089701,0.0,0.0,0.0,0.00026578073089701,0.0,0.0,0.0,2011-10-30 00:00:00,0.0,0.00026578073089701,0.0,0.0,0.00039867109634551497,0.0,0.0,MLP-CLean-Txt/MLP radio CLEAN .txt/20111030RTL.txt,0.000132890365448505,0.0,0.0,0.0,0.0,0.0,0.00039867109634551497,0.0,0.0,0.000132890365448505,0.0,0.0007973421926910299,0.0,0.0,0.000132890365448505,0.0,0.0,0.0,0.0,0.0,0.0,0.0,0.0,0.0,0.000132890365448505,0.0,0.0011960132890365448,0.0009302325581395349,0.0,0.00026578073089701,0.0,0.0,0.0,0.000132890365448505,0.00053156146179402,0.0,7525,0.000132890365448505,DL Radio,0.000132890365448505,0.0,0.0,0.0,0.0
82,0.00015933715742511153,0.0022307202039515616,MLP,0.0,0.0,0.0,0.0,0.00015933715742511153,0.0,0.0,0.0,2011-11-08 00:00:00,0.0,0.00031867431485022306,0.0,0.0,0.00015933715742511153,0.0006373486297004461,0.00015933715742511153,MLP-CLean-Txt/MLP radio CLEAN .txt/20111108RFI.txt,0.0,0.0,0.0,0.0,0.0,0.0,0.00031867431485022306,0.0,0.0,0.0,0.0,0.0,0.0,0.0,0.0,0.0,0.0,0.0,0.0,0.0,0.0,0.00015933715742511153,0.0,0.0,0.0,0.0,0.0006373486297004461,0.0012746972594008922,0.00031867431485022306,0.0004780114722753346,0.0,0.0,0.0,0.0,0.0,0.0,6276,0.0,DL Radio,0.00015933715742511153,0.0,0.0,0.0,0.0
83,0.0,0.002264639275315432,MLP,0.0,0.0,0.00016175994823681658,0.0,0.0,0.0,0.0,0.0021028793270786153,2011-11-27 00:00:00,0.0,0.0009705596894208993,0.00016175994823681658,0.0,0.0,0.0009705596894208993,0.0,MLP-CLean-Txt/MLP radio CLEAN .txt/20111127FranceInter.txt,0.0,0.00016175994823681658,0.0,0.0,0.0,0.0,0.00048527984471044967,0.0,0.0,0.0,0.00032351989647363315,0.0008087997411840828,0.0,0.0,0.00016175994823681658,0.0,0.0,0.0,0.0,0.0,0.0,0.00016175994823681658,0.0,0.0,0.0,0.0,0.0006470397929472663,0.0008087997411840828,0.00032351989647363315,0.00032351989647363315,0.0,0.0,0.0,0.0008087997411840828,0.0,0.0,6182,0.0,DL Radio,0.0,0.0,0.00032351989647363315,0.0,0.00016175994823681658
84,0.0,0.004758128469468675,MLP,0.0007930214115781126,0.0,0.0,0.0,0.0,0.0,0.0,0.0,2011-12-08 00:00:00,0.0,0.004758128469468675,0.0,0.0,0.0,0.0,0.0,MLP-CLean-Txt/MLP radio CLEAN .txt/20111208RTL.txt,0.0,0.0,0.0,0.0,0.0,0.0,0.0,0.0,0.0,0.0,0.0,0.0007930214115781126,0.0,0.0,0.0,0.0,0.0,0.0,0.0,0.0,0.0,0.0,0.0,0.0,0.0,0.0,0.0055511498810467885,0.0023790642347343376,0.0,0.0,0.0,0.0,0.0,0.0007930214115781126,0.0,0.0,1261,0.0015860428231562252,DL Radio,0.0031720856463124504,0.0,0.0,0.0,0.0
85,0.0,0.006700167504187605,MLP,0.0,0.0,0.0,0.0,0.0,0.0,0.0008375209380234506,0.0,2011-12-20 00:00:00,0.0,0.0,0.0,0.0,0.0,0.0,0.0,MLP-CLean-Txt/MLP radio CLEAN .txt/20111220Europe1.txt,0.0,0.0,0.0,0.0,0.0,0.0,0.0,0.0,0.0,0.0,0.0,0.0,0.0,0.0,0.0016750418760469012,0.0,0.0,0.0,0.0,0.0,0.0,0.0,0.0,0.0,0.0033500837520938024,0.0,0.0,0.0008375209380234506,0.0,0.002512562814070352,0.0,0.0,0.0,0.0,0.0,0.0,1194,0.0,DL Radio,0.0008375209380234506,0.0,0.0,0.0,0.0
86,0.00024084778420038535,0.002167630057803468,MLP,0.0,0.0,0.00024084778420038535,0.0,0.0,0.0,0.0,0.0,2012-01-31 00:00:00,0.0,0.001083815028901734,0.0,0.0,0.00024084778420038535,0.0008429672447013487,0.0,MLP-CLean-Txt/MLP radio CLEAN .txt/20120131BFM.txt,0.00012042389210019268,0.0,0.0,0.0,0.0,0.0,0.00024084778420038535,0.0,0.0,0.0,0.0,0.00024084778420038535,0.0,0.0,0.0,0.0,0.0,0.0,0.0,0.0,0.0,0.0,0.0,0.0,0.000361271676300578,0.00012042389210019268,0.00012042389210019268,0.000361271676300578,0.0004816955684007707,0.0,0.0,0.0,0.0,0.0,0.000361271676300578,0.0,8304,0.000361271676300578,DL Radio,0.00024084778420038535,0.0,0.0,0.0,0.0
87,0.0,0.002621231979030144,MLP,0.0,0.0,0.0,0.0,0.0,0.0,0.0,0.0,2012-02-02 00:00:00,0.000655307994757536,0.0,0.0,0.0,0.0,0.0,0.0,MLP-CLean-Txt/MLP radio CLEAN .txt/20120202RTL.txt,0.0,0.0,0.000655307994757536,0.0,0.0,0.0,0.000655307994757536,0.0,0.0,0.0,0.0,0.0,0.0,0.0,0.0,0.0,0.0,0.0,0.000655307994757536,0.0,0.0,0.0,0.000655307994757536,0.0,0.0,0.0,0.0,0.000655307994757536,0.0,0.002621231979030144,0.0,0.0,0.0,0.0,0.0,0.0,1526,0.0,DL Radio,0.0,0.0,0.0,0.0,0.0
88,0.0,0.0,MLP,0.0,0.0,0.0,0.0,0.0007692307692307692,0.0,0.0,0.0,2012-02-16 00:00:00,0.0,0.0015384615384615385,0.0007692307692307692,0.0,0.0,0.0,0.0,MLP-CLean-Txt/MLP radio CLEAN .txt/20120216FranceInfo.txt,0.0,0.0,0.0,0.0,0.0,0.0,0.0,0.0,0.0,0.0,0.0,0.0007692307692307692,0.0,0.0,0.0,0.0,0.0,0.0,0.0,0.0,0.0,0.0007692307692307692,0.0,0.0,0.0,0.0,0.0,0.002307692307692308,0.0,0.0,0.0,0.0,0.0,0.0,0.0,0.0,1300,0.0007692307692307692,DL Radio,0.003076923076923077,0.0,0.0,0.0,0.0
89,0.0,0.0012894906511927789,MLP,0.0,0.0,0.0,0.0,0.0,0.0,0.0,0.0006447453255963894,2012-02-29 00:00:00,0.0,0.0012894906511927789,0.0,0.0,0.0,0.0,0.0,MLP-CLean-Txt/MLP radio CLEAN .txt/20120229Europe1.txt,0.0,0.0,0.0,0.0,0.0,0.0,0.0012894906511927789,0.0,0.0,0.0,0.0,0.0006447453255963894,0.0,0.0,0.0006447453255963894,0.0,0.0,0.0,0.0,0.0,0.0,0.0,0.0,0.0,0.0006447453255963894,0.0,0.0006447453255963894,0.0,0.0012894906511927789,0.0,0.0,0.0,0.0,0.0,0.0,0.0,1551,0.0006447453255963894,DL Radio,0.0,0.0,0.0,0.0,0.0
90,0.0,0.0014831294030404152,MLP,0.0003707823507601038,0.0,0.0,0.0,0.0,0.0,0.0,0.0,2012-03-07 00:00:00,0.0,0.0003707823507601038,0.0,0.0,0.0,0.0,0.0,MLP-CLean-Txt/MLP radio CLEAN .txt/20120307RTL.txt,0.0,0.0,0.0003707823507601038,0.0,0.0,0.0,0.0,0.0,0.0,0.0,0.0007415647015202076,0.0,0.0,0.0,0.0003707823507601038,0.0003707823507601038,0.0,0.0,0.0003707823507601038,0.0,0.0,0.0,0.0,0.0,0.0,0.0,0.0003707823507601038,0.0011123470522803114,0.0007415647015202076,0.0011123470522803114,0.0003707823507601038,0.0,0.0,0.0,0.0,0.0,2697,0.0,DL Radio,0.0014831294030404152,0.0,0.0003707823507601038,0.0,0.0
91,0.0004998333888703765,0.002165944685104965,MLP,0.0,0.0,0.0,0.0,0.0,0.0,0.00016661112962345885,0.0,2012-03-15 00:00:00,0.0,0.0004998333888703765,0.0,0.0,0.0,0.0003332222592469177,0.0,MLP-CLean-Txt/MLP radio CLEAN .txt/20120315Europe1.txt,0.0,0.0,0.0,0.0,0.0,0.0,0.0004998333888703765,0.0,0.0,0.0,0.0,0.0006664445184938354,0.0,0.0,0.0,0.0,0.00016661112962345885,0.0,0.0003332222592469177,0.0,0.0,0.0,0.0,0.0,0.0003332222592469177,0.0,0.0011662779073642118,0.000999666777740753,0.000999666777740753,0.0004998333888703765,0.0,0.0,0.0,0.0006664445184938354,0.0,0.0,6002,0.00016661112962345885,DL Radio,0.0004998333888703765,0.0,0.0,0.0,0.0
92,0.0,0.0008223684210526315,MLP,0.0,0.0,0.0,0.0,0.0,0.0,0.0,0.0,2012-04-05 00:00:00,0.0,0.001644736842105263,0.0,0.0,0.0,0.0,0.0,MLP-CLean-Txt/MLP radio CLEAN .txt/20120405RTL.txt,0.0,0.0,0.0,0.0,0.0008223684210526315,0.0,0.0,0.0,0.0,0.0,0.0,0.0,0.0,0.0,0.0,0.0,0.0008223684210526315,0.0,0.001644736842105263,0.0,0.0,0.0,0.0,0.0,0.0008223684210526315,0.0,0.0,0.0,0.0,0.001644736842105263,0.0,0.0,0.0008223684210526315,0.0,0.0,0.0,1216,0.0,DL Radio,0.0,0.0,0.0,0.0,0.0008223684210526315
93,0.0,0.0,MLP,0.0,0.0035335689045936395,0.0,0.0,0.0,0.0,0.0,0.0,2012-04-09 00:00:00,0.0,0.0,0.0,0.0,0.0,0.0,0.0,MLP-CLean-Txt/MLP radio CLEAN .txt/20120409FranceInter.txt,0.0,0.0,0.0,0.0,0.0,0.0,0.0,0.0,0.0,0.0,0.0,0.0,0.0,0.0,0.0,0.0,0.0,0.0,0.0,0.0,0.0,0.0,0.0,0.0,0.0,0.0,0.0,0.0,0.0,0.0,0.0,0.0,0.0,0.0,0.0,0.0,283,0.0,DL Radio,0.0,0.0,0.0,0.0,0.0
94,0.0,0.008,MLP,0.0,0.0,0.0,0.0,0.0,0.0,0.0,0.0,2012-04-11 00:00:00,0.0,0.0,0.0,0.0,0.0,0.0,0.0,MLP-CLean-Txt/MLP radio CLEAN .txt/20120411FranceInter.txt,0.0,0.0,0.0,0.0,0.0,0.0,0.0,0.0,0.0,0.0,0.0,0.0,0.0,0.0,0.0,0.0,0.0,0.0,0.0,0.0,0.0,0.0,0.0,0.0,0.0,0.0,0.0,0.0,0.008,0.0,0.0,0.0,0.0,0.0,0.0,0.0,250,0.0,DL Radio,0.0,0.0,0.0,0.0,0.0
95,0.0,0.001554001554001554,MLP,0.0,0.0,0.0,0.0,0.0,0.0,0.0,0.0,2012-04-12 00:00:00,0.0,0.001554001554001554,0.0,0.0,0.0,0.0,0.0,MLP-CLean-Txt/MLP radio CLEAN .txt/20120412Europe1.txt,0.0,0.0,0.0,0.0,0.0,0.0,0.0,0.0,0.0,0.0,0.000777000777000777,0.0,0.0,0.0,0.0,0.0,0.0,0.0,0.0,0.0,0.0,0.0,0.0,0.0,0.000777000777000777,0.000777000777000777,0.0,0.000777000777000777,0.000777000777000777,0.000777000777000777,0.0,0.0,0.0,0.0,0.0,0.0,1287,0.001554001554001554,DL Radio,0.0,0.0,0.0,0.0,0.000777000777000777
96,0.0,0.006036217303822937,MLP,0.0,0.002012072434607646,0.0,0.0,0.0,0.0,0.0,0.0,2012-04-17 00:00:00,0.0,0.0,0.0,0.0,0.002012072434607646,0.004024144869215292,0.0,MLP-CLean-Txt/MLP radio CLEAN .txt/20120417FranceInter.txt,0.0,0.0,0.0,0.0,0.0,0.0,0.0,0.0,0.0,0.0,0.0,0.0,0.0,0.0,0.002012072434607646,0.0,0.0,0.0,0.0,0.0,0.0,0.0,0.0,0.0,0.01006036217303823,0.0,0.0,0.0,0.0,0.0,0.0,0.0,0.0,0.002012072434607646,0.0,0.0,497,0.0,DL Radio,0.0,0.0,0.0,0.0,0.0
97,0.0,0.0020554984583761563,MLP,0.0,0.0010277492291880781,0.0,0.0,0.0010277492291880781,0.0,0.0,0.0,2012-04-18 00:00:00,0.0,0.0,0.0,0.0,0.0,0.0,0.0,MLP-CLean-Txt/MLP radio CLEAN .txt/20120418RTL.txt,0.0,0.0,0.0,0.0,0.0,0.0,0.0,0.0,0.0,0.0,0.0,0.0010277492291880781,0.0,0.0,0.0,0.0,0.0,0.0,0.0010277492291880781,0.0,0.0,0.0,0.0,0.0,0.0,0.0,0.0010277492291880781,0.003083247687564234,0.0,0.0,0.0010277492291880781,0.0,0.0,0.0010277492291880781,0.0,0.0,973,0.0,DL Radio,0.006166495375128468,0.0,0.0,0.0,0.0
98,0.0,0.002271866717152594,MLP,0.0,0.0,0.0003786444528587656,0.0,0.0007572889057175312,0.0,0.0,0.0,2012-05-03 00:00:00,0.0,0.0015145778114350624,0.0,0.0,0.0,0.0,0.0,MLP-CLean-Txt/MLP radio CLEAN .txt/20120503RMC.txt,0.0,0.0,0.0,0.0003786444528587656,0.0003786444528587656,0.0,0.0,0.0,0.0,0.0,0.0,0.0003786444528587656,0.0,0.0,0.0,0.0,0.0,0.0,0.0,0.0,0.0,0.0,0.0,0.0,0.0,0.0,0.0,0.0015145778114350624,0.0,0.0003786444528587656,0.0,0.0,0.0,0.0003786444528587656,0.0,0.0,2641,0.0007572889057175312,DL Radio,0.0003786444528587656,0.0,0.0,0.0,0.0
99,0.0,0.0010416666666666667,MLP,0.0,0.0,0.0,0.0,0.0,0.0,0.0,0.0,2012-05-30 00:00:00,0.0,0.0,0.0,0.0,0.0,0.0,0.0,MLP-CLean-Txt/MLP radio CLEAN .txt/20120530RadioClassique.txt,0.0005208333333333333,0.0,0.0,0.0,0.0,0.0,0.0,0.0,0.0,0.0,0.0,0.0,0.0,0.0,0.0,0.0,0.0,0.0,0.0,0.0,0.0,0.0,0.0,0.0,0.0,0.0,0.0010416666666666667,0.004166666666666667,0.0,0.0,0.0,0.0,0.0,0.0005208333333333333,0.0,0.0,1920,0.0010416666666666667,DL Radio,0.0,0.0,0.0,0.0,0.0
100,0.0,0.0026223776223776225,MLP,0.0,0.0017482517482517483,0.0,0.0,0.0,0.0,0.0,0.0,2012-06-29 00:00:00,0.0,0.0,0.0,0.0,0.0,0.0,0.0,MLP-CLean-Txt/MLP radio CLEAN .txt/20120629RTL.txt,0.0,0.0,0.0,0.0,0.0,0.0,0.0,0.0,0.0,0.0,0.0,0.0,0.0,0.0,0.0,0.0,0.0,0.0,0.0,0.0,0.0,0.0,0.0,0.0,0.0,0.0,0.0008741258741258741,0.0,0.0,0.0017482517482517483,0.0,0.0,0.0,0.0017482517482517483,0.0,0.0,1144,0.0,DL Radio,0.0,0.0,0.0,0.0,0.0
101,0.0,0.0011876484560570072,MLP,0.0,0.0,0.0,0.0,0.0,0.0,0.0,0.0,2012-09-09 00:00:00,0.0,0.0011876484560570072,0.0,0.0,0.0,0.0,0.0011876484560570072,MLP-CLean-Txt/MLP radio CLEAN .txt/20120909FranceInter.txt,0.0011876484560570072,0.0,0.0,0.0,0.0,0.0,0.0,0.0,0.0,0.0,0.0,0.0,0.0,0.0,0.0,0.0,0.0,0.0,0.0011876484560570072,0.0,0.0,0.0,0.0,0.0,0.0023752969121140144,0.0011876484560570072,0.0,0.0023752969121140144,0.0035629453681710215,0.0011876484560570072,0.0,0.0,0.0,0.0,0.0,0.0,842,0.0,DL Radio,0.0,0.0,0.0,0.0,0.0
102,0.0,0.008035714285714285,MLP,0.0,0.0004464285714285714,0.0,0.0,0.0,0.0,0.0,0.0,2012-10-18 00:00:00,0.0,0.0008928571428571428,0.0,0.0,0.0,0.0008928571428571428,0.0,MLP-CLean-Txt/MLP radio CLEAN .txt/20121018France24.txt,0.0,0.0,0.0,0.0,0.0,0.0,0.0,0.0,0.0,0.0,0.0,0.0004464285714285714,0.0,0.0,0.0,0.0,0.0,0.0,0.0,0.0,0.0,0.0,0.0,0.0,0.0,0.0,0.002232142857142857,0.003125,0.0,0.0,0.0,0.0,0.0,0.0,0.0,0.0,2240,0.0013392857142857143,DL Radio,0.0008928571428571428,0.0,0.0,0.0,0.0004464285714285714
103,0.0,0.0,MLP,0.0,0.0,0.0,0.0,0.002072538860103627,0.0,0.0,0.0,2012-10-22 00:00:00,0.0,0.0,0.0,0.0,0.0,0.0,0.0,MLP-CLean-Txt/MLP radio CLEAN .txt/20121022RTL.txt,0.0,0.0,0.0,0.0,0.0,0.0,0.0,0.0,0.0,0.0,0.0,0.0,0.0,0.0,0.0,0.0010362694300518134,0.0,0.0,0.0,0.0,0.0,0.0,0.0,0.0,0.0,0.0,0.0,0.0031088082901554403,0.0,0.0,0.0,0.0,0.0,0.0,0.0,0.0,965,0.0,DL Radio,0.0,0.0,0.0,0.0,0.0
104,0.0,0.0,MLP,0.0,0.0,0.0,0.0,0.0,0.0,0.0,0.0,2012-11-20 00:00:00,0.0008833922261484099,0.0,0.0,0.0,0.0,0.0,0.0,MLP-CLean-Txt/MLP radio CLEAN .txt/20121120FranceInfo.txt,0.0,0.0,0.0,0.0,0.0,0.0,0.0,0.0,0.0,0.0,0.0,0.0,0.0,0.0,0.0,0.0008833922261484099,0.0,0.0,0.0,0.0,0.0,0.0,0.0,0.0,0.0,0.0,0.0,0.0035335689045936395,0.0,0.0,0.0008833922261484099,0.0,0.0,0.0,0.0,0.0,1132,0.0,DL Radio,0.0,0.0,0.0,0.0,0.0
105,0.0,0.0015337423312883436,MLP,0.0,0.0,0.0007668711656441718,0.0,0.0,0.0,0.0,0.0,2012-11-23 00:00:00,0.0003834355828220859,0.0,0.0,0.0,0.0,0.0,0.0,MLP-CLean-Txt/MLP radio CLEAN .txt/20121123RMC.txt,0.0,0.0,0.0,0.0,0.0,0.0,0.0,0.0,0.0,0.0,0.0,0.0003834355828220859,0.0,0.0,0.0,0.0003834355828220859,0.0,0.0,0.0,0.0,0.0,0.0,0.0,0.0,0.0,0.0,0.0,0.003067484662576687,0.0,0.0,0.0,0.0003834355828220859,0.0,0.0,0.0,0.0,2608,0.0,DL Radio,0.0,0.0,0.0,0.0,0.0
106,0.0,0.0012547051442910915,MLP,0.0,0.0,0.0,0.0,0.0,0.0,0.0,0.0,2012-12-10 00:00:00,0.0,0.0,0.0,0.0,0.0,0.0,0.0,MLP-CLean-Txt/MLP radio CLEAN .txt/20121210RTL.txt,0.0,0.0,0.0,0.0,0.0,0.0,0.0,0.0,0.0,0.0,0.0,0.0,0.0,0.0,0.0,0.0,0.0,0.0,0.0,0.0,0.0,0.0,0.0,0.0,0.0,0.0,0.0,0.002509410288582183,0.0,0.0,0.0,0.0,0.0,0.0,0.0,0.0,797,0.0,DL Radio,0.0,0.0,0.0,0.0,0.0
107,0.0,0.000628140703517588,MLP,0.0,0.0,0.000628140703517588,0.0,0.0,0.0,0.000628140703517588,0.0,2013-01-09 00:00:00,0.0,0.0,0.0,0.0,0.0,0.0,0.0018844221105527637,MLP-CLean-Txt/MLP radio CLEAN .txt/20130109RadioClassique.txt,0.0,0.0,0.000628140703517588,0.0,0.0,0.0,0.0,0.0,0.0,0.0,0.0,0.000628140703517588,0.0,0.0,0.0,0.0,0.0,0.000628140703517588,0.000628140703517588,0.0,0.0,0.0,0.0,0.0,0.0,0.0,0.0,0.0037688442211055275,0.0,0.000628140703517588,0.0,0.0,0.0,0.0,0.0,0.0,1592,0.0,DL Radio,0.0,0.0,0.0,0.0,0.0
108,0.0,0.00205761316872428,JMLP,0.0,0.0,0.00102880658436214,0.0,0.0,0.0,0.0,0.0,1997-05-25 00:00:00,0.0,0.0,0.0,0.0,0.0,0.0,0.0,JMLP-CLean-Txt/JMLP TV CLEAN .txt/19970525France2.txt,0.0,0.0,0.0,0.0,0.0,0.0,0.0,0.0,0.0,0.0,0.0,0.0,0.0,0.0,0.0,0.0,0.0,0.0,0.0,0.0,0.0,0.0,0.00102880658436214,0.0,0.0,0.0,0.00411522633744856,0.00205761316872428,0.0,0.0,0.0,0.0,0.0,0.0,0.0,0.0,972,0.0,DLTV,0.00102880658436214,0.0,0.0,0.0,0.0
109,0.0,0.025974025974025976,JMLP,0.0,0.0,0.0,0.0,0.004329004329004329,0.0,0.0,0.0,1997-05-27 00:00:00,0.0,0.0,0.0,0.0,0.0,0.0,0.0,JMLP-CLean-Txt/JMLP TV CLEAN .txt/19970527France2.txt,0.0,0.0,0.0,0.0,0.004329004329004329,0.0,0.0,0.0,0.0,0.0,0.0,0.0,0.0,0.0,0.0,0.0,0.0,0.0,0.0,0.0,0.0,0.0,0.004329004329004329,0.0,0.0,0.0,0.0,0.0,0.0,0.0,0.0,0.0,0.0,0.0,0.0,0.0,231,0.0,DLTV,0.0,0.0,0.0,0.0,0.0
110,0.0,0.00021422450728363326,JMLP,0.0,0.0,0.00021422450728363326,0.0,0.0,0.0,0.0,0.0004284490145672665,1998-02-08 00:00:00,0.0004284490145672665,0.0004284490145672665,0.0004284490145672665,0.0,0.0,0.0,0.0,JMLP-CLean-Txt/JMLP TV CLEAN .txt/19980208TF1.txt,0.0,0.0,0.00021422450728363326,0.0,0.0,0.0,0.0,0.0,0.0,0.0,0.0,0.0,0.0,0.0,0.0,0.0,0.0,0.0,0.0,0.0,0.0,0.0,0.0,0.0,0.0,0.0,0.0012853470437017994,0.0014995715509854327,0.0,0.0,0.00021422450728363326,0.0,0.0,0.0,0.0,0.0,4668,0.00021422450728363326,DLTV,0.0,0.0,0.0,0.0,0.0
111,0.0,0.0022701475595913734,JMLP,0.0,0.0,0.0,0.0,0.0,0.0,0.0,0.0011350737797956867,1998-03-02 00:00:00,0.0,0.0,0.0,0.0,0.0,0.0,0.0,JMLP-CLean-Txt/JMLP TV CLEAN .txt/19980302TF1.txt,0.0,0.0,0.0011350737797956867,0.0,0.0,0.0,0.0,0.0,0.0,0.0,0.0,0.0,0.0,0.0,0.0,0.0,0.0011350737797956867,0.0,0.0,0.0,0.0,0.0,0.0,0.0,0.0,0.0,0.0022701475595913734,0.0022701475595913734,0.0,0.0,0.0,0.0,0.0011350737797956867,0.0,0.0,0.0,881,0.0011350737797956867,DLTV,0.0,0.0011350737797956867,0.0,0.0011350737797956867,0.0
112,0.0,0.0,JMLP,0.0,0.0,0.0,0.0,0.0,0.0,0.0,0.0,1998-03-15 00:00:00,0.0,0.0,0.0,0.0,0.0,0.0,0.0,JMLP-CLean-Txt/JMLP TV CLEAN .txt/19980315C+.txt,0.0,0.0,0.0,0.0,0.0,0.0,0.0,0.0,0.0,0.0,0.0,0.0,0.0,0.0,0.0,0.0,0.0,0.0,0.0,0.0,0.0,0.0,0.0,0.0,0.0,0.0,0.0,0.015151515151515152,0.0,0.0,0.0,0.0,0.0,0.0,0.0,0.0,66,0.0,DLTV,0.0,0.0,0.0,0.0,0.0
113,0.0005565862708719852,0.001484230055658627,JMLP,0.0,0.0,0.0011131725417439704,0.0,0.0,0.0,0.0,0.0,1998-12-13 00:00:00,0.00018552875695732838,0.00037105751391465676,0.0,0.0,0.0,0.0,0.00037105751391465676,JMLP-CLean-Txt/JMLP TV CLEAN .txt/19981213TF1.txt,0.0,0.0,0.00018552875695732838,0.0,0.0,0.0,0.00018552875695732838,0.0,0.0,0.0,0.0,0.00018552875695732838,0.0,0.00018552875695732838,0.0,0.0,0.00037105751391465676,0.0,0.0,0.0,0.0,0.0,0.0,0.0,0.0,0.0,0.00018552875695732838,0.003339517625231911,0.0,0.0,0.0,0.0,0.0,0.0,0.0,0.0,5390,0.00037105751391465676,DLTV,0.0,0.0,0.0,0.0,0.0
114,0.0004091653027823241,0.0,JMLP,0.0,0.0,0.0008183306055646482,0.0,0.0,0.0,0.0,0.0,1999-01-24 00:00:00,0.0008183306055646482,0.0004091653027823241,0.0,0.0,0.0,0.0,0.0,JMLP-CLean-Txt/JMLP TV CLEAN .txt/19990124France2.txt,0.0,0.0,0.0,0.0,0.0,0.0,0.0,0.0,0.0,0.0,0.0,0.0004091653027823241,0.0,0.0,0.0,0.0,0.0,0.0,0.0,0.0,0.0,0.0,0.0,0.0,0.0,0.0,0.0008183306055646482,0.0020458265139116204,0.0,0.0,0.0012274959083469722,0.0,0.0,0.0004091653027823241,0.0,0.0,2444,0.0,DLTV,0.0,0.0,0.0,0.0,0.0004091653027823241
115,0.0004451368795904741,0.0017805475183618963,JMLP,0.0,0.0,0.0,0.0,0.0,0.0,0.00022256843979523704,0.0,1999-04-11 00:00:00,0.0,0.00022256843979523704,0.0,0.0,0.0,0.0,0.00022256843979523704,JMLP-CLean-Txt/JMLP TV CLEAN .txt/19990411France3.txt,0.0,0.0,0.0,0.0,0.0,0.0,0.0,0.0,0.0,0.0,0.0,0.0,0.0,0.0,0.0,0.00022256843979523704,0.0,0.0,0.0,0.0,0.0,0.0006677053193857111,0.0,0.0,0.0,0.0,0.0006677053193857111,0.0042288003561095034,0.00022256843979523704,0.00022256843979523704,0.0,0.0,0.0,0.0,0.0,0.0,4493,0.0,DLTV,0.00022256843979523704,0.00022256843979523704,0.0,0.0,0.0
116,0.000588235294117647,0.001176470588235294,JMLP,0.0,0.0,0.0,0.0,0.0,0.0,0.000588235294117647,0.000588235294117647,1999-05-30 00:00:00,0.0,0.0017647058823529412,0.0,0.0,0.0,0.0,0.0,JMLP-CLean-Txt/JMLP TV CLEAN .txt/19990530France2.txt,0.0,0.0,0.0,0.0,0.0,0.0,0.0,0.0,0.0,0.0,0.0,0.000588235294117647,0.0,0.0,0.0,0.000588235294117647,0.0,0.0,0.0,0.0,0.0,0.0,0.0,0.0,0.0,0.0,0.002352941176470588,0.005294117647058823,0.0,0.000588235294117647,0.0,0.0,0.0,0.0,0.0,0.0,1700,0.0,DLTV,0.0,0.0,0.0,0.0,0.0
117,0.0,0.0024271844660194173,JMLP,0.0,0.0,0.0,0.0,0.0,0.0,0.0,0.0,2000-04-25 00:00:00,0.0,0.0012135922330097086,0.0,0.0,0.0,0.0,0.0,JMLP-CLean-Txt/JMLP TV CLEAN .txt/20000425France2.txt,0.0,0.0,0.0,0.0,0.0,0.0,0.0,0.0,0.0,0.0,0.0,0.0,0.0,0.0,0.0,0.0,0.0,0.0,0.0,0.0,0.0,0.0,0.0,0.0,0.0,0.0,0.0,0.0048543689320388345,0.0,0.0,0.0,0.0,0.0,0.0,0.0,0.0,824,0.0012135922330097086,DLTV,0.0,0.0,0.0,0.0,0.0
118,0.0,0.0,JMLP,0.0,0.0,0.0,0.0,0.0,0.0,0.0,0.0,2000-09-12 00:00:00,0.0,0.0016025641025641025,0.0,0.0,0.0,0.0,0.0,JMLP-CLean-Txt/JMLP TV CLEAN .txt/20000912TF1.txt,0.0,0.0,0.0,0.0,0.0,0.0,0.0,0.0,0.0,0.0,0.0,0.0,0.0,0.0,0.0,0.0,0.0,0.0,0.0,0.0,0.0,0.0,0.0,0.0,0.0,0.0,0.0,0.008012820512820512,0.0,0.0,0.0,0.0,0.0,0.0,0.0,0.0,624,0.0,DLTV,0.0016025641025641025,0.0016025641025641025,0.0,0.0,0.0
119,0.0,0.0,JMLP,0.0,0.0,0.0,0.0,0.0,0.0,0.0,0.0,2001-02-09 00:00:00,0.0,0.0,0.0,0.0,0.0,0.0,0.0010834236186348862,JMLP-CLean-Txt/JMLP TV CLEAN .txt/20010209France2.txt,0.0,0.0,0.0010834236186348862,0.0,0.0,0.0,0.0,0.0,0.0,0.0,0.0,0.0,0.0,0.0,0.0,0.0,0.0,0.0,0.0,0.0,0.0,0.0,0.0,0.0,0.0,0.0,0.0,0.0021668472372697724,0.0,0.0,0.0,0.0,0.0,0.0,0.0,0.0,923,0.0,DLTV,0.0,0.0,0.0,0.0,0.0
120,0.0,0.0029211295034079843,JMLP,0.0,0.0,0.0,0.0,0.0019474196689386564,0.0,0.0,0.0,2001-02-13 00:00:00,0.0019474196689386564,0.0009737098344693282,0.0,0.0,0.0,0.0,0.0009737098344693282,JMLP-CLean-Txt/JMLP TV CLEAN .txt/20010213TF1.txt,0.0,0.0,0.0,0.0,0.0,0.0,0.0,0.0,0.0,0.0,0.0,0.0,0.0,0.0,0.0,0.0,0.0,0.0,0.0,0.0,0.0,0.0,0.0009737098344693282,0.0,0.0,0.0,0.0,0.004868549172346641,0.0,0.0,0.0,0.0,0.0,0.0,0.0,0.0,1027,0.0,DLTV,0.0009737098344693282,0.0,0.0,0.0,0.0
121,0.0,0.004449388209121246,JMLP,0.0,0.0,0.0,0.0,0.0,0.0,0.0,0.0,2001-08-20 00:00:00,0.0,0.0,0.0,0.0,0.0,0.0,0.0,JMLP-CLean-Txt/JMLP TV CLEAN .txt/20010820France2.txt,0.0,0.0,0.0,0.0,0.0,0.0,0.0,0.0,0.0,0.0,0.0,0.0011123470522803114,0.0,0.0,0.0,0.0,0.0,0.0,0.0,0.0,0.0,0.0,0.0,0.0,0.0,0.0,0.0,0.0,0.0,0.0,0.0,0.0,0.0,0.0,0.0,0.0,899,0.0,DLTV,0.0,0.0,0.0,0.0,0.0
122,0.0,0.003734827264239029,JMLP,0.0,0.0,0.0,0.0,0.0,0.0,0.0,0.0,2001-11-13 00:00:00,0.0,0.0,0.0,0.0,0.0,0.0,0.0,JMLP-CLean-Txt/JMLP TV CLEAN .txt/20011113TF1.txt,0.0,0.0,0.0,0.0,0.0,0.0,0.0,0.0,0.0,0.0,0.0,0.0,0.0,0.0,0.0,0.0,0.0,0.0,0.0,0.0,0.0,0.0,0.0,0.0,0.0,0.0,0.0,0.0009337068160597573,0.0,0.0,0.0,0.0,0.0,0.0,0.0,0.0,1071,0.0,DLTV,0.0,0.0,0.0,0.0,0.0
123,0.0005149330587023687,0.003089598352214212,JMLP,0.0,0.0,0.0,0.0,0.0,0.0,0.0,0.0,2002-01-17 00:00:00,0.0,0.0,0.0,0.0,0.0010298661174047373,0.0,0.0,JMLP-CLean-Txt/JMLP TV CLEAN .txt/20020117France2.txt,0.0,0.0,0.0,0.0,0.0,0.0,0.0,0.0,0.0,0.0,0.0,0.0005149330587023687,0.0,0.0,0.0,0.0,0.0,0.0,0.0005149330587023687,0.0,0.0,0.0,0.0,0.0,0.0,0.0,0.0,0.004634397528321318,0.0,0.0,0.0,0.0,0.0,0.0005149330587023687,0.0,0.0,1942,0.0,DLTV,0.0,0.0,0.0,0.0,0.0
124,0.0014285714285714286,0.002142857142857143,JMLP,0.0,0.0,0.0007142857142857143,0.0,0.00035714285714285714,0.0,0.0,0.0,2002-03-13 00:00:00,0.0,0.0,0.0,0.0,0.0,0.0,0.00035714285714285714,JMLP-CLean-Txt/JMLP TV CLEAN .txt/20020313France3.txt,0.0,0.0,0.00035714285714285714,0.0,0.0,0.0,0.0,0.0,0.0,0.0,0.0,0.00035714285714285714,0.0,0.0,0.0,0.0007142857142857143,0.0,0.0,0.0,0.0,0.0,0.0007142857142857143,0.0,0.0,0.0,0.0,0.0,0.0025,0.0,0.0007142857142857143,0.0,0.0,0.0,0.0,0.0,0.0,2800,0.0014285714285714286,DLTV,0.0,0.0,0.0,0.0,0.0
125,0.0,0.0071174377224199285,JMLP,0.0035587188612099642,0.0,0.0,0.0,0.0,0.0,0.0,0.0,2002-04-10 00:00:00,0.0,0.0,0.0,0.0,0.0,0.0,0.0,JMLP-CLean-Txt/JMLP TV CLEAN .txt/20020410France2.txt,0.0,0.0,0.0,0.0,0.0,0.0,0.0035587188612099642,0.0,0.0,0.0,0.0,0.0,0.0,0.0,0.0,0.0,0.0035587188612099642,0.0,0.0,0.0,0.0,0.0,0.0,0.0,0.0,0.0,0.0,0.0071174377224199285,0.0,0.0,0.0,0.0,0.0,0.0035587188612099642,0.0,0.0,281,0.0,DLTV,0.0,0.0,0.0,0.0,0.0
126,0.0,0.004160887656033287,JMLP,0.0,0.0,0.0,0.0,0.0,0.0,0.0,0.0,2002-04-16 00:00:00,0.0,0.0,0.0,0.0,0.0,0.0,0.0,JMLP-CLean-Txt/JMLP TV CLEAN .txt/20020416Canal+.txt,0.0,0.0,0.0,0.0,0.0,0.0,0.0,0.0,0.0,0.0,0.0,0.0013869625520110957,0.0,0.0,0.0,0.0,0.0,0.0,0.0,0.0,0.0,0.0,0.0,0.0,0.0,0.0,0.0,0.006934812760055479,0.0,0.0,0.0,0.0,0.0,0.0,0.0,0.0,721,0.0,DLTV,0.0027739251040221915,0.0,0.0,0.0,0.0
127,0.0,0.009535160905840286,JMLP,0.0011918951132300357,0.0,0.0,0.0,0.0,0.0,0.0,0.0,2002-04-21 00:00:00,0.0,0.0,0.0,0.0,0.0,0.0,0.0,JMLP-CLean-Txt/JMLP TV CLEAN .txt/20020421France2.txt,0.0,0.0011918951132300357,0.0,0.0,0.0,0.0,0.0,0.0,0.0,0.0,0.0,0.0,0.0,0.0,0.0,0.0,0.0,0.0,0.0,0.0,0.0,0.0,0.0023837902264600714,0.0,0.0,0.0,0.004767580452920143,0.0,0.0,0.0,0.0,0.0,0.0,0.0,0.0,0.0,839,0.0,DLTV,0.0,0.0,0.0,0.0,0.0
128,0.0006786562606040041,0.0027146250424160165,JMLP,0.0,0.0,0.0010179843909060061,0.0,0.0,0.0,0.00033932813030200206,0.0,2002-04-30 00:00:00,0.0,0.0,0.0,0.0,0.0,0.00033932813030200206,0.0,JMLP-CLean-Txt/JMLP TV CLEAN .txt/20020430TF1.txt,0.0,0.0,0.0,0.0,0.0,0.0,0.0,0.0,0.0,0.0,0.0,0.0,0.0,0.0,0.0,0.0,0.0,0.0,0.0,0.0,0.0,0.0,0.0,0.0,0.0,0.0,0.0,0.0010179843909060061,0.0,0.0,0.0,0.0,0.00033932813030200206,0.00033932813030200206,0.0,0.0,2947,0.0006786562606040041,DLTV,0.0,0.0,0.0,0.0,0.0
129,0.0,0.001443001443001443,JMLP,0.0,0.0,0.0,0.0,0.001443001443001443,0.0,0.0,0.0,2002-06-04 00:00:00,0.0,0.0,0.0,0.0,0.0,0.0,0.0,JMLP-CLean-Txt/JMLP TV CLEAN .txt/20020604TF1.txt,0.0,0.0,0.0,0.0,0.0,0.0,0.0,0.0,0.0,0.0,0.0,0.0,0.0,0.0,0.0,0.0,0.0,0.0,0.0,0.0,0.0,0.0,0.0,0.0,0.0,0.0,0.0,0.002886002886002886,0.0,0.0,0.0,0.0,0.0,0.0,0.0,0.0,693,0.0,DLTV,0.0,0.0,0.0,0.0,0.0
130,0.0008726003490401396,0.0017452006980802793,JMLP,0.0,0.0,0.0,0.0,0.0,0.0,0.0,0.0,2002-11-07 00:00:00,0.0,0.0008726003490401396,0.002617801047120419,0.0,0.0,0.0,0.0,JMLP-CLean-Txt/JMLP TV CLEAN .txt/20021107France2.txt,0.0,0.0,0.0,0.0,0.0,0.0,0.0,0.0,0.0,0.0,0.0,0.0,0.0008726003490401396,0.0,0.0,0.0008726003490401396,0.0,0.0,0.0,0.0,0.0,0.0,0.0,0.0,0.0,0.0,0.0,0.0,0.0,0.0,0.0,0.0,0.0,0.0,0.0,0.0,1146,0.0,DLTV,0.0,0.0,0.0,0.0,0.0
131,0.0003288391976323578,0.0026307135810588623,JMLP,0.0,0.0,0.0003288391976323578,0.0,0.0001644195988161789,0.0,0.0,0.0,2003-05-05 00:00:00,0.0,0.0009865175928970734,0.0,0.0,0.0,0.0,0.0003288391976323578,JMLP-CLean-Txt/JMLP TV CLEAN .txt/20030505France2.txt,0.0,0.0,0.0001644195988161789,0.0,0.0001644195988161789,0.0,0.0,0.0,0.0,0.0,0.0,0.0003288391976323578,0.0001644195988161789,0.0,0.0,0.0004932587964485367,0.0001644195988161789,0.0,0.0001644195988161789,0.0,0.0,0.0,0.0,0.0,0.0,0.0001644195988161789,0.0001644195988161789,0.0036172311739559354,0.0,0.0,0.0001644195988161789,0.0,0.0001644195988161789,0.0,0.0,0.0,6082,0.0001644195988161789,DLTV,0.0,0.0,0.0,0.0,0.0
132,0.0,0.0013986013986013986,JMLP,0.0,0.0,0.0,0.0,0.0,0.0,0.0,0.0,2004-03-11 00:00:00,0.0,0.0,0.0,0.0,0.0,0.0,0.0,JMLP-CLean-Txt/JMLP TV CLEAN .txt/20040311France2.txt,0.0,0.0,0.0,0.0,0.0,0.0,0.0,0.0,0.0,0.0,0.0,0.0,0.0,0.0,0.0,0.0,0.0,0.0,0.0,0.0,0.0,0.0,0.0,0.0,0.0,0.0,0.0,0.0,0.0013986013986013986,0.0,0.0,0.0,0.0,0.0,0.0,0.0,715,0.005594405594405594,DLTV,0.0,0.0,0.0,0.0,0.0
133,0.0,0.003861003861003861,JMLP,0.0009652509652509653,0.0,0.0019305019305019305,0.0,0.0,0.0,0.0,0.0,2005-05-18 00:00:00,0.0,0.0,0.0,0.0,0.0,0.0,0.0,JMLP-CLean-Txt/JMLP TV CLEAN .txt/20050518France2.txt,0.0,0.0,0.0,0.0,0.0,0.0,0.0,0.0,0.0,0.0,0.0,0.0,0.0,0.0,0.0,0.0,0.0,0.0,0.0,0.0,0.0,0.0,0.0,0.0,0.0,0.0,0.003861003861003861,0.0019305019305019305,0.0,0.0,0.0,0.0,0.0,0.0,0.0,0.0,1036,0.0,DLTV,0.0,0.0,0.0,0.0,0.0
134,0.0,0.004119464469618949,JMLP,0.0,0.0,0.0,0.0,0.0010298661174047373,0.0,0.0,0.0,2005-10-07 00:00:00,0.0,0.0,0.0,0.0,0.0,0.0,0.0,JMLP-CLean-Txt/JMLP TV CLEAN .txt/20051007C+.txt,0.0,0.0,0.0,0.0,0.0,0.0,0.0,0.0,0.0,0.0,0.0,0.0,0.0,0.0,0.0,0.0,0.0,0.0,0.0,0.0,0.0,0.0,0.0,0.0,0.0,0.0,0.001544799176107106,0.007209062821833162,0.0,0.0,0.0,0.0,0.0,0.0,0.0,0.0,1942,0.0005149330587023687,DLTV,0.0,0.0,0.0,0.0,0.0
135,0.0,0.002486016159105034,JMLP,0.0,0.0,0.0,0.0,0.0,0.0,0.0,0.0,2006-06-12 00:00:00,0.0006215040397762585,0.0,0.0006215040397762585,0.0,0.0,0.0,0.001243008079552517,JMLP-CLean-Txt/JMLP TV CLEAN .txt/20060612C+.txt,0.0,0.0,0.0,0.0,0.0,0.0,0.0,0.0,0.0,0.0,0.0,0.0,0.0,0.0,0.0,0.0,0.0,0.0,0.0,0.0,0.0,0.0,0.0,0.0,0.0,0.0,0.0,0.001243008079552517,0.0,0.0,0.0,0.0,0.0,0.0,0.0,0.0,1609,0.0,DLTV,0.0,0.0,0.0,0.0,0.0
136,0.00043782837127845885,0.0008756567425569177,JMLP,0.0,0.0,0.00043782837127845885,0.0,0.0,0.0,0.0,0.0,2006-10-15 00:00:00,0.00043782837127845885,0.0013134851138353765,0.00043782837127845885,0.0,0.0,0.0,0.0,JMLP-CLean-Txt/JMLP TV CLEAN .txt/20061015C+.txt,0.0,0.0,0.0008756567425569177,0.0,0.00043782837127845885,0.0,0.0,0.0,0.0,0.0,0.0,0.0013134851138353765,0.0,0.0,0.0,0.0,0.0,0.0,0.0,0.0,0.0,0.0,0.0,0.0008756567425569177,0.0,0.0,0.0013134851138353765,0.0013134851138353765,0.0,0.0,0.0,0.0,0.0,0.0,0.0,0.0,2284,0.0,DLTV,0.00043782837127845885,0.0,0.0,0.0,0.0
137,0.0,0.000877963125548727,JMLP,0.0,0.0,0.0013169446883230904,0.0,0.0,0.0,0.0,0.0,2007-04-06 00:00:00,0.0,0.0,0.0,0.0,0.0,0.0,0.0,JMLP-CLean-Txt/JMLP TV CLEAN .txt/20070406C+.txt,0.0,0.0,0.0,0.0,0.0,0.0,0.0,0.0,0.0,0.0,0.0,0.0013169446883230904,0.0,0.0,0.0,0.000877963125548727,0.0,0.0,0.0,0.0,0.0,0.0,0.0,0.0,0.0,0.0,0.0004389815627743635,0.004389815627743635,0.0,0.0,0.0,0.0,0.0,0.0,0.0,0.0,2278,0.000877963125548727,DLTV,0.0,0.0004389815627743635,0.0,0.0,0.0
138,0.0,0.0,JMLP,0.0,0.0,0.0,0.0,0.0,0.0,0.0,0.0,2007-04-19 00:00:00,0.0,0.005813953488372093,0.0,0.0,0.0,0.0,0.0,JMLP-CLean-Txt/JMLP TV CLEAN .txt/20070419France2.txt,0.0,0.0,0.0,0.0,0.0,0.0,0.0,0.0,0.0,0.0,0.0,0.0,0.0,0.0,0.0,0.0,0.0,0.0,0.0,0.0,0.0,0.0,0.0,0.0,0.0,0.0,0.0,0.0,0.0,0.0,0.0,0.0,0.0,0.0,0.0,0.0,172,0.005813953488372093,DLTV,0.0,0.0,0.0,0.0,0.0
139,0.0,0.004149377593360996,JMLP,0.0,0.0,0.0,0.0,0.0,0.0,0.0,0.0,2007-04-22 00:00:00,0.0,0.0,0.0,0.0,0.0,0.0,0.0,JMLP-CLean-Txt/JMLP TV CLEAN .txt/20070422France3.txt,0.0,0.0,0.0,0.0,0.0,0.0,0.0,0.0,0.0,0.0,0.0,0.0,0.0,0.0,0.0,0.0,0.004149377593360996,0.0,0.004149377593360996,0.0,0.0,0.0,0.0,0.0,0.008298755186721992,0.0,0.0,0.004149377593360996,0.0,0.0,0.0,0.0,0.0,0.0,0.0,0.0,241,0.0,DLTV,0.0,0.0,0.0,0.004149377593360996,0.0
140,0.0,0.0,JMLP,0.0,0.0,0.0004478280340349306,0.0,0.0,0.0,0.0008956560680698612,0.0,2008-01-12 00:00:00,0.0,0.0013434841021047917,0.0,0.0,0.0,0.0,0.0,JMLP-CLean-Txt/JMLP TV CLEAN .txt/20080112France5.txt,0.0,0.0,0.0,0.0,0.0,0.0,0.0,0.0,0.0,0.0,0.0,0.0,0.0,0.0,0.0,0.0004478280340349306,0.0004478280340349306,0.0,0.0,0.0,0.0,0.0,0.0,0.0,0.0,0.0,0.0004478280340349306,0.0026869682042095834,0.0,0.0,0.0004478280340349306,0.0,0.0,0.0,0.0,0.0,2233,0.0004478280340349306,DLTV,0.0,0.0,0.0,0.0,0.0
141,0.0,0.0032137118371719335,JMLP,0.0,0.0,0.0,0.0,0.0,0.0,0.0,0.0,2008-05-02 00:00:00,0.0005356186395286556,0.0,0.0,0.0,0.0,0.0,0.0,JMLP-CLean-Txt/JMLP TV CLEAN .txt/20080502C+.txt,0.0,0.0,0.0,0.0,0.0,0.0,0.0,0.0,0.0,0.0,0.0,0.0021424745581146223,0.0,0.0,0.0,0.0,0.0,0.0,0.0005356186395286556,0.0,0.0,0.0,0.0,0.0,0.0,0.0,0.0005356186395286556,0.0021424745581146223,0.0005356186395286556,0.0,0.0,0.0,0.0,0.0,0.0010712372790573112,0.0,1867,0.0,DLTV,0.0,0.0,0.0,0.0,0.0
142,0.0,0.0021413276231263384,JMLP,0.0,0.0,0.0,0.0,0.0,0.0,0.0,0.0,2008-12-30 00:00:00,0.0,0.0010706638115631692,0.0,0.0,0.0,0.0,0.0,JMLP-CLean-Txt/JMLP TV CLEAN .txt/20081230France2.txt,0.0,0.0,0.0010706638115631692,0.0,0.0,0.0,0.0,0.0,0.0,0.0,0.0,0.0,0.0,0.0,0.0,0.0,0.0,0.0,0.0,0.0,0.0,0.0,0.0,0.0,0.0,0.0,0.0,0.0032119914346895075,0.0,0.0,0.0,0.0,0.0,0.0,0.0,0.0,934,0.0,DLTV,0.0,0.0,0.0,0.0,0.0
143,0.0,0.0023234200743494425,JMLP,0.0,0.0,0.0,0.0,0.0,0.0,0.0,0.0,2002-03-22 00:00:00,0.0,0.0013940520446096654,0.0,0.0,0.0,0.0,0.00046468401486988845,JMLP-CLean-Txt/JMLP TV CLEAN .txt/20020322LCI.txt,0.0,0.0,0.0,0.0,0.0,0.0,0.0,0.0,0.0,0.0,0.0,0.0,0.0,0.0,0.0,0.0,0.0013940520446096654,0.0,0.0,0.0,0.0,0.0,0.0,0.0,0.0,0.0,0.0,0.0013940520446096654,0.0,0.0,0.0,0.0,0.00046468401486988845,0.0009293680297397769,0.0,0.0,2152,0.0,CabSat,0.0,0.00046468401486988845,0.0,0.0,0.0
144,0.00042158516020236085,0.002951096121416526,JMLP,0.0,0.0,0.0012647554806070826,0.0,0.0,0.0,0.0,0.0,2002-04-25 00:00:00,0.0,0.0,0.0,0.0,0.0,0.0,0.0,JMLP-CLean-Txt/JMLP TV CLEAN .txt/20020425LCI.txt,0.0,0.0,0.00042158516020236085,0.0,0.0,0.0,0.0,0.0,0.0,0.0,0.0,0.0,0.0,0.0,0.00042158516020236085,0.0,0.00042158516020236085,0.0,0.0,0.0,0.0,0.0,0.0,0.0,0.0,0.0,0.0021079258010118043,0.0037942664418212477,0.0008431703204047217,0.0,0.0,0.0,0.0,0.0,0.00042158516020236085,0.0,2372,0.00042158516020236085,CabSat,0.0,0.0,0.0,0.0,0.0
145,0.0,0.0028500178126113287,JMLP,0.0,0.0,0.0007125044531528322,0.0,0.0,0.0,0.0,0.0,2002-05-02 00:00:00,0.0003562522265764161,0.0007125044531528322,0.0,0.0,0.0,0.0,0.0003562522265764161,JMLP-CLean-Txt/JMLP TV CLEAN .txt/20020502LCI.txt,0.0,0.0,0.0003562522265764161,0.0,0.0003562522265764161,0.0,0.0,0.0,0.0,0.0,0.0,0.0003562522265764161,0.0003562522265764161,0.0,0.0,0.0,0.0,0.0,0.0,0.0,0.0,0.0,0.0,0.0,0.0,0.0,0.0017812611328820805,0.0028500178126113287,0.0,0.0,0.0,0.0,0.0003562522265764161,0.0,0.0003562522265764161,0.0,2807,0.0010687566797292483,CabSat,0.0,0.0,0.0,0.0,0.0
146,0.0006101281269066504,0.0024405125076266015,JMLP,0.0,0.0,0.0,0.0,0.0,0.0,0.0,0.0,2003-10-17 00:00:00,0.0,0.0012202562538133007,0.0,0.0,0.0,0.0,0.0,JMLP-CLean-Txt/JMLP TV CLEAN .txt/20031017LCI.txt,0.0,0.0,0.0,0.0,0.0006101281269066504,0.0,0.0,0.0006101281269066504,0.0,0.0,0.0,0.0,0.0,0.0,0.0006101281269066504,0.0018303843807199512,0.0006101281269066504,0.0,0.0,0.0,0.0,0.0,0.0,0.0,0.0,0.0,0.0,0.0012202562538133007,0.0,0.0,0.0,0.0,0.0,0.0,0.0,0.0,1639,0.0006101281269066504,CabSat,0.0,0.0,0.0,0.0,0.0
147,0.0,0.0017584994138335288,JMLP,0.0,0.0,0.0,0.0,0.0,0.0,0.0,0.0,2003-11-22 00:00:00,0.0,0.0017584994138335288,0.0,0.0,0.0,0.0,0.0005861664712778429,JMLP-CLean-Txt/JMLP TV CLEAN .txt/20031122TV5.txt,0.0,0.0,0.0,0.0,0.0005861664712778429,0.0,0.0,0.0,0.0,0.0,0.0,0.0,0.0,0.0,0.0,0.0,0.0,0.0,0.0,0.0,0.0,0.0,0.0,0.0,0.0,0.0,0.0005861664712778429,0.0035169988276670576,0.0,0.0,0.0005861664712778429,0.0,0.0,0.0,0.0,0.0,1706,0.0005861664712778429,CabSat,0.0,0.0,0.0,0.0,0.0
148,0.0,0.0034347399411187437,JMLP,0.0,0.0,0.0,0.0,0.0,0.0,0.0,0.0,2004-03-23 00:00:00,0.0,0.0004906771344455348,0.0,0.0,0.0,0.0,0.0,JMLP-CLean-Txt/JMLP TV CLEAN .txt/20040323LCI.txt,0.0,0.0,0.0,0.0,0.0,0.0,0.0,0.0,0.0,0.0,0.0,0.0,0.0,0.0,0.0,0.0,0.0004906771344455348,0.0,0.0,0.0,0.0,0.0,0.0,0.0,0.0,0.0,0.0,0.003925417075564278,0.0,0.0,0.0,0.0,0.0,0.0,0.0,0.0,2038,0.0009813542688910696,CabSat,0.0,0.0,0.0,0.0,0.0
149,0.0,0.0,JMLP,0.0,0.0,0.0,0.0,0.0,0.0,0.0,0.0,2004-09-17 00:00:00,0.0,0.000980392156862745,0.0,0.0,0.0,0.0,0.0,JMLP-CLean-Txt/JMLP TV CLEAN .txt/20040917LCI.txt,0.0,0.0,0.0,0.0,0.0,0.0,0.000980392156862745,0.0,0.0,0.0,0.0,0.0,0.0,0.0,0.0,0.0,0.0,0.0,0.0,0.0,0.0,0.0,0.0,0.0,0.0,0.0,0.0,0.011764705882352941,0.0,0.0,0.0,0.0,0.0,0.0,0.0,0.0,1020,0.0,CabSat,0.0,0.0,0.0,0.0,0.0
150,0.00101010101010101,0.006060606060606061,JMLP,0.0,0.0,0.0,0.0,0.0,0.0,0.0,0.0,2005-05-20 00:00:00,0.0,0.0,0.0,0.0,0.0,0.0,0.0,JMLP-CLean-Txt/JMLP TV CLEAN .txt/20050520LCI.txt,0.0,0.0,0.0,0.0,0.0,0.0,0.0,0.0,0.0,0.0,0.0,0.0,0.0,0.0,0.0,0.0,0.0,0.0,0.00101010101010101,0.0,0.0,0.0,0.0,0.0,0.0,0.0,0.0030303030303030303,0.00101010101010101,0.0,0.0,0.0,0.0,0.0,0.0,0.0,0.0,990,0.0,CabSat,0.0,0.0,0.00101010101010101,0.0,0.0
151,0.0,0.004835589941972921,JMLP,0.0009671179883945841,0.0,0.0,0.0,0.0,0.0,0.0,0.0,2006-04-21 00:00:00,0.0,0.0,0.0,0.0,0.0,0.0,0.0,JMLP-CLean-Txt/JMLP TV CLEAN .txt/20060421LCI.txt,0.0,0.0,0.0,0.0,0.0,0.0,0.0,0.0,0.0,0.0,0.0,0.0,0.0,0.0,0.0,0.0,0.0,0.0,0.0,0.0,0.0,0.0,0.0,0.0019342359767891683,0.0,0.0,0.0009671179883945841,0.0038684719535783366,0.0,0.0,0.0,0.0,0.0,0.0,0.0,0.0,1034,0.0,CabSat,0.0,0.0,0.0,0.0,0.0
152,0.0,0.0017953321364452424,JMLP,0.0,0.0,0.0,0.0,0.0,0.0,0.0,0.0,2006-09-21 00:00:00,0.0,0.0,0.0,0.0,0.0,0.0,0.0,JMLP-CLean-Txt/JMLP TV CLEAN .txt/20060921LCI.txt,0.0,0.0,0.0,0.0,0.0,0.0,0.0,0.0,0.0,0.0,0.0008976660682226212,0.0,0.0,0.0,0.0,0.0,0.0,0.0,0.0,0.0,0.0,0.0,0.0,0.0008976660682226212,0.0,0.0,0.0,0.0,0.0,0.0008976660682226212,0.0,0.0,0.0,0.0,0.0,0.0,1114,0.0008976660682226212,CabSat,0.0008976660682226212,0.0,0.0,0.0,0.0
153,0.0,0.002268716914544996,JMLP,0.0,0.0,0.00025207965717166626,0.0,0.0,0.0,0.0,0.0,2007-03-20 00:00:00,0.00025207965717166626,0.001008318628686665,0.0,0.0,0.0,0.0,0.00025207965717166626,JMLP-CLean-Txt/JMLP TV CLEAN .txt/20070320LCI.txt,0.0,0.0,0.0,0.0,0.0007562389715149988,0.0,0.00025207965717166626,0.0,0.0,0.0,0.0,0.00025207965717166626,0.00025207965717166626,0.0,0.0,0.0,0.0,0.0,0.0015124779430299975,0.0,0.0,0.0,0.0,0.0,0.0005041593143433325,0.0,0.00025207965717166626,0.0027728762288883285,0.0,0.0,0.00025207965717166626,0.0,0.0005041593143433325,0.0,0.0,0.0,3967,0.0005041593143433325,CabSat,0.0,0.0,0.00025207965717166626,0.0,0.0
154,0.0,0.0026595744680851063,JMLP,0.0,0.0,0.0,0.0,0.0,0.0,0.0,0.0,2007-04-15 00:00:00,0.0,0.0,0.0004432624113475177,0.0,0.0,0.0,0.0,JMLP-CLean-Txt/JMLP TV CLEAN .txt/20070415BFMTV.txt,0.0,0.0,0.0,0.0,0.0,0.0,0.0,0.0,0.0,0.0,0.0,0.0,0.0,0.0,0.0,0.0,0.0,0.0,0.0004432624113475177,0.0,0.0,0.0,0.0,0.0,0.0,0.0,0.0,0.0026595744680851063,0.0,0.0,0.0,0.0,0.0,0.0004432624113475177,0.0,0.0,2256,0.0004432624113475177,CabSat,0.0,0.0,0.0,0.0,0.0
155,0.0,0.0,JMLP,0.0,0.0,0.0,0.0,0.0,0.0,0.0,0.0,2007-05-07 00:00:00,0.0,0.0,0.0,0.0,0.0,0.0,0.002053388090349076,JMLP-CLean-Txt/JMLP TV CLEAN .txt/20070507LCI.txt,0.0,0.0,0.0,0.0,0.0,0.0,0.0,0.0,0.0,0.0,0.0,0.0,0.0,0.0,0.0,0.0,0.0,0.0,0.0,0.0,0.0,0.0,0.0,0.0,0.0,0.0,0.002053388090349076,0.004106776180698152,0.0,0.0,0.0,0.0,0.0,0.0,0.0,0.0,487,0.0,CabSat,0.002053388090349076,0.0,0.0,0.0,0.0
156,0.0,0.004149377593360996,JMLP,0.0,0.0,0.0,0.0,0.0,0.0,0.0,0.0,2007-09-14 00:00:00,0.0,0.0,0.0,0.0,0.0,0.0,0.0,JMLP-CLean-Txt/JMLP TV CLEAN .txt/20070914LCI.txt,0.0,0.0,0.0013831258644536654,0.0,0.0,0.0,0.0,0.0,0.0,0.0,0.0,0.0,0.0006915629322268327,0.0,0.0,0.0,0.0,0.0,0.0,0.0,0.0,0.0,0.0,0.0,0.0,0.0,0.0,0.0013831258644536654,0.0,0.0,0.0,0.0,0.0,0.0,0.0006915629322268327,0.0,1446,0.0006915629322268327,CabSat,0.0,0.0,0.0,0.0,0.0
157,0.0,0.001444043321299639,JMLP,0.0,0.0,0.0,0.0,0.0,0.0,0.0,0.0,2008-05-30 00:00:00,0.0,0.0,0.0,0.0,0.0,0.0,0.0007220216606498195,JMLP-CLean-Txt/JMLP TV CLEAN .txt/20080530ITELE.txt,0.0,0.0,0.0,0.0,0.0,0.0,0.0,0.0,0.0,0.0,0.0,0.0,0.0,0.0,0.0,0.0,0.0,0.0,0.001444043321299639,0.0,0.0,0.0007220216606498195,0.0,0.0,0.0,0.0,0.0,0.0007220216606498195,0.0,0.0,0.0,0.0,0.0,0.0,0.0,0.0,1385,0.0,CabSat,0.0,0.0,0.0,0.0,0.0
158,0.0006527415143603133,0.0026109660574412533,JMLP,0.0,0.0,0.0,0.0,0.0,0.0,0.0,0.0,2009-02-17 00:00:00,0.0,0.0,0.0,0.0,0.0,0.0,0.0,JMLP-CLean-Txt/JMLP TV CLEAN .txt/20090217LCI.txt,0.0,0.0,0.0,0.0,0.0,0.0,0.0,0.0,0.0,0.0,0.0,0.0013054830287206266,0.0,0.0,0.0,0.0,0.0,0.0,0.0,0.0,0.0,0.0,0.0,0.0,0.0,0.0,0.0,0.0013054830287206266,0.0,0.0,0.0006527415143603133,0.0,0.0,0.0,0.0006527415143603133,0.0,1532,0.0006527415143603133,CabSat,0.0,0.0,0.0,0.0,0.0
159,0.0,0.0018226002430133657,JMLP,0.0,0.0,0.0,0.0,0.0,0.0,0.0,0.0,2009-12-21 00:00:00,0.0006075334143377885,0.00425273390036452,0.0,0.0,0.0,0.0,0.0006075334143377885,JMLP-CLean-Txt/JMLP TV CLEAN .txt/20091221ITELE.txt,0.0,0.0,0.0,0.0,0.001215066828675577,0.0,0.0,0.0,0.0,0.0,0.0,0.0006075334143377885,0.0,0.0,0.0,0.0,0.0018226002430133657,0.0,0.0,0.0,0.0,0.0,0.0,0.0,0.0,0.0,0.0,0.0006075334143377885,0.0,0.0,0.001215066828675577,0.0,0.0,0.0,0.0,0.0,1646,0.0,CabSat,0.0,0.0,0.0,0.0,0.0
160,0.0,0.0014563106796116505,JMLP,0.0,0.0,0.0,0.0,0.0004854368932038835,0.0,0.0,0.0,2003-04-12 00:00:00,0.0,0.0004854368932038835,0.0,0.0,0.0,0.0,0.0,JMLP-CLean-Txt/JMLP TV CLEAN .txt/20030412TMC.txt,0.0,0.0,0.0004854368932038835,0.0,0.0,0.0,0.0,0.0,0.0,0.0,0.0,0.000970873786407767,0.0,0.0,0.0,0.0004854368932038835,0.0,0.0,0.0,0.0,0.0,0.0,0.0,0.0,0.0,0.0,0.0,0.0014563106796116505,0.0,0.0,0.0,0.0,0.0,0.0,0.0,0.0,2060,0.0,CabSat,0.0,0.0004854368932038835,0.0,0.0,0.0
161,0.0,0.0013360053440213762,MLP,0.0,0.0,0.0,0.0,0.0026720106880427524,0.0,0.0,0.0,2011-01-12 00:00:00,0.0,0.0,0.0,0.0,0.0,0.0,0.0,MLP-CLean-Txt/MLP TV CLEAN .txt/20110112canal.txt,0.0,0.0,0.0,0.0,0.0,0.0,0.0,0.0,0.0,0.0,0.0006680026720106881,0.0,0.0,0.0,0.0013360053440213762,0.0,0.0006680026720106881,0.0,0.0006680026720106881,0.0,0.0,0.0,0.0,0.0,0.0006680026720106881,0.0,0.0,0.008684034736138945,0.0006680026720106881,0.0,0.002004008016032064,0.0,0.0,0.0,0.0,0.0,1497,0.0006680026720106881,DLTV,0.0,0.0,0.0,0.0,0.0
162,0.0,0.0040511062636335304,MLP,0.0009348706762231225,0.0,0.0003116235587410408,0.0,0.0003116235587410408,0.0,0.0,0.0003116235587410408,2011-01-30 00:00:00,0.0,0.0006232471174820816,0.0,0.0,0.0,0.0006232471174820816,0.0,MLP-CLean-Txt/MLP TV CLEAN .txt/20110130Canal.txt,0.0,0.0,0.0003116235587410408,0.0003116235587410408,0.0003116235587410408,0.0,0.0,0.0,0.0,0.0003116235587410408,0.0,0.0,0.0,0.0,0.0003116235587410408,0.0,0.0,0.0,0.0021813649111872857,0.0,0.0,0.0,0.0,0.0,0.0,0.0,0.0012464942349641633,0.0012464942349641633,0.0,0.0012464942349641633,0.0,0.0,0.0,0.0006232471174820816,0.0,0.0,3209,0.0003116235587410408,DLTV,0.0,0.0,0.0,0.0,0.0
163,0.0,0.002170767004341534,MLP,0.000723589001447178,0.0,0.0,0.0,0.0,0.0,0.0,0.0,2011-02-28 00:00:00,0.0,0.000723589001447178,0.0,0.0,0.0,0.0,0.0,MLP-CLean-Txt/MLP TV CLEAN .txt/20110228France2.txt,0.0,0.0,0.0,0.0,0.000723589001447178,0.0,0.0,0.0,0.0,0.0,0.0,0.0,0.0,0.0,0.0,0.0,0.0,0.0,0.0,0.0,0.0,0.0,0.0,0.0,0.0,0.0,0.000723589001447178,0.000723589001447178,0.0,0.0,0.0,0.0,0.0,0.0,0.0,0.0,1382,0.0,DLTV,0.0,0.0,0.0,0.0,0.0
164,0.0,0.0026263952724885093,MLP,0.0,0.0,0.0,0.0,0.00032829940906106366,0.0,0.00032829940906106366,0.0,2011-09-15 00:00:00,0.0,0.00032829940906106366,0.0,0.0,0.0,0.0006565988181221273,0.0,MLP-CLean-Txt/MLP TV CLEAN .txt/20110915TFI.txt,0.0,0.0,0.0,0.0,0.00032829940906106366,0.0,0.00032829940906106366,0.0,0.0,0.0,0.0006565988181221273,0.0,0.0,0.0,0.0,0.0,0.0,0.0,0.0,0.0,0.0,0.0,0.0,0.0,0.0,0.0006565988181221273,0.0013131976362442547,0.0006565988181221273,0.0,0.0,0.0,0.0,0.0,0.0,0.0,0.0,3046,0.0006565988181221273,DLTV,0.0,0.0,0.0,0.0,0.00032829940906106366
165,0.0,0.0,MLP,0.0,0.0,0.0,0.0,0.0,0.0,0.0,0.0,2012-03-09 00:00:00,0.0,0.002932551319648094,0.0,0.0,0.0,0.0,0.001466275659824047,MLP-CLean-Txt/MLP TV CLEAN .txt/20120309Canal.txt,0.0,0.0,0.0,0.0,0.0,0.0,0.0,0.0,0.0,0.0,0.0,0.0,0.0,0.0,0.0,0.0,0.0,0.0,0.001466275659824047,0.0,0.0,0.001466275659824047,0.0,0.0,0.0,0.0,0.0,0.0,0.0,0.0,0.0,0.0,0.0,0.0,0.0,0.0,682,0.0,DLTV,0.0,0.0,0.0,0.0,0.0
166,0.0,0.015414258188824663,MLP,0.0019267822736030828,0.0,0.0,0.0,0.0,0.0,0.0,0.0,2012-04-11 00:00:00,0.0,0.0019267822736030828,0.0,0.0,0.0038535645472061657,0.0,0.0,MLP-CLean-Txt/MLP TV CLEAN .txt/20120411France2.txt,0.0,0.0,0.0,0.0,0.0,0.0,0.0,0.0,0.0,0.0,0.0,0.0,0.0,0.0,0.0,0.0,0.0,0.0,0.0,0.0,0.0,0.0,0.0,0.0,0.0,0.0,0.0,0.005780346820809248,0.0,0.0,0.0,0.0,0.0,0.0,0.0,0.0,519,0.0,DLTV,0.0,0.0,0.0,0.0,0.0
167,0.0,0.013927576601671309,MLP,0.0,0.0,0.0,0.0,0.0,0.0,0.0,0.0,2012-04-22 00:00:00,0.0,0.0,0.0,0.0,0.0,0.0,0.0,MLP-CLean-Txt/MLP TV CLEAN .txt/20120422France2.txt,0.002785515320334262,0.002785515320334262,0.0,0.002785515320334262,0.0,0.0,0.0,0.0,0.0,0.0,0.0,0.002785515320334262,0.0,0.0,0.0,0.0,0.0,0.0,0.0,0.0,0.0,0.0,0.0,0.0,0.0,0.0,0.002785515320334262,0.0,0.0,0.0,0.0,0.0,0.0,0.002785515320334262,0.0,0.0,359,0.002785515320334262,DLTV,0.0,0.0,0.002785515320334262,0.0,0.0
168,0.0,0.0029498525073746312,MLP,0.0,0.0,0.0,0.0,0.0,0.0,0.0,0.0,2012-05-06 00:00:00,0.0,0.0029498525073746312,0.0,0.0,0.0,0.0,0.0,MLP-CLean-Txt/MLP TV CLEAN .txt/20120506France2.txt,0.0,0.0,0.0,0.0,0.0,0.0,0.0,0.0,0.0,0.0,0.0,0.0029498525073746312,0.0,0.0,0.0,0.0,0.0,0.0,0.0029498525073746312,0.0,0.0,0.0,0.0,0.0,0.0,0.0,0.0,0.0029498525073746312,0.0,0.0,0.0,0.0,0.0,0.0,0.0,0.0,339,0.0,DLTV,0.0058997050147492625,0.0,0.0,0.0,0.0
169,0.0,0.0025437677689660334,MLP,0.0,0.0004489001945234176,0.0,0.0,0.0004489001945234176,0.0,0.0013467005835702528,0.0002992667963489451,2012-10-07 00:00:00,0.0,0.0011970671853957803,0.00014963339817447254,0.0,0.0,0.0,0.0,MLP-CLean-Txt/MLP TV CLEAN .txt/20121007France5.txt,0.0,0.00014963339817447254,0.00014963339817447254,0.0002992667963489451,0.0002992667963489451,0.0,0.00014963339817447254,0.0,0.0,0.0,0.0,0.0004489001945234176,0.0,0.0,0.00014963339817447254,0.0,0.0,0.00014963339817447254,0.0011970671853957803,0.0,0.0,0.0,0.0002992667963489451,0.0,0.0,0.00014963339817447254,0.0013467005835702528,0.003291934759838396,0.0002992667963489451,0.00014963339817447254,0.0,0.0002992667963489451,0.0,0.0002992667963489451,0.0,0.0,6683,0.0,DLTV,0.0,0.0,0.0,0.0,0.0007481669908723628
170,0.00039984006397441024,0.0023990403838464614,MLP,0.0,0.0,0.0,0.0,0.0,0.0,0.0,0.0,2012-11-25 00:00:00,0.0,0.00039984006397441024,0.0,0.0,0.0,0.0,0.00039984006397441024,MLP-CLean-Txt/MLP TV CLEAN .txt/20121125Canal.txt,0.0,0.0,0.0,0.0,0.0,0.0,0.0,0.0,0.0,0.0,0.0,0.00039984006397441024,0.0,0.0,0.0,0.0,0.0011995201919232307,0.0,0.0,0.0,0.0,0.0,0.0,0.0,0.0,0.0,0.0,0.003198720511795282,0.0,0.0,0.00039984006397441024,0.0,0.0,0.0,0.0,0.0,2501,0.0,DLTV,0.00039984006397441024,0.0,0.0,0.0,0.0
171,0.0,0.0011040574109853713,MLP,0.0,0.0,0.0,0.0,0.0,0.0,0.0,0.0,2013-04-28 00:00:00,0.0,0.0008280430582390284,0.0,0.0,0.0,0.0,0.0,MLP-CLean-Txt/MLP TV CLEAN .txt/20130428Canal.txt,0.0,0.0,0.0002760143527463428,0.0,0.0,0.0,0.0,0.0,0.0,0.0,0.0,0.0,0.0,0.0,0.0,0.0,0.0,0.0,0.0002760143527463428,0.0,0.0,0.0005520287054926856,0.0,0.0,0.0,0.0,0.0005520287054926856,0.00690035881865857,0.0002760143527463428,0.0,0.0,0.0,0.0,0.0,0.0,0.0,3623,0.0,DLTV,0.0,0.0,0.0,0.0,0.0
172,0.0,0.003424657534246575,MLP,0.0,0.0,0.0,0.0,0.0,0.0,0.0,0.0,2013-07-10 00:00:00,0.0,0.0,0.0,0.0,0.0,0.0,0.0,MLP-CLean-Txt/MLP TV CLEAN .txt/20130710France5.txt,0.0,0.0,0.0,0.0,0.0,0.0,0.0017123287671232876,0.0,0.0,0.0,0.0,0.0,0.0,0.0,0.0,0.0,0.0,0.0,0.0,0.0,0.0,0.0,0.0,0.0,0.0,0.0,0.0,0.0017123287671232876,0.0,0.0,0.0,0.0,0.0,0.0,0.0,0.0,584,0.0,DLTV,0.0,0.0,0.0,0.0,0.0
173,0.0,0.0013972985561248254,MLP,0.0,0.0,0.0,0.0,0.0004657661853749418,0.0,0.0,0.0,2011-03-17 00:00:00,0.0,0.0004657661853749418,0.0,0.0,0.0009315323707498836,0.0,0.0,MLP-CLean-Txt/MLP TV CLEAN .txt/20110317France24.txt,0.0,0.0,0.0,0.0,0.0013972985561248254,0.0,0.0,0.0,0.0,0.0,0.0004657661853749418,0.0013972985561248254,0.0,0.0,0.0009315323707498836,0.0,0.0,0.0,0.0,0.0,0.0,0.0004657661853749418,0.0,0.0,0.0,0.0,0.002328830926874709,0.0055891942244993015,0.0,0.0009315323707498836,0.0,0.0,0.0004657661853749418,0.0,0.0,0.0,2147,0.0,CabSat,0.0009315323707498836,0.0,0.0,0.0,0.0
174,0.0007288629737609329,0.0036443148688046646,MLP,0.0,0.0,0.0,0.0,0.0,0.0,0.0,0.0,2011-05-13 00:00:00,0.0007288629737609329,0.0,0.0,0.0,0.0,0.0,0.0,MLP-CLean-Txt/MLP TV CLEAN .txt/20110513LCI.txt,0.0,0.0,0.0,0.0,0.0014577259475218659,0.0,0.0,0.0,0.0,0.0,0.0,0.0,0.0,0.0,0.0,0.0007288629737609329,0.0,0.0,0.0,0.0,0.0,0.0,0.0,0.0,0.0,0.0,0.0,0.0,0.0,0.0007288629737609329,0.0,0.0,0.0,0.0,0.0,0.0,1372,0.0007288629737609329,CabSat,0.0,0.0,0.0,0.0,0.0
175,0.0,0.0036429872495446266,MLP,0.0,0.0,0.0,0.0,0.0,0.0,0.0,0.0,2011-07-10 00:00:00,0.0,0.0,0.0,0.0,0.0,0.0,0.0,MLP-CLean-Txt/MLP TV CLEAN .txt/20111007LCI.txt,0.0,0.0,0.0,0.0,0.0,0.0,0.0,0.0,0.0,0.0,0.0,0.0018214936247723133,0.0,0.0,0.0018214936247723133,0.0,0.0,0.0,0.0,0.0,0.0,0.0,0.0,0.0,0.0,0.0,0.0,0.0036429872495446266,0.0,0.0,0.0,0.0,0.0,0.0,0.0,0.0,549,0.0,CabSat,0.0036429872495446266,0.0,0.0,0.0,0.0
176,0.0007018775223723461,0.0024565713283032113,MLP,0.0,0.0,0.00017546938059308652,0.0,0.0,0.0,0.00035093876118617303,0.0,2012-01-12 00:00:00,0.0,0.0007018775223723461,0.0007018775223723461,0.0,0.0,0.00017546938059308652,0.00017546938059308652,MLP-CLean-Txt/MLP TV CLEAN .txt/20120112LCI.txt,0.00035093876118617303,0.0,0.0,0.0,0.00017546938059308652,0.0,0.0,0.0,0.0,0.0,0.0,0.0,0.0,0.0,0.0,0.00017546938059308652,0.0,0.0,0.00035093876118617303,0.0,0.0,0.0,0.0,0.0,0.0005264081417792595,0.00017546938059308652,0.00035093876118617303,0.0022811019477101246,0.0005264081417792595,0.0005264081417792595,0.0,0.0,0.0,0.00017546938059308652,0.0,0.0,5699,0.00035093876118617303,CabSat,0.0,0.0,0.0,0.0,0.0
177,0.0,0.0037799244015119695,MLP,0.00041999160016799666,0.0,0.00041999160016799666,0.0,0.0,0.0,0.0,0.0,2012-02-25 00:00:00,0.0,0.00251994960100798,0.00041999160016799666,0.0,0.0,0.0,0.0,MLP-CLean-Txt/MLP TV CLEAN .txt/20120225LCI.txt,0.00041999160016799666,0.0,0.0,0.0,0.0,0.0,0.0,0.0,0.0,0.0,0.0,0.0029399412011759767,0.0,0.0,0.0,0.0,0.0,0.0,0.0016799664006719867,0.0,0.0,0.0,0.0,0.0,0.0,0.0,0.005879882402351953,0.0016799664006719867,0.0,0.00041999160016799666,0.0,0.0,0.0,0.0037799244015119695,0.0,0.0,2381,0.00125997480050399,CabSat,0.00125997480050399,0.0,0.00041999160016799666,0.0,0.0
178,0.0,0.0,MLP,0.0,0.0,0.0,0.0,0.0,0.0,0.0,0.0,2013-07-02 00:00:00,0.0,0.0,0.0,0.0,0.0,0.0,0.0,MLP-CLean-Txt/MLP TV CLEAN .txt/20130702LCI.txt,0.0,0.0,0.0,0.0,0.0,0.0,0.0,0.0,0.0,0.0,0.0,0.0,0.0,0.0,0.0,0.0,0.0,0.0,0.0,0.0,0.0,0.0,0.0,0.0,0.0,0.0,0.0,0.010752688172043012,0.0,0.0,0.0,0.0,0.0,0.0,0.0,0.0,93,0.0,CabSat,0.0,0.0,0.0,0.0,0.0
