<?xml version="1.0" encoding="UTF-8"?>
<model>
<topic id='0' tokens='5930.0000' document_entropy='4.2776' word-length='6.8000' coherence='-227.1903' uniform_dist='2.7543' corpus_dist='2.2584' eff_num_words='247.7658' token-doc-diff='0.0074' rank_1_docs='0.0761' allocation_ratio='0.0659' allocation_count='0.0508'>
<word rank='1' count='142' prob='0.02395' cumulative='0.02395' docs='44' word-length='6.0000' coherence='0.0000' uniform_dist='0.1279' corpus_dist='0.0801' token-doc-diff='0.0020'>paysan</word>
<word rank='2' count='111' prob='0.01872' cumulative='0.04266' docs='47' word-length='11.0000' coherence='-0.6919' uniform_dist='0.0954' corpus_dist='0.0636' token-doc-diff='0.0001'>agriculture</word>
<word rank='3' count='97' prob='0.01636' cumulative='0.05902' docs='49' word-length='7.0000' coherence='-0.6710' uniform_dist='0.0812' corpus_dist='0.0227' token-doc-diff='0.0000'>million</word>
<word rank='4' count='96' prob='0.01619' cumulative='0.07521' docs='33' word-length='8.0000' coherence='-0.7994' uniform_dist='0.0802' corpus_dist='0.0528' token-doc-diff='0.0008'>agricole</word>
<word rank='5' count='80' prob='0.01349' cumulative='0.08870' docs='44' word-length='5.0000' coherence='-0.8042' uniform_dist='0.0643' corpus_dist='0.0366' token-doc-diff='0.0002'>terre</word>
<word rank='6' count='75' prob='0.01265' cumulative='0.10135' docs='23' word-length='5.0000' coherence='-1.2821' uniform_dist='0.0595' corpus_dist='0.0421' token-doc-diff='0.0011'>rural</word>
<word rank='7' count='64' prob='0.01079' cumulative='0.11214' docs='34' word-length='11.0000' coherence='-0.9490' uniform_dist='0.0491' corpus_dist='0.0341' token-doc-diff='0.0001'>agriculteur</word>
<word rank='8' count='60' prob='0.01012' cumulative='0.12226' docs='30' word-length='8.0000' coherence='-1.2959' uniform_dist='0.0453' corpus_dist='0.0051' token-doc-diff='0.0000'>européen</word>
<word rank='9' count='56' prob='0.00944' cumulative='0.13170' docs='31' word-length='5.0000' coherence='-1.2821' uniform_dist='0.0417' corpus_dist='0.0092' token-doc-diff='0.0002'>homme</word>
<word rank='10' count='54' prob='0.00911' cumulative='0.14081' docs='34' word-length='5.0000' coherence='-1.1169' uniform_dist='0.0398' corpus_dist='0.0016' token-doc-diff='0.0005'>grand</word>
<word rank='11' count='52' prob='0.00877' cumulative='0.14958' docs='28' word-length='5.0000' coherence='-1.1997' uniform_dist='0.0380' corpus_dist='0.0175' token-doc-diff='0.0001'>ville</word>
<word rank='12' count='51' prob='0.00860' cumulative='0.15818' docs='29' word-length='5.0000' coherence='-1.1812' uniform_dist='0.0371' corpus_dist='0.0054' token-doc-diff='0.0002'>monde</word>
<word rank='13' count='49' prob='0.00826' cumulative='0.16644' docs='19' word-length='6.0000' coherence='-1.9341' uniform_dist='0.0354' corpus_dist='0.0136' token-doc-diff='0.0002'>mesure</word>
<word rank='14' count='45' prob='0.00759' cumulative='0.17403' docs='22' word-length='7.0000' coherence='-2.8932' uniform_dist='0.0318' corpus_dist='0.0237' token-doc-diff='0.0000'>village</word>
<word rank='15' count='45' prob='0.00759' cumulative='0.18162' docs='20' word-length='13.0000' coherence='-1.9075' uniform_dist='0.0318' corpus_dist='0.0249' token-doc-diff='0.0000'>environnement</word>
<word rank='16' count='45' prob='0.00759' cumulative='0.18921' docs='23' word-length='6.0000' coherence='-1.9075' uniform_dist='0.0318' corpus_dist='0.0220' token-doc-diff='0.0000'>nature</word>
<word rank='17' count='35' prob='0.00590' cumulative='0.19511' docs='29' word-length='7.0000' coherence='-1.1841' uniform_dist='0.0233' corpus_dist='0.0059' token-doc-diff='0.0015'>dernier</word>
<word rank='18' count='34' prob='0.00573' cumulative='0.20084' docs='19' word-length='3.0000' coherence='-1.6479' uniform_dist='0.0224' corpus_dist='0.0153' token-doc-diff='0.0001'>eau</word>
<word rank='19' count='32' prob='0.00540' cumulative='0.20624' docs='18' word-length='8.0000' coherence='-1.5848' uniform_dist='0.0208' corpus_dist='0.0032' token-doc-diff='0.0001'>campagne</word>
<word rank='20' count='32' prob='0.00540' cumulative='0.21164' docs='17' word-length='5.0000' coherence='-2.2779' uniform_dist='0.0208' corpus_dist='0.0053' token-doc-diff='0.0000'>jeune</word>
</topic>
<topic id='1' tokens='12377.0000' document_entropy='5.0829' word-length='7.0000' coherence='-210.3202' uniform_dist='2.6819' corpus_dist='1.6317' eff_num_words='245.9207' token-doc-diff='0.0061' rank_1_docs='0.0861' allocation_ratio='0.0147' allocation_count='0.0629'>
<word rank='1' count='369' prob='0.02981' cumulative='0.02981' docs='123' word-length='8.0000' coherence='0.0000' uniform_dist='0.1658' corpus_dist='0.0473' token-doc-diff='0.0035'>européen</word>
<word rank='2' count='212' prob='0.01713' cumulative='0.04694' docs='92' word-length='6.0000' coherence='-0.7863' uniform_dist='0.0858' corpus_dist='0.0348' token-doc-diff='0.0005'>guerre</word>
<word rank='3' count='162' prob='0.01309' cumulative='0.06003' docs='89' word-length='2.0000' coherence='-0.7686' uniform_dist='0.0620' corpus_dist='0.0044' token-doc-diff='0.0000'>an</word>
<word rank='4' count='150' prob='0.01212' cumulative='0.07215' docs='94' word-length='8.0000' coherence='-0.7686' uniform_dist='0.0565' corpus_dist='0.0008' token-doc-diff='0.0001'>français</word>
<word rank='5' count='144' prob='0.01163' cumulative='0.08378' docs='92' word-length='6.0000' coherence='-0.7503' uniform_dist='0.0538' corpus_dist='0.0060' token-doc-diff='0.0002'>peuple</word>
<word rank='6' count='126' prob='0.01018' cumulative='0.09396' docs='86' word-length='3.0000' coherence='-0.9197' uniform_dist='0.0457' corpus_dist='0.0066' token-doc-diff='0.0003'>foi</word>
<word rank='7' count='126' prob='0.01018' cumulative='0.10414' docs='75' word-length='6.0000' coherence='-1.1224' uniform_dist='0.0457' corpus_dist='0.0226' token-doc-diff='0.0000'>patrie</word>
<word rank='8' count='123' prob='0.00994' cumulative='0.11408' docs='69' word-length='6.0000' coherence='-1.1882' uniform_dist='0.0444' corpus_dist='0.0209' token-doc-diff='0.0000'>siècle</word>
<word rank='9' count='121' prob='0.00978' cumulative='0.12386' docs='67' word-length='5.0000' coherence='-1.0977' uniform_dist='0.0435' corpus_dist='0.0244' token-doc-diff='0.0000'>armée</word>
<word rank='10' count='120' prob='0.00970' cumulative='0.13355' docs='63' word-length='12.0000' coherence='-1.6065' uniform_dist='0.0430' corpus_dist='0.0206' token-doc-diff='0.0000'>constitution</word>
<word rank='11' count='115' prob='0.00929' cumulative='0.14285' docs='60' word-length='3.0000' coherence='-1.2582' uniform_dist='0.0408' corpus_dist='0.0227' token-doc-diff='0.0000'>mai</word>
<word rank='12' count='111' prob='0.00897' cumulative='0.15181' docs='83' word-length='4.0000' coherence='-0.9370' uniform_dist='0.0391' corpus_dist='-0.0011' token-doc-diff='0.0006'>pays</word>
<word rank='13' count='108' prob='0.00873' cumulative='0.16054' docs='73' word-length='5.0000' coherence='-0.9944' uniform_dist='0.0378' corpus_dist='0.0012' token-doc-diff='0.0002'>grand</word>
<word rank='14' count='91' prob='0.00735' cumulative='0.16789' docs='46' word-length='12.0000' coherence='-1.5422' uniform_dist='0.0306' corpus_dist='0.0128' token-doc-diff='0.0000'>souveraineté</word>
<word rank='15' count='90' prob='0.00727' cumulative='0.17516' docs='48' word-length='6.0000' coherence='-1.5422' uniform_dist='0.0302' corpus_dist='0.0153' token-doc-diff='0.0000'>traité</word>
<word rank='16' count='89' prob='0.00719' cumulative='0.18235' docs='54' word-length='8.0000' coherence='-1.4907' uniform_dist='0.0298' corpus_dist='0.0093' token-doc-diff='0.0000'>sécurité</word>
<word rank='17' count='86' prob='0.00695' cumulative='0.18930' docs='60' word-length='12.0000' coherence='-1.2097' uniform_dist='0.0285' corpus_dist='0.0134' token-doc-diff='0.0003'>indépendance</word>
<word rank='18' count='84' prob='0.00679' cumulative='0.19609' docs='53' word-length='13.0000' coherence='-1.6065' uniform_dist='0.0277' corpus_dist='0.0122' token-doc-diff='0.0001'>international</word>
<word rank='19' count='84' prob='0.00679' cumulative='0.20288' docs='55' word-length='8.0000' coherence='-1.5422' uniform_dist='0.0277' corpus_dist='0.0095' token-doc-diff='0.0001'>histoire</word>
<word rank='20' count='78' prob='0.00630' cumulative='0.20918' docs='45' word-length='7.0000' coherence='-1.4434' uniform_dist='0.0253' corpus_dist='0.0110' token-doc-diff='0.0000'>mondial</word>
</topic>
<topic id='2' tokens='24322.0000' document_entropy='5.4420' word-length='6.4000' coherence='-157.2288' uniform_dist='2.7178' corpus_dist='1.0985' eff_num_words='217.1011' token-doc-diff='0.0076' rank_1_docs='0.1773' allocation_ratio='0.0383' allocation_count='0.1302'>
<word rank='1' count='848' prob='0.03487' cumulative='0.03487' docs='239' word-length='6.0000' coherence='0.0000' uniform_dist='0.1994' corpus_dist='0.0561' token-doc-diff='0.0044'>peuple</word>
<word rank='2' count='465' prob='0.01912' cumulative='0.05398' docs='172' word-length='7.0000' coherence='-0.5418' uniform_dist='0.0978' corpus_dist='0.0322' token-doc-diff='0.0007'>liberté</word>
<word rank='3' count='400' prob='0.01645' cumulative='0.07043' docs='185' word-length='8.0000' coherence='-0.4459' uniform_dist='0.0817' corpus_dist='0.0061' token-doc-diff='0.0000'>français</word>
<word rank='4' count='319' prob='0.01312' cumulative='0.08355' docs='161' word-length='9.0000' coherence='-0.5636' uniform_dist='0.0622' corpus_dist='-0.0002' token-doc-diff='0.0000'>politique</word>
<word rank='5' count='316' prob='0.01299' cumulative='0.09654' docs='158' word-length='4.0000' coherence='-0.6242' uniform_dist='0.0615' corpus_dist='0.0128' token-doc-diff='0.0000'>seul</word>
<word rank='6' count='304' prob='0.01250' cumulative='0.10904' docs='156' word-length='4.0000' coherence='-0.5662' uniform_dist='0.0587' corpus_dist='0.0026' token-doc-diff='0.0000'>pays</word>
<word rank='7' count='294' prob='0.01209' cumulative='0.12112' docs='132' word-length='6.0000' coherence='-0.8318' uniform_dist='0.0563' corpus_dist='0.0185' token-doc-diff='0.0000'>nation</word>
<word rank='8' count='277' prob='0.01139' cumulative='0.13251' docs='159' word-length='5.0000' coherence='-0.6339' uniform_dist='0.0524' corpus_dist='0.0046' token-doc-diff='0.0002'>grand</word>
<word rank='9' count='238' prob='0.00979' cumulative='0.14230' docs='126' word-length='6.0000' coherence='-0.7904' uniform_dist='0.0435' corpus_dist='0.0165' token-doc-diff='0.0000'>avenir</word>
<word rank='10' count='238' prob='0.00979' cumulative='0.15208' docs='131' word-length='5.0000' coherence='-0.7667' uniform_dist='0.0435' corpus_dist='0.0074' token-doc-diff='0.0001'>monde</word>
<word rank='11' count='235' prob='0.00966' cumulative='0.16175' docs='116' word-length='4.0000' coherence='-0.8912' uniform_dist='0.0429' corpus_dist='0.0181' token-doc-diff='0.0000'>cher</word>
<word rank='12' count='203' prob='0.00835' cumulative='0.17009' docs='110' word-length='3.0000' coherence='-1.0360' uniform_dist='0.0358' corpus_dist='0.0099' token-doc-diff='0.0001'>ami</word>
<word rank='13' count='186' prob='0.00765' cumulative='0.17774' docs='95' word-length='7.0000' coherence='-1.1585' uniform_dist='0.0321' corpus_dist='0.0072' token-doc-diff='0.0000'>système</word>
<word rank='14' count='180' prob='0.00740' cumulative='0.18514' docs='109' word-length='8.0000' coherence='-1.0452' uniform_dist='0.0308' corpus_dist='0.0110' token-doc-diff='0.0002'>histoire</word>
<word rank='15' count='174' prob='0.00715' cumulative='0.19230' docs='98' word-length='10.0000' coherence='-1.0334' uniform_dist='0.0296' corpus_dist='0.0050' token-doc-diff='0.0001'>république</word>
<word rank='16' count='168' prob='0.00691' cumulative='0.19920' docs='104' word-length='7.0000' coherence='-1.0109' uniform_dist='0.0283' corpus_dist='0.0034' token-doc-diff='0.0003'>pouvoir</word>
<word rank='17' count='161' prob='0.00662' cumulative='0.20582' docs='101' word-length='5.0000' coherence='-1.0534' uniform_dist='0.0269' corpus_dist='0.0041' token-doc-diff='0.0003'>petit</word>
<word rank='18' count='159' prob='0.00654' cumulative='0.21236' docs='111' word-length='8.0000' coherence='-0.9543' uniform_dist='0.0264' corpus_dist='-0.0017' token-doc-diff='0.0006'>national</word>
<word rank='19' count='158' prob='0.00650' cumulative='0.21886' docs='107' word-length='11.0000' coherence='-0.9874' uniform_dist='0.0262' corpus_dist='0.0093' token-doc-diff='0.0005'>compatriote</word>
<word rank='20' count='152' prob='0.00625' cumulative='0.22510' docs='90' word-length='5.0000' coherence='-1.1452' uniform_dist='0.0250' corpus_dist='0.0035' token-doc-diff='0.0001'>homme</word>
</topic>
<topic id='3' tokens='7119.0000' document_entropy='4.6837' word-length='7.5500' coherence='-272.5305' uniform_dist='2.8397' corpus_dist='1.8258' eff_num_words='239.4040' token-doc-diff='0.0044' rank_1_docs='0.0262' allocation_ratio='0.0333' allocation_count='0.0262'>
<word rank='1' count='196' prob='0.02753' cumulative='0.02753' docs='83' word-length='6.0000' coherence='0.0000' uniform_dist='0.1509' corpus_dist='0.0691' token-doc-diff='0.0008'>public</word>
<word rank='2' count='126' prob='0.01770' cumulative='0.04523' docs='56' word-length='7.0000' coherence='-0.9213' uniform_dist='0.0892' corpus_dist='0.0394' token-doc-diff='0.0003'>service</word>
<word rank='3' count='123' prob='0.01728' cumulative='0.06251' docs='57' word-length='8.0000' coherence='-1.0853' uniform_dist='0.0867' corpus_dist='0.0396' token-doc-diff='0.0002'>publique</word>
<word rank='4' count='87' prob='0.01222' cumulative='0.07473' docs='55' word-length='9.0000' coherence='-1.1984' uniform_dist='0.0571' corpus_dist='-0.0011' token-doc-diff='0.0002'>politique</word>
<word rank='5' count='86' prob='0.01208' cumulative='0.08681' docs='45' word-length='7.0000' coherence='-1.3833' uniform_dist='0.0563' corpus_dist='0.0228' token-doc-diff='0.0000'>général</word>
<word rank='6' count='82' prob='0.01152' cumulative='0.09833' docs='50' word-length='6.0000' coherence='-1.1329' uniform_dist='0.0531' corpus_dist='0.0089' token-doc-diff='0.0001'>social</word>
<word rank='7' count='74' prob='0.01039' cumulative='0.10872' docs='47' word-length='5.0000' coherence='-1.5368' uniform_dist='0.0469' corpus_dist='0.0301' token-doc-diff='0.0002'>local</word>
<word rank='8' count='71' prob='0.00997' cumulative='0.11870' docs='27' word-length='11.0000' coherence='-1.8230' uniform_dist='0.0445' corpus_dist='0.0292' token-doc-diff='0.0006'>département</word>
<word rank='9' count='66' prob='0.00927' cumulative='0.12797' docs='31' word-length='14.0000' coherence='-1.9593' uniform_dist='0.0407' corpus_dist='0.0267' token-doc-diff='0.0001'>administration</word>
<word rank='10' count='61' prob='0.00857' cumulative='0.13654' docs='31' word-length='4.0000' coherence='-1.7097' uniform_dist='0.0370' corpus_dist='0.0136' token-doc-diff='0.0000'>euro</word>
<word rank='11' count='59' prob='0.00829' cumulative='0.14482' docs='35' word-length='8.0000' coherence='-1.5368' uniform_dist='0.0355' corpus_dist='0.0108' token-doc-diff='0.0001'>personne</word>
<word rank='12' count='58' prob='0.00815' cumulative='0.15297' docs='35' word-length='6.0000' coherence='-1.7359' uniform_dist='0.0347' corpus_dist='0.0142' token-doc-diff='0.0001'>classe</word>
<word rank='13' count='56' prob='0.00787' cumulative='0.16084' docs='43' word-length='10.0000' coherence='-2.1568' uniform_dist='0.0333' corpus_dist='0.0063' token-doc-diff='0.0007'>république</word>
<word rank='14' count='54' prob='0.00759' cumulative='0.16842' docs='24' word-length='7.0000' coherence='-2.2161' uniform_dist='0.0318' corpus_dist='0.0190' token-doc-diff='0.0001'>dépense</word>
<word rank='15' count='53' prob='0.00744' cumulative='0.17587' docs='26' word-length='7.0000' coherence='-1.8268' uniform_dist='0.0311' corpus_dist='0.0167' token-doc-diff='0.0000'>conseil</word>
<word rank='16' count='52' prob='0.00730' cumulative='0.18317' docs='32' word-length='7.0000' coherence='-1.9400' uniform_dist='0.0304' corpus_dist='0.0093' token-doc-diff='0.0001'>affaire</word>
<word rank='17' count='49' prob='0.00688' cumulative='0.19005' docs='30' word-length='12.0000' coherence='-1.8230' uniform_dist='0.0282' corpus_dist='0.0190' token-doc-diff='0.0001'>collectivité</word>
<word rank='18' count='49' prob='0.00688' cumulative='0.19694' docs='36' word-length='5.0000' coherence='-1.8153' uniform_dist='0.0282' corpus_dist='0.0071' token-doc-diff='0.0005'>moyen</word>
<word rank='19' count='46' prob='0.00646' cumulative='0.20340' docs='30' word-length='6.0000' coherence='-2.4058' uniform_dist='0.0261' corpus_dist='0.0106' token-doc-diff='0.0002'>niveau</word>
<word rank='20' count='46' prob='0.00646' cumulative='0.20986' docs='24' word-length='6.0000' coherence='-1.8230' uniform_dist='0.0261' corpus_dist='0.0170' token-doc-diff='0.0000'>morale</word>
</topic>
<topic id='4' tokens='37948.0000' document_entropy='5.6180' word-length='6.1000' coherence='-94.4765' uniform_dist='3.0002' corpus_dist='0.8597' eff_num_words='173.1672' token-doc-diff='0.0079' rank_1_docs='0.3351' allocation_ratio='0.0644' allocation_count='0.3324'>
<word rank='1' count='1212' prob='0.03194' cumulative='0.03194' docs='294' word-length='9.0000' coherence='0.0000' uniform_dist='0.1798' corpus_dist='0.0278' token-doc-diff='0.0028'>politique</word>
<word rank='2' count='815' prob='0.02148' cumulative='0.05342' docs='208' word-length='4.0000' coherence='-0.4631' uniform_dist='0.1124' corpus_dist='0.0328' token-doc-diff='0.0015'>gens</word>
<word rank='3' count='771' prob='0.02032' cumulative='0.07373' docs='266' word-length='8.0000' coherence='-0.2239' uniform_dist='0.1052' corpus_dist='0.0119' token-doc-diff='0.0002'>français</word>
<word rank='4' count='602' prob='0.01586' cumulative='0.08960' docs='235' word-length='2.0000' coherence='-0.3175' uniform_dist='0.0782' corpus_dist='0.0084' token-doc-diff='0.0000'>an</word>
<word rank='5' count='574' prob='0.01513' cumulative='0.10472' docs='224' word-length='3.0000' coherence='-0.4105' uniform_dist='0.0739' corpus_dist='0.0158' token-doc-diff='0.0000'>foi</word>
<word rank='6' count='566' prob='0.01492' cumulative='0.11964' docs='213' word-length='5.0000' coherence='-0.4359' uniform_dist='0.0726' corpus_dist='0.0203' token-doc-diff='0.0000'>chose</word>
<word rank='7' count='540' prob='0.01423' cumulative='0.13387' docs='204' word-length='8.0000' coherence='-0.4577' uniform_dist='0.0686' corpus_dist='0.0182' token-doc-diff='0.0000'>problème</word>
<word rank='8' count='527' prob='0.01389' cumulative='0.14775' docs='235' word-length='4.0000' coherence='-0.3426' uniform_dist='0.0666' corpus_dist='0.0043' token-doc-diff='0.0001'>pays</word>
<word rank='9' count='498' prob='0.01312' cumulative='0.16088' docs='196' word-length='9.0000' coherence='-0.5062' uniform_dist='0.0622' corpus_dist='0.0145' token-doc-diff='0.0000'>président</word>
<word rank='10' count='485' prob='0.01278' cumulative='0.17366' docs='204' word-length='6.0000' coherence='-0.4631' uniform_dist='0.0603' corpus_dist='0.0155' token-doc-diff='0.0000'>nombre</word>
<word rank='11' count='455' prob='0.01199' cumulative='0.18565' docs='157' word-length='10.0000' coherence='-0.6930' uniform_dist='0.0558' corpus_dist='0.0185' token-doc-diff='0.0001'>conséquent</word>
<word rank='12' count='428' prob='0.01128' cumulative='0.19693' docs='177' word-length='8.0000' coherence='-0.6082' uniform_dist='0.0518' corpus_dist='0.0126' token-doc-diff='0.0000'>candidat</word>
<word rank='13' count='397' prob='0.01046' cumulative='0.20739' docs='177' word-length='10.0000' coherence='-0.5958' uniform_dist='0.0472' corpus_dist='0.0114' token-doc-diff='0.0001'>république</word>
<word rank='14' count='374' prob='0.00986' cumulative='0.21724' docs='181' word-length='8.0000' coherence='-0.5836' uniform_dist='0.0439' corpus_dist='0.0087' token-doc-diff='0.0002'>élection</word>
<word rank='15' count='363' prob='0.00957' cumulative='0.22681' docs='187' word-length='5.0000' coherence='-0.5302' uniform_dist='0.0423' corpus_dist='0.0070' token-doc-diff='0.0004'>monde</word>
<word rank='16' count='357' prob='0.00941' cumulative='0.23622' docs='188' word-length='5.0000' coherence='-0.5476' uniform_dist='0.0415' corpus_dist='0.0091' token-doc-diff='0.0004'>petit</word>
<word rank='17' count='310' prob='0.00817' cumulative='0.24439' docs='166' word-length='4.0000' coherence='-0.6661' uniform_dist='0.0349' corpus_dist='0.0090' token-doc-diff='0.0004'>vrai</word>
<word rank='18' count='297' prob='0.00783' cumulative='0.25221' docs='164' word-length='6.0000' coherence='-0.7099' uniform_dist='0.0331' corpus_dist='0.0102' token-doc-diff='0.0005'>raison</word>
<word rank='19' count='289' prob='0.00762' cumulative='0.25983' docs='160' word-length='3.0000' coherence='-0.6930' uniform_dist='0.0320' corpus_dist='0.0096' token-doc-diff='0.0005'>cas</word>
<word rank='20' count='287' prob='0.00756' cumulative='0.26739' docs='169' word-length='5.0000' coherence='-0.6208' uniform_dist='0.0317' corpus_dist='-0.0000' token-doc-diff='0.0007'>grand</word>
</topic>
<topic id='5' tokens='16397.0000' document_entropy='5.2791' word-length='6.4000' coherence='-208.3516' uniform_dist='2.7092' corpus_dist='1.3810' eff_num_words='271.3200' token-doc-diff='0.0041' rank_1_docs='0.0692' allocation_ratio='0.0261' allocation_count='0.0576'>
<word rank='1' count='340' prob='0.02074' cumulative='0.02074' docs='139' word-length='7.0000' coherence='0.0000' uniform_dist='0.1078' corpus_dist='0.0403' token-doc-diff='0.0009'>travail</word>
<word rank='2' count='308' prob='0.01878' cumulative='0.03952' docs='146' word-length='6.0000' coherence='-0.5275' uniform_dist='0.0958' corpus_dist='0.0238' token-doc-diff='0.0002'>social</word>
<word rank='3' count='260' prob='0.01586' cumulative='0.05538' docs='122' word-length='2.0000' coherence='-0.6792' uniform_dist='0.0782' corpus_dist='0.0084' token-doc-diff='0.0002'>an</word>
<word rank='4' count='203' prob='0.01238' cumulative='0.06776' docs='97' word-length='6.0000' coherence='-0.9115' uniform_dist='0.0580' corpus_dist='0.0201' token-doc-diff='0.0001'>enfant</word>
<word rank='5' count='183' prob='0.01116' cumulative='0.07892' docs='100' word-length='7.0000' coherence='-0.8913' uniform_dist='0.0511' corpus_dist='0.0213' token-doc-diff='0.0000'>famille</word>
<word rank='6' count='170' prob='0.01037' cumulative='0.08928' docs='99' word-length='3.0000' coherence='-0.9226' uniform_dist='0.0467' corpus_dist='0.0120' token-doc-diff='0.0000'>vie</word>
<word rank='7' count='163' prob='0.00994' cumulative='0.09923' docs='72' word-length='8.0000' coherence='-1.2774' uniform_dist='0.0444' corpus_dist='0.0221' token-doc-diff='0.0002'>retraite</word>
<word rank='8' count='161' prob='0.00982' cumulative='0.10904' docs='87' word-length='5.0000' coherence='-1.0317' uniform_dist='0.0437' corpus_dist='0.0154' token-doc-diff='0.0000'>jeune</word>
<word rank='9' count='158' prob='0.00964' cumulative='0.11868' docs='69' word-length='5.0000' coherence='-1.1926' uniform_dist='0.0427' corpus_dist='0.0179' token-doc-diff='0.0002'>école</word>
<word rank='10' count='136' prob='0.00829' cumulative='0.12697' docs='88' word-length='7.0000' coherence='-1.0106' uniform_dist='0.0355' corpus_dist='0.0135' token-doc-diff='0.0002'>société</word>
<word rank='11' count='127' prob='0.00775' cumulative='0.13472' docs='75' word-length='6.0000' coherence='-1.2715' uniform_dist='0.0326' corpus_dist='0.0089' token-doc-diff='0.0000'>emploi</word>
<word rank='12' count='121' prob='0.00738' cumulative='0.14210' docs='57' word-length='5.0000' coherence='-1.5586' uniform_dist='0.0307' corpus_dist='0.0133' token-doc-diff='0.0001'>impôt</word>
<word rank='13' count='117' prob='0.00714' cumulative='0.14923' docs='82' word-length='10.0000' coherence='-1.2075' uniform_dist='0.0295' corpus_dist='0.0053' token-doc-diff='0.0004'>économique</word>
<word rank='14' count='112' prob='0.00683' cumulative='0.15607' docs='59' word-length='10.0000' coherence='-1.4308' uniform_dist='0.0279' corpus_dist='0.0059' token-doc-diff='0.0000'>entreprise</word>
<word rank='15' count='107' prob='0.00653' cumulative='0.16259' docs='67' word-length='11.0000' coherence='-1.3667' uniform_dist='0.0264' corpus_dist='0.0111' token-doc-diff='0.0001'>travailleur</word>
<word rank='16' count='101' prob='0.00616' cumulative='0.16875' docs='67' word-length='6.0000' coherence='-1.3602' uniform_dist='0.0245' corpus_dist='0.0118' token-doc-diff='0.0002'>effort</word>
<word rank='17' count='98' prob='0.00598' cumulative='0.17473' docs='63' word-length='8.0000' coherence='-1.3121' uniform_dist='0.0236' corpus_dist='-0.0021' token-doc-diff='0.0001'>national</word>
<word rank='18' count='96' prob='0.00585' cumulative='0.18058' docs='69' word-length='5.0000' coherence='-1.4938' uniform_dist='0.0230' corpus_dist='0.0098' token-doc-diff='0.0004'>effet</word>
<word rank='19' count='96' prob='0.00585' cumulative='0.18644' docs='72' word-length='8.0000' coherence='-1.3078' uniform_dist='0.0230' corpus_dist='-0.0039' token-doc-diff='0.0005'>français</word>
<word rank='20' count='95' prob='0.00579' cumulative='0.19223' docs='63' word-length='3.0000' coherence='-1.4938' uniform_dist='0.0227' corpus_dist='0.0026' token-doc-diff='0.0002'>loi</word>
</topic>
<topic id='6' tokens='24153.0000' document_entropy='5.3384' word-length='6.6500' coherence='-153.0277' uniform_dist='2.9462' corpus_dist='1.0894' eff_num_words='217.4480' token-doc-diff='0.0027' rank_1_docs='0.1306' allocation_ratio='0.0634' allocation_count='0.1306'>
<word rank='1' count='438' prob='0.01813' cumulative='0.01813' docs='183' word-length='10.0000' coherence='0.0000' uniform_dist='0.0918' corpus_dist='0.0303' token-doc-diff='0.0000'>économique</word>
<word rank='2' count='414' prob='0.01714' cumulative='0.03528' docs='160' word-length='8.0000' coherence='-0.4471' uniform_dist='0.0858' corpus_dist='0.0177' token-doc-diff='0.0001'>européen</word>
<word rank='3' count='396' prob='0.01640' cumulative='0.05167' docs='129' word-length='10.0000' coherence='-0.6243' uniform_dist='0.0814' corpus_dist='0.0286' token-doc-diff='0.0007'>entreprise</word>
<word rank='4' count='391' prob='0.01619' cumulative='0.06786' docs='170' word-length='5.0000' coherence='-0.4819' uniform_dist='0.0802' corpus_dist='0.0122' token-doc-diff='0.0000'>grand</word>
<word rank='5' count='350' prob='0.01449' cumulative='0.08235' docs='152' word-length='4.0000' coherence='-0.4628' uniform_dist='0.0701' corpus_dist='0.0052' token-doc-diff='0.0000'>pays</word>
<word rank='6' count='319' prob='0.01321' cumulative='0.09556' docs='138' word-length='8.0000' coherence='-0.6469' uniform_dist='0.0627' corpus_dist='0.0245' token-doc-diff='0.0000'>économie</word>
<word rank='7' count='319' prob='0.01321' cumulative='0.10876' docs='151' word-length='6.0000' coherence='-0.5922' uniform_dist='0.0627' corpus_dist='0.0121' token-doc-diff='0.0000'>social</word>
<word rank='8' count='313' prob='0.01296' cumulative='0.12172' docs='107' word-length='8.0000' coherence='-0.8271' uniform_dist='0.0613' corpus_dist='0.0223' token-doc-diff='0.0004'>milliard</word>
<word rank='9' count='264' prob='0.01093' cumulative='0.13265' docs='115' word-length='6.0000' coherence='-0.8272' uniform_dist='0.0498' corpus_dist='0.0163' token-doc-diff='0.0000'>emploi</word>
<word rank='10' count='263' prob='0.01089' cumulative='0.14354' docs='114' word-length='6.0000' coherence='-0.8047' uniform_dist='0.0496' corpus_dist='0.0208' token-doc-diff='0.0000'>marché</word>
<word rank='11' count='232' prob='0.00961' cumulative='0.15315' docs='118' word-length='5.0000' coherence='-0.8519' uniform_dist='0.0425' corpus_dist='0.0159' token-doc-diff='0.0001'>union</word>
<word rank='12' count='227' prob='0.00940' cumulative='0.16255' docs='81' word-length='7.0000' coherence='-1.3041' uniform_dist='0.0414' corpus_dist='0.0185' token-doc-diff='0.0002'>monnaie</word>
<word rank='13' count='227' prob='0.00940' cumulative='0.17195' docs='104' word-length='4.0000' coherence='-0.8782' uniform_dist='0.0414' corpus_dist='0.0158' token-doc-diff='0.0000'>euro</word>
<word rank='14' count='224' prob='0.00927' cumulative='0.18122' docs='116' word-length='9.0000' coherence='-0.8643' uniform_dist='0.0408' corpus_dist='0.0136' token-doc-diff='0.0002'>frontière</word>
<word rank='15' count='214' prob='0.00886' cumulative='0.19008' docs='107' word-length='6.0000' coherence='-0.9273' uniform_dist='0.0385' corpus_dist='0.0132' token-doc-diff='0.0001'>projet</word>
<word rank='16' count='212' prob='0.00878' cumulative='0.19886' docs='115' word-length='5.0000' coherence='-0.9013' uniform_dist='0.0381' corpus_dist='0.0021' token-doc-diff='0.0002'>droit</word>
<word rank='17' count='211' prob='0.00874' cumulative='0.20759' docs='110' word-length='7.0000' coherence='-0.8449' uniform_dist='0.0379' corpus_dist='0.0104' token-doc-diff='0.0002'>intérêt</word>
<word rank='18' count='208' prob='0.00861' cumulative='0.21621' docs='85' word-length='5.0000' coherence='-1.0921' uniform_dist='0.0372' corpus_dist='0.0166' token-doc-diff='0.0000'>dette</word>
<word rank='19' count='178' prob='0.00737' cumulative='0.22357' docs='105' word-length='9.0000' coherence='-0.9673' uniform_dist='0.0307' corpus_dist='0.0108' token-doc-diff='0.0004'>financier</word>
<word rank='20' count='169' prob='0.00700' cumulative='0.23057' docs='82' word-length='5.0000' coherence='-1.1740' uniform_dist='0.0288' corpus_dist='0.0108' token-doc-diff='0.0000'>choix</word>
</topic>
<topic id='7' tokens='9680.0000' document_entropy='5.0388' word-length='6.7500' coherence='-225.9416' uniform_dist='2.8810' corpus_dist='1.9441' eff_num_words='225.2245' token-doc-diff='0.0033' rank_1_docs='0.0334' allocation_ratio='0.0000' allocation_count='0.0334'>
<word rank='1' count='204' prob='0.02107' cumulative='0.02107' docs='94' word-length='3.0000' coherence='0.0000' uniform_dist='0.1099' corpus_dist='0.0368' token-doc-diff='0.0001'>loi</word>
<word rank='2' count='156' prob='0.01612' cumulative='0.03719' docs='58' word-length='5.0000' coherence='-1.1081' uniform_dist='0.0797' corpus_dist='0.0443' token-doc-diff='0.0007'>peine</word>
<word rank='3' count='153' prob='0.01581' cumulative='0.05300' docs='59' word-length='6.0000' coherence='-1.1747' uniform_dist='0.0779' corpus_dist='0.0450' token-doc-diff='0.0005'>prison</word>
<word rank='4' count='149' prob='0.01539' cumulative='0.06839' docs='71' word-length='7.0000' coherence='-0.8810' uniform_dist='0.0754' corpus_dist='0.0366' token-doc-diff='0.0000'>justice</word>
<word rank='5' count='133' prob='0.01374' cumulative='0.08213' docs='65' word-length='5.0000' coherence='-1.1699' uniform_dist='0.0658' corpus_dist='0.0398' token-doc-diff='0.0000'>crime</word>
<word rank='6' count='128' prob='0.01322' cumulative='0.09535' docs='59' word-length='10.0000' coherence='-1.2650' uniform_dist='0.0628' corpus_dist='0.0289' token-doc-diff='0.0000'>insécurité</word>
<word rank='7' count='105' prob='0.01085' cumulative='0.10620' docs='47' word-length='10.0000' coherence='-1.4635' uniform_dist='0.0494' corpus_dist='0.0316' token-doc-diff='0.0001'>délinquant</word>
<word rank='8' count='100' prob='0.01033' cumulative='0.11653' docs='62' word-length='7.0000' coherence='-1.0831' uniform_dist='0.0465' corpus_dist='0.0245' token-doc-diff='0.0003'>victime</word>
<word rank='9' count='99' prob='0.01023' cumulative='0.12676' docs='58' word-length='7.0000' coherence='-1.2083' uniform_dist='0.0459' corpus_dist='0.0187' token-doc-diff='0.0002'>société</word>
<word rank='10' count='98' prob='0.01012' cumulative='0.13688' docs='41' word-length='4.0000' coherence='-1.5322' uniform_dist='0.0454' corpus_dist='0.0224' token-doc-diff='0.0002'>peur</word>
<word rank='11' count='98' prob='0.01012' cumulative='0.14700' docs='48' word-length='8.0000' coherence='-1.6857' uniform_dist='0.0454' corpus_dist='0.0256' token-doc-diff='0.0000'>violence</word>
<word rank='12' count='97' prob='0.01002' cumulative='0.15702' docs='58' word-length='8.0000' coherence='-1.1081' uniform_dist='0.0448' corpus_dist='0.0278' token-doc-diff='0.0002'>criminel</word>
<word rank='13' count='92' prob='0.00950' cumulative='0.16653' docs='50' word-length='11.0000' coherence='-1.2249' uniform_dist='0.0420' corpus_dist='0.0274' token-doc-diff='0.0000'>délinquance</word>
<word rank='14' count='88' prob='0.00909' cumulative='0.17562' docs='39' word-length='8.0000' coherence='-1.6857' uniform_dist='0.0398' corpus_dist='0.0190' token-doc-diff='0.0001'>autorité</word>
<word rank='15' count='87' prob='0.00899' cumulative='0.18461' docs='50' word-length='5.0000' coherence='-1.5322' uniform_dist='0.0392' corpus_dist='0.0187' token-doc-diff='0.0001'>ordre</word>
<word rank='16' count='86' prob='0.00888' cumulative='0.19349' docs='49' word-length='6.0000' coherence='-1.3388' uniform_dist='0.0387' corpus_dist='0.0235' token-doc-diff='0.0001'>police</word>
<word rank='17' count='84' prob='0.00868' cumulative='0.20217' docs='55' word-length='8.0000' coherence='-1.3828' uniform_dist='0.0376' corpus_dist='0.0129' token-doc-diff='0.0004'>sécurité</word>
<word rank='18' count='84' prob='0.00868' cumulative='0.21085' docs='54' word-length='8.0000' coherence='-1.4184' uniform_dist='0.0376' corpus_dist='0.0238' token-doc-diff='0.0003'>policier</word>
<word rank='19' count='81' prob='0.00837' cumulative='0.21921' docs='39' word-length='5.0000' coherence='-2.5130' uniform_dist='0.0359' corpus_dist='0.0232' token-doc-diff='0.0000'>délit</word>
<word rank='20' count='80' prob='0.00826' cumulative='0.22748' docs='43' word-length='4.0000' coherence='-1.4967' uniform_dist='0.0354' corpus_dist='0.0161' token-doc-diff='0.0000'>mort</word>
</topic>
<topic id='8' tokens='17417.0000' document_entropy='5.5169' word-length='7.3500' coherence='-178.1313' uniform_dist='3.2771' corpus_dist='1.3339' eff_num_words='115.3664' token-doc-diff='0.0059' rank_1_docs='0.0595' allocation_ratio='0.0032' allocation_count='0.0459'>
<word rank='1' count='678' prob='0.03893' cumulative='0.03893' docs='204' word-length='11.0000' coherence='0.0000' uniform_dist='0.2269' corpus_dist='0.0846' token-doc-diff='0.0025'>immigration</word>
<word rank='2' count='536' prob='0.03077' cumulative='0.06970' docs='213' word-length='5.0000' coherence='-0.3907' uniform_dist='0.1721' corpus_dist='0.0461' token-doc-diff='0.0004'>droit</word>
<word rank='3' count='482' prob='0.02767' cumulative='0.09738' docs='219' word-length='4.0000' coherence='-0.3505' uniform_dist='0.1519' corpus_dist='0.0277' token-doc-diff='0.0000'>pays</word>
<word rank='4' count='459' prob='0.02635' cumulative='0.12373' docs='205' word-length='8.0000' coherence='-0.4331' uniform_dist='0.1433' corpus_dist='0.0223' token-doc-diff='0.0000'>français</word>
<word rank='5' count='446' prob='0.02561' cumulative='0.14934' docs='192' word-length='2.0000' coherence='-0.4787' uniform_dist='0.1385' corpus_dist='0.0259' token-doc-diff='0.0001'>an</word>
<word rank='6' count='407' prob='0.02337' cumulative='0.17270' docs='173' word-length='8.0000' coherence='-0.5478' uniform_dist='0.1243' corpus_dist='0.0501' token-doc-diff='0.0001'>étranger</word>
<word rank='7' count='356' prob='0.02044' cumulative='0.19314' docs='176' word-length='8.0000' coherence='-0.6014' uniform_dist='0.1060' corpus_dist='0.0181' token-doc-diff='0.0000'>national</word>
<word rank='8' count='313' prob='0.01797' cumulative='0.21112' docs='144' word-length='7.0000' coherence='-0.7639' uniform_dist='0.0909' corpus_dist='0.0267' token-doc-diff='0.0000'>million</word>
<word rank='9' count='241' prob='0.01384' cumulative='0.22495' docs='144' word-length='9.0000' coherence='-0.6986' uniform_dist='0.0663' corpus_dist='0.0005' token-doc-diff='0.0003'>politique</word>
<word rank='10' count='237' prob='0.01361' cumulative='0.23856' docs='141' word-length='6.0000' coherence='-0.7377' uniform_dist='0.0650' corpus_dist='0.0128' token-doc-diff='0.0003'>social</word>
<word rank='11' count='235' prob='0.01349' cumulative='0.25205' docs='147' word-length='5.0000' coherence='-0.8071' uniform_dist='0.0643' corpus_dist='0.0168' token-doc-diff='0.0004'>année</word>
<word rank='12' count='202' prob='0.01160' cumulative='0.26365' docs='115' word-length='6.0000' coherence='-0.9819' uniform_dist='0.0536' corpus_dist='0.0139' token-doc-diff='0.0001'>gauche</word>
<word rank='13' count='186' prob='0.01068' cumulative='0.27433' docs='115' word-length='7.0000' coherence='-0.9666' uniform_dist='0.0484' corpus_dist='0.0099' token-doc-diff='0.0003'>pouvoir</word>
<word rank='14' count='184' prob='0.01056' cumulative='0.28489' docs='116' word-length='8.0000' coherence='-0.9784' uniform_dist='0.0478' corpus_dist='0.0164' token-doc-diff='0.0003'>personne</word>
<word rank='15' count='166' prob='0.00953' cumulative='0.29442' docs='88' word-length='7.0000' coherence='-1.2619' uniform_dist='0.0421' corpus_dist='0.0204' token-doc-diff='0.0000'>chiffre</word>
<word rank='16' count='165' prob='0.00947' cumulative='0.30390' docs='108' word-length='9.0000' coherence='-1.0638' uniform_dist='0.0418' corpus_dist='0.0118' token-doc-diff='0.0004'>situation</word>
<word rank='17' count='159' prob='0.00913' cumulative='0.31303' docs='69' word-length='11.0000' coherence='-1.6415' uniform_dist='0.0400' corpus_dist='0.0212' token-doc-diff='0.0000'>nationalité</word>
<word rank='18' count='156' prob='0.00896' cumulative='0.32198' docs='80' word-length='10.0000' coherence='-1.2283' uniform_dist='0.0390' corpus_dist='0.0208' token-doc-diff='0.0000'>clandestin</word>
<word rank='19' count='140' prob='0.00804' cumulative='0.33002' docs='92' word-length='12.0000' coherence='-1.2115' uniform_dist='0.0342' corpus_dist='0.0064' token-doc-diff='0.0003'>gouvernement</word>
<word rank='20' count='122' prob='0.00700' cumulative='0.33703' docs='77' word-length='4.0000' coherence='-1.6415' uniform_dist='0.0288' corpus_dist='0.0138' token-doc-diff='0.0002'>aide</word>
</topic>
<topic id='9' tokens='23461.0000' document_entropy='5.5150' word-length='6.8000' coherence='-150.7474' uniform_dist='2.8502' corpus_dist='1.2518' eff_num_words='203.3334' token-doc-diff='0.0044' rank_1_docs='0.0964' allocation_ratio='0.0123' allocation_count='0.1019'>
<word rank='1' count='768' prob='0.03274' cumulative='0.03274' docs='257' word-length='8.0000' coherence='0.0000' uniform_dist='0.1851' corpus_dist='0.0444' token-doc-diff='0.0023'>national</word>
<word rank='2' count='391' prob='0.01667' cumulative='0.04940' docs='169' word-length='5.0000' coherence='-0.5791' uniform_dist='0.0830' corpus_dist='0.0278' token-doc-diff='0.0002'>parti</word>
<word rank='3' count='391' prob='0.01667' cumulative='0.06607' docs='183' word-length='5.0000' coherence='-0.4991' uniform_dist='0.0830' corpus_dist='0.0147' token-doc-diff='0.0000'>droit</word>
<word rank='4' count='340' prob='0.01449' cumulative='0.08056' docs='178' word-length='9.0000' coherence='-0.5179' uniform_dist='0.0701' corpus_dist='0.0012' token-doc-diff='0.0000'>politique</word>
<word rank='5' count='315' prob='0.01343' cumulative='0.09399' docs='137' word-length='4.0000' coherence='-0.7857' uniform_dist='0.0640' corpus_dist='0.0264' token-doc-diff='0.0001'>voix</word>
<word rank='6' count='312' prob='0.01330' cumulative='0.10728' docs='162' word-length='8.0000' coherence='-0.6141' uniform_dist='0.0632' corpus_dist='0.0157' token-doc-diff='0.0000'>élection</word>
<word rank='7' count='274' prob='0.01168' cumulative='0.11896' docs='142' word-length='9.0000' coherence='-0.7286' uniform_dist='0.0540' corpus_dist='0.0232' token-doc-diff='0.0000'>électoral</word>
<word rank='8' count='248' prob='0.01057' cumulative='0.12953' docs='133' word-length='8.0000' coherence='-0.7994' uniform_dist='0.0478' corpus_dist='0.0058' token-doc-diff='0.0000'>européen</word>
<word rank='9' count='245' prob='0.01044' cumulative='0.13998' docs='109' word-length='8.0000' coherence='-0.9238' uniform_dist='0.0471' corpus_dist='0.0180' token-doc-diff='0.0001'>électeur</word>
<word rank='10' count='237' prob='0.01010' cumulative='0.15008' docs='128' word-length='6.0000' coherence='-0.8303' uniform_dist='0.0453' corpus_dist='0.0107' token-doc-diff='0.0000'>gauche</word>
<word rank='11' count='237' prob='0.01010' cumulative='0.16018' docs='140' word-length='9.0000' coherence='-0.7448' uniform_dist='0.0453' corpus_dist='0.0085' token-doc-diff='0.0002'>président</word>
<word rank='12' count='234' prob='0.00997' cumulative='0.17015' docs='120' word-length='9.0000' coherence='-0.9044' uniform_dist='0.0446' corpus_dist='0.0177' token-doc-diff='0.0000'>mouvement</word>
<word rank='13' count='233' prob='0.00993' cumulative='0.18009' docs='115' word-length='3.0000' coherence='-0.8853' uniform_dist='0.0443' corpus_dist='0.0135' token-doc-diff='0.0000'>ami</word>
<word rank='14' count='203' prob='0.00865' cumulative='0.18874' docs='117' word-length='8.0000' coherence='-0.8853' uniform_dist='0.0374' corpus_dist='0.0092' token-doc-diff='0.0001'>campagne</word>
<word rank='15' count='197' prob='0.00840' cumulative='0.19714' docs='108' word-length='10.0000' coherence='-1.0161' uniform_dist='0.0361' corpus_dist='0.0117' token-doc-diff='0.0000'>socialiste</word>
<word rank='16' count='188' prob='0.00801' cumulative='0.20515' docs='104' word-length='4.0000' coherence='-1.0703' uniform_dist='0.0340' corpus_dist='0.0127' token-doc-diff='0.0000'>tour</word>
<word rank='17' count='181' prob='0.00771' cumulative='0.21286' docs='106' word-length='6.0000' coherence='-1.0804' uniform_dist='0.0325' corpus_dist='0.0155' token-doc-diff='0.0001'>député</word>
<word rank='18' count='177' prob='0.00754' cumulative='0.22041' docs='118' word-length='4.0000' coherence='-0.9536' uniform_dist='0.0316' corpus_dist='0.0033' token-doc-diff='0.0004'>seul</word>
<word rank='19' count='166' prob='0.00708' cumulative='0.22748' docs='112' word-length='5.0000' coherence='-0.9749' uniform_dist='0.0292' corpus_dist='-0.0005' token-doc-diff='0.0004'>grand</word>
<word rank='20' count='164' prob='0.00699' cumulative='0.23447' docs='109' word-length='8.0000' coherence='-1.0054' uniform_dist='0.0287' corpus_dist='0.0045' token-doc-diff='0.0004'>candidat</word>
</topic>
</model>

