<?xml version='1.0' ?>
<topics>
  <topic id="0" alpha="0.16438135267139678" totalTokens="5930" titles="paysan, agriculture, million, agricole, terre, rural, agriculteur, européen, homme, grand">
	<word weight="0.023946037099494097" count="142">paysan</word>
	<word weight="0.018718381112984822" count="111">agriculture</word>
	<word weight="0.016357504215851602" count="97">million</word>
	<word weight="0.016188870151770656" count="96">agricole</word>
	<word weight="0.013490725126475547" count="80">terre</word>
	<word weight="0.012647554806070826" count="75">rural</word>
	<word weight="0.010792580101180439" count="64">agriculteur</word>
	<word weight="0.01011804384485666" count="60">européen</word>
	<word weight="0.009443507588532884" count="56">homme</word>
	<word weight="0.009106239460370995" count="54">grand</word>
	<word weight="0.008768971332209106" count="52">ville</word>
	<word weight="0.008600337268128162" count="51">monde</word>
	<word weight="0.008263069139966273" count="49">mesure</word>
	<word weight="0.007588532883642495" count="45">village</word>
	<word weight="0.007588532883642495" count="45">environnement</word>
	<word weight="0.007588532883642495" count="45">nature</word>
	<word weight="0.005902192242833052" count="35">dernier</word>
	<word weight="0.005733558178752108" count="34">eau</word>
	<word weight="0.005396290050590219" count="32">campagne</word>
	<phrase weight="0.004592422502870264" count="4">rural zone</phrase>
	<phrase weight="0.004592422502870264" count="4">climatique réchauffement</phrase>
	<phrase weight="0.003444316877152698" count="3">millier centaine</phrase>
	<phrase weight="0.003444316877152698" count="3">communautaire préférence</phrase>
	<phrase weight="0.003444316877152698" count="3">carbonique gaz</phrase>
	<phrase weight="0.003444316877152698" count="3">rural territoire</phrase>
	<phrase weight="0.003444316877152698" count="3">territoire aménagement</phrase>
	<phrase weight="0.003444316877152698" count="3">pêche agricole</phrase>
	<phrase weight="0.003444316877152698" count="3">agriculture industrie</phrase>
	<phrase weight="0.002296211251435132" count="2">ruralité agriculture</phrase>
	<phrase weight="0.002296211251435132" count="2">siècle siècle</phrase>
	<phrase weight="0.002296211251435132" count="2">planète réchauffement</phrase>
	<phrase weight="0.002296211251435132" count="2">agricole crédit nord</phrase>
	<phrase weight="0.002296211251435132" count="2">agricole produit</phrase>
	<phrase weight="0.002296211251435132" count="2">septembre douanier mur sud</phrase>
	<phrase weight="0.002296211251435132" count="2">foncier phytosanitaire</phrase>
	<phrase weight="0.002296211251435132" count="2">concentration plantation</phrase>
	<phrase weight="0.002296211251435132" count="2">silicium puce</phrase>
	<phrase weight="0.002296211251435132" count="2">compagnon vieux</phrase>
	<phrase weight="0.001148105625717566" count="1">génération effet génétique raison</phrase>
  </topic>
  <topic id="1" alpha="0.41941383226875867" totalTokens="12377" titles="européen, guerre, an, français, peuple, foi, patrie, siècle, armée, constitution">
	<word weight="0.029813363496808597" count="369">européen</word>
	<word weight="0.01712854488163529" count="212">guerre</word>
	<word weight="0.013088793730306213" count="162">an</word>
	<word weight="0.012119253453987235" count="150">français</word>
	<word weight="0.011634483315827745" count="144">peuple</word>
	<word weight="0.010180172901349278" count="126">foi</word>
	<word weight="0.010180172901349278" count="126">patrie</word>
	<word weight="0.009937787832269533" count="123">siècle</word>
	<word weight="0.009776197786216368" count="121">armée</word>
	<word weight="0.009695402763189788" count="120">constitution</word>
	<word weight="0.00929142764805688" count="115">mai</word>
	<word weight="0.008968247555950553" count="111">pays</word>
	<word weight="0.008725862486870808" count="108">grand</word>
	<word weight="0.007352347095418922" count="91">souveraineté</word>
	<word weight="0.007271552072392341" count="90">traité</word>
	<word weight="0.007190757049365759" count="89">sécurité</word>
	<word weight="0.006948371980286015" count="86">indépendance</word>
	<word weight="0.006786781934232851" count="84">international</word>
	<word weight="0.006786781934232851" count="84">histoire</word>
	<phrase weight="0.008896797153024912" count="15">européen constitution</phrase>
	<phrase weight="0.006524317912218268" count="11">européen union</phrase>
	<phrase weight="0.004151838671411625" count="7">européen parlement</phrase>
	<phrase weight="0.0035587188612099642" count="6">mondial guerre</phrase>
	<phrase weight="0.0029655990510083037" count="5">siècle siècle</phrase>
	<phrase weight="0.0029655990510083037" count="5">guerre guerre</phrase>
	<phrase weight="0.0029655990510083037" count="5">européen traité</phrase>
	<phrase weight="0.002372479240806643" count="4">intérieur sécurité</phrase>
	<phrase weight="0.0017793594306049821" count="3">mai mai</phrase>
	<phrase weight="0.0017793594306049821" count="3">français armée</phrase>
	<phrase weight="0.0017793594306049821" count="3">contact mystérieux</phrase>
	<phrase weight="0.0017793594306049821" count="3">juin européen</phrase>
	<phrase weight="0.0017793594306049821" count="3">indépendant libre</phrase>
	<phrase weight="0.0017793594306049821" count="3">paix puissance</phrase>
	<phrase weight="0.0017793594306049821" count="3">guerre chef</phrase>
	<phrase weight="0.0011862396204033216" count="2">rang rang</phrase>
	<phrase weight="0.0011862396204033216" count="2">coûtant prix</phrase>
	<phrase weight="0.0011862396204033216" count="2">patrie patrie</phrase>
	<phrase weight="0.0011862396204033216" count="2">abandon trahison</phrase>
	<phrase weight="0.0011862396204033216" count="2">patrie saint</phrase>
  </topic>
  <topic id="2" alpha="0.8122752216633088" totalTokens="24322" titles="français peuple, liberté, politique, seul, pays, nation, grand, monde, avenir, cher">
	<word weight="0.034865553819587204" count="848">peuple</word>
	<word weight="0.01911849354493874" count="465">liberté</word>
	<word weight="0.016446015952635475" count="400">français</word>
	<word weight="0.013115697722226791" count="319">politique</word>
	<word weight="0.012992352602582025" count="316">seul</word>
	<word weight="0.01249897212400296" count="304">pays</word>
	<word weight="0.012087821725187074" count="294">nation</word>
	<word weight="0.011388866047200066" count="277">grand</word>
	<word weight="0.009785379491818107" count="238">avenir</word>
	<word weight="0.009785379491818107" count="238">monde</word>
	<word weight="0.00966203437217334" count="235">cher</word>
	<word weight="0.008346353095962503" count="203">ami</word>
	<word weight="0.007647397417975496" count="186">système</word>
	<word weight="0.007400707178685963" count="180">histoire</word>
	<word weight="0.007154016939396431" count="174">république</word>
	<word weight="0.006907326700106899" count="168">pouvoir</word>
	<word weight="0.006619521420935778" count="161">petit</word>
	<word weight="0.006537291341172601" count="159">national</word>
	<word weight="0.006496176301291012" count="158">compatriote</word>
	<phrase weight="0.005602988260405549" count="21">français peuple</phrase>
	<phrase weight="0.003735325506937033" count="14">ami cher</phrase>
	<phrase weight="0.0032017075773745998" count="12">peuple peuple</phrase>
	<phrase weight="0.0021344717182497333" count="8">liberté liberté</phrase>
	<phrase weight="0.0018676627534685165" count="7">compatriote cher</phrase>
	<phrase weight="0.0016008537886872999" count="6">petits enfants</phrase>
	<phrase weight="0.0013340448239060833" count="5">pays avenir</phrase>
	<phrase weight="0.0013340448239060833" count="5">nation peuple</phrase>
	<phrase weight="0.0013340448239060833" count="5">patriotique bouclier</phrase>
	<phrase weight="0.0010672358591248667" count="4">métropole compatriote cher</phrase>
	<phrase weight="0.0010672358591248667" count="4">avenir avenir</phrase>
	<phrase weight="0.0010672358591248667" count="4">femme homme</phrase>
	<phrase weight="0.0010672358591248667" count="4">français citoyen</phrase>
	<phrase weight="0.0010672358591248667" count="4">nation nation</phrase>
	<phrase weight="8.004268943436499E-4" count="3">cher ami cher</phrase>
	<phrase weight="8.004268943436499E-4" count="3">sentiment nation</phrase>
	<phrase weight="8.004268943436499E-4" count="3">peuple intérêt</phrase>
	<phrase weight="8.004268943436499E-4" count="3">honte véritable</phrase>
	<phrase weight="8.004268943436499E-4" count="3">peuple liberté</phrase>
	<phrase weight="8.004268943436499E-4" count="3">œil clin</phrase>
  </topic>
  <topic id="3" alpha="0.2839874621239366" totalTokens="7119" titles="public service, publique, politique, général, social, local, département, administration, euro, personne">
	<word weight="0.02753195673549656" count="196">public</word>
	<word weight="0.017699115044247787" count="126">service</word>
	<word weight="0.017277707543194267" count="123">publique</word>
	<word weight="0.012220817530552043" count="87">politique</word>
	<word weight="0.012080348363534204" count="86">général</word>
	<word weight="0.011518471695462846" count="82">social</word>
	<word weight="0.01039471835932013" count="74">local</word>
	<word weight="0.00997331085826661" count="71">département</word>
	<word weight="0.009270965023177412" count="66">administration</word>
	<word weight="0.008568619188088215" count="61">euro</word>
	<word weight="0.008287680854052536" count="59">personne</word>
	<word weight="0.008147211687034696" count="58">classe</word>
	<word weight="0.007866273352999017" count="56">république</word>
	<word weight="0.007585335018963337" count="54">dépense</word>
	<word weight="0.007444865851945498" count="53">conseil</word>
	<word weight="0.007304396684927658" count="52">affaire</word>
	<word weight="0.00688298918387414" count="49">collectivité</word>
	<word weight="0.00688298918387414" count="49">moyen</word>
	<word weight="0.0064615816828206205" count="46">niveau</word>
	<phrase weight="0.028277634961439587" count="22">public service</phrase>
	<phrase weight="0.006426735218508998" count="5">local collectivité</phrase>
	<phrase weight="0.006426735218508998" count="5">fiscal administration</phrase>
	<phrase weight="0.005141388174807198" count="4">république président</phrase>
	<phrase weight="0.005141388174807198" count="4">publique morale</phrase>
	<phrase weight="0.005141388174807198" count="4">publique dépense</phrase>
	<phrase weight="0.005141388174807198" count="4">général conseil</phrase>
	<phrase weight="0.0038560411311053984" count="3">public agent</phrase>
	<phrase weight="0.0038560411311053984" count="3">moyen classe</phrase>
	<phrase weight="0.0038560411311053984" count="3">mars cantonal</phrase>
	<phrase weight="0.0038560411311053984" count="3">mars mars</phrase>
	<phrase weight="0.0038560411311053984" count="3">niveau clique</phrase>
	<phrase weight="0.0038560411311053984" count="3">publique fonction</phrase>
	<phrase weight="0.002570694087403599" count="2">collusion fiscal fraude</phrase>
	<phrase weight="0.002570694087403599" count="2">révoltant injustice</phrase>
	<phrase weight="0.002570694087403599" count="2">grand pervers</phrase>
	<phrase weight="0.002570694087403599" count="2">conseil primitif budget</phrase>
	<phrase weight="0.002570694087403599" count="2">importance récupération avance remboursement administration département âgé personne succession recours</phrase>
	<phrase weight="0.002570694087403599" count="2">droit âgé personne golf tennis golf tennis activité rénovation euro</phrase>
	<phrase weight="0.002570694087403599" count="2">frai note</phrase>
  </topic>
  <topic id="4" alpha="1.285785814563155" totalTokens="37948" titles="république président, politique, gens, français, foi, chose, problème, pays, nombre, conséquent">
	<word weight="0.03193844207863392" count="1212">politique</word>
	<word weight="0.02147675766838832" count="815">gens</word>
	<word weight="0.020317276272794352" count="771">français</word>
	<word weight="0.01586381363971751" count="602">an</word>
	<word weight="0.015125961842521345" count="574">foi</word>
	<word weight="0.014915147043322441" count="566">chose</word>
	<word weight="0.014229998945926005" count="540">problème</word>
	<word weight="0.013887424897227786" count="527">pays</word>
	<word weight="0.01312322125013176" count="498">président</word>
	<word weight="0.012780647201433541" count="485">nombre</word>
	<word weight="0.011990091704437652" count="455">conséquent</word>
	<word weight="0.01127859175714135" count="428">candidat</word>
	<word weight="0.010461684410245599" count="397">république</word>
	<word weight="0.009855591862548752" count="374">élection</word>
	<word weight="0.009565721513650259" count="363">monde</word>
	<word weight="0.00940761041425108" count="357">petit</word>
	<word weight="0.008169073468957521" count="310">vrai</word>
	<word weight="0.007826499420259302" count="297">raison</word>
	<word weight="0.007615684621060399" count="289">cas</word>
	<phrase weight="0.005898834980091432" count="40">république président</phrase>
	<phrase weight="0.0023595339920365727" count="16">an an</phrase>
	<phrase weight="0.0017696504940274296" count="12">politique responsable</phrase>
	<phrase weight="0.0017696504940274296" count="12">politique homme</phrase>
	<phrase weight="0.0016221796195251437" count="11">présidentiel élection</phrase>
	<phrase weight="0.0016221796195251437" count="11">demi million</phrase>
	<phrase weight="0.0013272378705205723" count="9">gens gens</phrase>
	<phrase weight="0.0011797669960182864" count="8">foi foi</phrase>
	<phrase weight="0.0011797669960182864" count="8">français politique</phrase>
	<phrase weight="0.0011797669960182864" count="8">présidentiel campagne</phrase>
	<phrase weight="0.0010322961215160006" count="7">politique vie</phrase>
	<phrase weight="0.0010322961215160006" count="7">après midi</phrase>
	<phrase weight="8.848252470137148E-4" count="6">chose nombre</phrase>
	<phrase weight="8.848252470137148E-4" count="6">clair chose</phrase>
	<phrase weight="8.848252470137148E-4" count="6">candidat candidat</phrase>
	<phrase weight="8.848252470137148E-4" count="6">chose chose</phrase>
	<phrase weight="8.848252470137148E-4" count="6">partie grand</phrase>
	<phrase weight="8.848252470137148E-4" count="6">femme homme</phrase>
	<phrase weight="8.848252470137148E-4" count="6">millier centaine</phrase>
	<phrase weight="7.37354372511429E-4" count="5">problème problème</phrase>
  </topic>
  <topic id="5" alpha="0.5530518729576586" totalTokens="16397" titles="travail, social, an, enfant, famille, vie, retraite, jeune, école, société">
	<word weight="0.02073550039641398" count="340">travail</word>
	<word weight="0.018783923888516192" count="308">social</word>
	<word weight="0.015856559126669514" count="260">an</word>
	<word weight="0.012380313471976582" count="203">enfant</word>
	<word weight="0.011160578154540465" count="183">famille</word>
	<word weight="0.01036775019820699" count="170">vie</word>
	<word weight="0.009940842837104348" count="163">retraite</word>
	<word weight="0.009818869305360736" count="161">jeune</word>
	<word weight="0.00963590900774532" count="158">école</word>
	<word weight="0.008294200158565591" count="136">société</word>
	<word weight="0.0077453192657193385" count="127">emploi</word>
	<word weight="0.007379398670488504" count="121">impôt</word>
	<word weight="0.007135451607001281" count="117">économique</word>
	<word weight="0.006830517777642251" count="112">entreprise</word>
	<word weight="0.0065255839482832225" count="107">travailleur</word>
	<word weight="0.006159663353052388" count="101">effort</word>
	<word weight="0.00597670305543697" count="98">national</word>
	<word weight="0.005854729523693358" count="96">effet</word>
	<word weight="0.005854729523693358" count="96">français</word>
	<phrase weight="0.002275830678197542" count="5">obligatoire prélèvement</phrase>
	<phrase weight="0.0018206645425580337" count="4">travail revenu impôt</phrase>
	<phrase weight="0.0018206645425580337" count="4">social aide</phrase>
	<phrase weight="0.0018206645425580337" count="4">travailleur travail</phrase>
	<phrase weight="0.0013654984069185253" count="3">an an</phrase>
	<phrase weight="0.0013654984069185253" count="3">revenu impôt</phrase>
	<phrase weight="0.0013654984069185253" count="3">issu jeune</phrase>
	<phrase weight="0.0013654984069185253" count="3">publique fonction</phrase>
	<phrase weight="0.0013654984069185253" count="3">publique dépense</phrase>
	<phrase weight="0.0013654984069185253" count="3">professionnel formation</phrase>
	<phrase weight="0.0013654984069185253" count="3">an retraite</phrase>
	<phrase weight="0.0013654984069185253" count="3">social protection</phrase>
	<phrase weight="0.0013654984069185253" count="3">excès travail</phrase>
	<phrase weight="0.0013654984069185253" count="3">consommation achat</phrase>
	<phrase weight="0.0013654984069185253" count="3">emploi emploi</phrase>
	<phrase weight="9.103322712790169E-4" count="2">politique classe</phrase>
	<phrase weight="9.103322712790169E-4" count="2">pauvreté seuil</phrase>
	<phrase weight="9.103322712790169E-4" count="2">cité cité</phrase>
	<phrase weight="9.103322712790169E-4" count="2">travail revenu</phrase>
	<phrase weight="9.103322712790169E-4" count="2">épargne achat</phrase>
  </topic>
  <topic id="6" alpha="0.7132135155201488" totalTokens="24153" titles="européen union, économique, entreprise, grand, pays, social, économie, milliard, emploi, marché">
	<word weight="0.018134393243075395" count="438">économique</word>
	<word weight="0.017140727859893182" count="414">européen</word>
	<word weight="0.01639547882250652" count="396">entreprise</word>
	<word weight="0.016188465201010225" count="391">grand</word>
	<word weight="0.014490953504740611" count="350">pays</word>
	<word weight="0.013207469051463586" count="319">économie</word>
	<word weight="0.013207469051463586" count="319">social</word>
	<word weight="0.012959052705668033" count="313">milliard</word>
	<word weight="0.010930319215004347" count="264">emploi</word>
	<word weight="0.010888916490705088" count="263">marché</word>
	<word weight="0.009605432037428063" count="232">union</word>
	<word weight="0.009398418415931769" count="227">monnaie</word>
	<word weight="0.009398418415931769" count="227">euro</word>
	<word weight="0.009274210243033992" count="224">frontière</word>
	<word weight="0.008860183000041403" count="214">projet</word>
	<word weight="0.008777377551442886" count="212">droit</word>
	<word weight="0.008735974827143627" count="211">intérêt</word>
	<word weight="0.00861176665424585" count="208">dette</word>
	<word weight="0.007369684925268082" count="178">financier</word>
	<phrase weight="0.008868022952529996" count="34">européen union</phrase>
	<phrase weight="0.004694835680751174" count="18">euro milliard</phrase>
	<phrase weight="0.003129890453834116" count="12">financier marché</phrase>
	<phrase weight="0.0028690662493479394" count="11">social économique</phrase>
	<phrase weight="0.0028690662493479394" count="11">déloyal concurrence</phrase>
	<phrase weight="0.0026082420448617634" count="10">économique modèle</phrase>
	<phrase weight="0.0026082420448617634" count="10">salaire baisse</phrase>
	<phrase weight="0.0020865936358894104" count="8">moyen classe</phrase>
	<phrase weight="0.0020865936358894104" count="8">achat pouvoir</phrase>
	<phrase weight="0.0018257694314032342" count="7">homosexuel mariage</phrase>
	<phrase weight="0.0018257694314032342" count="7">social protection</phrase>
	<phrase weight="0.0018257694314032342" count="7">soi disant</phrase>
	<phrase weight="0.001564945226917058" count="6">dette intérêt</phrase>
	<phrase weight="0.001564945226917058" count="6">économique patriotisme</phrase>
	<phrase weight="0.001564945226917058" count="6">vital carte</phrase>
	<phrase weight="0.0013041210224308817" count="5">frontière protection</phrase>
	<phrase weight="0.0013041210224308817" count="5">protection système</phrase>
	<phrase weight="0.0013041210224308817" count="5">pays pays</phrase>
	<phrase weight="0.0013041210224308817" count="5">entreprise entreprise</phrase>
	<phrase weight="0.0013041210224308817" count="5">patronat grand</phrase>
  </topic>
  <topic id="7" alpha="0.34645987115383287" totalTokens="9680" titles="loi, peine, prison, justice, crime, insécurité, délinquant, victime, société, peur">
	<word weight="0.021074380165289255" count="204">loi</word>
	<word weight="0.016115702479338842" count="156">peine</word>
	<word weight="0.015805785123966944" count="153">prison</word>
	<word weight="0.015392561983471074" count="149">justice</word>
	<word weight="0.013739669421487603" count="133">crime</word>
	<word weight="0.013223140495867768" count="128">insécurité</word>
	<word weight="0.01084710743801653" count="105">délinquant</word>
	<word weight="0.010330578512396695" count="100">victime</word>
	<word weight="0.010227272727272727" count="99">société</word>
	<word weight="0.01012396694214876" count="98">peur</word>
	<word weight="0.01012396694214876" count="98">violence</word>
	<word weight="0.010020661157024793" count="97">criminel</word>
	<word weight="0.009504132231404958" count="92">délinquance</word>
	<word weight="0.00909090909090909" count="88">autorité</word>
	<word weight="0.008987603305785123" count="87">ordre</word>
	<word weight="0.008884297520661158" count="86">police</word>
	<word weight="0.008677685950413223" count="84">sécurité</word>
	<word weight="0.008677685950413223" count="84">policier</word>
	<word weight="0.008367768595041323" count="81">délit</word>
	<phrase weight="0.008620689655172414" count="11">mort peine</phrase>
	<phrase weight="0.006269592476489028" count="8">anglo saxon</phrase>
	<phrase weight="0.004702194357366771" count="6">prison place</phrase>
	<phrase weight="0.004702194357366771" count="6">délit crime</phrase>
	<phrase weight="0.003918495297805642" count="5">islamique fondamentaliste</phrase>
	<phrase weight="0.003134796238244514" count="4">crime délit</phrase>
	<phrase weight="0.003134796238244514" count="4">insécurité insécurité</phrase>
	<phrase weight="0.003134796238244514" count="4">criminalité délinquance criminalité délinquance</phrase>
	<phrase weight="0.003134796238244514" count="4">délinquance criminalité</phrase>
	<phrase weight="0.003134796238244514" count="4">criminalité délinquance</phrase>
	<phrase weight="0.0023510971786833857" count="3">délit crime délit crime</phrase>
	<phrase weight="0.0023510971786833857" count="3">peur peur</phrase>
	<phrase weight="0.0023510971786833857" count="3">prison peine</phrase>
	<phrase weight="0.0023510971786833857" count="3">perpétuel prison</phrase>
	<phrase weight="0.0023510971786833857" count="3">ordre ordre</phrase>
	<phrase weight="0.0023510971786833857" count="3">prison prison</phrase>
	<phrase weight="0.0023510971786833857" count="3">civil paix</phrase>
	<phrase weight="0.0023510971786833857" count="3">judiciaire casier</phrase>
	<phrase weight="0.0023510971786833857" count="3">islamiste fondamentaliste</phrase>
	<phrase weight="0.0023510971786833857" count="3">violence violence</phrase>
  </topic>
  <topic id="8" alpha="0.7279197869920642" totalTokens="17417" titles="immigration, droit, pays, français, étranger, national, million, politique, social, année">
	<word weight="0.038927484641442266" count="678">immigration</word>
	<word weight="0.030774530630992707" count="536">droit</word>
	<word weight="0.027674111500258367" count="482">pays</word>
	<word weight="0.02635356261124189" count="459">français</word>
	<word weight="0.02560716541310214" count="446">an</word>
	<word weight="0.023367973818682896" count="407">étranger</word>
	<word weight="0.020439800195211574" count="356">national</word>
	<word weight="0.01797094792444164" count="313">million</word>
	<word weight="0.013837055750129184" count="241">politique</word>
	<word weight="0.013607395073778492" count="237">social</word>
	<word weight="0.013492564735603146" count="235">année</word>
	<word weight="0.011597864155709939" count="202">gauche</word>
	<word weight="0.010679221450307171" count="186">pouvoir</word>
	<word weight="0.010564391112131826" count="184">personne</word>
	<word weight="0.009530918068553712" count="166">chiffre</word>
	<word weight="0.009473502899466038" count="165">situation</word>
	<word weight="0.00912901188494" count="159">nationalité</word>
	<word weight="0.008956766377676983" count="156">clandestin</word>
	<word weight="0.008038123672274215" count="140">gouvernement</word>
	<phrase weight="0.006741573033707865" count="15">massif immigration</phrase>
	<phrase weight="0.004943820224719101" count="11">gauche droit</phrase>
	<phrase weight="0.004044943820224719" count="9">immigration immigration</phrase>
	<phrase weight="0.0035955056179775282" count="8">sol droit</phrase>
	<phrase weight="0.003146067415730337" count="7">an an</phrase>
	<phrase weight="0.003146067415730337" count="7">million million</phrase>
	<phrase weight="0.002696629213483146" count="6">positif discrimination</phrase>
	<phrase weight="0.002696629213483146" count="6">clandestin immigration</phrase>
	<phrase weight="0.002696629213483146" count="6">chiffre chiffre</phrase>
	<phrase weight="0.002696629213483146" count="6">aspirant pompe</phrase>
	<phrase weight="0.0022471910112359553" count="5">atomique bombe</phrase>
	<phrase weight="0.0022471910112359553" count="5">national préférence</phrase>
	<phrase weight="0.0022471910112359553" count="5">incontrôlé immigration</phrase>
	<phrase weight="0.0022471910112359553" count="5">droit étranger</phrase>
	<phrase weight="0.0022471910112359553" count="5">pauvre travailleur</phrase>
	<phrase weight="0.0022471910112359553" count="5">personne million</phrase>
	<phrase weight="0.0022471910112359553" count="5">masse immigration</phrase>
	<phrase weight="0.0022471910112359553" count="5">étranger origine</phrase>
	<phrase weight="0.0022471910112359553" count="5">gauche droit gauche</phrase>
	<phrase weight="0.0022471910112359553" count="5">pays étranger</phrase>
  </topic>
  <topic id="9" alpha="0.8361101749325156" totalTokens="23461" titles="national assemblée, droit, parti, politique, voix, élection, électoral, européen, électeur, président">
	<word weight="0.032735177528664595" count="768">national</word>
	<word weight="0.01666595626784877" count="391">parti</word>
	<word weight="0.01666595626784877" count="391">droit</word>
	<word weight="0.014492135885085888" count="340">politique</word>
	<word weight="0.013426537658241337" count="315">voix</word>
	<word weight="0.01329866587101999" count="312">élection</word>
	<word weight="0.011678956566216274" count="274">électoral</word>
	<word weight="0.010570734410297941" count="248">européen</word>
	<word weight="0.010442862623076594" count="245">électeur</word>
	<word weight="0.010101871190486339" count="237">gauche</word>
	<word weight="0.010101871190486339" count="237">président</word>
	<word weight="0.009973999403264993" count="234">mouvement</word>
	<word weight="0.009931375474191212" count="233">ami</word>
	<word weight="0.00865265760197775" count="203">campagne</word>
	<word weight="0.008396914027535058" count="197">socialiste</word>
	<word weight="0.00801329866587102" count="188">tour</word>
	<word weight="0.007714931162354546" count="181">député</word>
	<word weight="0.007544435446059418" count="177">seul</word>
	<word weight="0.007075572226247815" count="166">grand</word>
	<phrase weight="0.006969612489545581" count="25">national assemblée</phrase>
	<phrase weight="0.004460551993309172" count="16">socialiste parti</phrase>
	<phrase weight="0.003345413994981879" count="12">électoral campagne</phrase>
	<phrase weight="0.003345413994981879" count="12">communiste parti</phrase>
	<phrase weight="0.002509060496236409" count="9">droit gauche</phrase>
	<phrase weight="0.002230275996654586" count="8">voix voix</phrase>
	<phrase weight="0.002230275996654586" count="8">législatif élection</phrase>
	<phrase weight="0.0019514914970727628" count="7">politique parti</phrase>
	<phrase weight="0.0019514914970727628" count="7">présidentiel élection</phrase>
	<phrase weight="0.0016727069974909396" count="6">municipal conseiller</phrase>
	<phrase weight="0.0016727069974909396" count="6">vote vote</phrase>
	<phrase weight="0.0016727069974909396" count="6">ami ami</phrase>
	<phrase weight="0.0013939224979091162" count="5">national droit</phrase>
	<phrase weight="0.0013939224979091162" count="5">élection tour</phrase>
	<phrase weight="0.0013939224979091162" count="5">droit extrême</phrase>
	<phrase weight="0.001115137998327293" count="4">européen parlement</phrase>
	<phrase weight="0.001115137998327293" count="4">national mouvement</phrase>
	<phrase weight="0.001115137998327293" count="4">gauche droit</phrase>
	<phrase weight="0.001115137998327293" count="4">électeur voix</phrase>
	<phrase weight="0.001115137998327293" count="4">européen élection</phrase>
  </topic>
</topics>
