<?xml version='1.0' ?>
<topicModel>
  <topic id='0' alpha='0.16438135267139678' totalTokens='5930'>
	<word rank='1'>paysan</word>
	<word rank='2'>agriculture</word>
	<word rank='3'>million</word>
	<word rank='4'>agricole</word>
	<word rank='5'>terre</word>
	<word rank='6'>rural</word>
	<word rank='7'>agriculteur</word>
	<word rank='8'>européen</word>
	<word rank='9'>homme</word>
	<word rank='10'>grand</word>
	<word rank='11'>ville</word>
	<word rank='12'>monde</word>
	<word rank='13'>mesure</word>
	<word rank='14'>village</word>
	<word rank='15'>environnement</word>
	<word rank='16'>nature</word>
	<word rank='17'>dernier</word>
	<word rank='18'>eau</word>
	<word rank='19'>campagne</word>
  </topic>
  <topic id='1' alpha='0.41941383226875867' totalTokens='12377'>
	<word rank='1'>européen</word>
	<word rank='2'>guerre</word>
	<word rank='3'>an</word>
	<word rank='4'>français</word>
	<word rank='5'>peuple</word>
	<word rank='6'>foi</word>
	<word rank='7'>patrie</word>
	<word rank='8'>siècle</word>
	<word rank='9'>armée</word>
	<word rank='10'>constitution</word>
	<word rank='11'>mai</word>
	<word rank='12'>pays</word>
	<word rank='13'>grand</word>
	<word rank='14'>souveraineté</word>
	<word rank='15'>traité</word>
	<word rank='16'>sécurité</word>
	<word rank='17'>indépendance</word>
	<word rank='18'>international</word>
	<word rank='19'>histoire</word>
  </topic>
  <topic id='2' alpha='0.8122752216633088' totalTokens='24322'>
	<word rank='1'>peuple</word>
	<word rank='2'>liberté</word>
	<word rank='3'>français</word>
	<word rank='4'>politique</word>
	<word rank='5'>seul</word>
	<word rank='6'>pays</word>
	<word rank='7'>nation</word>
	<word rank='8'>grand</word>
	<word rank='9'>avenir</word>
	<word rank='10'>monde</word>
	<word rank='11'>cher</word>
	<word rank='12'>ami</word>
	<word rank='13'>système</word>
	<word rank='14'>histoire</word>
	<word rank='15'>république</word>
	<word rank='16'>pouvoir</word>
	<word rank='17'>petit</word>
	<word rank='18'>national</word>
	<word rank='19'>compatriote</word>
  </topic>
  <topic id='3' alpha='0.2839874621239366' totalTokens='7119'>
	<word rank='1'>public</word>
	<word rank='2'>service</word>
	<word rank='3'>publique</word>
	<word rank='4'>politique</word>
	<word rank='5'>général</word>
	<word rank='6'>social</word>
	<word rank='7'>local</word>
	<word rank='8'>département</word>
	<word rank='9'>administration</word>
	<word rank='10'>euro</word>
	<word rank='11'>personne</word>
	<word rank='12'>classe</word>
	<word rank='13'>république</word>
	<word rank='14'>dépense</word>
	<word rank='15'>conseil</word>
	<word rank='16'>affaire</word>
	<word rank='17'>collectivité</word>
	<word rank='18'>moyen</word>
	<word rank='19'>niveau</word>
  </topic>
  <topic id='4' alpha='1.285785814563155' totalTokens='37948'>
	<word rank='1'>politique</word>
	<word rank='2'>gens</word>
	<word rank='3'>français</word>
	<word rank='4'>an</word>
	<word rank='5'>foi</word>
	<word rank='6'>chose</word>
	<word rank='7'>problème</word>
	<word rank='8'>pays</word>
	<word rank='9'>président</word>
	<word rank='10'>nombre</word>
	<word rank='11'>conséquent</word>
	<word rank='12'>candidat</word>
	<word rank='13'>république</word>
	<word rank='14'>élection</word>
	<word rank='15'>monde</word>
	<word rank='16'>petit</word>
	<word rank='17'>vrai</word>
	<word rank='18'>raison</word>
	<word rank='19'>cas</word>
  </topic>
  <topic id='5' alpha='0.5530518729576586' totalTokens='16397'>
	<word rank='1'>travail</word>
	<word rank='2'>social</word>
	<word rank='3'>an</word>
	<word rank='4'>enfant</word>
	<word rank='5'>famille</word>
	<word rank='6'>vie</word>
	<word rank='7'>retraite</word>
	<word rank='8'>jeune</word>
	<word rank='9'>école</word>
	<word rank='10'>société</word>
	<word rank='11'>emploi</word>
	<word rank='12'>impôt</word>
	<word rank='13'>économique</word>
	<word rank='14'>entreprise</word>
	<word rank='15'>travailleur</word>
	<word rank='16'>effort</word>
	<word rank='17'>national</word>
	<word rank='18'>effet</word>
	<word rank='19'>français</word>
  </topic>
  <topic id='6' alpha='0.7132135155201488' totalTokens='24153'>
	<word rank='1'>économique</word>
	<word rank='2'>européen</word>
	<word rank='3'>entreprise</word>
	<word rank='4'>grand</word>
	<word rank='5'>pays</word>
	<word rank='6'>économie</word>
	<word rank='7'>social</word>
	<word rank='8'>milliard</word>
	<word rank='9'>emploi</word>
	<word rank='10'>marché</word>
	<word rank='11'>union</word>
	<word rank='12'>monnaie</word>
	<word rank='13'>euro</word>
	<word rank='14'>frontière</word>
	<word rank='15'>projet</word>
	<word rank='16'>droit</word>
	<word rank='17'>intérêt</word>
	<word rank='18'>dette</word>
	<word rank='19'>financier</word>
  </topic>
  <topic id='7' alpha='0.34645987115383287' totalTokens='9680'>
	<word rank='1'>loi</word>
	<word rank='2'>peine</word>
	<word rank='3'>prison</word>
	<word rank='4'>justice</word>
	<word rank='5'>crime</word>
	<word rank='6'>insécurité</word>
	<word rank='7'>délinquant</word>
	<word rank='8'>victime</word>
	<word rank='9'>société</word>
	<word rank='10'>peur</word>
	<word rank='11'>violence</word>
	<word rank='12'>criminel</word>
	<word rank='13'>délinquance</word>
	<word rank='14'>autorité</word>
	<word rank='15'>ordre</word>
	<word rank='16'>police</word>
	<word rank='17'>sécurité</word>
	<word rank='18'>policier</word>
	<word rank='19'>délit</word>
  </topic>
  <topic id='8' alpha='0.7279197869920642' totalTokens='17417'>
	<word rank='1'>immigration</word>
	<word rank='2'>droit</word>
	<word rank='3'>pays</word>
	<word rank='4'>français</word>
	<word rank='5'>an</word>
	<word rank='6'>étranger</word>
	<word rank='7'>national</word>
	<word rank='8'>million</word>
	<word rank='9'>politique</word>
	<word rank='10'>social</word>
	<word rank='11'>année</word>
	<word rank='12'>gauche</word>
	<word rank='13'>pouvoir</word>
	<word rank='14'>personne</word>
	<word rank='15'>chiffre</word>
	<word rank='16'>situation</word>
	<word rank='17'>nationalité</word>
	<word rank='18'>clandestin</word>
	<word rank='19'>gouvernement</word>
  </topic>
  <topic id='9' alpha='0.8361101749325156' totalTokens='23461'>
	<word rank='1'>national</word>
	<word rank='2'>parti</word>
	<word rank='3'>droit</word>
	<word rank='4'>politique</word>
	<word rank='5'>voix</word>
	<word rank='6'>élection</word>
	<word rank='7'>électoral</word>
	<word rank='8'>européen</word>
	<word rank='9'>électeur</word>
	<word rank='10'>gauche</word>
	<word rank='11'>président</word>
	<word rank='12'>mouvement</word>
	<word rank='13'>ami</word>
	<word rank='14'>campagne</word>
	<word rank='15'>socialiste</word>
	<word rank='16'>tour</word>
	<word rank='17'>député</word>
	<word rank='18'>seul</word>
	<word rank='19'>grand</word>
  </topic>
</topicModel>
