first,second,third,likelihood_ratio
charles,devenu,restera,145.44198943733994
maîtrise,frontières,maîtrise,235.84174099151733
nous,avons,plus,2287.4767902340077
nous,avons,versé,2217.7285467755137
nous,avons,toujours,2188.0848818932973
nous,avons,jamais,2184.51255475186
nous,avons,devoir,2172.5989901341577
nous,avons,déjà,2172.3568874979346
nous,avons,vision,2152.763803710811
nous,avons,peur,2150.4179017213046
nous,avons,aucune,2150.121070796664
nous,sommes,seuls,2097.4313286988026
nous,sommes,aujourd,1900.708006736977
nous,sommes,pays,1874.920423613862
nous,sommes,rejoints,1873.5913382897006
nous,sommes,entrés,1861.0178408259858
nous,sommes,camp,1848.6241082703714
nous,sommes,mouvement,1848.1727711982098
nous,sommes,ailleurs,1818.0282383790106
nous,devons,retrouver,607.4167203056518
nous,allons,gagner,455.9804775692087
nous,voulons,plus,423.9205750562623
nous,allons,faire,403.3377951947176
nous,pouvons,plus,339.4245153033163
nous,savons,bien,206.36073188047789
nous,décidons,plus,195.66196409519773
nous,pourrons,plus,177.0011691910086
nous,verrons,bien,160.2968441591448
famille,école,armée,146.37351698700877
leurs,enfants,école,785.7806605331016
leurs,parents,leurs,701.4110102772723
leurs,familles,leurs,588.2224574382717
leurs,propres,besoins,345.57320439897103
leurs,grands,parents,223.27836157876715
leurs,justes,contrôles,119.2080932904959
leurs,conditions,travail,76.96539806374763
sainte,martyre,plan,233.7675058930173
prix,nobel,économie,487.66544343046024
prix,essence,pompe,215.65432758193322
prix,peuvent,aboutir,110.77646165295093
monter,cheval,accomplir,152.37686342003065
ailleurs,front,national,19020.486119200203
ailleurs,certain,nombre,7343.567031012913
ailleurs,nicolas,sarkozy,6895.003860574489
ailleurs,etats,unis,2752.0794029517465
ailleurs,raison,laquelle,708.7125298654786
ailleurs,plus,plus,534.6512816659866
ailleurs,faut,bien,504.8350129353541
ailleurs,faut,dire,398.7789483127361
ailleurs,voit,bien,384.584541850368
injuste,effort,hommes,106.21783539010613
réarmer,face,mondialisation,266.21528955888016
général,gaulle,avait,788.9592940589441
général,otan,dire,114.99011367535647
qatar,arabie,saoudite,506.5423709977317
gauche,parti,socialiste,2029.7867615711757
gauche,extrême,gauche,472.06870483149095
seront,premiers,bénéficiaires,129.90320817537037
croire,temps,désinformation,136.98630135301227
croire,cinq,plus,66.04380111673936
bourdin,monsieur,bourdin,487.6438452556897
services,publics,proximité,1856.1684650715092
services,publics,patrimoine,1830.6360615901795
services,publics,bien,1799.4440040786885
protéger,peuple,français,2453.4392927428953
protéger,marché,intérieur,295.3085661670009
compiègne,vendue,anglais,290.5206997448047
veut,dire,veut,1409.5277506819282
veut,dire,faut,1358.058877492157
veut,dire,gens,1337.6560325808728
veut,dire,réalité,1320.9785966589498
veut,dire,avons,1318.155425083757
veut,dire,français,1310.3296062369968
veut,rien,dire,319.6997627007546
veut,faire,gagner,173.51102447413595
sommes,campagne,électorale,1079.7299162902477
sommes,capables,fabriquer,111.32359136489708
sommes,pauvres,nous,108.83377332850932
veux,mettre,place,1043.1866947457183
veux,dire,suis,890.8362205293008
veux,dire,faut,865.9246641841075
veux,mettre,œuvre,555.7763178529635
fallait,affranchir,moyen,129.30587389277912
david,contre,goliath,142.50779599872766
simplement,faire,remarquer,134.53503404942632
millions,chômeurs,millions,1055.4434440613454
millions,chômeurs,réels,797.7724020770124
millions,chômeurs,pays,766.8078399192598
millions,chômeurs,français,746.3306076387837
millions,pauvres,millions,503.9345888117516
millions,demi,voix,490.45801456625196
millions,crimes,délits,449.0031046639732
millions,emplois,industriels,445.83980522628167
millions,rmistes,millions,418.76759295381686
millions,électeurs,front,376.33238727556636
millions,demi,entre,333.3651489978187
millions,demi,français,325.13631487719204
millions,cartes,vitales,305.26400768575843
millions,travailleurs,pauvres,278.8052554667294
millions,étrangers,pays,255.22199595025594
millions,français,vivent,237.45316930756718
millions,emplois,agricoles,226.6246465319062
millions,vivent,euros,187.83990766805442
millions,fausses,cartes,167.85675622172903
millions,français,pouvoir,165.90397039006254
rapprocher,salaires,manuels,284.90019625796225
avons,front,national,19024.734603278674
avons,certain,nombre,7349.571240677107
avons,millions,chômeurs,807.7560977629555
avons,places,prison,564.4768342408646
avons,plus,moyens,290.61527933372514
avons,supprimé,frontières,173.96863671755702
avons,perdu,millions,161.50820857551304
avons,payé,milliards,108.68675971554566
peuples,européens,plus,194.7893173630954
peuples,disposer,mêmes,186.79346902543517
ancien,premier,ministre,1485.9887734842384
ancien,ministre,intérieur,978.6257491126618
ancien,secrétaire,général,308.11109170029397
ancien,ministre,commissaire,274.45631360592597
française,front,national,19021.416546346914
française,union,européenne,4329.177572719553
française,article,disposant,127.09745322907297
création,revenu,parental,185.83637597243126
mesdames,messieurs,chers,3327.4846602230223
mesdames,messieurs,remercie,3241.931140527779
mesdames,messieurs,faut,3209.254246072071
mesdames,messieurs,permettez,3208.911942201483
mesdames,messieurs,sommes,3196.7038776197764
mesdames,messieurs,crois,3190.9926312024386
corruption,politico,financière,132.99963242264056
cautère,jambe,bois,252.118564888449
sociale,moyen,prospérité,91.783482068441
déloyale,pays,coûts,146.36641383540717
emprunter,marchés,financiers,1526.9702694472367
religieuse,neutralité,politique,173.64309916871622
morale,publique,plus,442.7388947439263
morale,politique,france,56.67923921784204
membre,bureau,politique,728.4770416072048
arabe,députation,paris,354.7759302806059
chose,front,national,19020.83980962007
chose,égale,ailleurs,119.33810541025437
chose,bien,plus,35.57743251649993
raison,laquelle,propose,707.4400944423868
raison,laquelle,suis,691.3789771744068
nomination,responsable,politique,224.63981384906847
proclamé,france,jeanne,104.86856504789242
lourde,plus,plus,563.4239575208022
fiscale,plus,plus,553.5516979881351
être,ultra,libéral,373.538728031082
anticiper,sortie,euro,347.7849611529074
groupe,front,national,19047.662824914405
groupe,droites,européennes,361.7278792916058
classe,politique,française,1896.8325372555341
classe,politique,médiatique,1532.4806014220553
classe,politique,gauche,1401.4327988180896
classe,politique,aujourd,1351.3135338452844
classe,politico,médiatique,553.435374219471
sécurité,première,libertés,249.54134650933537
sécurité,français,rassemblement,74.2971856865816
adhérents,front,national,19122.72417729049
complice,forfaiture,quatre,154.0096958921555
logement,aides,sociales,890.1153157516896
supprimer,définitivement,aides,121.40578383146942
gestion,argent,public,481.39377110808584
institution,droits,douane,1092.1778605784054
termine,professionnelle,vers,130.2553011724816
orléans,écrase,anglais,227.02231038197166
prière,jésus,marie,205.38197198183286
vient,livré,étranger,124.84997227479678
toute,classe,politique,1444.235794711316
toute,série,secteurs,1078.322975374941
toute,série,propositions,1072.2711042024844
toute,série,domaines,1069.1792744127351
toute,série,mesures,1067.9316793844
toute,série,gens,1060.0932351196934
toute,série,choses,1059.2935353967832
toute,histoire,france,352.28575755938095
toute,classe,politico,240.77453307196535
toute,misère,monde,205.6286484428914
toute,légitimité,démocratique,142.944993470109
toute,chose,égale,138.33638267175397
toute,modification,traités,109.96715690735378
angleterre,proclamé,france,134.28732629147163
chine,etats,unis,2830.2425699546648
rendent,bien,compte,167.36926706456927
guerre,famine,peste,170.95082254394384
guerre,grand,chef,170.66542424873342
amis,front,national,19056.893820466572
amis,nicolas,sarkozy,6903.81409695782
amis,chers,camarades,705.374887944638
amis,militants,sympathisants,200.90726686193693
tout,monde,sait,621.4432084583227
tout,monde,voit,499.1637583119848
tout,perdu,presque,151.7926898602644
tout,sauf,réprimer,130.4561043809014
considéré,fardeau,obligation,161.49956746973328
dépôt,banques,spéculatives,234.02486737421583
président,front,national,19196.952759674372
président,république,française,4462.977760606004
président,république,chef,4194.71666543035
président,république,sortant,4158.60361000818
président,république,président,4148.538258749568
président,république,avez,4133.340102758397
président,république,suffrage,4127.874769510408
président,république,pratiquement,4120.241511276144
président,république,avait,4117.388723595222
président,république,mais,4115.237591318288
président,république,aura,4110.0215424132275
président,république,était,4107.30071489866
président,république,faire,4101.148278157061
président,république,bien,4094.416246834867
président,etats,unis,2776.575693846673
président,pouvoir,achat,2211.1506857177537
président,conseil,constitutionnel,686.8940331446514
président,conseil,général,640.1136248990972
président,cour,comptes,453.3806571727506
président,groupe,socialiste,146.1650882773967
obtenir,nationalité,française,653.1193334925771
géographie,histoire,religion,159.9213224214152
terrestre,sépare,jamais,134.37398508634675
grands,groupes,payent,892.1080552536814
grands,partis,politiques,680.8794922478199
grands,féodaux,déchirent,304.40068593775584
rétablissement,peine,mort,803.3826617753973
pierre,cauchon,condamnée,182.12255121984163
honneur,front,national,19030.09895560115
tête,front,national,19029.172071229135
retraités,chômeurs,exclus,130.19520458449585
grande,partie,entre,679.7245542082169
grande,différence,entre,300.03819724284466
grande,pitié,royaume,240.3615698113897
grande,politique,développement,98.06032367771257
occurrence,jean,marie,2850.9599353649683
solidarité,nationale,travail,280.5765805595119
élever,leurs,enfants,765.997733115718
mandat,nicolas,sarkozy,6921.20002562762
mandat,président,république,4120.1225040740355
pages,faits,divers,257.25323483365975
pense,front,national,19021.741310719703
pense,certain,nombre,7339.251790258386
pense,nicolas,sarkozy,6900.885576908879
pense,président,république,4108.227283945638
pense,peine,mort,666.1311701622044
pense,faut,arrêter,466.7651409616364
pense,beaucoup,français,78.85468379438738
fête,travail,travailleurs,330.00796908316283
messieurs,chers,amis,2512.3828168938057
messieurs,sarkozy,bayrou,160.94537874505858
messieurs,remercie,présence,160.0770445968575
messieurs,permettez,abord,106.7757317159373
rmistes,millions,titulaires,160.99741525190618
mettre,place,protectionnisme,1119.5185400681723
mettre,droits,douane,1069.9525556591097
mettre,place,patriotisme,1001.7418451376147
mettre,place,priorité,1001.240473837757
mettre,place,politique,990.3631549065335
mettre,place,pays,974.4071297476803
mettre,œuvre,atteindre,512.7214981149322
mettre,oeuvre,grand,397.40542156172364
mettre,protections,frontières,227.38283234936029
mettre,france,abri,85.62972507849926
puissance,économique,monde,155.3748225816844
plan,économique,plan,260.5528103632507
françaises,français,chers,191.59760043270916
ambassadeur,france,tunisie,110.56620825386452
plusieurs,assistances,irrésistiblement,168.75564989394218
échange,gloire,immortelle,267.3372378822638
peser,baisse,salaires,936.2531653559566
peser,baisser,salaires,477.37646328798724
homme,politique,présenter,275.5818587293305
professionnelle,vers,2013,113.15144296294073
déjà,certain,nombre,7413.182369993
déjà,nombreuses,années,356.6465170868835
sympathisants,front,national,19064.282981174027
grandes,entreprises,pétrolières,711.6234006627058
grandes,compagnies,pétrolières,303.4351347660762
grandes,économies,faire,112.98513604995584
arts,armes,lois,143.274746882872
barrer,route,front,293.67770826296316
martyre,plan,spirituel,146.94606279339007
parents,grands,parents,251.83314251440424
parents,leurs,grands,88.46661878565924
cela,étant,crois,320.306157256588
cela,aurait,permis,153.99505893244552
normandie,écrasé,chevalerie,232.81523580352416
garde,sceaux,arpaillange,243.08775487714885
états,unis,amérique,608.0942586202854
aimerais,bien,savoir,122.10105722918283
etat,collectivités,territoriales,634.6005916152582
etat,collectivités,locales,517.895145465454
etat,fort,etat,373.2950457606982
etat,etat,fort,328.3193106649576
république,vive,france,585.335078155457
république,suffrage,universel,515.9500004567717
république,française,front,346.36418722722226
république,reconnaît,aucune,125.08327671058179
république,reconnait,aucune,123.55456211167298
basses,insultes,plus,199.55207201662722
2009,sera,chargé,107.84952441703257
jean,marie,chevallier,2960.984554105751
jean,marie,avait,2860.6181540444845
jean,marie,candidat,2844.2861279928898
jean,françois,copé,412.63743737179965
jean,pierre,stirbois,321.4799174434378
jean,claude,martinez,310.22177159446113
jean,michel,dubois,208.8834759643247
2007,2013,delà,120.8456214436612
national,front,national,19042.053342048745
national,assemblée,nationale,1439.773033839757
national,veut,dire,1317.5466462848808
national,vive,france,446.86785678497455
national,conseil,régional,382.4609610213335
national,vive,république,343.9475234388424
national,rassemblement,bleu,306.78301523158666
national,union,patriotique,292.2126476101837
attribution,logements,sociaux,559.4886095700822
préférence,nationale,réponse,952.0572356135042
préférence,nationale,embauche,949.7327799291767
préférence,nationale,emploi,936.4277065526685
politiques,front,national,19024.34508111035
politiques,économiques,sociales,428.7722404560128
politiques,économiques,sociaux,243.48482126001204
villes,plus,million,83.07881969416741
soixante,après,guerre,185.54448834497333
intérieur,front,national,19026.464039038598
vingt,dernières,années,839.6572771835005
pensent,avez,oublié,197.11761231143694
militants,front,national,19075.395212743926
zone,libre,échange,798.1801549935283
zone,euro,bien,774.0968368013476
échappera,techniques,pourrait,157.52754709430315
acte,prière,jésus,215.9698193953465
soient,leurs,origines,130.1464411578956
soient,leurs,opinions,99.15347059060016
aurait,quelque,sorte,4203.149844852298
aurait,permis,éviter,164.45829581751582
structure,plus,performante,159.56625639873664
peine,mort,soit,666.5734721063945
mystérieux,contact,appelle,150.78110423607558
parle,journalistes,parle,184.42223158687318
600ème,anniversaire,naissance,349.64124166427507
sordide,jugée,tribunal,181.75478264405066
observatoire,national,délinquance,115.46639848545914
charges,fiscales,sociales,230.53213306008945
voter,front,national,19034.238374872024
voter,deuxième,tour,1431.8633985764102
ingérence,affaires,intérieures,195.03221405073455
quotas,importation,droits,275.86412489431575
métropole,outre,étranger,219.49326483891807
vivent,euros,mois,376.01655845021224
vivent,dessous,seuil,187.25139133128553
rappelle,élections,européennes,601.0481293151968
martin,sera,refuser,138.20829163701808
retrouver,monnaie,nationale,464.4592697809187
retrouver,souveraineté,monétaire,238.36945689877575
manière,dont,peuple,462.52137068456096
manière,plus,générale,90.23369811981851
responsabilité,devant,histoire,85.6874118466401
gagné,bataille,idées,165.9165212057884
promesse,mettre,œuvre,509.7282101062821
contrôles,laisse,entrer,123.50468446740038
préparé,sortie,euro,374.7326692483241
jusqu,dernier,moment,180.1617444683729
patriotisme,économique,patriotisme,714.5012258358884
etats,unis,amérique,2922.1709634924546
etats,unis,exemple,2761.5590610913264
etats,unis,ailleurs,2758.302149431341
etats,unis,beaucoup,2755.3715427816624
etats,unis,pays,2749.7218974999078
sauver,prix,euro,92.21413415818103
politiciens,français,gauche,138.31767611699553
payer,toujours,plus,271.5947180842104
payer,intérêts,dette,242.8359764452024
élus,front,national,19092.522407878558
faire,front,national,19027.107395490246
faire,quelque,chose,1953.299656687816
faire,croire,cinq,426.0214388248125
faire,croire,français,405.5065091490119
faire,respecter,lois,301.9919172792329
faire,élire,députés,295.17486126139363
faire,objet,publication,291.1735594214723
faire,baisser,salaires,268.8222059681708
faire,objet,enquête,236.78203415299055
faire,prendre,charge,229.73262587103528
faire,plus,grand,221.8791974924889
faire,cesser,concurrence,183.63576765021054
faire,entendre,voix,159.8472509826115
faire,appliquer,politique,157.6214830970602
faire,grosse,bœuf,142.3531040840669
faire,grand,rassemblement,133.89655555977762
faire,demain,voulu,123.60775892468364
faire,travailleur,emploi,94.4658567342373
soir,second,tour,1235.0285539573615
soir,premier,tour,1073.8987373753116
soit,milliards,euros,2430.7673977393006
soit,milliards,francs,437.57260762504535
nathalie,kosciusko,morizet,575.2363387009103
aides,européennes,exportations,124.0549578720142
chaque,nomination,responsable,137.37573485385718
bonnet,rose,rose,171.4369563668231
harmonie,entre,nature,113.758848514839
mais,front,national,19018.809452660134
mais,certain,nombre,7335.006166708173
mais,nicolas,sarkozy,6898.328650498237
mais,chers,amis,2369.7078515821404
mais,monsieur,aphatie,1346.270242976825
mais,veut,dire,1333.5909502307895
mais,veux,dire,872.331668156077
mais,vais,dire,838.6325658789378
mais,monsieur,bourdin,756.2859759293607
mais,bien,évidemment,625.5798995340563
mais,bien,entendu,479.0627079810882
mais,écoutez,monsieur,465.3975062480011
mais,pose,question,448.5509645927315
mais,cher,monsieur,444.7123770424421
mais,monsieur,mais,437.1958525864177
mais,monsieur,déjà,399.1272129485564
mais,crois,crois,376.9263013452662
mais,faut,savoir,317.81562954887556
mais,voudrais,dire,292.5474171987811
mais,savez,bien,278.05290214553133
mais,bien,mais,180.91989451335823
mais,bien,bien,133.26443123622045
mais,démontrons,paris,116.46087379221134
peuple,peuple,français,2571.634571878366
peuple,français,peuple,2521.733079240354
peuple,français,liberté,2459.5549647050548
peuple,français,puisse,2445.868362416816
peuple,français,savoir,2445.114569009189
peuple,français,mais,2433.2086968025933
peuple,français,crois,2432.004830253263
peuple,français,suis,2426.602770550695
peuple,français,faire,2424.631799467249
peuple,français,plus,2424.540056053189
peuple,peuple,peuple,338.83366261725837
peuple,amour,patrie,307.20388231369566
marchés,financiers,banques,1469.9597510286208
marchés,financiers,taux,1459.9002638321035
marchés,financiers,bien,1413.7526087383317
puisse,dire,était,371.33439768260183
chômeurs,millions,pauvres,320.9596182844098
féodaux,déchirent,belles,238.33333900065725
égard,front,national,19043.896695466123
sarkozy,nicolas,sarkozy,6906.645669702678
sarkozy,françois,hollande,1679.3779446945912
sarkozy,ministre,intérieur,803.4240452186284
sarkozy,ségolène,royal,621.9930342622795
sarkozy,faut,bien,498.69359511427547
sarkozy,dominique,strauss,458.77903427375816
sarkozy,bayrou,royal,212.99095586816458
sarkozy,avait,promis,206.1254861760649
sarkozy,royal,bayrou,179.07821099664358
affranchir,moyen,oppression,148.31144519378614
1700,milliards,euros,2515.046447295109
excès,prélèvements,obligatoires,523.5996639145125
excès,injustices,considéré,148.28436553593446
quitté,front,national,19053.39861231728
unes,après,autres,266.62130952168616
voudrais,simplement,dire,171.80904890998073
voudrais,simplement,faire,160.79729533811573
voudrais,abord,dire,132.49071341442442
candidate,élection,présidentielle,2287.491628986086
député,front,national,19046.788627270093
protectionnisme,intelligent,frontières,481.3168319762654
protectionnisme,frontières,nationales,162.5211241987974
protectionnisme,égard,pays,79.68808102321941
calme,vieilles,troupes,148.13311260989218
enfin,chers,amis,2379.5729192538283
enfin,veux,dire,950.6758261268594
présidence,république,jamais,611.6607109977808
présidence,république,mais,608.9088663392806
présidence,française,union,171.1803341102438
banque,centrale,européenne,384.8773725181274
banque,france,prêter,301.3514112302704
banque,france,prêtait,273.5759527950328
banque,france,prérogative,266.85259193411895
candidats,front,national,19056.53912580652
candidats,deuxième,tour,1483.4141986766015
candidats,présidence,république,698.353365379147
jacques,chirac,avait,2650.3797815432767
jacques,chirac,sera,2612.359234227404
voulez,faire,club,95.29456165208614
hommes,politiques,gauche,817.2809475043991
hommes,politiques,français,741.9914836076532
hommes,femmes,gauche,733.230197920471
hommes,femmes,pays,723.3978827522354
hommes,état,doivent,123.70366510431937
commencer,celui,ministres,103.25590056181193
réarmement,face,mondialisation,236.9545286398763
fureurs,révolutionnaires,caboche,195.47244605812529
population,mondiale,passée,237.81401785250046
trahisons,lâchetés,plus,124.18753400956382
père,mort,france,198.81067614802492
régionaux,conseils,généraux,822.4221969350604
destin,histoire,humaine,180.60426299574488
subventions,associations,communautaristes,234.1821752679025
nationales,action,vigoureuse,145.7453261142535
disposant,toute,modification,131.83534419497096
bien,front,national,19020.267409791777
bien,certain,nombre,7333.8274003245015
bien,mesdames,messieurs,3195.177652964316
bien,etats,unis,2747.431435845281
bien,peuple,français,2429.968174149525
bien,vous,savez,1953.5278041326926
bien,quelque,chose,1937.8620031741136
bien,chers,compatriotes,1195.8406892672772
bien,vais,dire,803.6055077206487
bien,faut,bien,566.199728552394
bien,évidemment,suis,535.1130943388134
bien,entendu,mais,393.9938250973935
bien,faut,faire,374.13446094927343
bien,crois,faut,300.0453557818911
bien,verra,bien,265.07252081015827
bien,plus,précieux,87.19243604419395
bien,normal,après,82.39033807358072
souverain,légitime,peuple,203.77083128433617
dizaines,millions,morts,204.83832767909195
européenne,commission,européenne,357.8793066522623
européenne,droits,homme,205.1171066712409
était,nicolas,sarkozy,6895.723049306711
était,quelque,sorte,4192.129516784395
était,président,république,4103.287247598424
était,jean,marie,2840.524802018947
était,premier,ministre,1463.7188118446825
était,ministre,agriculture,171.79662484116983
était,trompé,porte,105.13866257139101
oubliés,politique,française,596.5010423379803
injustices,considéré,fardeau,165.36870190312396
pèse,baisse,salaires,635.86901147558
étais,somme,toute,688.1373653311937
étais,contre,intervention,140.20132611154196
jeanne,sait,lire,100.75963963909092
dissolution,assemblée,nationale,1494.687971008645
temps,temps,suis,294.8251669803807
temps,désinformation,diabolisation,169.06551119548777
temps,chômage,massif,119.35128104960415
temps,faire,bilan,90.30724904969546
système,protection,sociale,1456.4152381780646
système,bout,souffle,320.35485483084267
système,monétaire,international,157.0421381442034
seine,saint,denis,278.3668556572575
ennemi,avenir,furent,122.81467683014611
ouvrir,yeux,français,204.17405223048877
croissance,zone,euro,801.1686646898736
croissance,plus,faible,215.1114702924428
croissance,emploi,pouvoir,118.91720971131006
agit,front,national,19029.609453106004
reconnait,aucune,communauté,149.22902112874453
jargeau,juin,patay,241.24851114978628
budgets,conseils,généraux,854.9463388525235
celle,front,national,19026.29399878173
celle,etats,unis,2759.6817091227613
celle,peuple,français,2437.445114950374
pendant,campagne,électorale,1309.2242947033542
pendant,campagne,présidentielle,970.1483605088504
pendant,années,années,517.4601154617835
pendant,nombreuses,années,395.64634603477305
pendant,trois,mois,388.0534512580584
pendant,quinze,jours,229.0485963194996
pendant,deuxième,guerre,196.26013483277484
pendant,toute,campagne,135.80537894665795
pendant,certain,temps,79.4411021731937
recherche,emploi,plusieurs,127.41016371631966
vite,elle,rencontre,118.15719056829965
henri,meurt,henri,203.22050016489104
henri,angleterre,proclamé,172.31060268346414
1974,regroupement,familial,700.4750925976142
conseil,général,corrèze,600.9592113828425
conseil,régional,nord,401.1244116375119
conseil,etat,nous,140.56595347126182
conseil,français,culte,126.01517669951913
baisse,pouvoir,achat,2234.5128141446057
baisse,salaires,manuels,789.9603722906943
baisse,salaires,travailleurs,713.1024398355049
baisse,salaires,français,602.8185615202185
baisse,allocations,familiales,450.9899149714963
certain,nombre,gens,7647.530458497707
certain,nombre,sujets,7483.686175329067
certain,nombre,autres,7452.817100677232
certain,nombre,choses,7422.417179040638
certain,nombre,années,7396.60464246936
certain,nombre,mesures,7375.448124829731
certain,nombre,candidats,7372.29518222115
certain,nombre,propositions,7372.010361114953
certain,nombre,qualités,7370.589571563124
certain,nombre,journalistes,7369.424092749747
certain,nombre,pays,7365.973195516851
certain,nombre,divergences,7364.22918406783
certain,nombre,conditions,7360.885940330295
certain,nombre,activités,7360.716781902991
certain,nombre,problèmes,7359.307138275367
certain,nombre,dirigeants,7355.4655778458755
certain,nombre,domaines,7352.530422586971
certain,nombre,aides,7351.61692554689
certain,nombre,groupes,7349.967269648244
certain,nombre,temps,7346.790022197147
certain,nombre,responsables,7346.24487275094
certain,nombre,services,7344.725830761916
certain,nombre,droits,7344.039043571493
certain,nombre,jeunes,7342.162160106355
certain,nombre,hommes,7341.647363752414
certain,nombre,amis,7339.968185110103
certain,nombre,français,7337.162761298013
certain,nombre,avait,7335.628317562707
nationale,emploi,logement,158.96463953014134
nationale,érigé,fête,119.80306729614436
nationale,malgré,millions,92.70882020268812
nationale,travail,cause,69.05481494890904
nationale,politique,gouvernement,51.47725716758593
relancer,pouvoir,achat,2216.162944595023
relancer,machine,économique,116.7639242477174
nouvelle,remercier,présence,131.45747269384685
aboutir,supprimant,postes,147.5276866194009
signe,religieux,ostentatoire,186.11563883613968
conséquent,front,national,19025.69160033605
peste,ravagent,pays,147.4316040539054
jours,premier,tour,1031.170470425707
jours,plus,tard,792.1771220449205
venir,installer,france,119.48325649189228
vague,bleu,marine,460.190621801111
veulent,travailler,veulent,305.6252072070255
syndicat,magistrature,syndicat,422.41885570437523
syndicat,défense,intérêts,207.08724685744502
évêque,pierre,cauchon,160.29184345551428
aucune,aide,sociale,279.07964583920653
jésus,marie,elle,163.1943326943821
classes,moyennes,populaires,1308.6906965230032
classes,moyennes,descendent,1282.109618708378
classes,moyennes,peser,1249.504241379819
classes,populaires,classes,375.2269190671635
classes,populaires,moyennes,365.587497195266
sépare,jamais,patrie,107.3301453537967
furent,principes,objectifs,154.4432525318487
compatriotes,métropole,outre,279.3298902211158
compatriotes,zones,rurales,243.9690973965343
mouvement,front,national,19024.33162979718
mouvement,dirigé,pendant,113.60916796514249
supprimant,postes,travail,113.67446925625012
chirac,président,république,4122.2608263304255
chirac,sera,pire,107.06642487009574
abord,voudrais,dire,268.271047695658
abord,pense,faut,256.72101911698894
abord,tiens,dire,167.7631981886114
abord,faire,diagnostic,161.69284198861516
salaires,travailleurs,français,324.8776590621041
salaires,manuels,salaires,296.2055696292073
salaires,travailleurs,manuels,287.2009503895109
militaire,volontaire,mois,122.4523731832735
choses,soient,claires,429.3902898397588
choses,peuvent,changer,98.10350227653535
sentent,beaucoup,plus,764.293760413159
pour,lutter,contre,964.5874930930866
pour,raison,simple,227.71395868749912
pour,assurer,renouvellement,119.27348191972874
région,nord,calais,460.48181971402346
vais,mettre,place,1028.3255319842478
vais,dire,chose,869.432945901201
vais,dire,clairement,863.5065698997632
vais,dire,vais,822.0406597952233
vais,dire,parce,816.6365497357285
vais,dire,monsieur,807.3440598737961
vais,donner,exemple,240.4732240378784
vais,donner,chiffre,217.36613394520123
vais,mettre,droits,132.05102924034378
coûte,milliards,euros,2503.854922023302
coûte,plus,plus,565.7613495141411
utile,votez,utile,218.0326626823097
celui,front,national,19054.091900636326
service,militaire,volontaire,279.17408736747427
trois,mois,après,400.7605943165476
trois,quatre,cinq,345.2115797963828
coûts,prix,peuvent,108.18174532104852
fonction,publique,territoriale,830.8981028052498
fonction,publique,etat,791.8261834911141
fonction,publique,plus,764.5213359732877
parité,franc,euro,229.7021654763117
sera,épargné,échange,183.28344077320514
sera,pire,jospin,177.13038125465457
sera,refuser,complice,120.9656097024552
sera,chargé,adopter,113.65121816246312
école,nationale,magistrature,134.35682602352034
école,usine,chômeurs,113.12417361424515
générations,baby,boom,183.66029917482552
2013,delà,date,117.39977951088697
2013,pour,assurer,102.23205545183711
modification,traités,européens,513.9583863821033
effectifs,police,gendarmerie,295.79250425746324
pression,baisse,salaires,680.5789240591884
transparence,plus,totale,85.48711062018627
certes,parlement,européen,1081.8791782431324
société,toute,entière,216.74298180468205
1200,milliards,euros,2437.1356075009962
simple,bonne,raison,197.65657447879593
dotation,rurale,équité,220.04154528350585
compagnons,armes,connétable,216.70561744517772
rend,compte,productivité,192.3535920799426
rend,bien,compte,97.06546448457408
mois,élection,présidentielle,2198.9336838139316
mois,plus,tard,844.2296471961531
mois,deux,mois,152.30257422009473
souffle,acte,prière,159.54311880833856
invasion,tiers,mondiste,266.2330170580114
nation,peuple,français,2484.160924056767
nation,etat,nation,242.99700916119028
nation,père,mort,167.87198956287426
lettre,jean,marie,2895.22627709154
forfaiture,quatre,plus,100.56679500424941
marine,candidat,socialiste,140.52498926822713
ravagent,pays,paris,112.06258250496228
candidat,front,national,19036.97506495962
candidat,peuple,français,2452.5834256610333
candidat,élection,présidentielle,2220.268561524338
candidat,présidence,république,840.6333219580656
candidat,élections,présidentielles,695.9661670965388
candidat,rassemblement,bleu,301.06017241219024
candidat,démocrate,républicain,128.28362834703023
pieds,poings,liés,378.87516792151445
pieds,noirs,harkis,357.48317519394254
pieds,taille,gardée,257.76673998612637
intégré,culture,nationale,112.00183687219729
aujourd,front,national,19018.089372398543
aujourd,plus,plus,550.0500593397751
aujourd,plus,jamais,111.01063048056133
aujourd,intégré,culture,107.71874235386724
gouvernement,nicolas,sarkozy,6937.578744155554
gouvernement,socialo,communiste,363.46525604343975
gouvernement,union,nationale,159.9758612831518
gouvernement,peuple,peuple,158.9576997192969
déchirent,belles,dents,177.49608136748554
présidentielle,nicolas,sarkozy,6904.81378956646
présidentielle,élection,législative,256.32367994806407
espagne,portugal,grèce,262.0722096231395
régionales,mars,2010,151.14412096087906
représentants,front,national,19035.447879702402
français,front,national,19024.673831192995
français,certain,nombre,7335.262195792862
français,nicolas,sarkozy,6902.484987265867
français,nous,avons,2139.8862739124243
français,chers,compatriotes,1198.9053954715043
français,toute,série,1027.954271118858
français,vous,voyez,837.902102864587
français,plus,plus,548.9221166300335
français,bien,évidemment,522.1112354901185
français,doivent,savoir,459.8655389440879
français,rendent,compte,454.01778176715925
français,origine,étrangère,345.8428855598314
français,doivent,pouvoir,299.6834558571763
français,bonne,volonté,265.26945910345944
français,attendent,logement,188.40744833205125
français,citoyens,français,187.93306594917135
français,peuvent,compter,157.55434299176926
français,culte,musulman,150.12548779912055
français,soient,leurs,148.3795258471036
français,peuvent,plus,142.05914103551265
français,veulent,vivre,139.78725401286982
français,arrivent,plus,124.0109966848807
français,bien,compris,122.80809267010427
français,quelque,soit,105.70938387585126
français,prennent,conscience,104.32261464944932
français,toutes,conditions,88.85934050124884
français,rassemblement,forces,80.3968249603911
français,faire,sacrifices,79.38604388508966
français,plus,confiance,70.05112931493852
bénéfice,grands,groupes,923.8503415321998
accueillir,millions,immigrés,228.96501618785987
accueillir,toute,misère,164.5049402120331
chef,armées,chef,250.5775740226737
chef,guerre,grand,154.55905905481183
prêter,trésor,intérêt,302.9815217435288
action,vigoureuse,contre,123.46398596634684
marie,france,stirbois,126.16590043128953
marie,elle,libération,100.00198514856422
initiative,populaire,proportionnelle,394.47854062709075
rocard,premier,ministre,1478.3536603588982
haute,fonction,publique,831.8655333182943
écarter,candidatures,fantaisistes,309.8485590893606
écarter,candidats,fantaisistes,276.6677118885931
compensation,dette,agricole,144.31798359083703
révolutionnaires,caboche,capeluche,236.65057454829582
croit,miraculeux,faire,119.85218019745716
insultes,plus,ignobles,206.3005726620961
seconde,guerre,mondiale,584.3674723538344
empêcher,front,national,19074.848836680074
échec,nicolas,sarkozy,6935.344415975475
article,disposant,toute,122.30403795853613
grand,parti,politique,217.46575062548555
grand,chef,guerre,188.16877643244987
grand,chef,politique,162.8621570739265
laxisme,judiciaire,moral,130.52400134220983
1431,bûcher,rouen,343.0237559141009
produits,subissent,mêmes,105.07103578714589
produits,première,nécessité,104.03338129614448
vaste,zone,libre,130.3222864286859
politique,front,national,19024.73322521348
politique,certain,nombre,7332.51708207382
politique,nicolas,sarkozy,6895.14162870981
politique,quelque,chose,1941.4934487086002
politique,premier,ministre,1450.3576942935242
politique,immigration,massive,885.038756664371
politique,veux,dire,829.153838920302
politique,immigration,masse,567.6783733628863
politique,économique,sociale,504.2452500815486
politique,socialo,communiste,360.10486816966716
politique,dissuasive,immigration,259.61465248202114
politique,familiale,politique,236.23002230163883
politique,agricole,commune,213.520493438855
politique,agricole,française,155.2759924000639
politique,présenter,candidature,130.60053905612924
politique,administratif,faire,73.13997660877912
instruire,éduquer,accroître,365.2906810417051
élections,législatives,juin,909.3118495429048
élections,législatives,avons,871.4416549057617
élections,présidentielles,législatives,743.9410632384553
élections,présidentielles,crois,668.7255379030069
élections,européennes,juin,635.7314498266697
élections,cantonales,mars,533.4952300202717
élections,régionales,mars,492.0119392776421
état,collectivités,locales,411.959139754724
faisons,choix,oubliés,110.40402637060816
perte,pouvoir,achat,2212.1444579626
œuvre,patriotisme,économique,609.4341807025421
aura,préparé,sortie,138.73325599772943
voulu,faire,hier,235.40944573991408
dernier,souffle,acte,120.98894475807063
2010,conseil,général,511.8594778521368
faut,bien,dire,1441.453476728423
faut,mettre,place,1141.9778369850385
faut,bien,évidemment,999.9048467673065
faut,mettre,œuvre,648.9022235617568
faut,dire,vérité,554.443825184083
faut,bien,reconnaître,551.9990706128636
faut,bien,admettre,534.8745430678051
faut,faire,respecter,524.6654083893545
faut,poser,question,508.3473395960584
faut,faire,cesser,472.2029551798256
faut,faire,choix,434.5347670679865
faut,dire,répéter,433.6801324406761
faut,faire,faut,416.6823107070585
faut,tenir,compte,298.9801517304137
faut,français,sachent,163.4463173788451
faut,rétablir,frontières,162.92831942467404
faut,français,soient,161.92939040210655
faut,aller,plus,143.32789049139325
faut,abord,faire,141.83477963755269
faut,changer,modèle,133.7341739514947
faut,traiter,problème,110.14626068390055
faut,permettre,français,54.958562524392825
législatives,juin,prochains,130.39961529662673
nombre,autres,pays,422.0434288695701
nombre,électeurs,front,203.6902654231169
statut,fonction,publique,801.2836597776272
statut,juridique,social,220.02433328391908
dominique,strauss,kahn,1707.4128751905419
responsable,politique,administratif,221.94956569982534
systèmes,protection,sociale,1008.9130617064079
toutes,aides,sociales,869.6993137952347
toutes,forces,toute,400.5338169271365
toutes,forces,france,387.81484537695417
toutes,nations,monde,194.91543567545637
toutes,conditions,toutes,194.26059244847286
toutes,régions,france,181.51987400916462
toutes,couches,société,145.12382775584246
laïcité,neutralité,politique,179.2013956495911
acquisition,automatique,nationalité,405.7945050286885
portent,lourde,responsabilité,210.73628546966785
amour,patrie,terrestre,348.2655622134941
amour,peuple,amour,129.66058008535015
neutralité,politique,religieuse,202.76768907420558
neutralité,religieuse,neutralité,159.65989710100007
charge,communauté,nationale,433.3254068184334
charge,financière,fiscale,128.524653188083
charge,toute,misère,127.68096731122249
libre,échange,total,814.124817868475
libre,circulation,hommes,491.2188996437077
libre,échangisme,débridé,377.9338848958253
libre,choix,temps,101.18181307563074
peter,mandelson,commissaire,317.1222362010319
partie,pouvoir,achat,2199.826676197673
partie,électeurs,gauche,95.89376412804907
banlieues,nicolas,sarkozy,6913.6094242654
accès,fonction,publique,796.5685885596705
accès,logement,social,427.025901764542
accès,logement,emploi,226.26396903088903
indépendance,france,identité,122.74077440378421
euros,vous,voyez,865.4788455076468
euros,mois,millions,314.26845722766745
euros,fraude,sociale,248.57468686498953
euros,intérêts,dette,239.50083054886346
taxer,taxer,taxer,252.46496518985094
rurale,équité,sociale,175.2603694531718
constitution,européenne,2005,979.0730631337126
constitution,vème,république,537.828714441474
constitution,française,article,149.49638434934718
constitution,république,reconnaît,118.4840696364759
combien,mohamed,merah,399.01091110439233
pourrait,croire,temps,138.09622169582659
partis,bande,quatre,412.4909450680332
partis,représentés,assemblée,222.45999896750956
partis,gouverné,france,111.82787662564832
situation,responsables,politiques,633.507458222914
situation,économique,sociale,502.9344897628182
situation,dramatique,laquelle,348.55290402623257
situation,actuelle,france,156.55970438624306
situation,sociale,français,57.00992795416985
pourrons,plus,décider,96.19229065548566
dans,temps,chômage,156.42861027843193
deuxième,tour,élection,1605.4390700236436
deuxième,tour,élections,1541.1988060424965
deuxième,guerre,mondiale,683.6774109156661
deuxième,liste,élections,133.40632404288502
deuxième,liste,était,107.62084591635751
françois,hollande,cherche,1637.9527199314757
françois,hollande,nicolas,1634.6037610516514
françois,hollande,allait,1633.0580531320718
françois,hollande,président,1620.1339150611132
donc,veux,dire,852.7615833797171
proposé,république,référendaire,214.3782670193218
deux,mois,plus,117.42370872860502
dont,sait,bien,551.4693477488577
dont,voit,bien,392.31094826304746
dont,sait,pertinemment,390.9156491478651
dont,puisse,dire,352.8022811259113
dont,parle,jamais,190.1582676392185
dont,france,besoin,128.76610303820024
dont,suis,objet,121.1893239272644
dont,fallait,affranchir,114.6050220118805
dont,suis,président,110.1622279180032
dont,espère,faire,80.09388860196898
victoire,front,national,19039.701002839556
subissent,mêmes,charges,185.15946397048032
cachot,sordide,jugée,245.37868312959245
modeste,compare,suis,162.21647529428515
tous,enfants,france,90.7767440563891
tour,élection,présidentielle,2395.9417613238193
tour,deuxième,tour,1427.2292348227836
tour,élections,présidentielles,773.1178675670404
tour,élections,cantonales,479.47857068258895
tour,passe,passe,124.93725445047201
tour,france,oubliés,113.9765364971022
moyen,prospérité,solidarité,152.91855653214617
moyen,liberté,individuelle,152.804114088152
moyen,oppression,pauvres,122.45385208444286
esclaves,vendre,chômeurs,174.44045041044416
juridique,social,mère,176.03774584572116
boréal,brest,vladivostok,316.0465506616901
lien,entre,générations,166.56474338839487
fonctions,régaliennes,etat,214.26202792069125
bleu,marine,candidat,430.89115004521295
bleu,blanc,rouge,330.97207295070547
pauvres,faibles,riches,161.1378946831319
problème,nicolas,sarkozy,6902.2797483914
problème,pouvoir,achat,2194.841104068377
problème,immigration,faut,138.5396662902241
europe,union,européenne,4313.066793476826
europe,fédérale,dont,410.81851495225465
europe,nord,celle,176.6440910305343
madame,royal,monsieur,313.5121798587426
madame,commissaire,politique,248.62890865746664
madame,nathalie,kosciusko,231.68680398703646
madame,mais,madame,229.15142602474202
distinction,nette,entre,156.31868003554965
temporaire,travail,immigration,99.29803623023119
points,dessus,moyenne,147.62170949864304
aide,médicale,etat,791.1393173358304
respect,ordre,naturel,156.3152915761079
chambre,régionale,comptes,143.57089231595998
faibles,riches,puissants,134.96155504753438
réveil,sera,terrible,117.71003243076744
chèque,premier,logement,112.37500394782643
autres,certain,nombre,7336.211986574989
autres,partis,politiques,739.6898339267605
autres,pays,européens,655.2338621134529
autres,pays,monde,518.8028232758652
autres,mouvements,politiques,357.7770113159542
autres,grands,candidats,110.41469572691312
avis,peuple,français,2446.1710710325333
couper,pompes,aspirantes,586.534873161404
nombreux,recherche,emploi,128.21325594864967
identité,sécurité,français,98.43123720229748
centaines,milliers,clandestins,808.6837961247941
soudards,cachot,sordide,288.1263241811545
groupes,politico,religieux,365.73625875662293
ainsi,pouvoir,achat,2199.522328583621
jamais,cotisé,pays,125.21327669595277
jamais,patrie,céleste,118.86712628336139
jamais,entendu,parler,100.65016440347259
écrire,monter,cheval,154.5302139314872
passage,classe,supérieure,166.66353354307395
regarder,réalité,face,120.73450881514262
belles,dents,pays,121.47665621968554
entreprises,pétrolières,gazières,285.7728827264624
entreprises,souhaiteraient,travailler,119.3932776330793
moyenne,zone,euro,804.8055683436871
moyenne,pays,européens,383.5822818631643
démontrons,paris,plus,109.55786791800406
matin,paysans,arrive,394.6124918540632
élire,président,république,4223.487123293511
second,tour,élection,1355.6917778462027
second,tour,élections,1273.7666225612463
taille,gardée,soudards,285.13078916460034
démocratie,front,national,19029.267086902502
priorité,nationale,absolue,359.2644145637569
priorité,accès,logement,354.18871059798226
priorité,accès,emploi,299.67501174640967
mauvaise,dépense,publique,640.6789960449314
partout,front,national,19040.24030948602
dignité,sociale,moyen,96.79532352461476
lorsqu,était,ministre,242.17086346530755
lutte,contre,corruption,1031.61813062167
lutte,contre,terrorisme,1024.6421971056543
lutte,contre,insécurité,1014.2858058724278
lutte,contre,immigration,988.7272923047638
lutte,contre,mondialisation,954.1690307788815
présidente,front,national,19117.946323982338
moment,front,national,19020.5687776999
moment,donné,faut,920.0644693530301
déclaration,droits,homme,236.66263997228717
consultation,obligatoire,peuple,133.40661983861415
mesures,immédiates,concrètes,182.66486314354557
mesures,prises,sarkozy,111.40814532251228
mesures,prendre,paris,109.95660554148162
sais,rien,sais,226.3910244000142
sais,rien,mais,206.49846398154546
tours,élection,présidentielle,2291.7490628607857
fardeau,obligation,dont,125.24046072583809
rôle,président,république,4121.896889613847
rôle,premier,plan,192.6282548552931
rôle,jouer,monde,149.79124234144652
sait,lire,écrire,361.4688190221216
sait,bien,chiffres,360.9056943409487
beaucoup,plus,facile,897.422413951712
beaucoup,plus,proche,852.922244582693
beaucoup,plus,proches,833.2288358657435
beaucoup,plus,ferme,771.5381354192757
beaucoup,autres,pays,739.4222351062224
beaucoup,hommes,politiques,737.5717044369314
beaucoup,autres,domaines,533.5776813774858
beaucoup,autres,gens,468.55316564709193
beaucoup,autres,choses,467.66809205649975
beaucoup,pays,contrainte,107.10157427720064
autant,plus,nécessaire,255.99055580243703
autant,dieu,prête,192.44896892347342
michel,dubois,yann,205.93661553744167
rompre,modèle,économique,501.38131449029595
route,front,national,19035.635162799525
ouverture,totale,frontières,542.3062915686814
professionnel,chacun,commencer,122.96753208129462
pitié,royaume,france,167.1536596184428
attendent,logement,social,350.88304312148193
défense,intérêts,électoraux,253.07670929309734
défense,sociale,nouvelle,115.3685063676904
mesure,intérêt,général,522.6378536815112
exception,culturelle,française,116.69652951551689
électeurs,front,national,19165.919719946418
oppression,pauvres,faibles,142.95906268368677
culture,nationale,érigé,114.43687414823896
monsieur,président,république,4106.402131465595
monsieur,strauss,kahn,1353.8136143167353
monsieur,aphatie,monsieur,1250.4715068224696
monsieur,aphatie,mais,989.5694292374303
monsieur,aphatie,français,982.0744429235083
monsieur,hollande,monsieur,692.3051809557385
monsieur,mais,monsieur,664.4901659297955
monsieur,bourdin,monsieur,659.2448190973407
monsieur,monsieur,monsieur,398.67447150185274
monsieur,bachar,assad,377.98472445891275
monsieur,dupont,aignan,315.2303019877721
monsieur,sarkozy,était,304.01673818860013
députés,front,national,19049.349111654563
pupille,nation,père,227.49004088793134
avez,bien,entendu,399.36423294467806
avez,oublié,gouvernait,174.4535340936021
avez,compris,chers,142.98000945601635
avez,monde,meilleur,78.13736591606866
rassemblement,peuple,français,2448.7979687564607
rassemblement,bleu,marine,684.2846779835692
rassemblement,forces,nationales,116.27984680265604
disparition,services,publics,1828.2775600258951
disparition,pure,simple,220.2398844740984
idées,front,national,19044.271686902874
travailleur,emploi,charge,116.07895288216821
riches,puissants,dans,119.47749843985407
représentés,assemblée,nationale,1612.1686644610454
secours,libérer,france,107.0186982394953
municipaux,front,national,19071.07489138401
pouvoirs,publics,successifs,761.4514884302711
brûlée,vive,1431,248.51306745783938
question,intérêt,france,111.74493448983606
européennes,exportations,agricoles,121.1000948171903
outre,étranger,chers,118.65552577966918
cheval,accomplir,plus,102.77532117502633
histoire,front,national,19022.240582112772
histoire,humaine,elle,168.32128989799668
connu,parti,socialiste,2060.4868842766123
quelque,chose,extraordinaire,1990.153086192347
quelque,chose,important,1987.2720178768627
quelque,chose,assez,1973.4625889978217
quelque,chose,crois,1955.6486792686196
quelque,chose,beaucoup,1944.814878801542
quelque,chose,bien,1934.3885190392584
portes,paris,blessée,192.98763890255248
lundi,après,midi,293.18669724899297
pompes,aspirantes,immigration,470.1462928951214
pompes,aspirantes,dire,461.9175247970742
condamnés,prison,ferme,308.0485966926399
reste,mois,vivre,84.8410940959928
présenter,candidature,arabe,291.2543851350629
libère,orléans,écrase,233.93250792601165
condamnée,mort,brûlée,226.4506448601431
jugée,tribunal,ecclésiastique,263.2234472392106
augmentation,pouvoir,achat,2209.062727985639
députation,paris,1957,310.5907206360345
travailler,veulent,travailler,272.914242244708
travailler,plus,gagner,150.58217581782918
frais,doivent,faire,108.83769931936024
ministère,affaires,étrangères,244.00451644813273
bompard,bompard,bompard,249.70460595515556
utilisée,grand,patronat,367.52914478365403
racisme,anti,français,300.7647177828114
agriculteurs,termine,professionnelle,139.8670952609665
dumping,social,environnemental,421.85034875515504
dumping,monétaire,social,211.43923460021847
lâchetés,plus,basses,174.14135949829995
ajouter,constitution,française,130.23799527624448
taux,intérêt,extrêmement,198.96800286679795
près,milliards,euros,2517.1994750586255
près,millions,voix,356.6540007301003
près,quatre,millions,180.42294558761617
près,niveau,économique,85.7789071462057
affaiblir,front,national,19046.6734400578
oeuvre,libre,circulation,477.0592408914923
entre,nicolas,sarkozy,6901.436385238491
entre,milliards,euros,2397.4686300874464
entre,tours,élection,341.05561031889584
entre,immigration,insécurité,328.98123012125126
entre,homme,femme,202.05184024873947
entre,citoyens,français,196.59355852527875
entre,maintient,territoire,185.92483144825212
entre,différents,partis,140.27894984068718
entre,leurs,mains,127.7352848512604
entre,français,étrangers,53.33472609236912
insécurité,chômage,fiscalisme,234.456332694402
campagne,front,national,19023.295610333313
campagne,électorale,présidentielle,1169.9082056790407
campagne,électorale,européenne,1127.918592581713
campagne,électorale,législative,1118.7332797097913
campagne,présidentielle,suis,736.5390913587557
campagne,élections,européennes,604.7829346302633
dégradation,pouvoir,achat,2227.16807192567
compare,suis,orgueilleux,187.45890881685722
étrangers,situation,légale,256.0246829361127
étrangers,situation,régulière,158.0750847127008
tard,portes,paris,159.6238913076279
tard,jeanne,sait,99.53863635967457
tard,nôtres,rien,95.89125056040398
après,élection,présidentielle,2281.678040449154
après,deuxième,guerre,196.612217201135
après,affaire,merah,103.69860053455156
puissants,dans,temps,180.25763842495505
cadres,front,national,19039.443099161108
condamné,prison,ferme,279.0118224887106
modèle,économique,ultralibéral,504.37842791128685
chacun,commencer,celui,97.21433159058918
anglais,jargeau,juin,208.6438885266967
anglais,bourguignons,emprisonnée,186.95770957498985
anglais,débarqué,normandie,179.36679269394017
anglais,france,1453,125.5578176521708
retour,monnaie,nationale,507.5887155714
retour,monnaies,nationales,375.9523731123312
principe,préférence,nationale,939.1433327240438
principe,souveraineté,états,107.03123473062351
répondre,appel,offre,278.09779522049473
étranger,chers,internautes,165.19467521669674
franc,euro,veut,177.54196720114567
franc,serait,attaqué,136.1446782803916
couleur,peau,religion,276.11440892317364
concurrence,déloyale,pays,1065.6087962201075
concurrence,internationale,déloyale,713.1436087056824
concurrence,sauvage,pays,273.61267272855
concurrence,libre,faussée,175.1241978810532
concurrence,effet,bénéfique,109.27668886134438
travail,famille,patrie,104.99001621913729
travail,cause,excès,95.86528237258139
travail,faire,travailleur,95.37021723148644
nicolas,sarkozy,françois,6975.317025719807
nicolas,sarkozy,avait,6926.164475579002
nicolas,sarkozy,ministre,6922.069613527838
nicolas,sarkozy,nicolas,6917.054867524633
nicolas,sarkozy,était,6916.157448836941
nicolas,sarkozy,vision,6910.955668173123
nicolas,sarkozy,veut,6910.702489617502
nicolas,sarkozy,besoin,6907.292089920758
nicolas,sarkozy,jamais,6906.420439187734
nicolas,sarkozy,soit,6904.812676672147
nicolas,sarkozy,ailleurs,6901.6213030314975
nicolas,sarkozy,pouvoir,6900.709029668843
nicolas,sarkozy,faire,6899.809410381722
nicolas,sarkozy,monsieur,6899.685621023745
nicolas,sarkozy,bien,6895.1369669762535
nicolas,sarkozy,faut,6895.036485276687
commence,rendre,compte,461.7184224626433
quelques,centaines,milliers,871.0093236948894
quelques,semaines,quelques,698.2241235949286
quelques,jours,après,696.1849193634466
quelques,jours,plus,671.1637562869935
quelques,semaines,élection,628.0187474465388
quelques,semaines,plus,623.2268752625744
quelques,mois,élection,551.993762243656
quelques,mois,plus,531.4033946604851
quelques,mois,élections,527.4755143175747
quelques,dizaines,milliers,418.46099077161693
liberté,peuple,français,2511.8467044549107
liberté,égalité,fraternité,531.9543089153725
liberté,équité,fraternité,336.21833952335857
liberté,expression,liberté,323.8420144520477
liberté,pensée,liberté,312.0454758035024
liberté,sécurité,prospérité,291.42295915187856
liberté,individuelle,dignité,175.3991550785927
liberté,soucieuse,humbles,140.67638427635836
colère,légitime,peuple,142.3083606471398
algérie,gouvernement,français,160.63913783392167
jeunes,gens,jeunes,196.60441453314888
jeunes,gens,pays,145.93712805899838
meurt,henri,angleterre,161.95854321207915
grave,crise,économique,252.93082403994867
savent,lire,écrire,399.002914035378
notamment,faut,bien,515.0972212819643
pape,martin,sera,198.05494567988933
semaines,plus,tard,759.7123358539475
semaines,quelques,mois,574.8978553408177
bûcher,rouen,dernier,302.7708864998077
rien,sera,épargné,152.3778965730741
majorité,socialo,communiste,370.11392479526097
majorité,qualifiée,conseil,201.54849069360847
quatre,millions,demi,475.55334924077385
quatre,millions,voix,330.31343879656185
quatre,coins,monde,238.9333780959101
quatre,plus,anglais,110.7192005811653
royal,monsieur,sarkozy,361.4099268873683
crise,économique,sociale,526.2523906262285
couverture,maladie,universelle,183.04567897107918
pays,certain,nombre,7337.657714407404
pays,union,européenne,4345.786614012437
pays,zone,euro,782.332764305797
pays,tiers,monde,508.069882042518
pays,faut,dire,390.57965695695543
pays,millions,habitants,233.92499273835557
pays,respectent,aucune,136.06787505668973
pays,plus,attractif,113.8561697231008
pays,contrainte,injuste,107.87160260842495
pays,vient,livré,100.8681175692005
pays,bien,crois,83.66235358726038
pays,plus,généreux,83.51957624834435
pays,près,niveau,66.52337115624947
grosses,capitalisations,boursières,235.64007612411356
laisser,faire,laisser,156.4636450690444
cage,ferrée,pieds,299.8371332650853
demi,entre,avaient,84.54126364275072
assume,assez,bien,139.9338094630201
demain,voulu,faire,245.48284719276376
demain,rase,gratis,205.27066599639278
parlement,européen,2009,1087.9577344500426
parlement,européen,suis,1063.9566439973473
autour,front,national,19030.564571156585
populaires,classes,moyennes,1267.9729140038369
monopole,marchés,financiers,1633.7338694475784
jospin,homme,gauche,135.4543922196874
jospin,avait,deuxième,97.08084210383629
nationalité,hérite,mérite,252.6858716862311
présenté,candidature,arabe,247.4853202923623
impôt,revenu,impôt,820.5256633869544
impôt,revenu,travail,776.3567718104173
impôt,successions,ligne,278.8256477870429
année,front,national,19021.916466116767
année,après,année,229.7774390747951
programme,front,national,19098.144425794257
million,demi,clandestins,240.04338205049413
rupture,contrat,préférence,135.58762336321254
objet,enquête,minutieuse,157.11684074712454
objet,consultation,obligatoire,140.55909101594665
venant,tiers,monde,491.8450588744571
cinq,dernières,années,847.6511798863872
cinq,millions,chômeurs,801.1447475837995
cinq,plus,tard,765.9284045219774
cinq,prix,nobel,418.14844145901327
front,national,vive,19148.89359996267
front,national,parti,19073.95033289189
front,national,avait,19061.95159429776
front,national,rassemblement,19057.05347759567
front,national,était,19051.101458359764
front,national,extrême,19047.823030630894
front,national,consultations,19047.415033730504
front,national,incarne,19046.587640162466
front,national,sera,19046.515301664273
front,national,demande,19046.323959936402
front,national,empêcher,19046.12935955919
front,national,front,19044.674889738002
front,national,contre,19044.266913689367
front,national,aurait,19042.317681916342
front,national,congrès,19041.283351143422
front,national,apporte,19041.117199664433
front,national,représente,19040.43054531516
front,national,démontré,19039.443099161108
front,national,avons,19038.08863473872
front,national,aura,19036.568356178046
front,national,veut,19036.135817639653
front,national,serais,19035.635162799525
front,national,adhérents,19034.092099980753
front,national,monter,19032.677531339898
front,national,opposition,19032.296744773772
front,national,assemblée,19032.257833754127
front,national,revanche,19031.563884936666
front,national,jamais,19030.994831917713
front,national,auront,19030.374570276
front,national,élus,19030.103740051098
front,national,fallait,19030.09895560115
front,national,ayant,19029.413906135687
front,national,difficile,19028.718510076687
front,national,arrive,19028.57348051903
front,national,jean,19028.496144350964
front,national,peux,19028.023986038355
front,national,simplement,19027.280558009035
front,national,mouvement,19027.13413664216
front,national,raisons,19026.7238132301
front,national,soit,19026.67975682884
front,national,aujourd,19026.32121531475
front,national,bien,19025.768386720785
front,national,celui,19025.31918827685
front,national,serait,19025.13413010947
front,national,rappelle,19025.117539148196
front,national,conseil,19024.961248701078
front,national,problème,19024.059435453368
front,national,gens,19024.04139117275
front,national,élections,19023.792440342455
front,national,voilà,19023.71234411472
front,national,nous,19023.64831587855
front,national,ailleurs,19023.484796646222
front,national,alors,19023.44349932087
front,national,plus,19022.61006262622
front,national,chers,19022.430380962694
front,national,président,19022.314048181885
front,national,beaucoup,19022.18617555493
front,national,surtout,19021.880120475984
front,national,dont,19021.840668178527
front,national,autres,19021.598595888525
front,national,tant,19021.475465958647
front,national,pense,19020.789870542987
front,national,écoutez,19020.600654266567
front,national,moment,19020.5687776999
front,national,mais,19020.498657879325
front,national,crois,19020.486836402124
front,national,premier,19020.40778012827
front,national,pouvoir,19020.141174838805
front,national,enfin,19019.92314623778
front,national,évidemment,19019.81089171673
front,national,monsieur,19019.43215237969
front,national,abord,19019.062426935612
front,national,suis,19018.60925552035
front,national,vous,19018.530561333257
front,national,faire,19018.377414097595
front,national,toujours,19018.244232980796
front,national,temps,19018.196772143576
front,national,faut,19018.083753798513
vous,président,république,4189.269464642075
vous,savez,bien,2219.5786120905686
vous,savez,suis,2074.714394246012
vous,savez,monsieur,2002.714455280914
vous,savez,crois,1968.9872451228018
vous,voyez,bien,1002.2689056809882
vous,avez,raison,980.5676065002992
vous,avez,compris,887.9573376843305
vous,voyez,mesdames,864.1380101463935
vous,voyez,différence,851.9104202087542
vous,êtes,train,659.3379809962717
vous,êtes,seuls,518.9526669570511
vous,imaginez,bien,258.41555217934336
poser,question,savoir,621.4979678180711
marche,vers,pouvoir,119.78368175538483
train,mettre,place,1048.252851928671
train,mettre,œuvre,555.1691589677213
train,anciens,compagnons,179.88261274920387
ignobles,calomnies,elle,239.2329053184351
cause,excès,injustices,123.659259860277
continent,boréal,brest,191.5041825263499
1422,henri,meurt,188.26364218971293
peines,prison,ferme,326.67384583637863
ciel,tombe,tête,122.13358019695471
conseils,généraux,ainsi,804.5610584991814
conseils,régionaux,conseils,468.8553292136261
salariale,cotisations,sociales,206.30917139491777
pourront,faire,demain,102.42259665151161
avenir,leurs,enfants,777.3994653036068
avenir,furent,principes,129.01514922877436
appelle,voix,disent,89.24032991596872
rose,rose,bonnet,171.4369563668231
reconnaît,aucune,communauté,150.7627295796237
domaine,tant,autres,191.94453692394833
domaine,bien,autres,125.45641673975678
voix,front,national,19080.98369656526
voix,premier,tour,1033.1279962715025
voix,élections,présidentielles,685.0442333560601
pouvoir,achat,français,2250.6254229485103
pouvoir,achat,consommation,2217.0007464778814
pouvoir,achat,emploi,2204.993830185647
pouvoir,achat,chômage,2199.0172335379443
pouvoir,achat,faut,2186.733659496839
pouvoir,socialo,communistes,226.2187800491045
plutôt,front,national,19029.81225701301
effet,nicolas,sarkozy,6912.137383997711
effet,bénéfique,réduire,119.73924083103873
européen,2009,sera,93.0077203363443
petit,pays,millions,72.21353932404453
changer,modèle,économique,521.395036523127
changer,rien,changer,129.51729301358242
renégociation,traités,européens,520.5826780800644
paris,plus,tard,752.4817917402105
paris,blessée,troisième,198.49912742449078
paris,1957,premier,175.24071798259524
paris,espace,charenton,144.48807831267868
présidé,infâme,évêque,294.52841637511517
laisse,entrer,droits,102.83389650052185
libération,train,anciens,118.93604155866271
emprisonnée,rouen,cage,305.98042791142285
appel,offre,alimentaire,301.8254259394945
aller,plus,loin,373.8955789293783
aller,jusqu,bout,290.5153196979715
aller,emprunter,marchés,238.80759568994247
aller,fond,choses,144.2318823686466
aller,secours,libérer,125.24305765790267
pire,jospin,crois,126.47602988407635
assistances,irrésistiblement,catastrophe,180.58348294454373
réduction,temps,travail,131.14824081680337
grèce,irlande,portugal,239.44347392046325
cautères,jambes,bois,246.1350574131522
individuelle,dignité,sociale,112.88454143867165
successions,ligne,directe,247.69797176126505
acquérir,nationalité,française,673.4310940360905
redressement,économique,social,456.54163245689665
projet,front,national,19038.35396779103
projet,redressement,économique,172.07432580693091
projet,radicalement,différent,157.92106466659192
projet,contre,projet,143.5256547421211
effondrement,pouvoir,achat,2228.3710248925618
manuels,salaires,intellectuels,132.71219333648554
excusez,aller,secours,114.97239943226367
ensemble,peuple,français,2439.409735339761
ensemble,classe,politique,1442.9629882262611
ensemble,territoire,national,158.05371792129628
prodigieux,destin,histoire,177.87915475356323
êtes,train,dire,236.56174008476955
premier,ministre,socialiste,1523.1158916258255
premier,ministre,villepin,1483.6643836793883
premier,ministre,président,1482.977321185041
premier,ministre,jacques,1469.3738277073217
premier,ministre,avait,1456.8522135787725
premier,tour,élection,1199.3487632346787
premier,tour,élections,1117.3623350802832
premier,tour,présidentielle,1031.7149307839632
premier,tour,deuxième,1029.8817422944862
premier,tour,bien,1001.4013753861416
premier,homme,politique,288.8396944117559
premier,rang,desquelles,288.6825063760459
premier,secrétaire,parti,266.00803416738347
premier,faire,élire,259.4222225335121
gagner,deuxième,tour,1450.8261562060388
gagner,nous,allons,402.7856321962161
cauchon,condamnée,mort,228.74352809901035
rester,union,européenne,4332.9139488282435
coût,sortie,euro,334.12330553762223
celles,front,national,19043.282938038414
celles,allons,gagner,156.4748968753761
première,guerre,mondiale,508.24880818587565
première,guerre,irak,192.48060299713882
aphatie,monsieur,aphatie,1026.1510884734394
voté,contre,traité,206.94989239690872
compte,tenu,situation,1095.6809240656835
compte,productivité,concurrence,112.63896528433624
compte,rendu,mandat,107.17169562526902
empêche,toute,réforme,101.7759089706795
volonté,peuple,français,2508.786517706412
protection,sociale,nous,946.2671722559166
conseillers,municipaux,front,363.5480999029552
communauté,communauté,nationale,431.9479316528226
communauté,nationale,nous,414.2019473478714
immigration,massive,incontrôlée,845.5770159388549
immigration,insécurité,chômage,466.3959751603994
immigration,masse,france,432.184840322146
immigration,légale,clandestine,331.5442648836557
immigration,tiers,mondiste,239.1765994379041
immigration,travail,immigration,169.3889950854551
immigration,étrangère,massive,167.57370017492198
immigration,temporaire,travail,99.29803623023122
immigration,chance,france,88.7397434356896
réservées,familles,françaises,267.9145458378449
reine,isabeau,bavière,368.3872487458019
somme,toute,assez,696.4740831568635
congrès,front,national,19060.771831021237
suis,quelque,sorte,4193.878652313616
suis,beaucoup,plus,744.4938579144923
suis,politique,française,562.0834061207513
suis,candidat,présidence,394.28664107112917
suis,homme,politique,312.80100680191924
suis,député,européen,267.1321023896397
suis,candidate,élection,264.1259617510335
suis,pupille,nation,239.97649864958942
suis,présidente,front,168.50471529383677
suis,modeste,compare,166.89962440422153
suis,homme,libre,156.71270489871023
suis,femme,libre,122.45933848799768
suis,près,convaincu,106.18815255037997
bonne,dépense,publique,425.31646196916233
bonne,gestion,argent,191.1854049877068
bénéfique,réduire,coûts,153.43911209695295
banni,pape,martin,310.8564189573104
droits,douane,modulables,1121.6513205108863
droits,douane,ciblés,1119.657983436602
droits,homme,citoyen,299.9424536782167
droits,produits,subissent,109.11296790509277
droits,enfant,autorité,98.25344877804766
personnage,historique,parcours,167.30822054134987
ministre,président,république,4125.639581102871
ministre,jacques,chirac,2616.650067394881
ministre,intérieur,président,800.7923308205245
ministre,éducation,nationale,475.5863318097787
ministre,commissaire,européen,303.8156961975567
affaire,mantes,jolie,299.5659203907604
passé,table,rase,185.5969665111807
passé,professionnel,chacun,112.85384074980087
mandelson,commissaire,européen,339.5098081939428
voilà,mesdames,messieurs,3256.0928284444717
voilà,vous,voyez,851.0225288164706
obligation,dont,fallait,99.00073654628133
véritable,terrorisme,intellectuel,216.47011107624672
vice,premier,ministre,1567.701409163286
génération,actuelle,agriculteurs,140.77897710671175
euro,veut,dire,1336.2153166294986
euro,monnaie,commune,240.3163109734354
euro,franc,serait,107.88143244533805
hollande,nicolas,sarkozy,6961.205023245868
hollande,monsieur,sarkozy,357.2974399035313
résultats,toujours,plus,279.43883877458245
transmission,savoirs,fondamentaux,284.790400222819
enfants,petits,enfants,335.0527176291398
enfants,france,doivent,59.14095307939202
économique,social,culturel,443.40296397660194
économique,social,france,405.6516849781516
économique,sociale,politique,379.85070255903986
économique,sociale,pays,377.5280274231417
économique,patriotisme,social,354.06914478076646
économique,équilibre,social,252.7332135705946
économique,retour,croissance,95.31925709178685
mère,arts,armes,200.91439019737066
fabius,strauss,kahn,1337.2184124450398
cartes,vitales,circulation,382.15302762339957
elle,rencontre,chinon,182.63879960959665
elle,échappera,techniques,150.68736521794403
elle,croit,miraculeux,134.3239630822579
elle,reste,mois,79.6438759263899
fausses,cartes,vitales,352.06499216294503
présence,conférence,presse,514.1960957440469
intérêts,peuple,français,2474.786051475689
intérêts,france,français,153.64045120565223
monde,nous,avons,2147.009955948891
monde,sait,bien,454.66329062866157
monde,besoin,france,121.67046206260396
budget,union,européenne,4330.348290828579
revenu,impôt,revenu,771.9986345223313
vive,front,national,19172.082930005832
vive,france,vive,1040.4824163541405
vive,république,vive,969.4618900107713
vive,nation,vive,750.5620337830065
vive,peuple,vive,710.4080972488769
vive,france,mesdames,505.99595148807055
vive,france,chers,432.7828781127331
vive,1431,bûcher,200.91353552766793
intérêt,marchés,financiers,1447.9392927066142
intérêt,général,intérêt,625.18342051692
intérêt,france,français,219.4542711268826
intérêt,français,intérêt,218.45865034333303
écrase,anglais,jargeau,252.1442818205789
ultra,libéralisme,mondialisé,320.09866052041724
immortelle,abandons,trahisons,250.38252159619162
élection,président,république,4132.423109933661
élection,présidentielle,élection,2233.875208053687
élection,présidentielle,2002,2195.923987180514
élection,présidentielle,effet,2175.971673416978
élection,présidentielle,bien,2166.2324516391595
mêmes,charges,fiscales,222.51086075277362
différence,autres,partis,249.50218932842978
remercie,présence,conférence,158.57020989525978
accepté,supprimer,définitivement,129.0312781501683
devenu,restera,durant,126.59802793519805
dépassent,feignons,organisateurs,258.8992747936797
complicité,classe,politique,1380.6054534265422
ecoutez,vais,dire,838.1569077111694
siècles,plus,tard,772.3853460427451
productivité,concurrence,effet,111.18464979344436
administratif,faire,objet,241.8469863044553
référendum,constitution,européenne,1065.7915527132811
référendum,initiative,populaire,514.6573266206534
référendum,nouvelle,calédonie,313.508791062681
malgré,millions,voix,257.84000891489995
émeutes,novembre,2005,195.05741626591913
2000,lionel,jospin,438.6067916334864
cours,dernières,années,830.5998512956542
alors,mesdames,messieurs,3242.1017811927622
alors,chers,amis,2442.6653597427853
alors,chers,compatriotes,1257.4239862811664
alors,dois,dire,1148.1574458595344
alors,vais,dire,906.8278201898735
alors,moment,donné,883.5146630841064
alors,crois,faut,314.2289665361915
alors,choses,soient,151.25929246352155
candidature,élection,présidentielle,2205.68643253121
candidature,arabe,députation,421.17681532833717
bourguignons,emprisonnée,rouen,227.8701642269919
vers,front,national,19032.293970390492
vers,2013,pour,97.82452356706628
installation,jeunes,agriculteurs,284.41720030851945
place,protectionnisme,intelligent,585.6122781481931
place,patriotisme,économique,584.7077193939836
place,politique,dissuasive,205.1959673983833
contre,front,national,19142.510171474467
contre,jean,marie,2835.484357032549
contre,concurrence,déloyale,982.8938094598661
contre,constitution,européenne,917.1562576145474
contre,mariage,homosexuel,580.536908753971
contre,vote,étrangers,403.6991071604979
contre,mondialisation,sauvage,375.3864056655929
contre,plans,renflouement,356.6455535825057
contre,traité,rome,351.2922627943166
contre,immigration,clandestine,323.77934200208813
contre,insécurité,contre,314.8272829814652
contre,vents,marées,246.52984982628135
contre,trafic,drogues,226.35966850018463
contre,rassemblement,national,206.80751757130096
contre,ennemi,avenir,91.7061615007983
dette,publique,réelle,213.54849049387423
martinez,serge,félon,168.68240861932912
union,européenne,construite,4348.316271440073
union,européenne,devenue,4340.897799104243
union,européenne,train,4325.8088728782395
union,européenne,année,4321.489480656834
union,européenne,dont,4320.451310424259
union,européenne,réalité,4319.160524403423
union,européenne,aujourd,4311.867296801571
union,européenne,bien,4310.816851289279
inscrire,constitution,république,141.2827753004267
fabriquer,esclaves,vendre,195.32691132525173
folle,politique,immigration,323.51389193959403
chiffres,ministère,intérieur,675.4730271052662
nouvel,ordre,mondial,278.3455368165335
destruction,services,publics,1834.8360760849555
éducation,leurs,enfants,789.678297217981
éducation,civique,morale,241.74321500823095
accéder,second,tour,1201.9328017435632
demander,avis,peuple,103.81669621861334
humaine,elle,reste,108.33121501641409
prospérité,solidarité,nationale,357.9149760960052
patrie,terrestre,sépare,144.35444587300523
postes,travail,faire,75.93478998732384
réforme,code,nationalité,292.4011820242074
entrer,union,européenne,4330.8940980382395
entrer,droits,produits,100.57994215604481
décidons,plus,mêmes,146.68710401959117
soyons,fiers,sommes,112.25317320931606
obligatoire,peuple,français,2461.64777204663
augmenter,pouvoir,achat,2210.8029512362396
accomplir,plus,prodigieux,190.29431390018937
tribunal,ecclésiastique,présidé,307.0715925011732
écrasé,chevalerie,française,255.09240042932143
ferrée,pieds,taille,280.5005129890529
dirigeants,front,national,19039.081795931823
exportations,agricoles,certes,127.14097480782557
pacte,stabilité,budgétaire,179.5048447650308
faits,divers,journaux,222.23573464059152
proche,moyen,orient,511.11654869978304
équivalent,ville,rennes,251.8874144506604
égalité,entre,citoyens,143.85813685326679
verra,bien,verra,290.6924960475449
verra,bien,moment,271.1098707743511
cette,mondialisation,ultralibérale,172.20210461838943
cette,situation,plus,125.65892022263378
referendum,initiative,populaire,495.6104194541416
emploi,pouvoir,achat,2225.6261963093584
emploi,logement,aides,216.1365773943623
emploi,charge,collectivité,157.31138891172475
emploi,plusieurs,assistances,130.96705695424873
importation,droits,douane,1091.1006062065858
milliards,euros,dette,2551.539507382438
milliards,euros,année,2453.102414386778
milliards,euros,soit,2452.1284585926896
milliards,euros,fraude,2445.613097259278
milliards,euros,vous,2428.922161710313
milliards,euros,2005,2426.4996706913353
milliards,euros,intérêts,2419.7000071449465
milliards,euros,mais,2398.4157505571097
milliards,euros,aujourd,2394.7839720935153
milliards,euros,france,2391.4737048560855
ecclésiastique,présidé,infâme,318.97856239765576
argent,public,faut,445.8035964298843
libérer,france,elle,82.90389199403161
notes,frais,doivent,282.0811182923816
contact,appelle,voix,106.91093908334503
doivent,faire,objet,266.66356270385205
doivent,garder,souvenir,147.63881251686502
chevalerie,française,azincourt,265.2432278337879
organisation,nations,unies,275.84266186197385
organisation,mondiale,commerce,241.0545576839001
sert,plus,rien,238.6970894745968
concernant,bonne,gestion,162.3877622715098
établira,mystérieux,contact,195.68515322836092
fort,etat,stratège,365.97515345978843
assemblée,nationale,sénat,1507.28070471295
assemblée,nationale,malgré,1459.901925326605
armées,chef,justice,183.0002310846967
miraculeux,faire,croire,458.60769328410464
marché,travail,marché,308.7036257713203
rouen,cage,ferrée,314.09034238879724
rouen,dernier,souffle,142.46702282299208
abandons,trahisons,lâchetés,206.61529904448304
infâme,traité,troyes,224.7586299824419
infâme,évêque,pierre,199.79243158498912
autorité,indépendance,france,108.3639321398287
pose,question,savoir,577.1096364296648
forces,nationales,action,110.65780350929512
supprime,frontières,leurs,97.11676574279343
frontières,vents,mondialisation,259.4145828379884
frontières,leurs,justes,95.88813540897134
vote,front,national,19035.099929766864
succès,candidat,peuple,113.38197471917334
hommage,mohammed,merah,290.3191535795192
hommage,annuel,jeanne,156.77892837783077
avait,certain,nombre,7350.792789433261
avait,deuxième,tour,1419.7664576680932
banques,marchés,financiers,1498.7234264284175
banques,dépôt,banques,396.44669075980016
actuelle,agriculteurs,termine,142.17570803664853
réduire,coûts,prix,125.66123088476922
perdu,millions,emplois,220.46284189046145
perdu,presque,1422,161.3105489881456
différents,partis,politiques,628.1810304557696
différents,pays,européens,366.26658091167656
gloire,immortelle,abandons,263.09382947841937
dauphin,france,banni,193.41645255559052
marque,point,départ,129.95787082972228
frein,immigrés,plus,103.72915416271994
passée,4ème,rang,171.14240160530073
armes,destruction,massive,252.2567577674075
armes,connétable,richemont,240.95560391536384
quatrième,puissance,économique,172.5464552399185
lire,écrire,compter,423.0000640276658
lire,écrire,monter,375.7400685895984
faudrait,mettre,entrée,100.81999408815027
dois,dire,suis,1175.430697241914
chers,amis,chers,2584.1105190662147
chers,amis,permettez,2405.834156582541
chers,amis,front,2401.009589689554
chers,amis,moment,2400.4115570988915
chers,amis,allons,2388.55524458995
chers,compatriotes,chers,1399.38419418212
chers,compatriotes,métropole,1303.705673410225
chers,compatriotes,france,1192.5328650713427
chers,camarades,chers,792.9329784428089
occasion,élection,présidentielle,2185.0560476210107
dessous,seuil,pauvreté,295.191460525206
dire,front,national,19018.312057930812
dire,certain,nombre,7340.100686830321
dire,nicolas,sarkozy,6901.415484226873
dire,union,européenne,4308.628933116674
dire,quelque,chose,1979.2648836098697
dire,veut,dire,1353.584087234761
dire,premier,tour,1004.8761317826511
dire,morale,publique,463.96376102362643
dire,euros,mois,303.9494472745218
dire,beaucoup,choses,215.6435988596595
dire,vérité,français,206.51653228353263
dire,suis,désaccord,142.9931708577992
décider,entre,maintient,199.63485309987965
débarqué,normandie,écrasé,201.81936577414487
présomption,légitime,défense,167.17094277416797
donner,pouvoir,achat,2200.6864317447753
secrétaire,parti,socialiste,2133.829774572472
secrétaire,général,otan,321.03955185815323
secrétaire,général,mouvement,276.9213057727897
savoir,lire,écrire,369.7071648889669
contrainte,injuste,effort,133.07085329173074
équité,sociale,dres,170.6020357466067
lorraine,excusez,aller,114.41120604769581
vents,mondialisation,sauvage,517.2514511097579
vents,concurrence,mondiale,227.3123164211468
petite,paysanne,lorraine,157.60221727297292
famine,peste,ravagent,201.32165452590036
immense,majorité,français,655.2383986044061
immense,majorité,homosexuels,628.9521827472704
immense,majorité,entre,609.3874348813177
anciens,compagnons,armes,204.27047503290373
bernard,henri,lévy,166.7427127720428
objectif,arriver,pouvoir,147.30769928906284
clique,umps,niveaux,202.74875758061336
delà,certain,montant,111.39256573012337
delà,date,plus,80.00890909531077
crois,front,national,19021.78519256673
crois,certain,nombre,7340.374428562778
crois,nicolas,sarkozy,6894.27804202678
crois,vous,savez,1963.2509571918922
crois,quelque,chose,1943.1164563493498
crois,crois,crois,612.0533870519494
crois,faut,faire,555.6143120215448
crois,faut,supprimer,327.7198697556637
crois,aura,beaucoup,129.45268112737304
crois,beaucoup,français,113.46326435494615
crois,hein,bien,45.974080549346766
gardée,soudards,cachot,283.9674410977948
définitivement,aides,européennes,122.75012364951951
arabie,saoudite,qatar,506.5423709977317
parti,front,national,19020.698588496067
parti,socialiste,voilà,2020.3663093987989
permettez,monsieur,aphatie,1007.7044450630112
permettez,dire,considère,222.29092215802223
permettez,abord,remercier,174.1200207163568
permettez,nouvelle,remercier,153.23468421747822
permettez,citer,quelques,130.02390138576584
france,front,national,19019.935684484997
france,nicolas,sarkozy,6895.164963102521
france,union,européenne,4307.714170096635
france,mesdames,messieurs,3231.119618966519
france,etats,unis,2751.484048614927
france,peuple,français,2426.4505029436414
france,chers,amis,2397.8308094048634
france,vous,savez,1962.0396850942066
france,nous,sommes,1811.6347426965062
france,chers,compatriotes,1223.9249773355687
france,vous,voyez,827.31376774204
france,ores,déjà,544.2101411263711
france,plus,plus,534.032076454658
france,année,dernière,312.413822364897
france,prêter,trésor,275.7496922550858
france,pense,faut,233.34900243491495
france,toute,entière,218.18430154738223
france,nations,européennes,217.9095186215876
france,plus,grand,209.24264602747076
france,banni,pape,198.23009344616904
france,mais,madame,194.75972095198958
france,rurale,france,194.27039626113054
france,français,abord,138.05242121384384
france,aller,emprunter,132.2292835483068
france,mère,arts,129.7036537840471
france,mais,bien,129.44022439856704
france,5ème,puissance,108.77733434113995
france,passée,4ème,106.65462697318387
france,identité,sécurité,93.68184468938247
france,elle,croit,79.87612523289725
france,sera,plus,67.18825915338397
france,pays,plus,43.24600712555411
petites,moyennes,entreprises,260.04145231023654
petites,entreprises,petites,221.8343252838265
abattue,france,halal,138.86864658694913
immigrés,plus,plus,552.35542288786
immigrés,tiers,monde,523.5708353999978
immigrés,situation,irrégulière,183.5999379456505
suppression,impôt,revenu,741.5118574247184
suppression,aide,médicale,667.0763327465183
suppression,double,peine,347.90081594407076
suppression,service,militaire,264.19760209311005
mise,place,protectionnisme,935.4975128386936
mise,place,euro,853.8275337414394
unanimité,majorité,qualifiée,214.80939257150595
malheur,charles,devenu,138.1845118570647
calomnies,elle,échappera,176.90338596273776
défendre,leurs,intérêts,157.48156718832553
défendre,liberté,sécurité,118.60697418728306
défendre,france,français,114.16398318588624
défendre,français,abord,95.09360040755229
principes,république,française,368.854588287525
compagnies,pétrolières,gazières,317.60276962647004
1957,premier,faire,106.33336302281326
protections,intelligentes,frontières,235.79690333244292
regarde,suis,modeste,146.2212386007679
liste,front,national,19061.18924945117
liste,arrivée,tête,193.0977608486409
chômage,pouvoir,achat,2200.6972350526194
chômage,insécurité,immigration,146.46547504776117
épargné,échange,gloire,254.7752176453098
contribution,sociale,importation,336.3435490922813
rendre,peuple,français,2468.3781668196602
rendre,français,liberté,70.54754612321494
prise,compiègne,vendue,185.82863131845207
devoir,aimer,prochain,122.07315936699791
lutter,contre,corruption,1052.8233668172022
lutter,contre,immigration,1017.578378758109
lutter,contre,délocalisations,970.3800214784505
absolument,aucune,raison,255.2427755114632
bureau,politique,bureau,723.4892886832192
bureau,politique,unanimité,718.865301504263
bureau,politique,front,674.0294435017452
fonds,intervention,ville,183.77435665024944
vigoureuse,contre,ennemi,141.95961863051897
intervenants,qualité,contribution,149.01606148973966
mort,certain,nombre,7345.256943445231
mort,brûlée,vive,208.34065180223746
mort,france,1942,112.38791843537686
mort,france,pendant,84.97152851433763
vendue,anglais,bourguignons,290.5206997448047
justes,contrôles,laisse,139.33538993372196
hausse,pouvoir,achat,2244.8805253672863
financière,fiscale,plus,88.83394607003257
assurer,renouvellement,faudrait,130.2194374338405
viande,abattue,france,132.55196050287714
plus,front,national,19029.918371285803
plus,certain,nombre,7365.53876201879
plus,nicolas,sarkozy,6897.163062405356
plus,milliards,euros,2394.2080275769886
plus,plus,nombreux,968.1593980256497
plus,nombreux,plus,895.6408444709687
plus,faibles,plus,824.7130819783051
plus,grande,partie,809.0844465812106
plus,tard,portes,791.6256022028251
plus,tard,jeanne,771.8276996616803
plus,tard,nôtres,768.8614373137091
plus,tard,souvenir,767.202390009257
plus,plus,difficile,661.7777259432268
plus,pauvres,plus,659.7199457860637
plus,plus,importants,655.1072440881882
plus,plus,pauvres,645.7347232639618
plus,modestes,plus,643.7233198993035
plus,lucides,plus,623.121702103833
plus,plus,importante,614.8349315526078
plus,humbles,plus,610.3974226485672
plus,plus,souvent,602.5940173831799
plus,jeune,plus,599.8657327023241
plus,riches,plus,599.2997385365252
plus,plus,cher,597.345490762279
plus,plus,importantes,594.0666085003097
plus,plus,stérilisante,583.5383567869302
plus,gagner,plus,575.0758560224317
plus,lourde,plus,573.6606901377872
plus,plus,nombreuses,571.6676634828368
plus,europe,plus,567.5599969521011
plus,plus,français,566.5336216025735
plus,plus,lourde,564.1262989349602
plus,plus,grandes,557.1320384318326
plus,grand,nombre,461.51675751224707
plus,nombreux,recherche,391.14231767936997
plus,millions,demi,375.3339158356785
plus,faut,faire,340.28885753122415
plus,grande,fermeté,296.7110096168087
plus,grand,bénéfice,281.6285343525177
plus,millions,étrangers,278.2624802156222
plus,rien,offrir,261.25517481594045
plus,grand,meeting,255.11091596207592
plus,grand,respect,252.49325674117117
plus,important,celui,251.88477899645312
plus,rien,dire,250.46670255812973
plus,basses,insultes,226.57627472145285
plus,prendre,charge,224.24115257629327
plus,rien,attendre,213.31797991925498
plus,faible,monde,211.27694699746078
plus,ignobles,calomnies,202.5844386750628
plus,niveau,etat,196.99111700163306
plus,profond,coeur,194.52966748209943
plus,facile,dire,186.93633308171073
plus,longtemps,possible,152.1012184800743
plus,prodigieux,destin,149.5859305371525
plus,grosses,capitalisations,144.78543719052777
plus,faire,confiance,131.02912969625413
plus,2000,lionel,126.0435185405184
plus,anglais,débarqué,122.8416432109093
plus,performante,assurer,113.94874810996934
plus,avenir,pays,110.65806346009214
plus,élevées,moyenne,102.99369254058804
plus,stérilisante,temps,91.09745165419946
plus,demandeurs,emplois,87.07429790379105
plus,tiers,entre,84.26233991332637
subviennent,leurs,propres,294.1158218417798
prison,ferme,prison,319.1747734875774
gens,front,national,19051.623812443824
gens,condamnés,prison,179.49351008824254
gens,jeunes,filles,149.97325432126377
gens,parlent,aujourd,104.92075567126562
gens,plus,jeunes,64.32217224265621
passer,unanimité,majorité,107.96882513632505
voyez,mesdames,messieurs,3227.158810765111
voyez,veux,dire,863.3528688646882
voyez,bien,mesdames,167.9146706448486
savez,quelque,chose,1949.8623979054591
savez,marque,point,106.40459812953327
reconnu,front,national,19043.210036938417
entré,millions,immigrés,261.89191075372185
devant,assemblée,nationale,1506.6882626401925
devant,caméras,télévision,246.16369321928468
devant,commission,discipline,138.60527136665596
responsables,politiques,français,621.0675259156003
maires,petites,communes,170.45327343837124
choix,économiques,choix,270.731728970993
choix,temps,travail,112.91219742760364
choix,oubliés,contre,86.4727956108214
techniques,pourrait,croire,149.5981774525866
peuvent,aboutir,supprimant,132.24015881916077
voulait,faire,grosse,118.02191494920538
novembre,2011,contre,147.70208878244748
devait,apporter,bonheur,175.60961704712332
