first,second,third,likelihood_ratio
charles,devenu,restera,147.3125350314375
identité,sécurité,français,103.96779873934756
nous,sommes,pays,1115.1015829780918
nous,avons,plus,1102.2425803270853
nous,devons,retrouver,265.18079202022096
nous,verrons,bien,173.80354336896542
nous,décidons,plus,155.592988798389
secrétaire,parti,socialiste,779.7108309796824
secrétaire,général,otan,286.8628713152767
famille,école,armée,151.26715423918353
pourrait,croire,temps,118.94580815931455
simplement,faire,remarquer,137.74320056475148
jamais,patrie,céleste,116.09230524226697
jamais,entendu,parler,110.86563570396726
leurs,familles,leurs,441.4562143795738
leurs,enfants,école,427.2150793050156
leurs,justes,contrôles,122.09079156893065
passage,classe,supérieure,175.15479853431506
belles,dents,pays,126.3367405509282
entreprises,souhaiteraient,travailler,122.62468749079588
fiscale,plus,plus,385.25757929992284
prix,nobel,économie,377.4023390992395
prix,peuvent,aboutir,115.21755354365703
matin,paysans,arrive,408.2597788459806
ailleurs,front,national,12796.122626667173
ailleurs,faut,dire,385.27439536762097
ailleurs,raison,laquelle,321.91493262665165
élire,président,république,2827.2328847760855
taille,gardée,soudards,265.6630990005552
injuste,effort,hommes,104.79503253323881
mandat,président,république,2745.7495388914285
priorité,nationale,absolue,112.88755411415038
dignité,sociale,moyen,98.71252123208754
lorsqu,était,ministre,97.43424848591161
lutte,contre,terrorisme,449.6213901284158
lutte,contre,immigration,432.56379169547967
lutte,contre,insécurité,405.39235109856713
déclaration,droits,homme,192.14221396994247
rien,sera,épargné,121.12090554636634
nationalité,hérite,mérite,186.43745334601724
consultation,obligatoire,peuple,136.0005247720616
mesures,prises,sarkozy,115.7194450966195
mesures,prendre,paris,114.47180216354978
sais,rien,mais,182.2065280706803
tours,élection,présidentielle,1379.2890418310437
fardeau,obligation,dont,130.88517153296615
immigration,insécurité,chômage,398.127912184979
immigration,masse,france,335.46131659670937
immigration,tiers,mondiste,232.98214760160573
immigration,étrangère,massive,143.20201487321341
immigration,travail,immigration,120.11029447687426
immigration,temporaire,travail,101.31323262370668
sait,lire,écrire,368.61940482231535
guerre,grand,chef,175.71647182242796
guerre,famine,peste,163.11894223633055
sordide,jugée,tribunal,179.422907581889
autant,dieu,prête,204.54186849990805
autant,plus,nécessaire,170.70357474117475
protéger,marché,intérieur,199.19001674634455
compiègne,vendue,anglais,263.55185226777724
veut,dire,faut,357.4756015059921
veut,rien,dire,143.00048609224427
sommes,campagne,électorale,1027.1739843463188
sommes,pauvres,nous,96.10237754815486
croire,temps,désinformation,138.27916298154577
croire,cinq,plus,73.88990630600873
route,front,national,12815.691667675499
fallait,affranchir,moyen,131.40679745534027
création,revenu,parental,164.86371756496902
école,nationale,magistrature,135.90966899672253
école,usine,chômeurs,118.1327645644802
millions,chômeurs,millions,479.9490328074099
millions,crimes,délits,459.0116441532534
millions,demi,voix,407.2507036902172
millions,chômeurs,réels,346.675422049962
millions,emplois,industriels,310.7173055923734
millions,rmistes,millions,301.5590601213189
millions,électeurs,front,287.32600189328997
millions,étrangers,pays,240.40178070191678
millions,emplois,agricoles,205.68780457205807
millions,vivent,euros,198.5289495747958
millions,travailleurs,pauvres,182.70580246206356
millions,français,vivent,153.3821341979665
pitié,royaume,france,166.8021945006598
réservées,familles,françaises,220.6902021178796
avons,places,prison,445.79102453896405
avons,millions,chômeurs,299.3392048173581
avons,supprimé,frontières,168.25706145055523
avons,perdu,millions,159.2002146268684
avons,plus,moyens,95.88374918281406
peuples,disposer,mêmes,158.0590889960671
peuples,européens,plus,140.60089713758626
ancien,premier,ministre,1215.5522224901679
ancien,ministre,intérieur,886.3646032746411
ancien,secrétaire,général,273.7614335291958
ancien,ministre,commissaire,260.1231512909341
française,union,européenne,1222.6339664302582
française,article,disposant,124.74602695916052
pendant,campagne,électorale,1119.6184951282542
pendant,années,années,318.4683465043069
pendant,quinze,jours,186.68497236554356
pendant,deuxième,guerre,184.67069308131173
pendant,toute,campagne,124.87687038741944
année,après,année,152.40623139846258
mesdames,messieurs,chers,2690.9082278016144
mesdames,messieurs,permettez,2657.9169227825405
mesdames,messieurs,faut,2656.419960129123
mesdames,messieurs,sommes,2641.217224613026
oppression,pauvres,faibles,157.29892529610885
cautère,jambe,bois,247.12379075204024
monsieur,président,république,2744.645911018468
députés,front,national,12813.200753242341
pupille,nation,père,226.59978002645948
sociale,moyen,prospérité,93.09291445674148
avez,oublié,gouvernait,162.16654609374586
rassemblement,forces,nationales,126.78333822814955
considéré,fardeau,obligation,168.99387318998026
idées,front,national,12804.733724349539
travailleur,emploi,charge,121.57435153528954
monde,sait,bien,328.729788948331
monde,besoin,france,147.495358370544
riches,puissants,dans,129.08789391132106
religieuse,neutralité,politique,166.1133885792864
représentés,assemblée,nationale,1032.7069897951642
secours,libérer,france,108.0402024947677
membre,bureau,politique,677.3439301960602
statut,fonction,publique,563.1993565964118
statut,juridique,social,192.39416770415988
aujourd,front,national,12797.492247268194
aujourd,intégré,culture,117.8251024056018
raison,laquelle,propose,341.4109827357987
proclamé,france,jeanne,103.52703998567135
brûlée,vive,1431,240.41869794148175
lourde,plus,plus,387.57668893665567
temps,temps,suis,217.7294962483204
temps,désinformation,diabolisation,163.72983643025051
temps,chômage,massif,108.06618163438179
être,ultra,libéral,348.88933611548845
autorité,indépendance,france,113.61601558839364
cheval,accomplir,plus,104.07309013556926
groupe,front,national,12824.721507703656
groupe,droites,européennes,349.06571995800675
classe,politique,française,936.213928989489
classe,politico,médiatique,449.07215554646353
sécurité,première,libertés,125.10301959124168
sécurité,français,rassemblement,80.0890159090237
adhérents,front,national,12852.009582103783
complice,forfaiture,quatre,155.77846646382318
logement,aides,sociales,332.6993529071822
supprimer,définitivement,aides,129.64867661292993
quelque,chose,important,1201.237230541434
quelque,chose,extraordinaire,1196.2023301750628
quelque,chose,assez,1171.0185112308477
quelque,chose,crois,1153.7305478868495
quelque,chose,beaucoup,1153.3532840644532
institution,droits,douane,432.55079219563476
trahisons,lâchetés,plus,124.67724579652841
termine,professionnelle,vers,127.5771036851173
orléans,écrase,anglais,221.87341140857671
dépassent,feignons,organisateurs,187.59410231261936
morale,politique,france,63.37383220751084
condamnés,prison,ferme,283.1288886826761
prière,jésus,marie,203.82060634220005
accomplir,plus,prodigieux,187.45621953077523
toute,classe,politico,201.67088840098342
toute,chose,égale,158.58631321792325
toute,modification,traités,117.16836337672251
objet,consultation,obligatoire,139.6110835485784
libère,orléans,écrase,232.90074642232548
condamnée,mort,brûlée,218.09364805565724
jugée,tribunal,ecclésiastique,256.8891718928711
rendent,bien,compte,137.43991916698425
beaucoup,hommes,politiques,705.1686103904983
beaucoup,autres,gens,314.5647731803495
beaucoup,autres,choses,304.7342106498667
beaucoup,pays,contrainte,94.06709736316559
démontrons,paris,plus,105.2631829873036
amis,front,national,12824.8593808082
amis,chers,camarades,782.6282801020882
amis,militants,sympathisants,150.66099682498358
députation,paris,1957,291.9436737552013
président,front,national,12949.559132203944
président,république,chef,2816.0579014339087
président,république,sortant,2768.710159940511
président,république,président,2740.3143353350924
président,république,pratiquement,2738.151995269961
président,république,était,2733.5752632459853
président,république,aura,2731.435311179996
président,république,bien,2715.935161143773
président,etats,unis,1570.8022748031492
président,conseil,constitutionnel,517.6268881285165
président,conseil,général,227.14690358355205
président,groupe,socialiste,135.41820979573026
travailler,veulent,travailler,291.85623101843237
travailler,plus,gagner,129.77962482843836
générations,baby,boom,184.83420502642792
géographie,histoire,religion,161.41136063700318
terrestre,sépare,jamais,133.15108132719826
grands,partis,politiques,432.0902312310126
grands,féodaux,déchirent,294.81498191947543
rétablissement,peine,mort,638.8184440769171
pierre,cauchon,condamnée,174.98990348193652
bompard,bompard,bompard,239.77918743769243
tête,front,national,12808.783232360738
retraités,chômeurs,exclus,136.8686452723324
racisme,anti,français,194.94808593606405
grande,pitié,royaume,240.90941369645194
agriculteurs,termine,professionnelle,135.71901389750113
dumping,monétaire,social,161.33874175428352
lâchetés,plus,basses,166.06127034551162
euro,franc,serait,112.92612607423877
solidarité,nationale,travail,187.096342564511
moyenne,zone,euro,372.35492788185104
moyenne,pays,européens,283.2852293951171
ajouter,constitution,française,122.79574260880716
meurt,henri,angleterre,165.54001737926183
près,millions,voix,319.3555012824698
près,quatre,millions,181.7253813582144
pages,faits,divers,223.17005566530992
pense,front,national,12799.493070544075
fête,travail,travailleurs,317.0019180659813
oeuvre,libre,circulation,399.5134216480494
avenir,furent,principes,129.6415153203402
messieurs,chers,amis,478.7359258511617
messieurs,sarkozy,bayrou,171.43578628976542
messieurs,permettez,abord,113.70940038172984
immigrés,tiers,monde,532.1532393507927
immigrés,plus,plus,370.2824746543681
immigrés,situation,irrégulière,148.97407154359155
dotation,rurale,équité,224.55684995250192
insécurité,chômage,fiscalisme,246.32137616217108
campagne,front,national,12801.880325410686
campagne,électorale,présidentielle,1128.7450412958547
campagne,électorale,européenne,1078.1648313964113
campagne,électorale,législative,1053.647858371
campagne,élections,européennes,589.7909110592732
mettre,oeuvre,grand,372.62392050121974
puissance,économique,monde,138.62230003720214
compare,suis,orgueilleux,189.88064502904538
étrangers,situation,régulière,140.0687022294141
tard,portes,paris,164.06590991525917
tard,nôtres,rien,103.56524809009126
tard,jeanne,sait,98.05449018056697
après,deuxième,guerre,176.28312663262204
puissants,dans,temps,146.48610745740473
constitution,européenne,2005,732.5515041824517
constitution,vème,république,375.1290626717054
constitution,française,article,144.40100500650905
abord,faire,diagnostic,116.00937566995903
nombre,électeurs,front,152.43187392659573
plusieurs,assistances,irrésistiblement,161.92306511714708
première,guerre,mondiale,410.2166883119212
première,guerre,irak,192.9198839864789
peser,baisse,salaires,345.6957898345232
homme,politique,présenter,277.33125059848714
laxisme,judiciaire,moral,136.46017926308758
personnage,historique,parcours,169.3936827082372
anglais,jargeau,juin,198.92600614425731
anglais,bourguignons,emprisonnée,188.97564973064962
anglais,débarqué,normandie,175.65626372210335
anglais,france,1453,124.52170728749749
déjà,certain,nombre,3919.1591590594776
principe,préférence,nationale,797.0275156020847
principe,souveraineté,états,111.89637865336181
répondre,appel,offre,281.31607840497253
franc,serait,attaqué,137.25426628027896
arts,armes,lois,149.30953478373002
barrer,route,front,307.0161651757406
martyre,plan,spirituel,143.37658214332035
parents,grands,parents,171.49719802626055
cela,étant,crois,327.7579493867291
normandie,écrasé,chevalerie,229.13578139095256
travail,famille,patrie,104.36331006391877
travail,cause,excès,96.19548717950605
travail,faire,travailleur,94.29066550051391
charge,financière,fiscale,143.63661842379304
élection,président,république,2737.0611685095537
élection,présidentielle,élection,1336.517675177632
élection,présidentielle,effet,1281.2245284433106
ministre,président,république,2746.6126049694794
ministre,jacques,chirac,2280.6955213391234
ministre,intérieur,président,722.123351004009
ministre,éducation,nationale,455.8547841455728
ministre,commissaire,européen,293.0815737884584
états,unis,amérique,525.1644363909684
croissance,plus,faible,143.32898760543125
élus,front,national,12867.767027029731
ferrée,pieds,taille,274.42045080684926
jean,marie,chevallier,1560.2279181678007
jean,marie,candidat,1539.0993956011653
jean,marie,avait,1530.9119978959443
jean,claude,martinez,306.7892713847707
jean,pierre,stirbois,289.2323181025839
jean,michel,dubois,205.88442498177355
2007,2013,delà,119.70976224834217
pape,martin,sera,190.81505958333804
national,front,national,12821.570200027041
national,veut,dire,358.54441281963733
national,union,patriotique,329.70415239426626
national,vive,france,267.1823992241149
national,conseil,régional,226.05049438022814
permettez,abord,remercier,153.3508185998513
bûcher,rouen,dernier,294.70024254114423
république,vive,france,206.55625847216874
préférence,nationale,réponse,812.4546741661725
préférence,nationale,embauche,802.1302290570154
préférence,nationale,emploi,801.3396920515809
quatre,millions,demi,391.13912564695477
quatre,millions,voix,329.2672754173842
quatre,coins,monde,160.47339321633547
quatre,plus,anglais,112.43810119938499
politiques,front,national,12797.826973799081
politiques,économiques,sociales,390.7609446822044
politiques,économiques,sociaux,241.42184459041925
celle,front,national,12800.979760266055
celle,etats,unis,1560.7863413343498
celle,peuple,français,944.6447730448353
soixante,après,guerre,161.73163408553188
vient,livré,étranger,131.88789530195362
vingt,dernières,années,391.0849026929769
vite,elle,rencontre,122.36429286073201
pensent,avez,oublié,198.78144773143137
militants,front,national,12846.677507375656
zone,libre,échange,202.07215569248194
échappera,techniques,pourrait,155.16401111762764
acte,prière,jésus,213.75961319882873
cage,ferrée,pieds,292.2910645796291
demain,rase,gratis,201.64526248733426
demain,voulu,faire,199.22208367056868
parlement,européen,2009,952.4676081427392
parlement,européen,suis,930.1694039085985
autour,front,national,12808.2898367298
peine,mort,soit,504.9155778585746
mystérieux,contact,appelle,152.14459347950535
jospin,homme,gauche,137.22806533937114
jospin,avait,deuxième,81.89162591661454
gauche,extrême,gauche,387.24408131254677
600ème,anniversaire,naissance,293.8926928937052
impôt,revenu,impôt,775.8642218231769
impôt,revenu,travail,746.2937682349306
impôt,successions,ligne,276.8121865503091
petites,moyennes,entreprises,169.62924090534028
vigoureuse,contre,ennemi,145.84182832560532
charges,fiscales,sociales,249.7708738589592
entre,tours,élection,281.1692681640231
ingérence,affaires,intérieures,190.0674625926976
programme,front,national,12866.21885934419
henri,meurt,henri,210.24268214299082
henri,angleterre,proclamé,167.4516686986629
rupture,contrat,préférence,141.9451959500444
vivent,euros,mois,263.54881793948175
rappelle,élections,européennes,586.1235206678632
martin,sera,refuser,141.89925771803797
chose,égale,ailleurs,128.7242378811657
venant,tiers,monde,504.76831220095147
cinq,plus,tard,569.4367665071147
cinq,dernières,années,371.05703155432553
cinq,prix,nobel,340.6646764435051
gagné,bataille,idées,115.61056839704753
front,national,vive,12880.937294332198
front,national,empêcher,12827.567878759339
front,national,démontré,12819.911408556209
front,national,avait,12819.475831836735
front,national,avons,12817.986235596374
front,national,adhérents,12815.331225093825
front,national,serais,12814.335752013496
front,national,veut,12810.618511906228
front,national,sera,12810.379382533007
front,national,opposition,12810.163940508352
front,national,était,12809.761473631232
front,national,congrès,12809.715940207641
front,national,jean,12808.524669853174
front,national,parti,12808.333161272072
front,national,arrive,12808.147005609893
front,national,front,12806.67847202746
front,national,ayant,12805.864002768481
front,national,aura,12805.498405655446
front,national,simplement,12805.18164870622
front,national,assemblée,12804.075647174399
front,national,raisons,12803.921225389066
front,national,jamais,12803.598848462894
front,national,rappelle,12803.47965769535
front,national,conseil,12803.001839463557
front,national,président,12801.745455117332
front,national,dont,12801.443668088556
front,national,alors,12801.303167204725
front,national,élections,12801.02870849205
front,national,mouvement,12800.802964557523
front,national,celui,12800.450303257789
front,national,aujourd,12800.25573415772
front,national,nous,12800.03187134776
front,national,évidemment,12800.0198296042
front,national,soit,12799.876702452468
front,national,écoutez,12799.217219425922
front,national,mais,12799.14463400281
front,national,plus,12799.063768489457
front,national,autres,12798.609301569693
front,national,crois,12798.47146839913
front,national,vous,12798.405379033342
front,national,bien,12798.137170043039
front,national,problème,12797.966791429542
front,national,beaucoup,12797.648213169652
front,national,faut,12796.32361070591
front,national,pouvoir,12796.24473494596
front,national,suis,12796.085935296029
front,national,ailleurs,12795.381188348601
front,national,gens,12793.886673344963
front,national,faire,12793.45240750307
vous,savez,bien,1332.57239505138
vous,savez,suis,1311.3950890769552
vous,êtes,train,375.8566097375707
vous,voyez,bien,335.536322534473
vous,voyez,mesdames,326.8543799897949
déchirent,belles,dents,176.94318271240462
françaises,français,chers,205.99122201384006
train,mettre,place,265.5238123600126
train,anciens,compagnons,186.73013786245178
ignobles,calomnies,elle,231.78446226729153
cause,excès,injustices,126.22039884121014
rurale,équité,sociale,176.0379082557288
basses,insultes,plus,205.43308252296953
peines,prison,ferme,274.7894282771371
ciel,tombe,tête,126.11182053799615
soit,milliards,euros,1030.7863317143447
soit,milliards,francs,490.11211271854586
nombreux,recherche,emploi,142.01859666089325
financière,fiscale,plus,105.52527883192835
etats,unis,amérique,1706.2426720454307
etats,unis,ailleurs,1561.834491049361
etats,unis,pays,1551.7996895737797
vote,front,national,12803.770516024331
aides,européennes,exportations,126.08462934880458
dizaines,millions,morts,197.839569826973
appelle,voix,disent,92.2026374786489
rose,rose,bonnet,165.70038836352194
bonnet,rose,rose,165.70038836352194
rmistes,millions,titulaires,153.0860583059336
harmonie,entre,nature,115.68292174688756
domaine,tant,autres,165.59916194362233
domaine,bien,autres,87.18107666755671
mais,front,national,12793.630418448818
mais,bien,évidemment,486.243654984643
mais,vais,dire,406.8591434490978
mais,cher,monsieur,385.02134114376577
mais,faut,savoir,252.97792658908773
mais,crois,crois,224.51652597242776
mais,démontrons,paris,113.4294402375554
peuple,amour,patrie,236.77032676530484
voix,front,national,12859.26493333443
voix,élections,présidentielles,576.7000019774326
plutôt,front,national,12808.783232360738
égard,front,national,12810.101443880849
européen,2009,sera,99.23198013288155
sarkozy,ségolène,royal,598.0896862084364
sarkozy,bayrou,royal,221.14063274923512
sarkozy,royal,bayrou,167.70058876784634
petit,pays,millions,61.75196610394538
calomnies,elle,échappera,169.4890827161002
paris,plus,tard,551.1081328094681
paris,blessée,troisième,189.23032409282865
paris,1957,premier,164.61232374387265
paris,espace,charenton,140.84890486363008
défendre,liberté,sécurité,119.0550985278676
défendre,français,abord,108.25489964889242
laisse,entrer,droits,108.61629705300379
quitté,front,national,12817.31330858875
libération,train,anciens,128.27035238156276
emprisonnée,rouen,cage,293.7041171115731
appel,offre,alimentaire,311.4611076823293
aller,plus,loin,281.4389811168417
aller,jusqu,bout,242.51280018746215
aller,secours,libérer,127.5789055869069
sympathisants,front,national,12844.531623898863
furent,principes,objectifs,163.79100820849044
voudrais,simplement,faire,152.2010293064745
voudrais,abord,dire,138.25887749458957
député,front,national,12822.775883669454
réduction,temps,travail,144.3511985336127
martinez,serge,félon,158.6464087094283
présidence,république,jamais,501.3892882507216
présidence,française,union,177.79037526655296
cautères,jambes,bois,240.89349212000178
banque,centrale,européenne,208.68748325181167
majorité,socialo,communiste,306.09432939227526
majorité,qualifiée,conseil,206.3214536374042
successions,ligne,directe,250.28247885756596
présenté,candidature,arabe,264.9155525094752
pieds,noirs,harkis,353.6103581766641
pieds,poings,liés,267.84435975999247
pieds,taille,gardée,266.31106563069693
candidats,front,national,12831.586022906937
candidats,deuxième,tour,1378.3939792698725
candidats,présidence,république,558.6704975038501
jacques,chirac,avait,2314.103314334232
jacques,chirac,sera,2279.6027867490657
excusez,aller,secours,135.3456130817827
supprime,frontières,leurs,107.24303220944994
monter,cheval,accomplir,154.2857468616238
ensemble,classe,politique,580.8892301701828
prodigieux,destin,histoire,178.33498384487692
élections,législatives,juin,724.0221894934427
élections,législatives,avons,696.5768396550268
élections,présidentielles,législatives,627.3852005738622
élections,européennes,juin,616.0744778369193
élections,présidentielles,crois,563.41090728445
premier,ministre,socialiste,1278.0574375894696
premier,ministre,président,1228.3606215582142
premier,ministre,villepin,1226.9553233865781
premier,ministre,jacques,1212.0656726550005
premier,tour,élections,778.6309555045252
premier,tour,présidentielle,725.5340570669948
premier,tour,bien,700.8379231060294
premier,homme,politique,289.9610794798777
premier,faire,élire,171.3717363468958
premier,secrétaire,parti,126.33504213073891
gagner,deuxième,tour,1354.5407499667017
cauchon,condamnée,mort,220.38602225293204
fureurs,révolutionnaires,caboche,187.88296388549054
population,mondiale,passée,208.57106120570373
celles,front,national,12823.877826139198
insultes,plus,ignobles,211.34432427832803
père,mort,france,196.8514052238463
échange,gloire,immortelle,270.5160113197838
féodaux,déchirent,belles,239.02884213553
destin,histoire,humaine,172.74874495572234
moyen,prospérité,solidarité,160.38914413646887
moyen,oppression,pauvres,131.56601162948238
moyen,liberté,individuelle,120.2639818721821
nationales,action,vigoureuse,145.45179124882432
sainte,martyre,plan,228.01041845277723
définitivement,aides,européennes,120.06130544996208
disposant,toute,modification,132.12769487378964
rapprocher,salaires,manuels,301.7283285954052
ainsi,pouvoir,achat,635.7873952689458
ennemi,avenir,furent,126.79725956547995
doivent,garder,souvenir,153.25074755871512
était,quelque,sorte,3196.7874589792114
était,jean,marie,1528.8234884326348
était,premier,ministre,1204.61556702239
était,ministre,agriculture,114.21692873919068
rôle,président,république,2745.545565401743
rôle,premier,plan,154.1926493397304
rôle,jouer,monde,107.41674919441677
michel,dubois,yann,196.81182764275343
injustices,considéré,fardeau,172.25567171598095
étais,somme,toute,553.5233401063709
décidons,plus,mêmes,149.07308774339919
reine,isabeau,bavière,349.9842951918737
jeanne,sait,lire,100.03512931104775
somme,toute,assez,563.3878983637032
connu,parti,socialiste,781.3691898744619
affranchir,moyen,oppression,156.64946058535327
congrès,front,national,12828.46131829998
suis,quelque,sorte,3201.5402374883015
suis,candidat,présidence,418.05115763373203
suis,politique,française,410.5707452460757
suis,homme,politique,333.78237429788413
suis,pupille,nation,239.60484272301332
suis,député,européen,234.35826713927824
suis,modeste,compare,158.79195350414057
suis,homme,libre,150.01033942291753
suis,près,convaincu,111.07049437713177
politiciens,français,gauche,142.62276722308388
bénéfique,réduire,coûts,142.7986269327409
banni,pape,martin,302.23667504569653
général,otan,dire,118.25001642867863
défense,sociale,nouvelle,119.2036531123368
droits,douane,modulables,460.6794442922669
droits,homme,citoyen,235.93786474036568
droits,produits,subissent,117.44180045753367
droits,enfant,autorité,104.77883493662623
assistances,irrésistiblement,catastrophe,175.05143728695637
agit,front,national,12802.87204276933
affaire,mantes,jolie,291.8675053249943
jargeau,juin,patay,229.25193793247075
passé,table,rase,164.06122236067364
mandelson,commissaire,européen,326.380729856116
voilà,mesdames,messieurs,2711.119060651655
mesure,intérêt,général,317.02719048579024
recherche,emploi,plusieurs,139.60253590703928
reste,mois,vivre,90.93515387732873
peste,ravagent,pays,142.95515045837516
million,demi,clandestins,211.1064722915835
vice,premier,ministre,1310.5948657771337
baisse,pouvoir,achat,650.7138656955304
baisse,salaires,manuels,439.63367411432455
baisse,salaires,travailleurs,358.0025679557316
électeurs,front,national,12894.116615015626
entrer,droits,produits,106.97584239107964
intérêt,france,français,129.93856679258238
génération,actuelle,agriculteurs,145.78988040470853
certain,nombre,gens,4211.029704484224
certain,nombre,sujets,4074.2953606963465
certain,nombre,choses,4021.537368199589
certain,nombre,autres,3979.904823408586
certain,nombre,qualités,3934.3974790060065
certain,nombre,mesures,3934.098942763283
certain,nombre,domaines,3931.299890143936
certain,nombre,problèmes,3930.0384155880865
certain,nombre,dirigeants,3926.2537099617784
certain,nombre,conditions,3923.7225540656063
certain,nombre,hommes,3918.711579872959
certain,nombre,français,3910.3515619931322
certain,nombre,pays,3907.8127147001223
culture,nationale,érigé,126.26724398393019
nationale,emploi,logement,161.6676368720234
nationale,érigé,fête,125.36325929576819
nationale,malgré,millions,92.3589123524528
nationale,travail,cause,69.86931746035951
nationale,politique,gouvernement,56.7467845115043
voté,contre,traité,121.28105260735947
aboutir,supprimant,postes,148.73596120646783
enfants,petits,enfants,136.59359967861616
économique,sociale,politique,300.0993752519312
économique,sociale,pays,294.9030555461991
économique,social,culturel,274.98908302480663
économique,équilibre,social,175.36077475660323
économique,retour,croissance,97.56030694064506
mère,arts,armes,205.45244052654903
fabius,strauss,kahn,273.0372482565765
conséquent,front,national,12803.2004714297
elle,rencontre,chinon,179.87900863680676
elle,échappera,techniques,147.9951784809245
elle,croit,miraculeux,132.816436860503
elle,reste,mois,81.32428594016753
jours,premier,tour,726.7049805837366
veulent,travailler,veulent,306.9388569869768
syndicat,magistrature,syndicat,407.6683179201559
évêque,pierre,cauchon,152.8092529487033
revenu,impôt,revenu,742.1732343676506
contre,front,national,12889.89984487376
contre,constitution,européenne,715.7532809121801
contre,traité,rome,349.29696751861223
contre,immigration,clandestine,247.4149580909468
contre,insécurité,contre,196.73108995792458
contre,rassemblement,national,195.23498009178763
contre,vents,marées,162.38954076683694
contre,ennemi,avenir,102.77083471234772
écrase,anglais,jargeau,245.93911063499218
ultra,libéralisme,mondialisé,235.02176577501666
immortelle,abandons,trahisons,240.08162672924126
sépare,jamais,patrie,106.9919407132885
pire,jospin,crois,128.42074633423255
mêmes,charges,fiscales,250.64387329273802
faire,front,national,12798.604667827118
faire,quelque,chose,1172.9111408074707
faire,croire,cinq,201.84753149540632
faire,respecter,lois,165.41323538044725
faire,grosse,bœuf,143.7872592241802
faire,entendre,voix,121.69890620015885
faire,demain,voulu,109.78721324003787
faire,appliquer,politique,106.00819159537238
faire,travailleur,emploi,96.85998868091929
garde,sceaux,arpaillange,231.31709512380144
mouvement,front,national,12803.547496943727
accepté,supprimer,définitivement,130.91172875847934
devenu,restera,durant,131.07735083390514
modeste,compare,suis,158.79195350414057
siècles,plus,tard,574.4195097958523
productivité,concurrence,effet,112.8391796467711
référendum,constitution,européenne,772.9440689197486
référendum,nouvelle,calédonie,313.1926589330581
malgré,millions,voix,256.7752814431855
chirac,président,république,2734.525353520645
chirac,sera,pire,104.33325932502804
émeutes,novembre,2005,192.70503873679627
salaires,travailleurs,manuels,289.66329814318846
salaires,manuels,salaires,282.79775119980445
salaires,travailleurs,français,271.17599321581565
tour,élection,présidentielle,1418.1826085238527
tour,élections,présidentielles,624.1038250933918
tour,passe,passe,134.21261154130133
alors,mesdames,messieurs,2690.6763683153763
alors,dois,dire,1181.7914894770065
alors,vais,dire,420.5381275638119
militaire,volontaire,mois,126.724438748734
candidature,arabe,députation,423.57290496052855
bourguignons,emprisonnée,rouen,220.2147309398626
vers,2013,pour,103.25895743441363
voter,deuxième,tour,1333.9963489416525
installation,jeunes,agriculteurs,246.95049713101997
justes,contrôles,laisse,143.21811165216934
jésus,marie,elle,161.8482617904771
dette,publique,réelle,188.11217097664314
voyez,mesdames,messieurs,2680.0246755671997
voyez,bien,mesdames,71.96330698664116
utile,votez,utile,203.59950437381832
celui,front,national,12821.266330625554
effet,bénéfique,réduire,118.26348385406719
service,militaire,volontaire,236.617432508942
trois,mois,après,260.32387757076765
trois,quatre,cinq,182.2013695411925
coûts,prix,peuvent,117.8509801793409
fonction,publique,plus,523.1371656252766
chiffres,ministère,intérieur,286.06222804407616
nouvel,ordre,mondial,245.80616708951936
pouvoir,achat,consommation,655.3246405488846
pouvoir,socialo,communistes,217.47817707230502
2013,delà,date,124.23999951408206
2013,pour,assurer,109.57901214609538
éducation,leurs,enfants,453.4950169261173
éducation,civique,morale,236.97860045779134
modification,traités,européens,161.2193639883199
arabe,députation,paris,344.888527210588
humaine,elle,reste,108.49578210723067
assurer,renouvellement,faudrait,130.26546833300137
prospérité,solidarité,nationale,270.09031306956297
grave,crise,économique,183.8636819370108
patrie,terrestre,sépare,140.16165790996197
1200,milliards,euros,1025.149886176318
postes,travail,faire,80.33930972298148
réforme,code,nationalité,269.5691363209274
individuelle,dignité,sociale,118.54674816020207
rouen,cage,ferrée,301.81390733424166
rouen,dernier,souffle,146.82146236633463
compagnons,armes,connétable,214.2546238938454
rend,compte,productivité,192.91447962822713
rend,bien,compte,86.4612942389474
mois,plus,tard,618.8832845527897
mois,deux,mois,139.90729705987255
souffle,acte,prière,168.528435913205
obligatoire,peuple,français,963.1468570372583
invasion,tiers,mondiste,256.41524979640593
nation,père,mort,170.22250961548724
intérieur,front,national,12803.623372743219
tribunal,ecclésiastique,présidé,313.0288897433807
forfaiture,quatre,plus,105.41970831110002
écrasé,chevalerie,française,251.68248856178232
savent,lire,écrire,411.26903776763527
1422,henri,meurt,190.9786519978059
dirigeants,front,national,12813.060968122096
exportations,agricoles,certes,129.97040577270172
pacte,stabilité,budgétaire,187.97837637782072
concurrence,sauvage,pays,169.27641640141474
concurrence,effet,bénéfique,112.83917964677107
faits,divers,journaux,188.5963797811437
candidat,élection,présidentielle,1322.3166830348246
candidat,peuple,français,963.0040031033442
candidat,présidence,république,735.1879725483541
candidat,élections,présidentielles,589.7554137603728
candidat,démocrate,républicain,130.7736648675442
verra,bien,verra,292.08551595668484
verra,bien,moment,259.7552551032154
excès,prélèvements,obligatoires,507.4912925485928
excès,injustices,considéré,152.7199102011039
intégré,culture,nationale,118.69534145441199
emploi,logement,aides,221.52807129010307
emploi,charge,collectivité,173.45499296213495
emploi,plusieurs,assistances,131.35918301292173
milliards,euros,soit,1059.698767863801
milliards,euros,année,1026.6395510358748
milliards,euros,2005,1020.2437762149868
milliards,euros,mais,982.5169790773507
gouvernement,socialo,communiste,300.89923503230557
ecclésiastique,présidé,infâme,320.7841391663309
écrire,monter,cheval,154.84938898803807
présidentielle,élection,législative,242.27552839313978
libérer,france,elle,87.07591337036406
manuels,salaires,intellectuels,133.2151430911625
contact,appelle,voix,110.31934263809032
seine,saint,denis,197.57660357723609
chevalerie,française,azincourt,254.9900143042268
corruption,politico,financière,138.0711228170351
organisation,nations,unies,259.6150151341615
organisation,mondiale,commerce,242.10337201679988
représentants,front,national,12816.463185285837
crois,front,national,12796.072520372927
crois,certain,nombre,3916.660112734071
crois,vous,savez,1218.9468204286313
crois,crois,crois,364.9110227304112
crois,faut,faire,359.0777631969793
crois,aura,beaucoup,120.10495629221674
crois,hein,bien,63.30268495666682
établira,mystérieux,contact,192.18251197094827
assemblée,nationale,malgré,914.9112619225191
accueillir,millions,immigrés,219.71548767777182
armées,chef,justice,181.4269043481486
chef,armées,chef,242.3834083620314
chef,guerre,grand,147.21381058836027
miraculeux,faire,croire,225.5662422783852
abandons,trahisons,lâchetés,201.3344589192683
infâme,traité,troyes,202.92301309599793
infâme,évêque,pierre,191.6218374763098
action,vigoureuse,contre,124.87690766590386
sera,pire,jospin,176.07878991207753
sera,épargné,échange,174.92188889561078
sera,refuser,complice,129.17373651138465
sera,chargé,adopter,115.42841775572148
forces,nationales,action,115.14763950637878
marie,france,stirbois,127.86763060636875
marie,elle,libération,102.7233913364217
certes,parlement,européen,943.7080771418415
frontières,leurs,justes,100.42871878104194
rocard,premier,ministre,1220.1804040473585
lettre,jean,marie,1589.3850094233787
écarter,candidats,fantaisistes,202.8131077931506
compensation,dette,agricole,148.62292605530482
2009,sera,chargé,113.24817784177222
révolutionnaires,caboche,capeluche,227.38806843227243
avait,deuxième,tour,1319.9116836433795
français,chers,compatriotes,509.54926108487473
français,plus,plus,352.2279646507157
français,rendent,compte,289.32798189768977
français,origine,étrangère,283.1258455820532
français,doivent,savoir,267.30783073331406
français,citoyens,français,166.07183920763688
français,rassemblement,forces,88.56065621684476
actuelle,agriculteurs,termine,139.19574378552224
passer,unanimité,majorité,108.39173435854471
royal,monsieur,sarkozy,383.8945851756919
réduire,coûts,prix,118.60901196586953
perdu,millions,emplois,207.3682259016818
perdu,presque,1422,160.3469290328577
situation,économique,sociale,361.8426832564133
situation,actuelle,france,95.09961098237339
gloire,immortelle,abandons,253.7842445245373
article,disposant,toute,121.29655754277061
législatives,juin,prochains,130.60264536734823
grand,chef,guerre,184.9154063090855
grand,chef,politique,160.08573545657924
frein,immigrés,plus,99.13501994781774
passée,4ème,rang,167.449322490795
armes,connétable,richemont,234.3514184983267
voulez,faire,club,102.12463357927538
vais,dire,chose,409.83099996300456
lire,écrire,compter,431.5946705249503
lire,écrire,monter,384.2964957642589
faudrait,mettre,entrée,103.77436901098208
dois,dire,suis,1227.9355094812345
vaste,zone,libre,143.65291498015117
politique,front,national,12804.967033772351
politique,certain,nombre,3910.2739239565944
politique,premier,ministre,1196.7239382503337
politique,immigration,masse,487.57968397903755
politique,économique,sociale,394.25256215321247
politique,socialo,communiste,297.8707061599987
politique,familiale,politique,197.89615716540564
politique,agricole,commune,148.6851695488123
politique,présenter,candidature,138.4116545110826
dessous,seuil,pauvreté,211.6402489489065
dire,front,national,12793.884781752062
dire,certain,nombre,3910.617650763852
dire,quelque,chose,1180.809683134002
dire,premier,tour,709.7596290980543
dire,beaucoup,choses,176.01223898337835
dire,euros,mois,174.11006648318897
dire,vérité,français,124.01084238478813
instruire,éduquer,accroître,380.2675641095533
hommes,politiques,gauche,733.8325657053618
hommes,politiques,français,715.063077224804
hommes,état,doivent,124.95642096878896
état,collectivités,locales,235.56643972734093
débarqué,normandie,écrasé,200.83221145146098
soudards,cachot,sordide,281.2098949523904
contrôles,laisse,entrer,127.17156434441986
savoir,lire,écrire,380.87270153097074
contrainte,injuste,effort,133.04780707957372
voulu,faire,hier,189.74945442203574
dernier,souffle,acte,130.36859777906204
faut,bien,dire,660.1176794716114
faut,dire,vérité,492.70107077108264
faut,dire,répéter,429.410314873213
faut,faire,cesser,329.34648137351786
faut,bien,reconnaître,322.04954871407705
faut,faire,faut,239.29685890816685
faut,poser,question,193.343651346665
faut,aller,plus,135.66139495093114
faut,abord,faire,102.86430380509448
équité,sociale,dres,158.13884360781185
lorraine,excusez,aller,136.16767082582462
obligation,dont,fallait,102.66427330852427
angleterre,proclamé,france,118.9437700024675
famine,peste,ravagent,191.28377004609644
pouvoirs,publics,successifs,629.6784676927864
anciens,compagnons,armes,206.77458769370426
succès,candidat,peuple,120.50327369796851
compte,productivité,concurrence,117.41674664017731
compte,rendu,mandat,114.31195554640775
présenter,candidature,arabe,305.14867462402947
toutes,régions,france,155.5636368448146
supprimant,postes,travail,116.2903132832005
liberté,équité,fraternité,255.48173864623573
liberté,égalité,fraternité,245.57378036347467
liberté,sécurité,prospérité,238.11382777064566
liberté,pensée,liberté,234.40174397522614
liberté,soucieuse,humbles,137.84642555022464
liberté,individuelle,dignité,136.40765464018088
regarde,suis,modeste,143.56993059947143
delà,date,plus,82.72601229195963
amour,patrie,terrestre,271.09416636881923
amour,peuple,amour,147.87672124773005
gardée,soudards,cachot,256.3014564161566
quatrième,puissance,économique,156.91258107413367
parti,front,national,12798.778614222156
neutralité,politique,religieuse,170.62662083052555
neutralité,religieuse,neutralité,159.2863816056708
pays,certain,nombre,3913.9228749607387
pays,union,européenne,1213.368747657124
pays,tiers,monde,515.1266827704337
pays,faut,dire,381.92531570503
pays,millions,habitants,247.39482470424252
pays,contrainte,injuste,110.30267954854327
pays,vient,livré,107.71150203642341
couverture,maladie,universelle,171.98812941546964
libre,circulation,hommes,416.5569084774803
libre,échangisme,débridé,382.3582546275415
libre,choix,temps,94.83904667629591
histoire,humaine,elle,159.68476321818505
france,front,national,12796.063698220549
france,mesdames,messieurs,2637.705570793282
france,vous,savez,1205.6367755987626
france,plus,plus,352.5123073469648
france,ores,déjà,333.4750396130903
france,banni,pape,199.0964609763385
france,français,abord,151.95400773787298
france,mère,arts,132.79168180931327
france,passée,4ème,107.3081528800622
france,identité,sécurité,97.15522930814242
france,elle,croit,83.93298814001304
peter,mandelson,commissaire,303.67229388595433
1431,bûcher,rouen,330.1824047008794
professionnelle,vers,2013,118.11975103687129
indépendance,france,identité,129.71411252881006
euros,mois,millions,180.11884305246159
produits,subissent,mêmes,113.09601030266106
suppression,impôt,revenu,718.4615668169795
suppression,double,peine,204.491739094005
continent,boréal,brest,182.55104507160715
mise,place,euro,420.7707318861252
unanimité,majorité,qualifiée,215.47468375556332
malheur,charles,devenu,146.66787130059677
quelques,centaines,milliers,599.3915662979953
quelques,jours,plus,424.34230895672755
quelques,dizaines,milliers,352.1734938669845
partis,bande,quatre,411.40096948053997
partis,représentés,assemblée,193.4331368220138
partis,gouverné,france,98.10890932703921
portes,paris,blessée,193.46793416161603
présidé,infâme,évêque,296.3340538805924
croit,miraculeux,faire,120.32271491143867
ravagent,pays,paris,108.43758466510403
dans,temps,chômage,114.02035215613647
deuxième,tour,élection,1422.6609205977102
deuxième,tour,élections,1403.9653512117743
deuxième,guerre,mondiale,572.1740570132321
deuxième,liste,élections,131.79167236994596
deuxième,liste,était,107.15362784510772
1957,premier,faire,102.86004042963074
problème,immigration,faut,166.54832840762487
liste,front,national,12830.330678863444
liste,arrivée,tête,202.2181254536727
choses,soient,claires,158.75587457802067
épargné,échange,gloire,262.40656382530364
deux,mois,plus,122.93466427339148
prise,compiègne,vendue,188.35616615215366
dont,suis,objet,119.42075176499928
dont,fallait,affranchir,116.78279489449903
dont,suis,président,107.01144555114766
victoire,front,national,12817.698881298873
subissent,mêmes,charges,208.52386551384978
devoir,aimer,prochain,126.44564177504847
lutter,contre,immigration,367.67586422971624
cachot,sordide,jugée,237.49248807717828
pour,assurer,renouvellement,120.54577468141485
vive,front,national,12869.95968367627
vive,france,vive,501.5645268503343
vive,nation,vive,381.0556627374773
vive,république,vive,343.7709066547144
vive,france,chers,235.2215671733757
vive,france,mesdames,231.73131382194737
vive,1431,bûcher,195.43899799634613
choix,temps,travail,130.32551941955563
fonds,intervention,ville,201.12013602607652
ecoutez,vais,dire,417.26855129521766
mort,certain,nombre,3922.13886394442
mort,brûlée,vive,203.52392830459746
mort,france,1942,101.30639460910399
mort,france,pendant,77.6784313233057
vendue,anglais,bourguignons,271.05715646137327
tout,monde,sait,520.8836449921868
tout,monde,voit,433.32561681666954
tout,perdu,presque,154.1875245213239
tout,sauf,réprimer,130.15521287861296
hausse,pouvoir,achat,673.812400159053
juridique,social,mère,168.22092302574066
peuvent,aboutir,supprimant,132.1731906103277
boréal,brest,vladivostok,299.3166588619684
fonctions,régaliennes,etat,211.55062012873572
plus,front,national,12809.375488595235
plus,milliards,euros,989.6327414328946
plus,tard,portes,600.7236442636447
plus,plus,nombreux,579.4064161487895
plus,tard,nôtres,573.7574246678478
plus,tard,jeanne,570.4979042865776
plus,tard,souvenir,569.2993621369345
plus,nombreux,plus,548.5385374206332
plus,grande,partie,436.6422014340424
plus,lucides,plus,429.046517564111
plus,humbles,plus,414.31218472451025
plus,jeune,plus,413.68969256918103
plus,plus,stérilisante,401.9377800469946
plus,plus,lourde,390.87628573716637
plus,lourde,plus,385.9015072809059
plus,gagner,plus,374.3626743000919
plus,europe,plus,359.4285752166248
plus,millions,étrangers,283.2117859536053
plus,nombreux,recherche,244.8775244139262
plus,grand,nombre,224.89793771528346
plus,basses,insultes,223.53850193128
plus,important,celui,215.82704566055224
plus,ignobles,calomnies,197.70181379291066
plus,grand,meeting,153.79692119758369
plus,prodigieux,destin,148.64969140429776
plus,profond,coeur,128.78507371553684
plus,anglais,débarqué,121.63737873419063
plus,stérilisante,temps,90.1534976679992
plus,rien,dire,78.39873429060913
pauvres,faibles,riches,144.24305883559296
villes,plus,million,86.1998065631528
prison,ferme,prison,297.7300613249643
1974,regroupement,familial,543.0775974918886
gens,front,national,12820.881324897047
gens,condamnés,prison,167.98344476520637
gens,parlent,aujourd,105.83745399360902
gens,plus,jeunes,72.24577892318533
europe,nord,celle,162.63688276712554
madame,royal,monsieur,371.3508501852958
dauphin,france,banni,197.72955719934453
chers,camarades,chers,818.8354727734413
chers,amis,chers,616.3838570119794
reconnu,front,national,12819.911408556209
temporaire,travail,immigration,106.48733335327049
points,dessus,moyenne,156.86282107139692
vents,concurrence,mondiale,251.19751299806782
entré,millions,immigrés,245.93011611054115
devant,assemblée,nationale,936.8828011582727
respect,ordre,naturel,164.15284285234398
dégradation,pouvoir,achat,661.3122470940366
faibles,riches,puissants,146.73013310784208
réveil,sera,terrible,125.22548164729562
bureau,politique,bureau,674.0988823062697
bureau,politique,unanimité,670.1436656989003
bureau,politique,front,624.9037570423343
techniques,pourrait,croire,123.64577144185066
bien,front,national,12795.555613338494
bien,certain,nombre,3910.3262115626267
bien,mesdames,messieurs,2637.9417425080983
bien,vous,savez,1205.0753057509046
bien,évidemment,suis,474.7363640978124
bien,verra,bien,258.8689414267144
bien,crois,faut,206.19350173137246
bien,normal,après,92.12809165788666
voulait,faire,grosse,118.82235841620474
européennes,exportations,agricoles,123.1181892669049
autres,pays,européens,351.8400459453934
autres,pays,monde,183.00140087122293
couper,pompes,aspirantes,294.3275231387202
