first,second,third,likelihood_ratio
maîtrise,frontières,maîtrise,190.37746367112086
nous,avons,plus,1186.1986934951547
nous,avons,versé,1184.0313650498513
nous,avons,devoir,1139.1557619155474
nous,avons,peur,1118.8068284387527
nous,avons,vision,1118.497874312777
nous,avons,toujours,1115.3780376804223
nous,sommes,seuls,979.6085754456768
nous,sommes,rejoints,831.9468408824364
nous,sommes,aujourd,824.962787084
nous,sommes,camp,815.524372826642
nous,sommes,pays,788.1325191683576
nous,voulons,plus,299.6931662491579
nous,allons,gagner,290.1750793080304
nous,pouvons,plus,277.61519018665285
nous,pourrons,plus,114.1299379764973
secrétaire,parti,socialiste,1390.2543457848137
avenir,leurs,enfants,400.470103732613
groupes,politico,religieux,364.99884240879953
jamais,cotisé,pays,123.80706461663448
entreprises,pétrolières,gazières,271.5492897032915
prix,essence,pompe,215.14700065381837
centaines,milliers,clandestins,337.6901004346177
ailleurs,nicolas,sarkozy,6194.960947391106
ailleurs,certain,nombre,3513.3095288765094
second,tour,élection,979.4124860912469
second,tour,élections,934.7662260359434
réarmer,face,mondialisation,235.40533288317442
mandat,nicolas,sarkozy,6221.582960527305
priorité,accès,logement,343.7669269502339
priorité,accès,emploi,266.0727681939981
mauvaise,dépense,publique,604.0923221354988
lorsqu,était,ministre,158.2123825751765
lutte,contre,corruption,662.2100348912519
lutte,contre,insécurité,612.4071990061119
lutte,contre,mondialisation,603.1578363973698
moment,donné,faut,634.9423875626353
concernant,bonne,gestion,152.28198695342428
question,intérêt,france,88.1961658100878
aide,médicale,etat,660.1044689465356
communauté,communauté,nationale,440.21296473982136
mesures,immédiates,concrètes,165.84896082218467
seront,premiers,bénéficiaires,148.86334399294145
bourdin,monsieur,bourdin,406.4835676951103
promesse,mettre,œuvre,474.4941544423826
services,publics,proximité,1269.9596297789096
services,publics,patrimoine,1263.4418910415088
services,publics,bien,1235.8211150937059
veut,dire,veut,1071.6459934927232
veut,dire,faut,1020.8767451629244
veut,dire,avons,994.1125053606764
veut,rien,dire,177.84743561045914
veut,faire,gagner,131.3227798583835
rompre,modèle,économique,499.8185884001266
sommes,capables,fabriquer,110.25598866508494
veux,mettre,place,810.978843374994
veux,dire,faut,772.1027067371512
veux,mettre,œuvre,511.6024742897844
ouverture,totale,frontières,526.9900184323226
millions,chômeurs,millions,614.9886686909999
millions,chômeurs,pays,529.9130789636613
millions,cartes,vitales,302.4212444420172
millions,fausses,cartes,182.4372661381338
millions,français,pouvoir,142.64276856338657
millions,demi,entre,125.10231064099938
millions,demi,français,120.710063732236
attendent,logement,social,360.4067289497527
avons,front,national,6148.251289278223
avons,certain,nombre,3509.2709977446925
avons,millions,chômeurs,552.5385498237845
avons,plus,moyens,202.39021295952344
avons,payé,milliards,110.07022318221787
défense,intérêts,électoraux,230.88662507803193
pendant,campagne,présidentielle,632.8410029286817
pendant,trois,mois,170.7854769790667
électeurs,front,national,6182.9335022457
monsieur,aphatie,monsieur,1098.3124581936363
monsieur,strauss,kahn,1087.2819663617745
monsieur,aphatie,mais,894.6460167818316
monsieur,aphatie,français,886.052280736991
monsieur,mais,monsieur,591.4663351191856
monsieur,hollande,monsieur,572.871605523163
monsieur,bourdin,monsieur,564.1236192496124
monsieur,bachar,assad,351.18910407668443
monsieur,monsieur,monsieur,307.9394852238737
monsieur,dupont,aignan,225.634748223548
avez,compris,chers,110.23564017299618
avez,monde,meilleur,82.77576734004698
rassemblement,peuple,français,1489.14115345035
rassemblement,bleu,marine,669.1218919541643
idées,front,national,6154.767720778231
emprunter,marchés,financiers,1414.8556509227992
pouvoir,achat,français,1590.5963868048275
pouvoir,achat,chômage,1554.5929498353341
morale,publique,plus,522.953739812534
grandes,entreprises,pétrolières,583.1192038992963
grandes,compagnies,pétrolières,288.84707412970045
grandes,économies,faire,117.5299433448678
municipaux,front,national,6187.766027263584
aujourd,plus,plus,212.86069115114677
nomination,responsable,politique,219.4211158396657
anticiper,sortie,euro,313.8334236935931
classe,politique,française,974.9174970328249
classe,politique,aujourd,818.3572013574076
sécurité,première,libertés,126.34260840099138
adhérents,front,national,6189.04937713782
gestion,argent,public,449.27681630423007
situation,responsables,politiques,607.7182098015941
situation,dramatique,laquelle,182.29195776062414
chèque,premier,logement,121.36724959827762
toute,classe,politique,839.1875295433413
toute,série,mesures,821.029014609058
toute,série,propositions,813.6498245857731
toute,série,gens,808.0573194387187
toute,série,domaines,803.8411794257688
toute,série,choses,802.6228683298132
toute,misère,monde,157.51058591177807
chine,etats,unis,1298.906660789569
présidente,front,national,6257.409557519824
beaucoup,plus,facile,514.2499465549454
beaucoup,plus,proches,436.29301684202767
beaucoup,plus,ferme,429.31097839741096
beaucoup,autres,pays,381.0542970285169
amis,nicolas,sarkozy,6204.518076335912
amis,front,national,6148.100591535597
disparition,services,publics,1264.8665863169808
dépôt,banques,spéculatives,203.89318496701702
président,front,national,6159.112495365491
président,république,avez,1438.905867686342
président,conseil,général,457.2978594396882
obtenir,nationalité,française,544.6551277411968
frais,doivent,faire,117.03517173231057
grands,groupes,payent,843.6799710993326
utilisée,grand,patronat,340.43897606746964
racisme,anti,français,109.24746647063274
êtes,train,dire,190.87008863286889
grande,partie,entre,361.7402814999251
portent,lourde,responsabilité,177.6926500435797
élever,leurs,enfants,411.2666419091545
bonne,dépense,publique,392.9411628356461
bonne,gestion,argent,180.36667077360698
taux,intérêt,extrêmement,219.67067847426338
près,niveau,économique,91.66394297194913
crise,économique,sociale,178.9308624902122
pense,nicolas,sarkozy,6206.220336231998
pense,certain,nombre,3506.018066335479
pense,faut,arrêter,367.1062142252048
laisser,faire,laisser,129.94483549420465
messieurs,chers,amis,2089.4656766449993
messieurs,remercie,présence,188.19051348870875
entre,nicolas,sarkozy,6198.402644962596
entre,milliards,euros,1405.842795743238
entre,maintient,territoire,176.90370919181328
entre,homme,femme,141.97447975538492
entre,citoyens,français,117.587519015124
entre,leurs,mains,78.49012381823096
mettre,place,protectionnisme,870.9816575111099
mettre,place,patriotisme,776.9298057908193
mettre,place,priorité,775.6364662751214
mettre,place,politique,766.4058918642058
mettre,droits,douane,697.753168205306
mettre,œuvre,atteindre,480.8955961275262
mettre,protections,frontières,224.97350255534423
mettre,france,abri,82.86953141684668
préparé,sortie,euro,344.11290793202426
après,élection,présidentielle,1043.8664210765226
après,affaire,merah,100.20904874178562
suppression,aide,médicale,563.1951530143159
rester,union,européenne,3281.4234333609747
peser,baisse,salaires,583.9267935218379
peser,baisser,salaires,318.16311765333614
modèle,économique,ultralibéral,496.5917569201796
retour,monnaies,nationales,385.50382493005304
retour,monnaie,nationale,369.7464804699236
étranger,chers,internautes,158.20866049365708
franc,euro,veut,176.6217577980288
couleur,peau,religion,289.402222567847
cela,aurait,permis,177.00603251564144
concurrence,déloyale,pays,911.1538544972618
concurrence,internationale,déloyale,677.1833440020655
concurrence,libre,faussée,126.07733683030006
nicolas,sarkozy,françois,6262.835086822626
nicolas,sarkozy,avait,6222.898996674963
nicolas,sarkozy,était,6216.760520275946
nicolas,sarkozy,ministre,6208.566737301948
nicolas,sarkozy,nicolas,6207.4992004467595
nicolas,sarkozy,besoin,6205.871383990462
nicolas,sarkozy,jamais,6204.349396651705
nicolas,sarkozy,vision,6204.346572282051
nicolas,sarkozy,ailleurs,6202.620810679971
nicolas,sarkozy,veut,6199.473896159523
nicolas,sarkozy,soit,6198.696806648903
nicolas,sarkozy,pouvoir,6198.5298849741175
nicolas,sarkozy,monsieur,6193.693197393366
nicolas,sarkozy,faut,6193.492293359188
nicolas,sarkozy,bien,6193.282190941749
aimerais,bien,savoir,109.13829814261639
etat,collectivités,territoriales,539.4822901493983
etat,fort,etat,361.41475599953895
etat,etat,fort,321.93479892314485
qatar,arabie,saoudite,399.593762531333
semaines,quelques,mois,365.26171298632573
semaines,plus,tard,251.70425527697645
national,rassemblement,bleu,308.72663217654485
national,vive,république,254.12458354755378
passé,professionnel,chacun,116.60666913393202
transmission,savoirs,fondamentaux,218.89835194550577
2000,lionel,jospin,446.1672091000966
pays,union,européenne,3272.5057724425624
pays,zone,euro,464.7297110075707
pays,respectent,aucune,130.43657866098033
pays,plus,attractif,110.09306604310163
pays,près,niveau,76.08666369501424
grosses,capitalisations,boursières,219.94237832105404
contribution,sociale,importation,323.4432580739289
soient,leurs,origines,124.75500165384398
demi,entre,avaient,95.82006866524267
responsables,politiques,français,592.2147617769733
populaires,classes,moyennes,1116.0546669043501
monopole,marchés,financiers,1527.1645730212635
parle,journalistes,parle,136.0892456053789
jean,marie,chevallier,1406.1664522637868
jean,marie,avait,1330.6976008971096
jean,françois,copé,396.43372570724347
colère,légitime,peuple,148.90531956123533
quotas,importation,droits,261.1539950186203
métropole,outre,étranger,239.23346792140404
objet,enquête,minutieuse,157.23470241506607
retrouver,monnaie,nationale,332.93108091099833
retrouver,souveraineté,monétaire,217.86455391238388
cinq,millions,chômeurs,577.6005115956114
manière,plus,générale,93.0620688948116
front,national,rassemblement,6189.890088345501
front,national,parti,6186.32759895427
front,national,extrême,6186.079413714317
front,national,vive,6181.108788287473
front,national,apporte,6170.68782166673
front,national,aurait,6169.332609113455
front,national,demande,6167.525638050503
front,national,monter,6163.719310516653
front,national,était,6156.332030776704
front,national,avait,6156.079980948194
front,national,sera,6153.693410633736
front,national,gens,6150.572944319158
front,national,ailleurs,6146.506830296786
front,national,voilà,6143.995288537812
front,national,bien,6142.145749233146
front,national,aujourd,6141.3140798576405
front,national,monsieur,6141.132617256431
front,national,faire,6140.770599071547
vous,président,république,1514.2420278086206
vous,savez,monsieur,820.2410498375496
vous,savez,suis,785.5770558451893
vous,voyez,bien,673.0089205517727
vous,voyez,différence,581.4580310714969
vous,avez,raison,547.8788839875753
vous,avez,compris,447.50758431530465
poser,question,savoir,398.6096621237538
jusqu,dernier,moment,178.9298947068583
patriotisme,économique,patriotisme,704.900872680632
constitution,européenne,2005,264.05732593957885
constitution,république,reconnaît,149.13351885350906
payer,toujours,plus,184.45833612004287
soir,second,tour,961.4518745011547
salariale,cotisations,sociales,181.30195699507433
nathalie,kosciusko,morizet,529.3401004242538
chaque,nomination,responsable,137.32721923657945
reconnaît,aucune,communauté,167.49328658244187
équivalent,ville,rennes,251.05667949772268
mais,nicolas,sarkozy,6193.298618398628
mais,chers,amis,1998.4449113020519
mais,monsieur,aphatie,1233.8190261819122
mais,veux,dire,759.8271029793821
mais,monsieur,bourdin,701.6378168224617
mais,monsieur,mais,412.53910397644086
mais,monsieur,déjà,384.47566756147785
mais,bien,entendu,368.1421249695908
mais,pose,question,254.44623113048925
mais,bien,mais,131.75952573168266
mais,bien,bien,97.00828521912106
peuple,français,savoir,1482.2034295632038
peuple,français,liberté,1481.626872246271
peuple,français,mais,1473.261355362672
peuple,français,crois,1469.2336752845517
peuple,peuple,peuple,188.74420848417606
marchés,financiers,banques,1355.821533157408
marchés,financiers,taux,1355.518923590161
marchés,financiers,bien,1306.7560794960227
chômeurs,millions,pauvres,173.1253594937006
régionaux,conseils,généraux,794.9176715405299
sarkozy,nicolas,sarkozy,6204.544646743511
sarkozy,françois,hollande,1578.9894754610154
sarkozy,dominique,strauss,405.6343446213035
sarkozy,faut,bien,245.1155365780959
changer,modèle,économique,517.6121016664198
changer,rien,changer,89.09852269815869
renégociation,traités,européens,456.19947739384577
1700,milliards,euros,1504.7248231478172
pourrons,plus,décider,95.41552286934413
euro,veut,dire,1006.3991515763544
candidate,élection,présidentielle,1049.8798763952486
protectionnisme,intelligent,frontières,425.49620219477094
protectionnisme,frontières,nationales,144.20457143781744
protectionnisme,égard,pays,78.6551566986409
enfin,chers,amis,2007.6045948484768
enfin,veux,dire,849.1728945495307
grèce,irlande,portugal,232.17495243662617
banque,france,prêter,294.6133175471806
banque,france,prérogative,269.49475866489666
banque,france,prêtait,269.49475866489666
banque,centrale,européenne,190.93817430458844
redressement,économique,social,253.80302525150233
projet,front,national,6168.4227429504535
projet,redressement,économique,164.35912261074
projet,radicalement,différent,158.19465317662602
projet,contre,projet,135.39559195664856
baisse,salaires,français,391.55107573001214
baisse,allocations,familiales,238.41412260404962
protections,intelligentes,frontières,227.98792371862973
ensemble,classe,politique,869.2200312360861
ensemble,territoire,national,120.50068234250047
hommes,femmes,gauche,378.5646076961433
commencer,celui,ministres,110.65234581706585
premier,rang,desquelles,205.73293032742453
premier,secrétaire,parti,149.5944488005667
gagner,nous,allons,244.78835754226952
réarmement,face,mondialisation,208.0598615815931
acquisition,automatique,nationalité,278.90462269135446
coût,sortie,euro,302.257877951605
celles,allons,gagner,159.00362881282615
aphatie,monsieur,aphatie,921.2223972621837
subventions,associations,communautaristes,232.2400750721368
aurait,permis,éviter,164.3316764717104
compte,tenu,situation,676.7241727882881
fabriquer,esclaves,vendre,181.62209617098654
souverain,légitime,peuple,225.26934033072976
doivent,faire,objet,298.85195370177405
était,nicolas,sarkozy,6195.68282427357
était,trompé,porte,103.63166895081272
immigration,légale,clandestine,292.9731666628709
oubliés,politique,française,212.21798203003402
professionnel,chacun,commencer,125.41643983018022
étais,contre,intervention,152.80563548305864
outre,étranger,chers,120.11498762639579
dissolution,assemblée,nationale,631.3236790704757
système,protection,sociale,1261.3627220407725
système,bout,souffle,248.06189448557825
système,monétaire,international,143.7486539719767
suis,candidate,élection,281.58642692156
suis,présidente,front,187.36960709937017
suis,femme,libre,137.00436463500367
ouvrir,yeux,français,163.82893594565977
déjà,certain,nombre,3570.4751188703294
déjà,nombreuses,années,239.25884646870452
droits,douane,ciblés,741.9674525925113
chacun,commencer,celui,105.05364314262533
quelques,semaines,quelques,536.7142306868838
quelques,semaines,plus,495.6378839391423
quelques,mois,élection,382.05456313424855
quelques,jours,après,293.160891111693
reconnait,aucune,communauté,167.49328658244187
budgets,conseils,généraux,818.7480861533425
voilà,vous,voyez,565.67240195655
signe,religieux,ostentatoire,182.41315881524628
conseil,général,corrèze,513.9158745741606
conseil,régional,nord,239.6187241824773
conseil,français,culte,133.26690973086775
conseil,etat,nous,114.79337395401402
train,mettre,œuvre,481.21021936002353
mesdames,messieurs,chers,588.9699786572603
mesdames,messieurs,remercie,570.6516041412093
certain,nombre,années,3560.582507456926
certain,nombre,autres,3544.0958064034676
certain,nombre,pays,3533.7292365922053
certain,nombre,propositions,3530.1429963714845
certain,nombre,journalistes,3528.561193297259
certain,nombre,temps,3521.1617650154003
certain,nombre,gens,3519.793155584687
certain,nombre,aides,3519.526652260196
certain,nombre,candidats,3519.360653121489
certain,nombre,responsables,3514.772465658755
certain,nombre,jeunes,3514.3578651078356
certain,nombre,français,3496.202507522802
hollande,nicolas,sarkozy,6260.379164424579
hollande,monsieur,sarkozy,138.7768376430049
relancer,pouvoir,achat,1568.5017632145236
volonté,peuple,français,1551.2991419763193
enfants,petits,enfants,195.68610531850578
enfants,france,doivent,63.69158339584519
économique,patriotisme,social,290.31833094640746
cartes,vitales,circulation,367.5394707415321
jours,plus,tard,264.03939173315234
fausses,cartes,vitales,359.17051470839976
intérêts,france,français,76.79025864655682
vague,bleu,marine,461.9440684916372
budget,union,européenne,3282.1186584389243
aucune,aide,sociale,145.70686884173102
contre,front,national,6169.515877000365
contre,jean,marie,1327.5100597353662
contre,concurrence,déloyale,856.531630457636
contre,mariage,homosexuel,560.7825534455974
contre,mondialisation,sauvage,351.89936281781604
contre,vote,étrangers,347.3906800739302
contre,plans,renflouement,336.7718383710304
contre,trafic,drogues,167.82544062793033
syndicat,défense,intérêts,196.99673717575294
classes,moyennes,populaires,1135.9492198027488
classes,moyennes,descendent,1124.6188124969246
classes,moyennes,peser,1098.8085314018654
classes,populaires,classes,337.9421938396452
classes,populaires,moyennes,326.0887753011599
demander,avis,peuple,112.52204241911906
déloyale,pays,coûts,129.13377780804944
faire,front,national,6143.242425380971
faire,objet,publication,325.26941903009504
faire,objet,enquête,261.61974718209865
faire,croire,français,251.53792081526075
faire,grand,rassemblement,126.13025773415433
faire,cesser,concurrence,90.44268951091314
remercie,présence,conférence,162.28644414110585
administratif,faire,objet,271.39761797436773
référendum,initiative,populaire,541.5326329544969
référendum,constitution,européenne,313.1956839488025
tous,enfants,france,104.57221225818245
abord,tiens,dire,102.97311111545044
alors,chers,amis,2049.4543481239652
alors,chers,compatriotes,759.1352602020709
alors,vais,dire,490.43293201577507
candidature,élection,présidentielle,952.7448168678546
bleu,marine,candidat,434.10560706322815
bleu,blanc,rouge,238.051908307107
choses,soient,claires,271.97201778093483
choses,peuvent,changer,96.26051631851658
sentent,beaucoup,plus,419.8557316031442
place,patriotisme,économique,587.6331573465977
place,protectionnisme,intelligent,513.9864996797482
place,politique,dissuasive,207.412457648815
intérêt,marchés,financiers,1340.2018779144782
intérêt,français,intérêt,134.9120367554449
intérêt,france,français,102.20487510519396
voyez,veux,dire,765.2715438218802
coûte,milliards,euros,1508.2896528346555
union,européenne,construite,3293.2213489865644
union,européenne,devenue,3291.4005204180203
union,européenne,train,3274.6940594039415
union,européenne,réalité,3264.3860996289104
union,européenne,bien,3262.837964425786
celui,front,national,6147.722206288236
inscrire,constitution,république,178.72003073370814
leurs,propres,besoins,275.5789131860848
leurs,conditions,travail,78.67680208264592
fonction,publique,territoriale,342.0408883515752
fonction,publique,etat,298.78814171539693
parité,franc,euro,225.8589059237133
accéder,second,tour,943.8347270365883
effectifs,police,gendarmerie,279.7969295583731
pression,baisse,salaires,437.26948528704906
transparence,plus,totale,84.04910924122606
referendum,initiative,populaire,529.8685213302626
simple,bonne,raison,165.57840864408124
ambassadeur,france,tunisie,109.02197491464514
augmenter,pouvoir,achat,1563.1267876874995
nation,etat,nation,168.82473037857227
marine,candidat,socialiste,116.85388896109134
sauver,prix,euro,92.86298906899233
candidat,front,national,6160.812371843937
candidat,rassemblement,bleu,297.487139110224
égalité,entre,citoyens,140.23621015020603
cette,mondialisation,ultralibérale,163.55089528487946
cette,situation,plus,111.37047723606763
unes,après,autres,230.31588161177802
emploi,pouvoir,achat,1555.0654409057242
importation,droits,douane,714.4894031499382
milliards,euros,dette,1548.2125713018559
milliards,euros,fraude,1447.5448910465261
milliards,euros,vous,1440.9612509115746
gouvernement,nicolas,sarkozy,6240.659680525334
gouvernement,union,nationale,134.3801472526679
argent,public,faut,417.30194448610416
notes,frais,doivent,285.10043674205434
notamment,faut,bien,250.67260541803284
crois,nicolas,sarkozy,6194.711035701793
crois,quelque,chose,835.326597245323
crois,beaucoup,français,80.11191887569612
bénéfice,grands,groupes,876.2701824456585
sert,plus,rien,205.3923034567971
fort,etat,stratège,345.78427237561107
compatriotes,métropole,outre,290.0727583062056
compatriotes,zones,rurales,252.4770603993905
prêter,trésor,intérêt,289.19741435856525
marché,travail,marché,275.59640473760055
république,vive,france,417.8100641330439
république,française,front,258.66825643273626
république,reconnait,aucune,145.78664853763271
république,reconnaît,aucune,145.78664853763271
pose,question,savoir,333.6988667661666
initiative,populaire,proportionnelle,420.26128486447305
frontières,vents,mondialisation,187.86586929668044
haute,fonction,publique,312.1096295944257
écarter,candidatures,fantaisistes,213.74468593215062
hommage,mohammed,merah,286.22877844279355
avait,certain,nombre,3511.586536705011
français,nous,avons,1106.4969275288522
français,toute,série,770.6572331946415
français,vous,voyez,553.4843124916542
français,doivent,savoir,207.05537941049585
français,doivent,pouvoir,187.83558763108329
français,attendent,logement,175.5051751259434
français,culte,musulman,159.7797057741749
français,peuvent,plus,125.94001212395642
français,arrivent,plus,104.93483742405655
français,prennent,conscience,104.04571656404165
français,bien,compris,103.08983219667931
français,veulent,vivre,91.47239486595785
français,faire,sacrifices,78.25747314943544
banques,marchés,financiers,1378.4998206475643
banques,dépôt,banques,325.0844817817906
seconde,guerre,mondiale,214.93720594719883
empêcher,front,national,6211.703130452988
échec,nicolas,sarkozy,6234.197617271016
armes,destruction,massive,168.73168588348298
vais,mettre,place,806.6724477234155
vais,dire,clairement,496.5934690876444
vais,dire,chose,460.9857245078467
vais,dire,parce,455.53740572538624
vais,dire,monsieur,442.0422861291957
vais,donner,exemple,151.17311916298752
vais,mettre,droits,136.71575052345526
savez,quelque,chose,842.3588691884452
chambre,régionale,comptes,153.31264627656202
dire,nicolas,sarkozy,6194.78115132961
dire,certain,nombre,3497.554866521491
dire,union,européenne,3257.074392563837
dire,veut,dire,1027.3346356188597
dire,morale,publique,535.8791517063837
dire,vérité,français,92.9282326070776
élections,cantonales,mars,499.27051937588897
décider,entre,maintient,187.35014553379338
faisons,choix,oubliés,104.0208426286176
donner,pouvoir,achat,1554.8871194928265
perte,pouvoir,achat,1565.3849860792616
œuvre,patriotisme,économique,604.6735458130261
aura,préparé,sortie,140.20095367643614
2010,conseil,général,429.62396832090434
faut,mettre,place,853.5567533028925
faut,bien,dire,792.201062013322
faut,mettre,œuvre,551.9506820764727
faut,bien,admettre,273.89170018270806
faut,faire,choix,180.57300311147372
faut,changer,modèle,109.27518132767341
faut,dire,vérité,108.43788213858696
exception,culturelle,française,123.38945346782438
immense,majorité,homosexuels,516.074461366332
immense,majorité,français,509.14322882673986
immense,majorité,entre,491.2875195306316
dominique,strauss,kahn,1398.8041469414604
responsable,politique,administratif,222.23283059727444
systèmes,protection,sociale,823.7968758535842
bernard,henri,lévy,170.87697237162888
clique,umps,niveaux,190.96349687357815
toutes,aides,sociales,634.4797217355268
toutes,forces,toute,283.4404854109946
toutes,forces,france,274.66143860620383
toutes,nations,monde,175.17587904016813
liberté,peuple,français,1528.486349141932
liberté,égalité,fraternité,300.95039638441006
delà,certain,montant,129.99303550437278
arabie,saoudite,qatar,399.593762531333
permettez,monsieur,aphatie,908.9936124401257
permettez,dire,considère,209.59505157245638
charge,communauté,nationale,443.60665619547416
charge,toute,misère,117.46664485888797
libre,échange,total,695.9559753908221
france,nicolas,sarkozy,6192.617800479509
france,front,national,6138.580299533694
france,peuple,français,1466.7866670729095
france,etats,unis,1220.0043841598138
france,chers,compatriotes,735.6425675707693
france,mesdames,messieurs,546.2546265494163
france,prêter,trésor,267.9853275774482
france,mais,madame,197.62237318345942
france,rurale,france,196.55357257177386
france,aller,emprunter,135.5309464364517
france,5ème,puissance,116.62093282526965
france,toute,entière,90.65987079940297
france,pays,plus,37.052963185636614
partie,pouvoir,achat,1557.5921810128311
assume,assez,bien,119.15160403191129
accès,logement,social,442.19641681814886
accès,logement,emploi,223.84623388850508
petites,moyennes,entreprises,107.01543067112536
abattue,france,halal,131.31262228723386
marche,vers,pouvoir,97.16857608317775
conseils,régionaux,conseils,264.9371883029998
combien,mohamed,merah,376.09360636907434
effet,nicolas,sarkozy,6211.462370607121
principes,république,française,268.14583719904095
compagnies,pétrolières,gazières,314.11164795569925
effondrement,pouvoir,achat,1581.3109588674715
françois,hollande,allait,1539.5198964749147
françois,hollande,cherche,1538.520082746856
françois,hollande,nicolas,1531.327967770291
françois,hollande,président,1526.4747922774013
donc,veux,dire,754.3430207074911
chômage,pouvoir,achat,1554.6003871602247
proposé,république,référendaire,161.47058047165063
conseillers,municipaux,front,288.6037012753068
rendre,peuple,français,1513.2852483771007
dont,sait,pertinemment,300.5861480771935
dont,puisse,dire,279.88674653048133
dont,sait,bien,254.12414646869377
dont,espère,faire,83.28999042752221
politique,nicolas,sarkozy,6193.4120208350105
politique,front,national,6140.924321070054
politique,veux,dire,737.9555243574259
politique,dissuasive,immigration,273.30946790836924
politique,agricole,française,124.03075615786511
politique,administratif,faire,78.5738634163605
lutter,contre,corruption,750.9154955006991
lutter,contre,délocalisations,681.0327491174667
pour,raison,simple,164.57975158544818
vive,front,national,6218.992833798333
vive,république,vive,669.403425616244
vive,france,mesdames,305.2249363007851
vive,france,chers,205.1790342060982
euros,vous,voyez,597.916333724007
euros,fraude,sociale,243.3421178404531
tour,élection,présidentielle,1002.7418190576293
tour,élections,cantonales,349.47906232224875
tour,france,oubliés,129.20614304314648
esclaves,vendre,chômeurs,171.70808687003392
viande,abattue,france,129.2166037777722
plus,nicolas,sarkozy,6190.830008067393
plus,front,national,6144.100629216355
plus,certain,nombre,3507.792947276256
plus,faibles,plus,433.49031305524574
plus,plus,nombreux,402.57726184701835
plus,plus,difficile,325.385793818955
plus,plus,pauvres,287.0547528892283
plus,plus,importants,265.1208540294688
plus,plus,importante,259.3849768786628
plus,grand,nombre,255.64006175300534
plus,plus,cher,252.53957032124066
plus,rien,offrir,230.1920304775592
plus,grande,fermeté,223.3044093380103
plus,prendre,charge,218.8266229624488
plus,plus,français,213.98291379086973
plus,niveau,etat,191.5290711967912
plus,grand,bénéfice,178.08362184191418
plus,rien,attendre,175.71043505203812
plus,grand,respect,174.70814586759164
plus,faut,faire,140.31572098916803
plus,grosses,capitalisations,139.88885101102494
plus,facile,dire,133.80726846973843
plus,2000,lionel,129.18568009713852
plus,faible,monde,114.11724780816115
plus,millions,demi,110.62095207500035
plus,performante,assurer,109.88913992214384
plus,demandeurs,emplois,95.39036825744822
plus,faire,confiance,75.34357496395853
problème,nicolas,sarkozy,6199.414260082158
problème,pouvoir,achat,1549.0134181796495
subviennent,leurs,propres,202.94465608176944
madame,commissaire,politique,275.75257691979306
madame,mais,madame,228.09842342456523
madame,nathalie,kosciusko,211.80120847113034
chers,amis,allons,2017.706865818076
chers,amis,moment,2010.12242079421
chers,compatriotes,métropole,829.1275272610437
chers,compatriotes,chers,756.7519841978217
vents,mondialisation,sauvage,429.8247073308355
devant,caméras,télévision,225.46273108681908
devant,commission,discipline,145.23119045148775
aller,emprunter,marchés,228.96113880357103
maires,petites,communes,170.63757871142698
choix,économiques,choix,248.13523239303447
choix,oubliés,contre,80.9050535476459
bien,peuple,français,1465.0940473132853
bien,chers,compatriotes,719.4987559878921
bien,vais,dire,445.16518294687677
bien,entendu,mais,310.37991127609786
bien,faut,faire,160.365070344965
autres,pays,monde,353.1764345606937
autres,pays,européens,315.8738292183677
autres,partis,politiques,303.9300432270926
autres,mouvements,politiques,279.74016127641926
autres,grands,candidats,105.38499591248979
avis,peuple,français,1491.0001876358515
novembre,2011,contre,156.99109527664393
devait,apporter,bonheur,189.46986297337403
structure,plus,performante,122.11631670060353
