word,raw_frequency
amener,1
lieu,2
commodités,1
effondrement,1
autoritarisme,1
libéral,1
nature,1
marche,1
mouvements,1
insee,2
principe,3
présidentielle,3
culture,2
cohabitation,4
ambiguïté,1
fixer,1
expulser,1
infligé,1
qualité,1
croyez,2
actes,1
parlementaire,16
aucune,4
poids,1
pousser,1
manitous,1
parler,2
réussite,2
félicité,1
effusion,1
jeunesses,1
libérales,1
atteindre,2
réaction,1
octobre,1
dissensions,1
réservé,2
accaparent,1
appelés,1
chefs,2
perdre,1
serai,1
asie,1
couleur,1
pavillons,1
effet,7
pacifique,1
essentiel,2
afin,1
clandestins,2
nommer,1
nobel,1
évident,3
dévouement,2
pilori,1
rompu,1
étouffent,1
concours,12
preuves,2
porteront,1
formation,2
existent,1
pratiquer,2
charcutage,1
objectif,1
préconise,2
électoral,3
difficultés,3
chaban,2
européens,4
entendu,1
beauvau,1
encouragés,1
avril,1
expérience,3
impressionnant,1
bien,19
coupable,1
oreille,1
foncière,1
dépêche,1
taire,1
espace,1
collectivité,1
policiers,1
croissante,1
départementales,1
dictateurs,1
désengageant,1
nationales,1
réclamer,3
refusait,1
souffrait,1
répété,1
molles,1
devoir,3
vingt,1
admettre,1
belle,1
propagande,1
grandeur,1
frapper,1
dénatalité,1
immigrés,3
finances,1
souci,1
manifestation,1
offensive,2
soviétiques,1
expulses,1
allaient,1
chemin,2
france,26
conforté,1
venir,3
électorales,5
souverain,1
devant,3
faisons,1
centrales,1
exemple,6
barriste,1
gravité,1
milliers,1
funeste,1
jours,7
pierre,1
paralysèrent,1
ruineuse,1
notera,1
extrême,1
ouvrières,1
côté,1
notre,2
excellents,1
brandissant,1
connaissances,1
1940,1
généreuse,1
merci,4
désuet,1
disparition,1
vergogne,1
instruction,2
états,2
sympathie,1
viennent,3
favorise,2
inflationniste,1
magnifique,1
monde,7
hiver,1
heureuse,1
libérer,1
rapidement,3
anciens,1
véritable,1
officielle,1
certain,3
nôtre,1
grâce,3
rappeler,3
objet,2
élire,1
seules,1
confié,1
originaires,1
dirais,1
votation,1
nantes,1
gardons,1
crier,3
engage,1
réformes,1
formes,2
former,2
régulièrement,1
pseudo,2
évolution,2
soigneusement,1
prétexte,1
mesures,1
organe,2
lorsque,4
demain,3
urbi,1
continent,2
obstinant,1
notablement,2
réclamé,1
expliquer,1
plutôt,2
nombre,8
congédiés,1
gouvernées,1
confortable,1
abstenir,1
parfaitement,1
injustice,1
mois,12
inscrits,1
nécessaires,2
projet,2
constituant,1
groupe,8
écueils,1
frustrer,1
chiffres,3
soldats,1
combats,1
opéra,1
polémique,1
difficulté,1
lequel,6
combattre,1
lutte,4
faut,15
légaliser,1
scolaires,1
audiovisuel,3
périphériques,1
restauration,1
mettant,1
reprises,1
voire,2
tant,2
hurlé,1
fière,1
venue,1
caricaturaux,1
suffisant,1
observé,1
immense,1
semaines,2
président,10
boycott,1
impression,1
notamment,1
réforme,2
graves,1
insuffisante,1
venus,2
gironde,1
culturel,1
assurance,1
ferme,2
explosion,1
important,2
préféré,2
doute,3
comprendre,1
hauts,5
thatcher,1
convaincus,1
efficace,2
usines,1
précipités,1
limitera,1
oblige,1
élèves,1
haute,2
alternance,1
régionalisation,1
collègues,2
comme,2
chrétiens,1
administration,6
propriétaire,1
etats,4
appartenir,1
anarchique,2
jeunesse,1
année,2
statut,1
désinformation,1
reprise,1
vieillards,1
probablement,1
affiches,1
sein,1
trouvant,1
philippines,2
long,1
autour,1
inauguration,1
privilèges,1
déconsidérer,1
justesse,1
patronne,2
seuls,1
salaires,1
marie,3
conseils,6
célébrer,1
vite,1
élites,2
odieux,1
déclin,1
antiterroriste,1
avion,1
fameuse,1
edgar,1
donné,2
phénomène,1
embrigadés,1
sceaux,2
mener,3
enfin,4
droits,2
fausse,1
sommes,7
privilège,1
aurons,1
tutu,1
rapprocher,1
percées,1
astuce,1
française,2
communication,1
campagne,5
degré,1
entrait,1
démographie,1
chez,4
risque,3
résulte,1
aggrave,1
voisines,1
consacré,1
solution,2
alphabétisation,1
subversifs,1
coins,1
conserver,1
pire,4
ravir,1
sénat,3
révolution,1
colonisation,2
économie,2
intervention,1
février,1
manille,1
télévision,1
emparé,1
compromettre,1
significatif,1
conservé,1
exigeons,1
urgence,2
condamné,1
aurais,2
laval,1
formations,3
exaspérée,1
aurait,5
attachés,1
places,2
couverture,1
pretoria,2
propagandiste,1
rampant,2
impuissance,1
industrie,1
accompagner,1
semble,1
plans,3
moule,1
environ,1
séance,3
enseigné,1
cadres,1
coïncidé,1
décontenancée,1
différentes,2
effort,3
monopoles,1
manquera,1
pénal,1
pudeur,1
défaut,2
défense,3
écrivais,1
aversion,1
chargés,1
double,1
stratégique,1
totalement,1
américains,1
fais,1
niveau,3
appuyés,1
congratule,1
faim,1
exigible,1
faveur,1
siècle,1
sociales,2
famille,2
cordial,1
dominant,1
destin,1
urss,1
fête,2
université,1
regard,1
repousser,1
absolue,1
naguère,1
campagnes,1
proche,1
1930,1
supérieure,1
1937,1
secrètement,1
elle,1
dirigiste,1
défendre,2
accepterai,1
refoulés,1
temps,7
auxquelles,1
action,7
automatiquement,1
occidentales,1
saurions,1
déborder,1
empare,1
développement,1
massivement,3
attendant,1
preuve,2
périls,2
institutions,2
dire,10
mouvement,4
transes,1
départ,3
manipulations,1
bandes,1
dizaine,1
vacances,1
audacieux,1
désintéressé,1
facteur,1
marché,2
moindre,3
raison,1
million,1
étriquée,1
préparées,1
dirigisme,3
entendre,3
chancelier,1
atrocement,1
révéler,1
abord,4
désormais,4
aperçu,1
hasard,1
découvrent,1
monsieur,1
exaltant,1
devons,1
répandre,1
dissimuler,1
sauf,2
ennemi,1
modernisation,1
prise,5
acceptant,1
permanentes,1
souveraineté,2
constatons,1
citoyen,2
circonscriptions,2
tournant,1
hémicycle,1
ouverte,1
dures,1
renvoyés,1
équipe,4
rejoignent,2
humblement,1
séparé,1
fatalement,1
alimenter,1
fidèle,1
fournis,1
alpes,1
élargissement,1
crime,2
approuvons,1
entrent,1
immunité,1
voûte,1
répondre,1
causes,3
interdire,2
quelques,7
aide,2
hersant,4
craindre,1
tokyo,1
servitude,1
groupuscules,1
cesserons,1
bande,3
devrons,1
complètent,1
imposer,1
rarissime,1
mégret,1
centaines,1
indigner,2
venu,1
puissante,1
aujourd,10
rassemblement,5
manifesté,3
déposerons,1
tentation,1
discours,2
millions,7
conseillerait,1
limitation,1
formelles,1
apporteront,1
préparatifs,1
sorciers,2
sondages,2
terrorisme,4
aguets,1
voici,3
majoritaire,1
méditerranéenne,1
organiser,1
interdictions,1
tardé,1
relatif,1
visaient,1
annonçant,1
assaillent,1
defferre,1
différents,2
voix,12
guère,3
consciente,1
dévotion,1
imposé,1
commémorer,1
politisation,1
recentrant,1
jeunes,1
familles,5
savent,1
vertu,1
publique,9
préciser,1
entreprise,1
nomenklatura,1
exécutées,1
sociale,3
identité,3
préoccupations,3
préparons,1
cette,1
otages,2
poincaré,1
socialiste,5
formalistes,1
autant,8
populaire,6
cruellement,1
lyon,1
tendu,1
front,21
rhône,1
immigration,7
entretiens,1
étiquetés,1
entre,14
achat,1
présidents,1
réactions,1
irrémédiable,1
règne,1
celui,10
prochaines,1
méprisant,1
nard,1
retraites,1
manifeste,1
chacune,1
opter,1
décennie,1
démolisseurs,1
artifices,1
essentielles,4
palliatif,1
désapprouve,1
pouvons,1
règnent,1
répandues,1
outre,3
orbi,1
résolument,1
crimes,2
ignorer,1
consignes,1
etat,12
auraient,2
rarissimes,1
prétextes,1
sonnera,1
changement,1
statistiques,1
acceptent,1
occidentaux,2
magistrats,2
montrent,1
conscients,1
entretuent,1
singulièrement,1
caractéristique,1
persistance,1
majorité,10
représentent,2
ailleurs,8
légitime,2
oublie,1
malheureusement,2
demeure,1
bleu,1
incertitude,1
discriminatoire,1
remercier,2
articles,2
occasion,2
député,1
reste,5
titres,1
diplomatiques,1
spéciale,1
libre,1
précisément,1
arbitrairement,1
jouissent,2
parlementaires,4
printemps,2
score,1
emploi,3
mince,2
maréchal,1
emprunté,2
grand,3
matérialistes,1
donnent,1
absolu,1
grandiose,1
remporter,1
régime,4
manoeuvres,1
droitière,1
assurer,4
bons,2
ressortissants,1
protestent,1
sécurité,8
pasqua,1
pires,1
mentale,1
bénéficient,1
assurances,1
supplémentaires,1
fonctionnaires,8
user,1
mosaïque,2
loin,2
stage,1
voterez,2
militaires,1
reagan,1
indispensables,1
nakazone,1
numéro,1
lettres,1
réconfortant,1
relèverons,1
garantisse,1
actuel,3
conquis,1
modestie,1
rien,5
apprécier,1
significatives,1
dignité,1
dénoncés,1
longues,1
celle,5
durant,2
entourage,2
excessif,1
faucilles,1
conséquence,4
internationale,4
jarnac,1
volontés,1
surprises,1
mobilisé,1
sélectionnons,1
durand,3
enthousiasme,1
accepté,1
désarmé,1
voué,1
saint,1
travaillent,1
représentons,1
répercuter,1
voudrait,2
travailleurs,1
budget,4
menaces,1
échantillon,1
inventorier,1
voudrais,2
islamique,1
cinquième,1
establishment,1
asservir,1
instaurer,1
éditer,1
horreur,1
menée,1
mènent,1
référendum,1
créer,2
questions,5
noir,1
politiciennes,1
individus,1
augmentations,2
tenace,1
sanctions,2
prérogatives,3
monter,1
dicterait,1
mettre,2
insuffisant,1
indices,3
proposition,1
désole,1
journée,1
proportion,1
désétatisation,1
meilleure,1
naturalisations,1
détention,1
social,4
chef,3
ensemble,7
coalition,4
consigne,2
pouvoir,12
solennellement,2
incontestable,1
fondamentaux,1
crois,2
volaille,1
législatures,1
libérale,1
précédent,1
jeune,1
leader,1
régions,2
clouer,1
malgré,3
japon,4
mission,1
chirac,19
gouvernementale,1
charcutages,1
nullement,1
vols,1
vaste,2
allant,1
débarquement,1
plus,72
foudres,1
compte,1
opinion,6
occident,2
décidées,1
avenir,4
aveu,1
maliens,4
assuré,2
assidue,1
bénéfice,1
regardons,1
basculerait,1
orient,1
malheur,1
étranger,2
piétinaient,1
réalisme,1
vous,2
élections,2
comprends,2
électeurs,9
procéder,1
ménagère,2
financiers,1
redoutable,1
indispensable,2
donnée,1
critiquée,1
chacun,2
militer,1
disposent,2
propositions,1
rassembler,1
honnête,1
candidates,1
sinon,1
général,3
abbé,1
payé,1
nécessité,1
homme,3
1962,1
diverses,1
marteaux,1
étrangers,8
demeurée,1
candidats,5
commode,1
souscriptions,1
celles,7
augmentation,1
premiers,1
allons,2
incendiaires,1
lesquelles,1
trahir,1
civique,1
entêtement,1
éluder,1
maintenir,1
calomnies,1
puisque,4
région,2
pirates,1
récentes,1
dépit,2
traduction,1
protester,1
matérielles,1
attentats,1
escamoter,1
disparaître,1
obtenu,2
fond,2
métiers,2
acharnement,3
second,1
acceptables,1
bourse,1
avérait,1
laissera,1
propre,2
tout,2
technocratiques,1
tour,5
vain,1
territoire,1
progrès,6
existe,3
fillioud,1
créa,1
scolaire,1
fallu,1
morale,5
soutenant,1
courbe,1
liesse,1
agonise,2
refusent,1
franc,6
politique,19
dépouillement,1
boulots,1
rester,1
toute,11
trente,1
noirs,3
vider,1
entourer,1
hardiment,1
faux,7
mêmes,2
manifestations,2
résultat,1
pays,19
meurtres,1
éloigné,1
surtout,3
tend,2
bouche,1
unie,1
intelligence,1
caisse,1
continuer,1
cent,1
!...,3
mérites,1
concrétisée,1
embauche,1
racisme,1
pouvoirs,3
foyers,1
positions,1
soucieux,1
chalandon,2
officieux,2
temporaire,1
gagné,2
drogue,2
bafouée,1
contraints,1
hirondelles,1
prévoir,2
unanime,2
proclamaient,1
novembre,2
gouvernent,1
europe,12
hebdomadaire,1
compter,2
responsabilité,5
donnait,1
base,1
insurmontables,1
quotidiens,3
autorité,1
refus,1
convient,1
volonté,7
garantie,1
subies,1
contrôle,7
riposter,1
fournir,1
hostilité,1
conclu,1
point,4
démocraties,1
contraire,5
convenablement,1
subir,3
restreignant,1
petites,2
cinq,2
occultées,1
socialo,1
brusquer,1
pourquoi,4
détestent,1
tenu,2
utilisent,1
clamantis,1
fragilité,1
normalement,1
créé,1
exercent,1
agitation,1
connu,2
pénétrait,1
assassinats,1
persécution,1
législation,1
grandement,1
parvenir,1
dessus,1
syndicales,1
lorrain,1
congé,1
apprentis,2
pressant,1
1958,1
national,25
remarquable,1
exempt,1
éprouve,1
attribués,1
électoralement,2
fraternelle,1
garde,3
ribot,1
réels,1
fiscal,1
couperet,1
comportés,1
autres,10
demande,2
réservera,1
normales,1
natif,1
stupide,1
insister,1
mort,4
subversion,2
assez,2
ouvriers,1
rétive,1
exemplaires,1
accaparer,1
éducation,3
décisions,1
cohérence,1
délibérément,1
avaient,4
anglican,1
raccourcirait,1
constituer,1
près,1
paraît,3
intention,1
arithmétique,1
audiovisuels,2
législatives,1
australe,1
climat,1
étant,1
juin,2
avait,10
éléments,3
féodalités,1
fructueux,1
étang,1
veux,1
optimisme,1
consolidé,1
électoraux,2
suppression,1
mieux,5
ballottage,1
ceci,1
faisaient,1
proches,1
antérieurs,1
faiblesse,3
loucheur,1
européen,4
guillaume,1
sacrifier,1
heure,1
décennies,2
travailler,2
voudrai,1
délibéré,1
verrait,1
lourdes,2
chômage,3
rendue,1
modifie,1
votre,1
lasse,1
borner,1
lecteurs,1
répètent,1
exécutif,3
rendus,1
personnels,1
services,2
échec,1
fiscalité,1
législatif,1
péril,1
hésite,1
générale,2
calomnie,1
renouveau,1
turcs,1
évitent,1
provoquée,1
militant,1
seront,1
serons,2
importe,1
inimaginable,1
rendre,1
établissement,1
commune,1
frontières,3
parader,1
projets,1
injurieux,1
appui,1
listes,6
communautaire,1
exceptionnelles,1
jouent,1
longtemps,5
trembler,1
disposer,1
élargir,1
lignel,1
offrir,1
consciemment,1
leviers,1
abus,1
kohl,1
regardez,1
promesses,2
incitations,1
recrutement,2
paris,4
invite,2
catastrophes,1
tâche,2
apportent,1
parvenus,1
entrepris,1
handicapé,1
sert,1
directions,1
plongent,1
législative,2
emprise,1
mâter,1
croire,1
caciques,1
aspire,1
gouverner,5
programme,4
passer,1
cabinet,1
scrupuleux,1
théorie,1
derniers,1
délits,2
première,1
pratique,1
vraiment,6
rôle,4
délivrer,1
bilan,1
privée,4
satisfaisant,1
routines,1
hier,1
souverainement,2
annuel,1
proportionnelle,1
instauration,1
inaptitude,1
claires,1
ratification,1
petits,1
concoctés,1
communes,1
soumis,1
inégaux,1
inlassable,1
vente,1
gauches,1
entériner,1
quarts,1
soviétique,2
botha,4
contrôler,2
outrances,1
recul,1
peines,1
actuelle,5
médiatiques,1
salvatrice,1
solidement,1
réservée,1
parti,4
moque,1
nous,7
conjoncture,1
récent,1
intégrer,1
oublier,2
limita,1
aidés,1
palais,4
conception,1
éprouverait,1
semblent,1
rappelant,1
acte,4
adroit,1
combien,2
sénateurs,1
bruyamment,1
allure,1
quotidienne,1
lenteur,1
garantir,1
insécurité,4
raisons,3
vaincre,2
attente,1
procédure,2
libres,1
sept,2
permis,5
réussir,1
sens,5
étouffer,1
saisir,1
opéré,1
dernière,1
officiers,1
désirable,1
préparé,1
classés,1
étonner,1
pour,8
heures,3
corps,3
réalisera,1
vidées,1
votaient,1
socialisme,6
présidentiel,1
inconvénient,1
montrer,1
sans,2
titre,3
savez,1
constituaient,1
cours,4
1986,6
conclusion,1
réticente,1
trouvé,1
avantage,1
vers,2
bourbon,4
troubles,1
devraient,4
dénoncer,3
faudrait,2
pompiers,1
maghrébins,2
pense,2
dispose,3
renverser,1
armes,2
odieuses,1
emplois,1
incendie,1
amendements,1
détériorer,1
kong,2
trois,10
surprendre,1
beau,1
arbitre,2
proclamé,1
échange,1
sain,1
façon,2
africain,1
septembre,1
dont,18
affaires,2
préfère,1
correspondre,2
intérieures,1
bergerie,1
donc,1
parisiennes,1
1972,1
laisse,1
audience,2
1936,3
solide,2
anciennement,1
relations,1
sentirai,1
étriqué,1
situation,5
présent,3
traits,1
allemand,1
radicaux,1
enseignement,2
reconnaît,1
pressentie,1
médiatique,1
présenter,2
considèrent,1
demandé,2
davantage,5
production,1
presser,1
tours,1
petit,1
chantier,1
irréparable,1
scrutin,7
affirmative,1
accords,1
réalistes,1
responsabilités,1
latsche,1
lemire,1
allait,2
engagées,1
ouvre,1
préfecture,1
récente,1
cultures,1
habileté,1
conditions,2
restons,1
inefficace,2
décelés,1
huit,1
langage,1
issue,1
privilégie,1
étonne,2
convier,1
équiper,1
semaine,1
décision,2
personnalité,1
association,1
targuer,1
contribuer,1
blum,2
diffusés,1
déposé,1
banditisme,1
bords,1
raymond,1
triomphe,2
considérations,1
urnes,2
guerre,4
auprès,1
violentes,1
remercie,1
bachelot,1
elysée,7
parisienne,1
problèmes,3
oublient,1
causer,1
chasser,2
entendons,1
rendez,1
parviendront,1
accusations,1
élection,5
couvert,1
laxistes,1
augmenté,1
locataire,1
prochains,1
vêtements,1
traiter,1
points,1
propres,4
scandale,1
accréditer,1
lobbies,1
délai,1
soudain,1
tard,4
complaisamment,1
contenter,2
chassera,1
profond,1
régionales,3
briser,1
pratiquaient,1
type,2
échéances,1
dirigent,1
propriété,1
échéance,2
livre,2
secteur,2
complices,1
cependant,2
attribuer,1
justes,1
imputer,1
nocturne,1
connaissions,1
équivalente,1
renvoi,1
excessive,1
scores,1
découle,1
internationales,1
fatigante,1
trouver,2
cessent,1
possible,4
lois,6
expulsions,2
economie,1
rencontré,1
interventionnisme,1
baisse,1
terroristes,2
accordé,2
pratiquement,5
besoin,2
dispositions,1
champions,2
exacte,1
utiles,1
monopole,1
journaux,4
approfondi,1
partie,7
quatre,7
avère,1
constamment,2
cote,1
rouge,1
autorités,1
supérieures,1
encourageante,1
partis,10
évidente,1
compétences,1
dernières,3
décadence,2
ayons,1
hong,2
organisée,2
mensuels,2
boitiers,1
visitant,1
techniquement,1
battre,1
délinquance,1
divers,1
mensuelle,1
entier,2
pors,1
chose,1
capitale,1
entendent,2
chaînes,3
écartées,1
méritoire,1
devait,1
africaines,1
agissant,1
particulièrement,1
décalage,2
quant,4
décomptées,1
prochain,2
suffrages,5
diffamateurs,1
départs,1
connivence,1
ressentie,1
ayant,4
plein,1
reprendre,3
veulent,2
présentant,1
image,1
cadence,2
infligent,1
exercée,1
veut,3
quelconque,1
radical,1
internes,1
souligner,1
originalité,1
menées,1
question,2
résulterait,1
arrivons,1
manifestaient,1
députés,7
responsables,2
laisser,3
sorte,2
1976,2
vrais,4
terminé,1
vent,1
entreprends,1
privé,1
mauroy,1
adresse,1
province,2
patrie,1
originale,1
devoirs,1
montagne,1
pressante,1
actuellement,1
bénévole,1
excellent,1
connue,2
international,1
représenter,2
mainmise,1
visa,4
arrivant,1
reçus,1
confirmer,1
régénérer,1
confiance,8
serions,1
français,15
veillerons,1
matière,3
rétablissant,1
premier,11
effectivement,2
marocaine,1
delmas,2
commissions,3
prospérité,1
vestiaire,1
badinter,1
porté,1
communautaires,1
défi,1
presse,8
pompier,1
études,2
existence,1
élément,1
recruter,1
indécemment,1
capitales,1
pain,1
bref,1
tribune,2
vraie,3
demander,2
fonds,1
apaisement,1
commission,1
quasiment,1
suffise,1
place,3
imposent,2
paix,3
adaptés,1
1966,1
gagnants,2
communistes,5
programmes,1
saints,1
efficacité,1
bout,2
1875,1
culturelle,1
comporte,2
prospectives,1
fébrile,1
ajoute,1
souhaite,1
révélations,1
boue,1
clientèles,1
instinct,2
blanc,2
fabuleux,1
importantes,1
acharnés,1
grandes,6
mensonger,1
élus,6
médiation,1
sincèrement,1
travail,9
ouvrir,1
tendance,5
technique,3
hausse,1
affirmant,1
république,7
pourraient,1
bénis,1
voyage,1
protéger,1
clamer,1
auquel,4
constituent,1
rejettent,1
reçois,1
hôtel,1
charmante,1
journalistiques,1
gestionnaire,1
pères,1
généraux,1
pressé,2
1968,1
représentait,1
annoncée,1
hâte,1
moyens,5
traitement,2
souffler,1
parviennent,1
légiférer,1
attentifs,1
encombrement,1
indésirables,1
modifier,2
réelle,4
mandat,1
moitié,1
écho,1
injustes,1
inefficaces,1
poursuite,1
libéralisme,1
égard,5
abri,1
suis,4
interventions,1
adoptées,1
voulues,1
priori,1
volontairement,2
opposent,1
africaine,1
lignes,1
débarrasser,1
pluralisme,2
économiques,3
pouvez,1
exercice,2
matériel,1
infliger,1
connaissance,2
électorale,3
publiques,1
justice,5
origine,4
atteint,2
tenus,1
uninominal,1
faure,1
voté,2
apparaître,1
syndicats,3
aura,4
préfectoral,1
certains,4
procédures,2
votez,6
criminel,2
influence,2
informateur,1
unis,1
votes,2
voter,11
patriotes,1
immigres,1
ordonnances,2
destinés,1
plusieurs,2
monstrueux,1
éviter,2
peser,1
trouvait,1
alsace,1
parisiens,1
additionner,1
hystérique,1
accroître,1
échelle,1
approuver,1
verbe,1
mobiliser,1
opposition,9
quotidien,1
équilibre,3
gentillesse,1
dégâts,4
commencer,2
mitterrand,2
cartables,1
propos,2
précisions,1
fréquent,2
inter,1
attend,1
gansters,1
institution,1
recourir,1
instituer,2
spécialisés,2
fonction,6
suivre,1
régionaux,5
savoir,1
puissent,1
extérieur,3
précédentes,1
avignon,1
suite,1
éloquence,1
présence,3
efforcer,1
espère,2
certes,3
prix,6
finalement,3
ordres,1
offert,1
reconnaitre,1
fort,6
combattue,1
troisième,3
tranquillité,1
massif,4
soient,5
basse,1
claire,1
blancs,2
élevé,2
joyeuse,1
censeur,1
réduit,1
vote,8
préparer,2
droitier,1
forger,1
constitutionnelles,1
offrant,1
colossales,1
prétendu,1
durée,1
fabius,2
présidente,1
administrations,2
quinze,2
citoyens,3
multiplie,1
diriger,1
minutes,2
discipline,1
réaliser,1
rétablie,1
tardieu,1
manifestée,1
vient,1
viens,1
domaines,2
cartel,1
secteurs,2
essentielle,1
tardivement,1
détriment,2
position,5
excellemment,1
rassurer,1
trompons,1
rétablir,3
appelle,2
personnel,1
tiens,2
mode,3
exprimais,1
arbitrale,1
mêlées,1
aquino,2
humaniste,1
assises,1
surplus,1
énarques,2
anti,2
permanente,1
soutenue,1
également,4
lustre,1
gestion,1
quelle,1
devenu,2
indéniable,1
abonnés,3
conseil,1
entrer,1
onéreux,1
passé,2
mauvais,1
midi,2
militants,1
marxiste,2
chance,5
communauté,1
répit,1
substantiellement,1
douteux,1
borné,1
déréglementation,1
procurer,3
cambriolages,1
ministère,2
mercantilisme,1
pendant,1
rythme,2
manuels,1
redressement,2
lorraine,1
pleinement,1
élan,1
soit,11
soir,1
proposer,2
privant,1
alléguant,1
semblant,1
humain,1
avions,1
collant,1
sanction,2
heurte,1
gouvernements,2
dévouements,1
cession,1
renvoyer,1
sessions,1
franchise,1
contraignante,1
abolition,2
progressé,1
inspirer,1
priorité,3
communiste,6
abandonne,1
",...",1
recours,4
limitons,1
attendre,1
sanglante,1
injuste,2
départements,1
caractère,1
choses,4
approbation,2
constitution,3
matignon,2
tourner,1
justifiant,1
goût,1
montre,1
métier,1
atouts,1
désirent,1
adoptés,1
géant,1
travers,2
observer,1
essor,1
cruel,1
aussitôt,1
rétribués,1
passe,4
vigueur,2
pont,1
proclament,1
peuples,2
croupion,1
pourront,1
numérique,1
socialistes,7
alors,3
résultats,1
intellectuelles,1
sélection,1
occasions,1
neutralité,1
réellement,1
pourtant,3
universel,3
terroriste,3
aurez,1
traditions,1
trouve,3
etrange,1
peuple,6
lendemain,1
session,2
système,3
habitude,3
rues,1
progresse,1
croîssante,1
problème,3
commis,2
ministres,1
tracassière,1
page,1
après,10
démocratique,1
chiraquienne,1
châtiment,1
jacques,2
progresser,1
sachant,1
1988,2
dépouiller,1
diffèrent,1
pacte,1
enrayer,1
importance,3
1981,1
1982,1
allègent,1
1984,2
1985,1
forme,2
quarante,1
beaucoup,4
étrangères,1
qualités,2
sommeil,1
initiative,3
obtenue,1
avons,10
prestigieuse,1
silence,1
substance,1
quelque,3
coloniser,2
persiste,1
déplore,3
partout,1
trafic,2
oeil,1
inquiétude,1
gravats,1
quart,1
régaliennes,1
recrutés,1
exception,2
ardemment,1
chiffre,1
pression,1
succomber,1
porte,2
monnaie,1
prolétaire,1
style,1
spirituel,1
cela,1
érige,1
valu,2
constant,1
gouvernement,17
dirigeants,3
sévèrement,1
carrière,1
déclare,2
implanté,1
femmes,2
revanche,1
marge,1
organisé,2
prévention,2
achève,1
évêque,1
ouest,1
créativité,1
soweto,1
élevés,1
liberté,3
gens,2
certaine,1
proportionnel,1
taïwan,1
perspective,1
doumeng,1
affluence,1
tenter,3
laquelle,2
infidèle,1
dernier,2
toujours,9
riches,1
agisse,4
majors,1
parfois,2
méthodes,1
duré,2
normandie,1
ressent,1
ingéniés,1
ministérielle,3
allemagne,1
vivront,1
ouverture,1
cessé,4
faible,2
vivre,1
choix,2
objectifs,2
idées,5
changer,1
tuerie,1
fondes,1
assiste,1
presque,1
bulletins,1
donnant,1
compétition,2
flanqués,1
disposant,1
juridictionnels,1
maîtriser,1
information,2
contradictions,1
prouverons,1
fiers,1
retard,1
hégémonie,1
gaspillage,1
rameuter,1
imagination,1
demeurent,1
rétablissement,1
isère,1
risques,1
rémunérateur,1
moral,2
certaines,1
illégale,1
distribuant,1
précieux,1
engagements,1
simultanément,1
menace,2
local,1
loire,1
automne,2
soudée,1
peut,1
expliqué,1
françois,1
unique,6
énorme,1
prenais,1
consensus,3
rejeté,2
prendre,3
dignes,1
déposer,2
compromis,1
nation,3
foule,1
composent,1
subversive,1
duplicité,1
assurent,2
individuelle,1
néfaste,2
fâcheux,1
négoce,1
bruno,1
assemblées,4
curiosité,1
voilà,3
intérieure,1
empiéter,2
remettre,1
face,4
cinquantenaire,1
succès,4
condition,1
restriction,1
substituer,1
déjà,8
peine,5
contribué,1
trompe,1
dérisoire,1
grande,7
hauteur,1
cesse,3
contestable,1
organes,1
balladur,5
déficit,1
éliminer,1
politiques,2
officielles,2
nord,2
devenaient,1
exerçant,1
délinquante,1
baisser,1
méthode,1
velléités,1
importante,2
accession,1
incertaine,1
talent,1
navrantes,1
partisan,1
corée,2
décidé,2
valable,1
criminalité,2
européennes,3
promouvoir,1
hommes,5
commerçants,1
téléguidés,1
libéraux,3
armée,1
suffisante,2
donner,2
serais,1
serait,4
ainsi,9
frais,1
exposition,1
lyonnaise,1
rétabli,1
humiliation,2
trouvent,1
favorable,1
méchants,1
affecter,1
suprême,1
bureaucratique,1
grands,1
innombrables,1
redeviendront,1
autoritaire,2
service,2
matin,2
persistent,1
constitue,1
souvent,11
compatriotes,2
toutes,11
débats,1
engagés,1
rupture,1
déclarations,1
langues,1
fauteuil,1
fonctions,2
mars,13
maintient,2
soumettre,1
locales,1
inciter,1
universelle,3
rencontrées,1
excès,1
valeurs,2
bièvre,1
jamais,6
montée,1
maintien,2
lançant,1
suffrage,4
importants,1
gardent,1
amputer,1
mais,15
postes,2
longuement,1
affirmée,1
spirituelles,1
ordre,2
décide,1
républicain,2
opposés,1
vocation,4
virulente,1
préserver,1
apartheid,1
hitlérienne,1
présenteront,1
déçus,2
possède,1
albert,1
voulons,2
complaire,1
collègue,1
logique,1
hantise,1
allez,2
financier,2
discussion,1
normal,1
vieillots,2
sang,1
aller,5
peuvent,2
bureaux,1
lettre,7
observant,1
usage,1
répression,2
commande,2
mains,1
ostracisme,2
avoué,2
deserto,1
enfants,4
aider,1
officiels,3
concitoyens,1
aidez,1
cynisme,1
heureusement,2
incroyable,1
appartiennent,1
intervenir,1
victimes,2
tantôt,2
prendrait,1
chambre,3
voit,2
estimées,1
rejette,1
arrache,1
comptent,1
fini,1
efforce,2
zone,1
réglementation,1
telle,1
oppositions,1
années,2
accroissait,1
suffiront,1
dangers,1
ressources,1
verrez,1
avec,2
arracher,2
procuré,1
exalter,1
sincérité,2
occultes,1
obéi,1
dupont,3
posent,1
rampante,1
confirmé,2
article,2
sérieusement,1
interposés,1
comportement,1
lille,1
totalité,1
nécessaire,4
pourra,1
démographique,1
cumul,1
madame,7
expédients,1
survie,1
identique,1
faire,9
fusillade,1
pouvait,4
apôtre,1
dauphiné,1
sociaux,1
inlassablement,1
mesure,7
élimination,1
battue,1
courage,1
vitalité,1
constitutionnel,1
bloqué,1
naturalisation,1
pétain,1
manqué,3
menus,1
économique,9
largement,1
voisins,1
fondamental,1
révisée,1
journalistes,1
diplomatie,3
courant,1
netteté,1
utilisation,1
cadre,2
accorder,1
demi,1
touchant,1
séjour,1
misérable,1
chargeant,1
esprit,2
rêvons,1
modération,1
quasi,2
actualité,1
basés,1
avez,1
nombreux,6
nationaux,1
vive,1
contester,1
prospection,1
école,3
permet,1
nationale,10
échelon,1
miséreux,1
seraient,1
giscardienne,1
accueil,1
sera,5
dramatique,1
acceptons,1
bientôt,2
reconduire,1
emprunter,1
manifs,1
écriait,1
total,2
autrement,2
satisfaisante,1
remédier,2
reconnaître,1
cour,2
coup,2
représentants,3
senti,1
compris,2
clairement,1
amis,17
attributions,1
auront,2
parlement,11
partisans,1
plumer,1
présente,3
abattre,2
reviendra,1
symboliquement,1
seul,3
papeterie,1
déclarent,1
pensent,1
présents,2
occupation,1
séparation,1
supprimer,1
leurs,13
cary,1
essaie,1
caractérise,1
nôtres,1
dizaines,1
nièvre,1
chassé,1
démettre,1
jospin,1
agit,1
extraordinaire,1
patron,1
salut,1
explication,1
connaitre,1
éducatif,1
risquaient,1
sièges,6
profité,1
débarrassés,1
commence,1
meurtriers,2
directement,1
marxisme,2
principal,1
payer,1
territoriale,1
intérieur,2
rompre,1
panier,3
impunément,1
durable,1
gratitude,1
isole,1
saurait,1
selon,3
publicitaire,1
encore,1
dommage,2
réel,4
population,1
ancrés,1
lancer,1
bureaucratie,1
étendu,1
utile,13
camp,1
fermeté,2
comment,3
alliés,3
donne,1
puisse,2
domaine,2
maîtresses,1
parents,1
faute,4
finir,3
gravement,2
autonome,1
jouer,1
entreprises,3
dynamisme,2
vérité,2
millier,2
perdus,2
lorsqu,2
légale,1
jean,3
sombrer,1
extra,2
compétent,1
parmi,1
semblants,3
condamnation,1
timidement,1
battons,1
maximum,1
fourni,2
consommation,1
démocratie,1
patrons,1
bail,1
rentrée,1
adjuger,1
sais,3
gauche,14
nouvellement,1
précaution,1
surprise,1
purement,2
confortent,1
anarchie,1
appel,2
fortune,1
insuffisance,1
progressivement,1
moyen,1
spectacle,1
suivie,1
museler,1
coût,1
sacrifice,1
renouvelable,1
professions,1
hélas,1
dans,6
intérêts,2
meilleur,3
incontrôlée,1
gâchis,1
public,6
françaises,6
inique,1
médias,9
misère,1
centaine,2
inutile,3
biens,1
interrompu,1
débat,8
ovation,1
moment,2
représentation,2
dérange,1
explique,2
simple,3
rapport,2
arrive,1
discernés,1
manifester,1
assumer,1
tête,1
était,3
gouvernants,1
jusqu,3
dressaient,1
accomplir,2
plate,1
meurtrier,1
meurtre,1
remèdes,1
ministre,7
vigilant,1
surmonter,1
impliqués,1
bastions,1
libertés,3
coopération,1
mises,1
sache,2
émotion,1
solitairement,1
sommaire,1
réalité,1
incapables,1
dépasse,1
repousse,1
contrairement,1
lyonnais,1
redis,2
comparaison,1
particulier,1
profit,2
montant,1
coeur,4
contribuable,1
institue,1
conscience,2
crient,1
étape,1
milieu,1
globale,2
émergence,1
libération,3
étonnés,1
creux,1
historique,2
religieuses,1
permettre,1
grèves,2
nouvelle,6
surprenant,1
expression,3
reconnaissants,1
tares,1
veille,1
personne,1
proposées,2
extérieure,2
précaire,1
efforts,1
spécial,1
pleins,1
dynamique,1
réduite,1
contre,22
profondément,2
répète,1
assemblée,13
assumant,1
terriblement,1
ethnies,1
exceptions,1
entrée,3
patriotisme,2
reproche,1
plan,5
soutenir,1
juridique,1
nouvelles,1
supérieur,2
