first,second,likelihood_ratio
faux,semblants,40.79578729570294
rassemblement,national,53.79707102846429
palais,bourbon,64.83972336146797
premier,ministre,55.28814791568989
hauts,fonctionnaires,68.23218039484811
lettre,jean,40.79578729570294
conseils,régionaux,73.41045769898018
peine,mort,59.83569912608609
lutte,contre,43.977593586925295
front,national,207.96290336070487
visa,entrée,45.857819604559076
majorité,parlementaire,33.414388946537635
jean,marie,50.35650076150954
plus,tard,20.944806297046576
utile,votez,28.00576115581849
opinion,publique,30.588877080269583
acte,unique,57.20155334193023
opposition,parlementaire,23.488852531194617
contre,terrorisme,28.340123928646744
bande,quatre,40.79578729570294
assemblée,nationale,91.25534612876488
président,république,41.82617559066397
votez,utile,74.44671243981225
équipe,ministérielle,45.857819604559076
trois,mois,36.12289088984175
voter,utile,34.39675359573453
fonction,publique,30.588877080269583
suffrage,universel,45.857819604559076
