word,raw_frequency
lieu,1
sortir,1
magistrature,1
appeler,3
cache,1
ensuite,3
apparentées,1
principe,1
brillant,1
relever,1
culture,1
position,1
souvent,4
spécialistes,1
invite,1
tendant,1
croyez,1
actes,1
mélange,1
avez,1
poids,1
parler,3
cinéaste,1
familiales,2
révision,1
éducatives,1
merveilleuse,1
réaction,1
providence,2
lequel,2
appelés,1
chefs,1
perdre,1
vaut,1
choisi,1
effet,7
exigera,1
danger,1
afin,2
insurrection,2
amalgames,1
rapprocher,1
recueillies,1
concours,3
preuves,1
porteront,1
formation,2
fauché,1
pratiquer,1
complète,1
urgence,2
électoral,4
difficultés,1
classe,3
plébiscites,1
expérience,3
intégrisme,1
patriotes,1
bien,14
noire,1
convoi,1
hérésies,1
trancher,1
mille,1
entrés,1
policiers,1
criminelles,1
prononcer,1
dates,1
marché,1
rassemblement,1
admirables,1
endeuillé,1
devoir,2
belle,1
propagande,4
sursaut,3
cambodge,1
retour,3
sérieuses,1
commun,1
exercer,1
chemin,1
universelle,1
tentent,1
venir,1
ravages,2
électorales,4
urgent,1
devant,3
sentiment,1
numéro,3
imagination,1
européenne,2
gravité,1
réserve,2
funeste,2
jours,5
admis,1
derniers,2
aborde,1
mains,1
côté,1
tragédie,1
1944,1
quartiers,1
appliquer,1
gardiens,1
généreuse,3
avenir,9
disparition,2
générateur,1
instruction,2
comporte,1
états,1
comédien,1
puisque,3
écarter,1
restaurer,2
stirbois,2
expansion,1
monde,4
franc,1
laissait,1
classé,1
rapidement,2
déshonorent,1
officielle,3
train,2
elysée,5
grâce,3
rappeler,2
habitants,2
goebbels,1
démocrates,1
subir,3
adhérents,2
originaires,1
désespoir,1
droitier,1
explose,1
échapper,1
réformes,2
arpaillange,2
législatives,7
enfoncer,1
apprécié,1
bureaux,1
soigneusement,2
pièges,1
mesures,2
impudemment,1
lorsque,2
imposture,1
milieux,1
camarades,1
manifestations,3
chercher,1
caciques,2
relancer,1
vestales,1
plutôt,3
récit,1
politichiennerie,1
pluie,1
nombre,6
mais,18
terribles,1
mécanicien,1
coalisés,1
parfaitement,1
injustice,1
mois,7
rétablir,1
laissant,1
blessés,1
nécessaires,1
arabe,2
noms,2
apprend,1
groupe,4
personnel,1
grands,4
souligne,1
convoqué,1
gestes,1
plébiscite,4
étrangère,1
combattre,2
population,2
film,1
scolaires,1
allègement,1
devez,2
mettant,1
écuries,1
voire,2
tant,2
veuille,1
rôles,1
humilié,1
étrange,1
contribuable,1
immense,2
libéralisme,1
président,6
fillette,1
découvert,1
sympathisants,2
battre,2
réforme,5
travaillant,1
accord,5
procédés,1
abattre,1
prometteurs,1
ferme,1
hanin,4
déceptions,1
comprendre,2
pâté,1
vengeance,1
efficace,1
renaissance,1
femmes,1
larmes,1
présidentielles,1
élèves,1
opposants,1
promptement,1
devenir,1
désire,1
demeurée,1
donneront,1
mêlée,1
année,8
témoigné,2
aiguillon,1
désinformation,1
limiter,1
vieillards,1
imité,1
dégager,1
fautes,1
long,1
verba,1
éventail,2
convenables,1
enseignants,1
amérique,1
trouverez,1
seuls,2
marie,1
conseils,2
bête,3
vite,2
humblement,1
pinochet,3
inspirateur,1
considère,1
pleinement,1
déçus,2
maître,1
bénéficiaires,1
enfin,6
capital,2
sommes,2
insurge,1
énorme,1
auront,1
française,16
imposant,1
sept,1
physique,1
scénario,2
risque,1
châtiments,1
considérer,1
consacré,1
1988,2
muette,1
endormeurs,1
défaite,1
date,1
bataille,3
pourvoir,1
anime,1
réussissait,1
tonnerre,1
moral,1
révolution,1
confiante,1
économie,1
logement,1
informer,1
financement,2
inquiétants,1
attendons,1
télévision,2
triplement,1
appréciée,1
nettement,2
arbitrale,1
détérioration,1
frais,1
délivré,1
célèbre,1
ignorer,1
jouissance,1
calédonien,1
restons,1
formations,3
déclenchée,1
aurait,2
manoeuvrés,1
municipales,6
êtes,1
collègue,1
bassement,1
grave,2
accompagné,1
stable,1
sacrifiées,1
bureau,1
combat,7
sévère,1
sincère,1
nécessaire,3
faire,10
sociaux,1
viol,1
incarné,1
pénal,1
compte,3
bras,1
savoureux,1
réalisée,1
attendre,2
chargés,2
tempête,1
réalisés,1
faim,1
croyances,1
anticipation,1
meurtriers,1
sociales,1
série,1
condition,2
faute,3
condamnés,1
effaçant,1
naguère,2
campagnes,1
déclaré,1
attendent,1
circulent,1
annonce,1
convaincu,1
elle,4
territoire,2
calédonie,11
exigeant,2
exprimer,2
condamnée,1
temps,3
auxquelles,2
action,2
infernal,1
supérieurs,1
institue,1
grade,2
confie,1
raoul,1
massivement,1
daigné,1
contre,16
perfides,1
aurai,1
dire,10
type,1
recouvrer,1
mouvement,10
chaînes,1
puissions,1
digne,2
dizaine,2
calculée,1
facilitant,1
tueurs,1
émanation,1
avinés,1
souhaiterait,1
vieilles,1
acceptent,1
abord,5
désormais,2
électorat,1
entend,1
pieuse,1
confuse,1
jugement,1
elections,1
apparaître,1
offrons,1
bénéficier,1
prise,1
forme,2
enjeu,1
passent,1
porteur,1
delà,1
circonscriptions,1
adjoint,2
destins,1
incurie,1
équipe,2
liste,2
vertus,1
présider,1
caractérisaient,1
rancunes,1
afrique,1
intéresse,2
proposait,1
récemment,1
intitulé,1
chômait,1
opposés,1
quelques,6
activité,2
vertueux,1
étude,1
prétendues,1
massu,1
bataillons,1
kabylie,1
inscrite,1
ruse,1
captifs,1
électeur,3
1989,3
rendant,1
aujourd,13
microcosme,1
entente,1
manifesté,1
apportent,1
discours,1
masse,1
alouette,2
valait,1
millions,3
colères,1
rentrée,2
tenait,1
adieu,2
ennemis,1
souffrait,1
allende,1
terrorisme,1
voici,6
déroulé,2
moyennes,1
organiser,1
désireuses,1
seraient,1
incessante,1
presse,1
différents,1
guère,2
appuyant,1
trompés,1
jeunes,3
appâter,1
savent,1
référendum,9
cause,8
voit,1
foisonnement,1
application,2
santé,1
sociale,2
réjoui,2
préoccupations,2
cette,3
otages,3
excite,1
socialiste,10
zèle,2
obligatoires,1
viet,1
attends,3
autant,3
populaire,3
opérations,1
gentiment,1
ruunt,1
auteurs,1
noyés,1
entre,14
referendum,1
ouvrages,1
sentiments,1
immigrés,4
confiant,1
prochaines,2
libérateur,1
volonté,5
défavorable,2
opposé,1
dérive,1
foyer,1
essentielles,2
terrestre,1
honnêteté,1
fond,2
jouait,1
crimes,2
alibis,1
manifestation,1
métropole,2
consignes,1
etat,4
auraient,1
discuter,1
énergiques,1
verdict,2
points,2
marseille,1
impose,1
internationaux,1
proportionnelle,2
dilapidé,1
ailleurs,10
conseiller,1
malheureusement,1
yann,1
tragique,1
acte,2
suivies,1
constantine,1
boursière,1
reculer,2
reste,1
commune,1
précisément,2
placera,1
printemps,2
salaire,1
score,2
emploi,3
rapts,1
bavarde,1
ajouté,1
bonne,4
mangeoire,1
prends,1
absolu,1
intoxication,1
initiatives,1
régime,3
manoeuvres,1
réduction,1
parvenir,1
assurer,1
semaines,3
modifié,1
fusions,1
reprend,1
culturel,1
songe,1
chacun,1
pires,1
hâter,2
patriote,2
rebelles,3
assurés,1
soutenir,3
officiel,1
drames,1
prévoyait,1
noter,1
défendre,1
hommage,2
insertion,1
injuste,3
professionnels,1
actuel,1
internationale,3
meurent,1
sentences,1
cyniquement,1
durant,2
cure,1
drastique,1
impérieuses,1
alacrité,1
fatalité,1
bourreaux,1
volontés,1
angoisse,1
mobilisé,1
transposé,1
clefs,1
broncher,1
sahara,1
laissés,2
demeure,2
syndicaux,1
tiendrai,1
confisqué,1
flammes,1
menaces,1
feignent,1
voulez,1
morales,2
exige,1
islamique,1
cinquième,1
mode,2
démission,1
menée,2
querelle,1
créer,1
pressant,1
noir,2
hasard,1
publiques,1
centrales,1
avance,1
nomenklatura,1
doivent,5
interlocuteurs,1
thématique,1
pédagogiques,1
métier,1
courir,1
originelle,1
extrême,1
dresse,1
proposition,3
pied,1
tirer,1
soulevé,1
centaines,2
sûrs,1
diable,1
chef,2
aspects,2
ferroviaires,1
réfugié,1
ensemble,3
2000,1
coalition,1
consigne,1
sûre,1
période,1
chez,4
complot,1
pouvait,2
dangereux,1
inconscience,1
jeune,2
élevée,1
maire,2
chasse,1
soutien,1
sincères,1
déferlement,1
aisément,1
menace,2
etrangères,1
chirac,8
identité,1
minimum,1
veil,2
chilien,3
allant,1
autres,10
plus,46
gabegie,1
barbaries,1
estimons,2
demande,2
champions,1
opinion,2
pourcentage,1
recueillir,1
décidées,1
merci,1
aveu,2
soucis,1
entraînés,1
fiscalité,1
préconisé,1
lors,1
ténacité,1
importait,1
antidémocratique,1
enfants,5
affreux,1
vous,4
élections,4
années,2
électeurs,6
piat,1
redoutable,2
intéressés,1
nazisme,1
passe,1
mort,12
occupe,1
chances,3
propositions,1
leçons,1
rassembler,2
accueil,1
note,2
offrent,1
ceux,2
lafleur,3
général,6
mesure,2
homme,5
diverses,3
adopté,1
trahie,1
étrangers,3
réfléchi,1
candidats,6
augmente,1
celles,2
paraître,1
risquait,1
entrerai,1
mobilisiez,1
tiersmondiste,2
maintenir,1
conduisait,1
disant,1
région,1
récentes,1
voyons,1
gouvernants,1
record,1
confondre,1
intense,1
caractère,1
forces,4
diabolique,1
immigration,1
opinions,1
second,5
lucidement,1
chadli,2
immonde,1
éclaté,1
méditerranéens,1
tout,2
pourront,1
natalité,1
tous,1
anglo,1
santiago,1
classique,2
déposé,1
disaient,1
tels,1
abandonner,1
avril,2
scolaire,5
morale,1
poursuivis,1
étendre,1
bons,1
union,3
inciter,1
sida,2
pense,1
divisions,1
politique,10
peine,17
mobilisons,1
désignées,1
garanties,1
toute,11
fonctions,1
transition,1
mêmes,1
arsenal,1
résultat,2
pays,12
aggraver,2
vers,1
mathématiques,1
fournir,1
amendements,1
faut,3
arriveraient,1
cotisants,1
arbitres,1
près,4
front,22
stratégie,1
continuer,1
cent,2
débouche,1
jeunesse,6
sagesse,1
élus,2
échecs,1
guillotine,2
foyers,1
proportionnalisé,1
essayer,1
drogue,3
virile,1
inventée,1
novembre,3
oeuvre,3
plein,1
compter,2
ville,2
genre,2
refus,1
coups,1
dernier,2
connaîtront,1
riposter,1
bourguignonne,1
haine,1
augias,1
conclu,2
point,1
procédure,3
contraire,2
étant,2
cinq,3
absolument,1
municipaux,1
fortement,2
entière,1
politico,2
telles,2
influencés,1
cacher,1
celui,4
démographiques,2
déplacé,1
grâces,1
rassemblé,2
persécution,1
échéances,1
effroyable,1
résolue,1
résigner,1
racines,1
féodalités,1
souhaits,1
bénédiction,1
inadaptation,1
résignez,1
national,23
meilleurs,1
différer,1
hésité,2
syndicalisme,1
résolus,1
questions,1
garde,4
meilleure,1
médiatique,2
allocation,1
engage,1
banal,1
lire,2
juger,1
ouvéa,1
bagarre,1
auxquels,2
retrouvailles,1
activement,1
médiocre,1
lecture,1
ravisseur,1
continuent,1
bouleversaient,1
éducation,1
accords,4
présidentielle,10
domination,1
propagandistes,2
régulièrement,1
atroce,1
proclamation,1
climat,2
prouver,1
dose,1
juin,1
avais,2
avait,12
éléments,1
route,1
fanatiques,1
carrément,1
encensé,1
espoir,3
calcul,1
aspirations,1
épouvantail,1
comètes,1
déployés,1
requis,1
publics,1
monétaire,1
heure,5
ouvrons,1
cabinet,1
graveleux,1
porté,1
simples,1
rejoignez,1
visent,1
chômage,6
reporter,1
législateur,1
exécution,2
lecteurs,2
exécutif,1
rendus,1
catalogue,1
arrestations,1
gentleman,1
préposées,1
disait,1
passés,1
souhaité,1
celle,5
générale,2
calomnie,1
uniques,1
consciences,1
militant,1
seront,3
classait,1
trahi,4
rendre,4
familles,1
démoralisation,1
prêcher,1
rappelle,1
participer,1
incapacité,1
radio,2
communautaire,1
maternel,3
ardents,3
longtemps,1
acharné,1
séquestration,1
pourra,1
indécentes,1
capitale,2
impuissance,1
authentiquement,1
session,1
jadis,1
familial,1
passée,2
promesses,4
digéré,1
paris,2
agreement,1
étudié,1
catastrophes,1
assouvir,1
tâche,3
aimés,1
iront,1
tolérance,1
responsabilité,1
mieux,4
encerclés,1
excellence,1
développer,1
navrant,2
croire,1
complicité,1
aspire,1
gouverner,1
milliers,2
méhaignerie,1
leaders,2
existera,1
décennies,1
titré,1
première,3
pratique,2
origine,2
rôle,1
aura,5
petite,2
unanimement,1
majorité,6
autorisé,1
jetée,1
fruits,1
trouva,1
hier,1
chronique,1
dilapidation,1
trouve,1
micros,1
espérance,1
petits,3
communes,2
soumis,1
surréalisme,1
dévalorise,1
constater,1
entretenaient,1
conséquences,3
rares,1
opposer,2
annoncé,1
alger,1
béteille,1
tendaient,1
actuelle,1
cité,1
médiatiques,1
major,1
espérait,1
parti,8
lésiné,1
nous,9
montré,1
oublier,1
poser,2
palais,2
mise,1
semblent,2
politiciens,1
bergers,1
notable,1
combien,1
recette,1
régit,1
magistrat,2
rocard,6
quotidienne,1
insécurité,1
raisons,4
désastre,2
europe,7
cruelle,1
obtient,1
intérêt,3
appellent,2
choix,2
torture,1
sens,6
nouvelles,2
fera,1
consacrer,1
pratiquées,1
vraies,2
dernière,4
confiance,2
braves,1
détournent,1
détail,2
pour,7
corps,1
parvient,1
estaing,1
apparu,1
socialisme,3
présidentiel,1
montrer,1
réinsertion,1
relève,1
titre,1
savez,1
nombreuse,2
martinez,1
cours,2
indifférence,1
utilisée,1
moitié,3
champ,1
sillonné,1
inversement,1
paraissent,2
globalement,1
dénoncer,2
villes,2
européen,1
concerne,1
indépendance,3
annoncées,1
adoption,2
malheureux,1
caricaturant,1
emplois,2
dangereusement,1
nations,1
trois,12
beau,1
maghrébine,1
racolage,1
simultanément,1
cassé,1
sain,1
façon,5
dimanche,3
dont,9
leurs,12
fortiori,1
improvisé,1
noeud,1
insipides,1
voulu,2
inventeurs,1
durablement,1
sanctionner,1
sait,2
chanteur,1
traités,2
heurteront,1
sais,4
citer,1
société,2
adhérer,2
disposaient,1
allemand,1
lichnerovitz,1
choeur,1
réclame,3
raciste,1
vies,1
prépare,1
contexte,1
royaume,1
espère,2
chaîne,1
opéra,1
détourner,1
pain,1
scrutin,8
rayée,1
autour,5
recherche,1
conquérir,1
délibérément,1
durables,1
avis,1
appuient,1
récente,1
grand,1
démettre,1
silence,1
ingénieusement,1
rencontre,2
importe,1
issue,1
nouméa,1
notre,3
fraternel,1
semaine,1
décision,1
faibles,2
tiers,4
création,1
boudées,1
possibles,1
agde,1
entrons,1
procure,1
pétitions,1
nombreuses,3
fraternels,1
chiraquien,1
conditions,1
urnes,1
gordien,1
légitimement,1
préférence,3
dernières,2
problèmes,6
prochaine,2
chasser,1
porteuse,1
violente,1
bloch,1
élection,11
régularité,1
avantages,1
attaque,1
candidatures,1
malhuret,1
traiter,1
"...""",1
contempteur,1
lobbies,2
courageux,1
complaisamment,1
instinctif,1
assistance,1
briser,1
rostolan,1
avortement,1
exilés,1
venue,1
quatre,3
alléger,1
pages,1
boucs,1
dominer,1
secteur,2
suffisant,1
cependant,6
entrent,1
témoignée,1
conviction,1
beurre,1
refuse,1
excommunier,1
situe,1
trahison,3
possible,1
lois,1
patrimoine,2
étonné,1
confirmé,1
crime,1
ignorez,1
pire,3
dépensé,1
explique,1
terroristes,3
outre,2
pratiquement,1
besoin,1
dispositions,1
combinaison,1
placés,1
musée,1
féodaux,1
sécurité,2
journaux,1
partie,3
difficile,2
déclarés,1
constamment,1
assassinat,1
engager,2
complaisance,1
personnage,1
explicitement,1
triomphé,1
rentrer,1
compétences,1
déclaration,2
brûlée,1
politiciennes,1
décadence,4
cassation,1
fringale,1
parties,1
ouvert,1
attendez,2
téléspectateurs,1
notamment,4
délinquance,1
divers,2
traversé,1
gros,1
avocat,1
chose,3
réclamer,3
premiers,5
organisés,1
routières,1
résoudre,1
propre,1
vérifier,1
quant,3
oran,1
prochain,5
yeux,3
tend,3
tombé,3
règles,1
courre,1
intéressantes,1
ayant,2
reculé,1
reprendre,1
mienne,1
autorités,2
tenu,2
quelconque,1
sigle,1
incontestable,1
laissez,1
frise,1
plaisait,1
responsables,3
laisser,1
sorte,3
permettra,1
montrait,1
certain,1
échec,3
puissances,1
incitations,1
réalisé,2
pertinence,1
jeté,2
intact,1
mauroy,1
adresse,1
parvenus,1
acculée,1
patrie,1
concitoyens,1
chili,2
prétextant,1
archipel,1
actuellement,1
outrances,1
laissé,1
septembre,2
poursuites,1
cadres,1
arrivant,1
bords,2
rideau,1
satanique,1
français,31
dialogue,1
assimilé,1
répartie,1
premier,12
ciel,3
cités,1
milité,1
réveil,1
manquent,2
comportant,1
meetings,1
communautaires,1
ballast,1
erreurs,1
transfuges,2
couperet,1
criminelle,1
paradis,1
surtout,3
complices,1
commandait,1
ligués,1
hautes,1
dirigeante,1
jouant,1
place,6
acquise,1
personnelle,1
honneur,4
incontestés,1
exprimés,2
efficacité,1
communistes,1
antique,1
bout,2
françaises,4
abandon,2
arme,1
implicitement,1
dreux,2
demander,1
aériennes,1
souhaite,1
recueillie,1
incontournable,1
étendu,1
importantes,1
apporte,1
prêche,2
carte,1
utiliser,1
désolante,1
allez,1
pensée,1
manoeuvre,2
travail,3
justifiés,1
dessus,2
république,5
pourraient,1
adolescents,1
reconnu,1
sectarisme,1
inscrit,1
cour,1
rétablissent,1
conséquent,1
incohérence,1
administration,1
pères,1
révolte,1
lamentables,1
juge,2
âmes,2
christian,1
évertuent,1
artisans,1
laxisme,1
grandes,5
secrétaire,1
approuvait,1
éliminé,1
rapporte,1
retrouver,1
insinuations,1
article,1
parle,2
réelle,1
embarrasser,1
outsider,1
durafour,2
continue,2
laquelle,1
sauver,1
égard,9
gauchisante,1
organisées,1
suis,7
expresse,1
variation,1
gendarmes,3
gaullistes,1
journal,2
descendante,1
humaines,1
exaltant,1
développe,1
pressantes,1
exercice,1
aure,1
tenaient,1
opération,1
électorale,8
évidence,1
justice,2
vraiment,2
atteint,2
conquête,1
perdant,1
prié,1
attention,4
mérite,1
submerger,1
voté,1
énergie,1
précéder,1
insidieuses,1
commencent,1
certains,5
politicien,2
votez,1
inadmissible,2
accepté,1
bilan,1
candidat,2
débuts,1
intimement,1
voter,4
décisives,1
plusieurs,1
légitimes,2
référendaire,2
certaines,1
rendez,1
saint,1
vaine,1
mères,3
nicaragua,1
ignoble,1
correspondre,1
déposés,1
égale,1
droite,9
délégation,1
drapeau,1
propos,3
troupeau,1
mondiste,1
ancien,3
institution,1
recourir,1
instituer,2
wagon,1
mariage,1
consenti,1
savoir,3
puissent,1
devenus,1
pris,3
improvise,1
gauche,8
appel,4
sauce,1
certes,4
prix,1
finalement,4
griefs,1
affaires,3
université,1
occasion,1
commandé,1
troisième,1
traditionnelles,1
massif,1
soient,4
claire,1
affaire,1
réduit,1
vote,5
préparer,4
habiletés,1
prison,1
sceaux,2
comprenez,1
servitudinem,1
idée,1
perte,1
rivages,1
régionaux,1
quinze,3
époque,1
citoyens,2
nationalistes,1
engrangent,1
désarmés,1
diriger,1
minutes,4
discipline,2
réaliser,1
mobilisés,2
exemple,3
contribuables,2
vient,4
tours,3
domaines,2
constate,2
modifications,1
récoltés,1
sûrement,1
livre,2
violent,1
maximum,1
appelle,1
ébauchaient,1
tiens,2
élèvent,1
sang,1
tient,2
permis,1
sachiez,1
transe,1
doute,2
enfer,1
affirmer,2
vendredi,1
anti,5
également,1
exhorter,1
communisme,1
signature,1
indéniable,1
militante,1
dévoué,1
abonnés,1
permanent,1
passé,2
mauvais,2
midi,4
militants,2
communauté,1
déclin,3
insurgés,1
baeckroot,1
injures,1
claude,1
moyens,4
pendant,2
soin,1
redressement,4
contrôler,2
bande,1
soit,12
soir,2
majoritaire,2
familiale,1
humain,1
avions,1
campent,1
fierté,2
gouvernements,1
dévouements,1
crois,1
radicales,1
chers,2
morde,1
oligarchie,1
rang,4
colère,1
populaires,2
imagine,2
communiste,2
horrifié,1
surpris,1
recours,2
garçon,1
réalité,1
voces,1
universitaire,1
rien,2
vice,1
appétit,1
deviendra,1
besoins,1
seconde,1
constitution,3
matignon,2
fausse,2
caillou,1
atouts,1
directeur,1
faille,1
travers,1
mettre,3
pacifique,1
existe,2
question,1
oubliez,1
tiennent,2
élaborée,1
publiquement,1
socialistes,5
alors,2
puisqu,1
joie,2
résultats,3
rejoint,1
racisme,1
signatures,1
parier,1
plomb,1
réellement,1
pourtant,2
meilleur,1
terroriste,2
aurez,1
accroîssant,1
faciliter,1
salutaire,1
passion,1
avaient,4
parlementaire,4
peuple,8
souteniez,1
chevènement,1
solutions,2
système,3
cheval,1
professionnelle,1
électrique,1
campagne,10
sourcilleux,1
réserver,3
page,2
après,6
ardent,1
démocratique,3
châtiment,1
élevaient,1
jacques,1
tragiquement,1
retiennent,1
nues,1
rétablissement,5
offre,1
vieillesse,1
interventions,1
trentaine,1
importance,2
1981,3
1982,1
identifiés,1
rappelant,1
1986,3
sensibles,1
beaucoup,3
initiative,2
social,2
avons,6
fardeau,1
éhontée,1
dissoudrai,1
évaluer,1
dépenses,1
déplore,1
délivrance,1
partout,3
massive,1
terminer,2
oeil,1
assez,2
diversement,1
ordonnée,1
documentée,1
extérieur,1
mondialistes,1
famille,5
tyrannie,1
porte,2
monnaie,1
certaine,3
meneurs,1
nationalisme,1
technocrates,1
valu,1
détendu,1
rails,1
suffrages,6
dirigeants,5
veut,2
panache,1
normes,1
janvier,1
deux,1
pouvoir,9
charlatans,1
dénonce,1
sérieux,1
peux,1
revanche,1
invasion,3
organisé,1
librairie,1
lesquels,5
grotte,1
imposer,1
demain,2
braillements,1
liberté,1
gens,2
préciser,2
perspective,1
adversaires,4
tenter,1
roger,3
passage,1
prétendu,1
procès,1
chargé,1
toujours,4
enfance,1
agisse,1
majors,1
consultation,5
méthodes,1
augustin,1
opposition,2
assassins,1
mitterrand,7
étudiée,1
yves,1
fixées,1
ministérielle,2
généreusement,2
curieusement,1
ouverture,1
prodiguées,1
faible,1
reconnaissance,1
sévit,1
prélèvements,1
objectifs,1
idées,2
code,3
principales,1
presque,4
flnks,1
illusoire,1
meniez,1
compétition,2
allé,1
télévisé,1
concernent,1
aussitôt,4
ensuive,1
précipitation,1
consensus,1
suivi,1
générosité,1
restait,1
gaspillage,1
paru,1
problème,1
souveraine,1
régions,1
quitter,1
couramment,1
chevauchée,1
engagements,3
remboursement,1
local,2
sondages,1
commencement,1
intelligentsia,1
royale,1
consul,1
unique,4
peur,1
inconditionnel,1
enseignement,2
significatifs,1
retard,2
diversion,2
tristesse,1
rejeté,1
prendre,3
judiciaires,1
venait,2
prendra,1
nation,1
foule,2
charge,1
directe,1
facilité,1
mené,1
néfaste,1
bonnes,2
service,1
lecteur,1
limite,1
février,1
remettre,3
face,2
abolie,1
voilà,2
bendjedid,1
succès,5
prestigieux,1
nettoyées,1
fastes,1
zélé,1
camarade,1
répression,2
grande,3
cesse,3
tumultueuses,1
automatique,1
ajouter,1
précipiter,1
raison,3
beaufrère,1
retenue,1
politiques,10
mentionné,1
assurent,1
prodigieuse,1
méthode,1
disposons,1
sorti,1
monte,1
redouté,1
avouant,1
essentiellement,2
criminalité,2
européennes,2
accumulé,1
hommes,1
donne,1
permets,1
libéraux,4
armée,2
cinématographique,1
éprouvés,1
donner,1
serait,1
ainsi,6
restiez,1
armés,1
permette,1
attirent,1
frère,1
lent,1
suprême,4
inspirer,1
résistance,1
satisfaction,1
autoritaire,1
liées,1
matin,2
persistent,1
cohabitation,3
compatriotes,6
toutes,15
roudy,1
habile,1
torturées,1
déclarations,1
dévouement,1
entreprise,1
fonctionnaires,3
mars,4
persiste,1
participaient,1
francisation,1
finances,1
france,35
assister,1
yvette,1
partis,1
valeurs,1
jamais,6
montée,1
maintien,2
diabolisé,1
suffrage,1
algérienne,1
indignation,1
rigoureuse,1
anormale,1
comportait,1
conformité,1
dénuées,1
algériens,1
remèdes,1
dicté,1
ordre,3
regrouper,1
proche,2
complaire,1
détenus,1
promu,1
rapprochement,2
maîtres,1
compliquer,1
devaient,1
extraordinaire,1
occasions,1
tiré,1
obtenir,2
tjibaou,4
écoute,2
malfaisance,1
déjà,2
marquants,1
voulons,3
dissuasif,1
augusto,1
nationalité,3
hantise,1
fermes,1
attachés,1
financier,2
normal,1
légitimité,1
aller,3
peuvent,1
opérer,1
lettre,3
martyrisés,1
feraient,1
massifs,1
ostracisme,1
nôtres,1
artisan,1
embarras,1
veulerie,1
cantonales,2
complexe,1
liban,2
officiels,1
cynisme,1
etats,2
giscard,1
victimes,2
reprenons,1
voix,10
trahis,2
observateurs,1
spectacle,1
scandaleux,1
différence,1
suppression,1
revenu,4
urgentes,1
fini,1
vois,1
ambition,1
passant,1
hameçon,1
remonte,1
ratelier,1
vitesse,1
inique,2
peloton,1
présenté,2
arbitraire,1
portière,1
analyse,1
posent,1
téméraire,1
garante,1
aval,1
comportement,2
terme,1
attaquer,1
nier,1
démographique,1
madame,3
effort,3
personnalités,1
jusque,1
apôtre,1
puissamment,1
interroge,1
voeux,1
indispensable,1
police,1
crise,1
élimination,1
ardente,1
maintenu,1
courage,4
afflux,1
compétitions,1
sixième,1
invitent,1
bloqué,1
victoires,1
augmentation,1
manqué,3
économique,1
largement,3
calme,1
efficacement,1
auditeurs,1
profit,1
représentées,1
michel,1
honteux,1
espérer,1
léotard,1
demi,1
coeur,2
opté,1
centre,3
quasi,2
défense,1
nombreux,1
conduits,1
compères,2
vive,1
stupides,1
école,1
nationale,9
glorieux,1
sera,6
journalistes,2
déprécie,1
reconnue,1
reconnaître,2
gouvernement,5
écrans,1
coup,2
docilité,1
compris,2
élever,1
courte,1
parlement,1
précisées,1
partisans,4
dois,2
clins,1
valables,1
règle,1
répond,1
seul,4
égide,1
bourbon,2
globale,1
constante,1
retrait,1
démocratiques,2
illettrisme,1
dizaines,1
brutale,1
judiciaire,1
interrogé,1
entraînant,1
carl,2
agit,4
consultations,3
salut,2
agir,1
tendances,2
naufrage,1
gênée,1
algérie,4
faveur,3
doigts,1
lucidité,2
étroitement,3
triompher,1
séquestrés,2
chaise,1
intérieur,1
oscille,1
sort,1
gratitude,2
vedettes,1
sièges,2
selon,4
entrevoir,1
encore,1
matière,2
image,1
discutent,1
indulgence,1
proportionnée,1
lancer,3
retirer,1
chantage,1
imposteurs,1
chastement,1
proportionnellement,1
vaillants,1
tour,10
puisse,1
naissances,1
matériels,2
accordées,1
archanges,1
disposition,1
humour,1
apôtres,1
ardeur,1
clair,3
réjouis,1
demandaient,1
morts,1
vérité,1
émissaires,1
scrupules,2
derrière,2
particuliers,1
assiette,1
corruption,2
jean,6
locaux,1
premières,1
situation,4
facto,1
parmi,6
ressemble,1
clémence,1
tentative,2
sauvegarder,1
fourni,1
enthousiaste,1
démocratie,1
bain,1
pierre,6
barrages,1
fidèles,2
lesdits,1
présence,1
listes,4
esclavage,1
civique,1
remise,1
millénaire,1
argent,2
partisanes,1
implacable,1
histoire,3
entends,2
entendu,2
coût,2
hémorragie,1
sacrifice,2
lourd,1
machine,1
hélas,3
dans,6
centristes,2
intérêts,4
récusent,1
public,2
démon,1
médias,2
misère,1
présent,1
dirigiste,1
obtenu,2
permettaient,1
victoire,2
dépit,1
mobiliser,1
candidature,3
sous,2
représentation,1
tissu,1
vraie,1
invités,1
militantes,1
avère,1
rapport,2
gouvernemental,1
manifester,4
importante,2
tête,2
était,13
téléguidés,1
jusqu,8
accomplis,1
objectif,1
suivis,1
fille,1
mansuétude,1
ministre,4
évidemment,1
délégués,1
manière,1
émotion,1
bureaucratique,2
montand,1
incapables,1
redis,1
milieu,2
audiovisuelles,1
voisins,1
têtes,2
sunt,1
entièrement,1
thérapeutique,1
conscience,2
amis,10
abominable,1
rejeter,2
artificielle,1
concurrents,1
libération,3
jeanne,1
vrais,6
expériences,1
révolues,1
déclare,2
nouvelle,14
barre,1
déroulera,1
autonome,1
hallali,1
lumière,1
expression,3
reconnaissant,2
surprise,1
dictateur,1
efforts,1
patience,2
compassion,1
modèles,1
jugent,1
preuve,1
abstentionnisme,1
répète,1
assemblée,2
pleine,5
particulier,1
tranchés,1
patriotisme,1
plan,3
appartient,2
moindre,2
