first,second,likelihood_ratio
europe,patrie,26.42272744200507
nous,devons,33.8683789968814
toujours,plus,14.178827785161431
chers,amis,35.1641182379024
groupe,droites,45.21367257660443
politico,médiatique,69.36760687112935
pays,cèdre,33.13818536891183
classe,politico,38.48447050582428
marie,france,19.39034706729011
quelques,jours,30.81643917530993
grande,importance,32.326375883329746
front,national,309.5926972809313
peuple,france,22.032785298373113
était,temps,24.23726983687975
général,aoun,46.61372277746411
jean,marie,29.575780729766123
droites,européennes,50.5205342451566
plus,plus,5.138829126441896
tiers,mondiste,56.34259756580591
etats,généraux,42.98223706346428
parlement,strasbourg,50.86734630405139
parlement,européen,32.401800342155404
