word,raw_frequency
aidons,1
lieu,3
images,1
effondrement,1
pays,19
sortir,1
guider,1
cosmopolitisme,1
droitier,1
prétendent,1
présidentielle,3
culture,1
dates,1
excessives,1
refusé,1
voyez,1
mouvement,8
accaparant,1
actes,1
appartiennent,1
aucune,4
14juillet,2
représentant,1
madame,2
suspects,2
familiales,1
technocratique,2
tripoli,1
doléances,1
merveilleuse,1
maison,1
vainement,1
réservé,1
lequel,3
chefs,1
perdre,1
personnages,1
couleur,1
effet,1
pacifique,1
essentiel,2
etats,5
déclarations,3
suisse,1
protectrice,1
évident,1
dévouement,2
trouvera,1
visent,1
dimension,1
rompu,1
bateaux,1
concours,1
victorieuses,1
joffre,1
admire,1
fédérale,1
mars,3
électoral,2
berceaux,1
classe,4
protestataires,1
européens,3
thèses,1
sauter,1
religieuse,1
musical,1
tolérer,1
bien,25
bouillonnements,1
commentaires,1
bénéfiques,1
ferveur,2
asiatique,1
électorat,3
devons,3
reviennent,1
ouverte,1
envers,1
rature,1
automatiquement,1
fragile,1
marché,2
rassemblement,1
déshérence,1
termine,1
molles,1
devoir,4
chasseurs,1
vingt,1
commémorer,2
belle,2
division,1
interne,1
thèmes,1
récents,2
ouvrages,1
éminence,1
faisant,2
maléfices,1
manifestation,1
félicite,1
apatride,1
qualité,1
venir,4
électorales,3
rose,1
devant,4
taëf,1
numéro,2
chrétiennement,1
exemple,1
européenne,4
gravité,1
milliers,2
jours,6
insuffler,1
mélange,1
logements,1
extrême,2
côté,1
construction,2
sursaut,1
politique,19
stupeur,1
algériens,1
généreuse,1
avenir,9
disparition,1
poursuivi,1
oubli,1
sympathie,2
immédiat,1
viennent,4
bonheurs,2
puisque,1
ayons,1
accordée,1
réputés,1
abandonner,1
injures,1
ultime,1
rapidement,1
anciens,1
véritable,2
officielle,2
train,1
nôtre,4
acte,2
grâce,2
rappeler,1
comportant,1
modérées,1
bekaa,1
écrivains,1
dirait,1
subir,1
adhérents,1
lointains,1
pitié,1
arpaillange,1
régulièrement,1
reprenant,1
prolongement,1
régner,1
inflexible,1
inquiété,1
prévisible,1
affaiblir,1
lorsque,2
milieux,2
exploit,1
camarades,1
loué,1
témoigne,1
chômeurs,1
défilé,2
joignent,1
italie,1
libanais,3
manquement,1
atelier,1
poisons,1
nombre,6
nombreuses,1
messages,1
participer,3
mois,6
agissait,4
blessés,1
nécessaires,1
arabe,2
pêcheurs,1
poursuit,1
groupe,3
disproportion,1
élevée,1
meilleur,1
providence,1
combats,3
xénophobie,3
amalgame,3
terres,2
étrangère,1
combattre,1
responsables,1
quiconque,1
justement,1
héroïne,3
implantation,3
voire,1
tant,3
reconnaissent,1
fière,1
israélo,1
ressort,1
barbaresques,1
écrit,1
plaine,1
livrent,1
avignon,1
président,6
démocratiquement,1
pourvu,1
sympathisants,2
notamment,1
profession,1
considérait,1
quadrupler,1
accord,4
utilisé,2
contempteurs,1
annexant,1
ferme,1
incompatible,1
unités,1
groupuscule,1
trouvons,1
poursuites,2
lancée,3
réalités,1
renaissance,1
parousie,1
honorer,2
candidates,1
devenir,1
gouverné,1
comme,2
bâcler,1
crapauds,1
redoute,1
députation,1
pratiqué,2
devaient,1
année,15
verrou,1
allégations,1
désinformation,2
mériter,1
rappelée,1
abstenant,2
libertés,1
combattu,1
arrivent,1
réfléchir,1
statue,1
libanaises,1
violence,2
privilèges,1
vieil,1
souverain,1
auxquels,1
perte,1
seuls,6
observation,1
siéger,1
nettes,1
pense,1
liste,9
célébrer,1
voler,1
vite,1
angleterre,1
exemples,2
efforçons,1
déclin,2
nouveau,1
pleinement,1
quatorze,2
juteuses,1
flamboyant,1
instrument,2
bénéficiaires,1
enfin,5
talleyrand,1
latino,1
sommes,9
célébré,1
insurge,1
générosité,1
auront,2
folie,1
française,12
gestion,1
campagne,1
épaulés,1
voulait,2
incorruptible,1
démographie,2
forgé,1
risque,3
adhérent,1
appelé,1
tomber,1
islamiques,1
penser,4
attaqué,1
solution,1
date,1
imprégnant,1
améliore,2
bataille,1
syrienne,1
jacques,1
brûlé,1
pire,2
monarques,1
révolution,9
colonisation,2
strictement,1
nostalgique,1
fonds,1
siège,1
désintéressement,2
scandaleuses,1
décidé,2
abonnés,2
nettement,2
compacte,1
quelqu,1
exigeons,1
déclarant,1
bâtit,1
condamné,2
coups,1
envoyer,1
imperturbables,1
aurait,1
attachés,1
guerres,1
démarches,1
êtes,3
provinces,1
prétentions,1
préféré,1
outrances,1
grave,2
semble,2
juppé,1
passé,1
séance,1
bureau,2
combat,2
perpétuelles,1
convaincre,1
différentes,1
faire,10
sociaux,1
persécutions,1
attaqués,1
soupçonné,1
compte,2
longs,1
défense,3
attendre,1
exiger,1
californien,1
totalement,2
fais,2
niveau,1
heureux,1
rome,1
rend,1
anticipation,1
siècle,4
sociales,1
saurait,1
cherché,1
puissant,1
urss,1
fête,9
basée,1
campagnes,3
répit,1
annonce,1
pourfendeur,1
convaincu,2
elle,1
territoire,2
exigeant,1
écrits,1
mordait,1
temps,13
appels,2
action,3
honte,2
occidentales,1
recrutement,1
réapparaît,2
développement,1
aidera,1
massivement,3
attendant,1
contre,21
clergé,1
délimite,1
impressionnants,1
dire,6
esope,1
vocabulaire,1
départ,1
troupes,1
11otre,1
estimait,1
condamne,1
immigré,1
hâte,1
chrétienne,1
devait,1
truqués,1
portées,1
vieilles,1
excellent,1
entendre,1
claude,2
désunis,1
abord,3
désormais,2
piraterie,1
entend,2
modique,1
jugement,1
louis,4
transition,1
capitaux,1
coïncide,1
impérialisme,1
rougir,1
électeur,1
joyeux,2
prise,1
oreilles,2
rumeur,1
souveraineté,2
régence,1
accéder,1
prévoyant,1
diffusion,2
cantonales,1
frappé,1
nauséabonde,1
durer,1
convention,1
aujourd,15
initiés,1
arrivée,1
cependant,2
complète,1
gorbatchev,1
somme,1
boulimie,1
accepter,2
récemment,1
législatifs,1
municipales,4
causes,1
funèbre,1
envergure,1
quelques,8
inquiéter,1
préfacier,1
activité,1
bûcher,1
versailles,1
tranches,1
précurseur,1
bande,1
saluer,1
contraire,5
glas,1
nationales,3
marc,2
surplus,2
oppose,2
adam,1
faudrait,1
discours,1
offrent,1
faurisson,1
aspect,2
millions,3
aide,2
tenait,1
petites,1
façon,5
attente,1
terrorisme,3
voici,5
continuer,2
cinq,3
colères,1
conscients,2
occuper,1
montagne,1
syriens,1
empressés,1
engagement,1
adeptes,1
retenu,1
sauvegardées,1
choisir,1
jeunes,4
familles,3
initié,1
ennemis,1
politico,5
cause,3
publique,3
préciser,1
taire,1
couleurs,2
commençait,1
nomenklatura,1
santé,1
identité,3
préoccupations,1
préparons,1
cette,1
incarnée,1
soyons,1
socialiste,8
empressée,1
étalage,1
ferez,1
attends,2
autant,3
populaire,2
fourni,1
rhône,1
immigration,5
régresse,1
normalement,1
entre,4
mitterand,1
précise,1
réactions,1
américanisme,1
immigrés,1
prochaines,4
irai,1
manifeste,1
volonté,3
communauté,5
décennie,1
jalonneront,1
tardives,1
confiait,1
modeste,2
définisse,1
souhaiter,1
introduire,1
renaissait,1
répandues,1
favoriser,1
menacées,1
européen,5
etat,6
auraient,3
discuter,2
insolente,1
farouche,1
déroule,1
côtes,1
déroula,2
large,1
poursuive,1
excellentes,2
majorité,3
inutile,1
représentent,2
ailleurs,5
misères,1
alger,2
malheureusement,2
brissaud,1
bleu,1
tortueuses,1
fermement,1
ferons,2
croient,1
boursière,1
populaires,4
reste,4
commune,3
libre,1
précisément,1
tentent,1
parlementaires,1
caricature,1
score,2
réclame,1
bonne,3
floral,1
serez,1
natal,1
absolu,1
intoxication,1
initiatives,1
partie,3
coudoyaient,1
suspicion,1
mode,1
assurer,2
semaines,2
confisqués,1
1957,1
infiltrées,1
culturel,2
songe,1
lointain,1
estimons,1
sophistiqués,1
militant,1
user,1
compagnon,1
traduites,1
voterez,1
défendre,1
faisons,1
puis,1
quasiment,1
conquis,1
instants,1
devrions,1
intégrité,1
celle,8
avenues,1
répub1iques,1
durant,2
conduis,1
deux,1
choses,1
volontés,2
urgente,1
enthousiasme,3
candidats,1
voué,1
saint,2
travaillent,1
seconde,1
menaces,1
1790,1
voudrais,1
fondement,1
sentiments,1
destruction,1
bronze,1
islamique,3
cinquième,1
combattants,1
proie,1
cendres,1
roussel,2
servir,1
horreur,1
mènent,1
créer,3
élan,1
doivent,1
verts,1
intenté,1
prendrons,1
classer,1
classes,2
colonisés,1
mettre,4
biais,1
fraternelle,1
imaginer,1
proposition,1
pied,1
véhicule,1
passionne,1
centaines,2
roué,1
déroulent,1
obtenue,1
chef,4
vérités,1
piegts,1
seigneuriaux,1
prévoyance,1
pouvoir,12
personnalités,1
chez,3
interprètes,1
suffi,1
même,2
afin,1
inconscience,1
cher,2
obtenus,1
réprouvé,1
catastrophe,1
jeune,1
régimes,1
régions,2
benjamin,1
dérape,1
soutien,1
chiite,1
japon,1
menace,1
exigence,1
recevra,1
fier,2
vaste,1
lire,2
plus,51
travers,1
provenance,1
envahisseurs,1
opinion,6
relevant,1
recueillir,1
recueillis,1
frères,1
françois,3
navires,1
culturelles,1
brillant,1
tués,1
reposer,1
cohésion,1
lors,1
malheur,1
grandement,1
remercie,1
assidus,1
élections,9
années,7
électeurs,2
disparu,1
aoun,5
importants,1
dogmatise,1
variantes,1
gros,1
chances,2
vigueur,1
protégée,1
cantons,2
sinon,2
ceux,1
général,9
venons,1
entier,1
paradoxal,1
nécessité,1
maigres,1
profité,1
connaîtront,1
combler,1
étrangers,5
ambitieux,1
humainement,1
commençant,1
damas,1
allons,6
revendique,1
civique,2
insuffisance,1
maintenir,2
degueldre,1
calomnies,1
conduisais,1
récentes,2
voyons,1
gouvernants,3
prennent,1
vichy,1
libanisation,3
donner,2
oubliez,1
fond,2
métiers,1
acharnement,1
aveuglement,1
voyant,1
sociétés,1
bourse,1
"...""",2
continuent,1
brillante,1
satiété,1
tout,2
intitulait,1
tour,3
tous,3
progrès,5
aimons,1
existe,1
frapperait,1
avril,1
approuve,1
mort,1
étendre,1
bons,4
cathédrales,1
sida,3
déliquescente,1
réalisait,1
peine,2
stirbois,3
toute,15
seules,1
redorer,1
phéniciens,1
joxe,1
mêmes,6
imparti,1
manifestations,1
tombes,2
unis,1
sourds,1
ancienne,1
confédération,1
fournir,1
hommage,3
faut,4
nullement,2
lauriers,1
arbitrer,1
front,31
ajouter,1
prudence,1
antan,1
alignaient,1
étendue,1
jeunesse,5
vils,1
tournées,1
embauche,1
destin,2
ascension,1
chine,1
vigancour,1
créant,1
profite,1
gagné,1
drogue,1
rejoindre,2
bouches,1
prévoit,1
attrayant,1
noblesse,1
arafat,1
deuils,2
novembre,2
dangereuse,1
asphyxier,1
oeuvre,1
qualifier,1
compter,1
fournie,1
offensive,1
refus,4
convient,1
chacune,1
soutenu,1
passées,1
pétain,1
génocide,2
point,6
viser,1
militaire,1
municipalités,1
commencé,1
étatisme,1
déchargeait,1
essentiels,2
chrétien,3
dévouant,1
révolutions,1
fortement,1
pressaient,1
bâtisse,1
déjeuner,1
sociale,2
tendancieux,1
ignorer,1
impôts,1
systématique,1
celui,4
tiendrait,1
essentielles,1
épargnants,1
connu,1
indomptable,1
persécution,2
voulons,1
échéances,1
résolue,2
parvenir,1
racines,2
revoir,1
souhaits,1
totale,2
clivages,1
flot,1
prévisions,1
allégresse,2
national,33
meilleurs,1
imprégner,1
fumée,2
hésité,1
mosquées,1
faciliter,1
questions,1
décapiter,1
crier,1
garde,5
meilleure,1
médiatique,7
allée,1
avertissements,1
départements,1
autres,7
demande,7
dite,1
revenus,1
membres,3
insister,1
retentissement,1
exagération,1
",...",1
dovecar,1
levée,1
erreur,1
augure,1
active,1
attrayante,1
maréchaux,1
délibérément,1
destructions,1
peines,1
instances,1
confédérés,1
près,1
paraît,1
intention,1
groupes,1
législatives,3
musulmans,4
étant,3
juin,5
avais,3
avait,4
lucidité,1
égales,1
fanatiques,1
gênions,1
vraisemblance,1
1880,1
évacuation,1
définir,1
proches,2
quoi,1
payée,1
chrétiennes,2
crié,1
exigences,2
seul,1
tripler,1
énergie,1
transporté,1
clause,1
antérieure,1
médiocrement,1
vastes,1
diaboliser,1
communautés,2
chômage,1
votre,1
mesures,3
élite,2
lecteurs,1
textes,1
marches,1
échec,1
brusque,1
marque,1
souhaité,1
générale,1
annuelle,2
renouveau,2
consentement,1
effacer,1
demandé,2
interprétée,1
esprits,2
élites,1
ampleur,1
importe,1
projets,1
rendre,4
période,2
publiées,1
elysée,1
splendides,1
logement,1
professeur,1
abstentions,1
appui,2
commenté,1
listes,1
descente,1
maternel,1
promesse,1
longtemps,4
concorde,1
accapare,1
améliorer,1
ormesson,1
mauvaise,1
dominante,1
élargit,2
génération,1
capitale,1
vivante,1
signalerai,1
survient,1
provocation,1
sorte,3
tâches,1
paris,6
invite,2
reçus,1
accent,1
abondamment,1
tolérance,2
provoqué,1
patriotiquement,1
après,8
plaisir,1
rouen,1
développer,1
ligne,1
conscient,1
croire,4
accusant,1
façons,1
célèbrent,1
jugeait,1
leaders,1
tracé,1
dévoyée,1
centième,1
agonie,1
derniers,2
impostures,1
exception,2
sunnite,1
vraiment,2
rôle,5
pilori,1
aura,3
industriels,1
petite,1
alimenter,1
permettez,1
noël,1
continentale,1
martyr,1
dangers,2
exprimer,4
trouve,3
encyclopédistes,1
droites,4
modernes,1
espérance,2
petits,3
1787,1
financières,2
soumis,1
profondeurs,1
poperen,1
actuellement,1
socio,1
vieux,1
quarts,1
promouvoir,1
1789,3
conséquences,2
vents,1
opposer,2
porter,2
malveillance,1
commandement,1
attentivement,1
affrontement,1
musulman,1
globe,1
parti,9
nous,17
chute,1
jouisse,1
soutenir,1
oublier,3
combier,1
phénomène,1
commis,1
pessimistes,1
réussi,2
politiciens,1
bergers,1
notable,3
combien,1
écoeurant,1
apparaît,1
arabes,1
rocard,1
danger,2
vaincre,1
europe,19
pollution,1
carence,1
peuples,3
intérêt,2
sent,1
sept,1
permis,1
gréco,1
sens,3
demeurer,1
traditionnellement,1
dernière,2
représenterait,1
servitude,2
issues,1
modèle,1
caire,1
raison,3
heures,3
corps,4
natale,1
socialisme,2
détermination,1
arriver,1
1985,1
aimable,1
capitalisme,1
remous,1
cours,5
tradition,1
indifférence,1
adhésions,1
trouvé,1
occupent,1
moitié,3
champ,1
haute,1
dénoncer,1
villes,2
indépendance,3
aigris,1
répandant,1
rouler,1
accompli,2
pérennise,1
malheureux,1
prétentieuse,1
emplois,2
allusion,2
nations,1
trois,7
blason,1
sûrement,1
vendéen,1
aurions,2
officiait,1
pensent,1
dimanche,2
dont,13
notre,2
leurs,14
sexe,2
donc,1
universalisme,1
voulu,2
sait,1
particulièrement,1
mondiales,1
sais,1
citer,2
martyre,1
partage,1
magnifique,1
société,2
présent,2
victoire,4
sous,1
organiser,1
finistère,1
intermédiaire,1
pris,1
centre,1
forte,1
éminemment,1
davantage,6
empêcha,1
première,3
opéra,1
petit,3
scrutin,4
autour,13
aurèle,1
responsabilités,1
conquérir,1
appellerions,1
connues,1
issus,1
avis,1
devienne,1
etoile,1
adopter,1
grand,11
cacherai,1
répandre,1
associer,1
trahi,1
revient,1
teint,1
trempé,1
constitutionnels,1
suspect,1
françoise,1
tiers,6
serrer,2
contribuer,1
tchador,1
satisfactions,1
entrons,1
appréhendé,1
pupitre,1
devez,1
consultations,2
triomphe,1
soldats,1
urnes,1
ambassade,1
guerre,1
libératrice,1
humaines,1
préférence,2
communal,1
forment,2
assez,4
prochaine,1
constants,1
entendons,1
expose,1
élection,2
avantages,1
rituel,2
regroupées,1
troisième,4
racistes,2
recruter,2
abrogées,1
armées,2
joué,3
accréditer,1
lobbies,4
délai,1
salon,1
tard,2
théories,1
excessive,2
jettent,1
nuances,1
signaler,1
inefficaces,1
remet,1
avortement,2
moribonde,1
organisation,1
inquiétude,1
administrateur,1
locomotive,1
secteur,2
ignore,1
fervent,2
salle,1
centenaire,2
conviction,1
venu,2
toulon,1
masse,1
scores,2
loin,1
écoles,1
cessent,2
possible,3
diderot,1
patrimoine,1
economie,1
rencontré,1
foch,1
doubler,1
professer,1
émanant,1
mythologie,1
monumental,1
terroristes,1
outre,1
pratiquement,2
besoin,2
dispositions,2
placés,1
utiles,1
sécurité,1
emploi,2
vagues,1
régime,4
quatre,3
fléau,1
rouge,1
conceptions,1
festivités,1
attaques,2
partis,4
travailleurs,2
confisquer,1
abois,1
dernières,1
présentation,1
décadence,3
litre,1
librement,3
mien,1
raspail,1
offrir,3
réforme,1
avocat,2
fêtes,3
attache,2
premiers,2
échéance,1
port,2
dignes,1
propre,1
veux,1
tombent,1
quant,2
pourrait,3
prochain,1
yeux,6
condamner,1
diffamateurs,1
règles,1
démoralisation,1
ayant,3
plein,3
implanté,1
présentant,1
souhaitant,1
autorités,1
tenu,1
quelconque,1
fondation,1
officielles,1
entreprises,1
internes,1
question,2
cela,2
craignons,1
députés,3
dose,1
laisser,3
investissent,1
promesses,1
attardés,1
employer,1
curieux,1
parachutistes,1
continue,1
puissances,1
professionnels,2
privé,1
abus,1
délié,1
loup,1
responsabilité,2
absent,1
xénophobophilie,1
patrie,5
encouragement,1
concitoyens,1
fureur,1
monarchie,1
sérieuse,1
laissé,3
septembre,1
secrétaire,1
fallait,1
raisonnables,1
devise,1
confiance,2
rideau,1
marchandises,1
français,17
adopté,1
libres,1
communistes,1
premier,4
ciel,1
arme,1
consternante,1
veulent,1
prospérité,3
firent,1
philippe,1
fondées,3
imprévu,1
effectif,1
follement,1
population,3
symbole,1
élément,1
circonstance,1
criminelle,1
surtout,4
bref,1
demander,2
hautes,1
dispense,1
autorisés,1
représentaient,2
légué,1
place,4
pourrais,1
paix,2
honneur,1
1975,1
couvrir,1
1976,1
doctrine,1
éminent,1
bout,1
françaises,2
détachements,1
abandon,1
cités,2
réunion,1
solidarité,3
dreux,2
vraie,1
gardes,1
privés,1
culturelle,1
boue,1
objet,2
arabie,1
blanc,1
importantes,1
échafaud,1
apporte,2
grandes,1
félons,1
élus,1
civiles,1
travail,4
prive,1
bernard,1
intimidation,1
principes,4
assassine,1
maroc,1
technique,1
république,4
communiste,1
protéger,1
auquel,2
constituent,1
mettent,2
regroupé,1
conséquent,1
révolutionnaire,1
position,1
épisode,1
insoutenables,1
âmes,2
dieux,1
avance,1
moyens,2
domaine,3
votants,1
arguments,1
attentifs,1
réflexion,2
frappent,1
directeur,1
réelle,1
licra,1
actuelles,2
depuis,2
renouveler,1
sauver,4
inversion,1
bastien,1
maints,1
partielles,2
suis,3
fortunes,1
pensée,1
démissionnaire,1
massive,1
illimitée,1
spéculateurs,1
journal,1
manifestent,1
fayette,1
lignes,1
vital,1
savait,1
économiques,1
renouvelle,2
idées,8
électorale,1
toujours,11
justice,3
origine,2
atteint,1
judiciaires,1
loire,1
submersion,1
capacité,1
remporte,1
clair,1
voté,1
organes,1
généraux,3
entêté,1
nobles,1
coeurs,1
quittés,1
secours,1
hitlérienne,1
affliger,1
merveilleux,1
lara,2
modification,1
voter,2
patriotes,2
témoignant,1
automne,1
plusieurs,3
légitimes,1
hommes,4
villageois,1
peser,1
épargne,2
incessant,1
beau,2
intervenir,1
représente,4
accroître,1
sensiblement,1
échelle,1
épais,1
inventé,3
strasbourg,12
constitutionnel,1
taxé,1
équilibre,1
droite,4
nationaux,2
mitterrand,2
drapeau,3
long,1
troupeau,1
mondiste,4
ancien,4
droits,3
considérable,1
voltaire,1
sincérité,1
xviiie,1
dialogue,1
puissent,3
tortures,1
précédentes,2
locaux,1
création,1
domrémy,1
gauche,4
certes,1
prix,1
finalement,2
prie,1
collèges,1
ordres,1
scandaleuse,2
mènerons,1
fort,2
permettait,1
indécente,1
tranquillité,1
soient,5
étonnante,1
présidence,2
historien,1
élevé,1
affaire,3
vote,6
fleurir,1
prison,1
départemental,1
installant,1
raisonnable,1
trouverez,1
publiée,1
traduit,1
futures,1
quinze,3
époque,4
tragédies,1
fascination,1
mixte,2
réaliser,3
suite,4
opérations,1
vient,2
adage,1
tourne,1
réputé,1
communes,1
savons,3
vivre,1
autel,1
ruineuses,1
marie,7
respectueux,2
représenté,1
appelle,3
brisent,1
tiens,1
lutte,3
inlassable,1
vivent,2
texte,1
doute,2
protection,2
chrétiens,6
anti,2
capable,1
inaugurale,1
réservés,1
abstient,1
refaire,2
mexicaine,1
signature,1
bandés,1
indéniable,1
parlementaire,1
promontoire,1
conseil,2
assad,1
profitent,2
publication,1
maghrébin,1
assaillant,1
midi,1
militants,2
règne,1
chance,1
soviétique,2
dévalués,1
sujets,1
montesquieu,1
borné,1
melting,1
procurer,1
insignifiantes,1
sortes,1
anéantissement,1
osent,1
agression,2
syndicats,1
accordant,1
commande,1
soin,3
fidèle,2
redressement,1
immunité,1
rebat,1
puériles,1
fameuse,2
puissante,2
révoltante,1
soit,8
urgence,1
bulletins,1
ouvertes,1
avions,2
campent,3
pages,1
israéliennes,1
bancs,1
réels,3
triste,1
croit,1
chers,3
vivons,1
prévue,2
consignes,1
symboliser,1
tristement,1
définitive,2
priorité,3
sceaux,1
khomeiny,4
réalité,2
détails,1
clausus,1
rien,4
résolution,3
bicentenaire,3
affaiblissement,1
libanaise,2
ériger,1
ouvrir,2
capital,1
levant,2
vouloir,1
lâche,1
espoir,3
observer,1
essor,1
cruel,1
persisté,1
passe,1
rêver,1
devenues,1
reproché,1
illustre,1
sordides,1
pourrons,1
enracinés,1
tiennent,1
continuons,1
publiquement,1
fiers,1
alors,2
puisqu,2
joie,1
résultats,3
capétien,1
rejoint,3
racisme,1
prôner,1
personnelles,1
clouait,1
pourtant,3
international,1
quelquefois,1
aurez,1
tendances,1
tirer,1
douze,2
avaient,2
peuple,14
verser,1
provence,1
chevènement,1
complot,1
système,1
syriennes,2
rues,2
militaires,2
commentaire,1
égard,1
prompt,1
ministres,1
réserves,1
enfers,1
mieux,6
démocratique,1
décembre,1
étoffé,1
progresser,1
sachant,1
tragiquement,1
1988,2
1989,7
milices,1
importance,4
localités,1
1983,1
convocation,1
assumerons,1
forme,2
réprésentent,1
sensibles,1
beaucoup,6
étrangères,1
avons,9
attitude,1
coïncident,1
démentielle,1
retrouve,1
velléité,1
massacrer,1
massacres,2
monde,3
agresseur,1
huit,1
veil,2
partout,2
annoncé,1
entouré,1
certains,7
parviendront,1
massu,1
justes,1
mondialistes,1
famille,3
influence,2
mijoter,1
porte,2
revendication,2
certaine,1
quand,2
divers,1
prend,1
bombardements,1
suffrages,3
dirigeants,2
exploiter,2
veut,3
puisse,2
janvier,1
camps,2
marquer,1
gann,1
humbles,2
dénonce,1
maronites,1
sérieux,2
femmes,2
invasion,5
secourir,2
remporter,1
organisé,1
librairie,1
étatistes,1
lesquels,1
ennemi,1
imposer,1
demain,3
sauront,1
supplémentaire,1
défenseurs,2
liberté,4
gens,1
reviendra,1
embarrasse,1
adversaires,1
tenter,1
laquelle,6
approfondissement,1
procès,2
dernier,3
évidence,1
riches,1
religion,1
agisse,1
modérés,1
parfois,3
clairvoyance,1
nerf,1
unité,1
tardive,1
tièdes,2
siècles,6
traité,1
piéger,1
occasion,7
exprimés,2
allemagne,2
relativement,1
rivages,1
cessé,1
invasions,1
corbeille,1
respecte,1
prélèvements,2
objectifs,1
apportera,1
désagrège,1
cernés,1
race,2
delà,1
dieu,3
amende,1
paul,2
compétition,1
frisant,1
contrôlée,1
doyen,2
religieux,2
portée,1
socialistes,7
puissance,3
meurtrières,1
intolérants,1
subversion,1
barrage,1
prononcé,1
nouvelles,1
informations,2
risques,1
exalte,2
rassemble,1
engagements,2
rappellerai,1
absolument,1
réaliseraient,1
sondages,1
fruit,2
dénoncé,2
royale,1
économie,4
cohabiter,1
intolérance,5
peur,1
répercutant,1
intervention,3
prendre,1
incomparable,1
admiration,1
etre,1
déposer,2
assemblées,1
nation,5
étouffée,1
ramène,2
directe,1
événement,1
facilité,1
pratique,1
spirituelles,1
désirées,1
grands,3
thiry,1
face,2
alternative,1
napoléon,2
succès,10
préserver,1
prestigieux,1
déjà,7
agira,1
respecté,1
annexion,1
grande,11
approximative,1
cesse,8
grandi,1
agressions,2
pour,6
foyer,1
jusque,3
nord,1
déçu,1
teintés,1
vouée,1
sournoises,1
travaillé,1
assumer,1
respectée,1
fabius,2
européennes,10
accru,1
congrès,1
proposé,1
propos,5
islam,4
donne,2
bouleversements,1
orateur,2
armée,6
druze,1
néant,1
oublié,1
ainsi,6
saisons,1
quotidiennement,1
succèdent,1
versatilité,1
armés,1
injustice,1
nullité,1
phénix,2
prétend,2
suprême,1
bureaucratique,2
résistance,2
satisfaction,1
cumule,1
falloir,1
conflit,1
chaleureux,1
internationaux,2
souvent,1
compatriotes,2
dénonçais,1
toutes,18
gerard,1
actuels,1
scélérate,1
cortèges,1
torturé,1
formation,1
riposte,1
oiseau,1
nombreuse,1
interview,1
locales,1
certitudes,1
bulletin,1
france,37
réconciliation,1
valeurs,3
jamais,6
maintien,1
assemblent,1
certain,3
indignation,1
vers,4
gardent,1
comportait,1
sein,1
chercher,1
scandales,6
mais,7
palestiniens,1
civilisation,1
noms,1
couches,1
ordre,3
regrouper,1
accusé,1
républicain,2
civilisatrice,1
procédés,2
ministre,2
maîtres,1
reproduit,1
perdure,1
extraordinaire,1
mourir,1
obtenir,1
constater,1
paysans,1
donné,2
sphère,1
syrie,2
apporter,1
certaines,2
muette,1
manqué,1
vague,1
comités,1
terre,4
allez,2
financier,1
oublie,1
normal,2
renouvellement,1
cèdre,3
extermination,1
peuvent,2
lettre,10
tolérées,1
feraient,3
massifs,1
proportionnalisme,1
déboucher,1
ostracisme,1
pouvons,4
glorieux,1
coraniques,1
aider,2
abonnement,1
liban,8
célébration,1
sonné,1
authentique,1
heureusement,1
évêque,1
victimes,3
vous,3
voix,4
cède,1
désarroi,1
scandaleux,1
fustiger,1
dogmatisme,4
évoque,1
vois,1
parlait,1
ambition,1
bastille,2
fera,4
ressources,1
avec,1
exalter,1
revenu,1
institutions,1
arbitraire,1
numerus,1
cotisation,1
conformes,1
rappelait,1
terme,2
antony,1
debout,1
démographique,1
dispendieuses,1
survie,3
armes,1
effort,2
graves,1
politiques,3
oublions,2
etranger,1
voeux,1
dominer,1
mesure,2
juillet,8
mépris,2
quantité,1
courage,1
chacun,6
pensants,1
victoires,1
augmentation,1
livré,1
défenseur,2
lyrique,1
économique,1
largement,2
chirurgicale,1
définition,1
contribuerez,1
diplomatie,1
recommandation,1
profit,1
surgi,1
beyrouth,2
délit,1
préférant,1
demi,3
tribunaux,2
essentiellement,1
esprit,5
défend,1
entretien,1
faiblesse,1
nombreux,1
mortels,1
épaulé,1
robespierre,1
vive,4
concernant,1
intéressantes,1
école,1
rempart,1
nationale,11
accaparer,1
tragédie,1
défende,1
sera,4
renforcer,2
enlevant,1
légales,2
bientôt,1
vivants,1
passés,1
impunité,1
positions,1
reconnaître,3
gouvernement,3
colistier,1
coup,1
compris,1
élever,1
clairement,1
respect,2
ardemment,1
plutôt,1
parlement,8
proscrivant,1
déontologiques,1
dois,1
salvatrice,1
iman,1
avez,2
familiers,1
flotte,2
intensif,1
veillent,1
tournure,1
accomplissant,1
provoquées,1
reims,1
déformation,1
constante,1
efforcent,2
retrait,1
juive,1
félonie,1
dizaines,1
autun,1
tiède,1
syrien,1
agit,5
participiez,1
patron,1
comporter,1
agir,2
forces,2
rêve,2
administratives,1
résulter,1
applaudissements,1
livre,4
commence,1
extrémistes,1
directement,1
assassinat,1
hôpital,1
trouvez,1
superbe,1
futur,1
kaouah,1
impunément,1
constitués,1
gratitude,1
langue,1
indestructible,1
sièges,2
selon,4
fable,1
encore,1
nouvelle,8
capables,1
lancer,2
personnelle,1
mercantile,2
saurais,1
volontaire,1
comment,1
alliés,1
vaillants,1
révolte,1
historiques,2
laxisme,1
matériels,1
evoquerai,1
relative,1
gagnent,1
résumé,1
inexactement,1
ardeur,1
gravement,1
poussés,1
jouer,2
perfectionner,1
morts,1
vérité,1
évoquait,1
quitté,1
derrière,2
lorsqu,3
évoqués,1
tendancieuse,1
jean,8
consente,1
premières,2
situation,6
déconfiture,1
naguère,2
tentative,1
frontières,1
maximum,1
laborieux,1
réputation,3
démocratie,2
traversée,1
pierre,2
intellectuelle,1
pendant,3
fidèles,3
inspiré,1
générations,2
présence,4
préparée,1
envoi,1
créneau,1
souhaitons,1
1919,1
eglise,1
argent,2
prétexte,1
scabreux,1
histoire,2
entendu,2
réfère,1
sacrifice,1
montent,1
ignobles,1
dans,3
exorciser,1
intérêts,4
furent,1
sauf,1
incontrôlée,1
convoquaient,1
exprès,1
public,1
présentés,1
tixier,1
misère,2
mobilisez,1
mutuelle,1
identités,1
obtenu,1
moment,3
souci,2
rapide,1
rousseau,1
attendait,1
extérieures,2
simple,3
rapport,2
pure,1
acheter,1
immobile,1
devenue,1
manifester,1
importante,2
secret,1
tête,2
était,9
dépit,1
marseille,3
jusqu,6
fille,1
meurtre,2
affaires,5
instant,1
vocation,1
nazis,1
croissance,2
émouvante,1
annule,1
promettait,1
philosophes,1
flétris,1
contrairement,2
biens,2
milieu,1
piège,1
voisins,1
coeur,3
insinuant,1
palmarès,1
1920,1
conscience,2
amis,14
leur,1
profiter,1
nuit,2
jeanne,6
algérie,2
historique,2
provocateurs,1
mourad,1
déclare,1
arrive,3
incomparables,1
atroces,1
encombrante,1
amie,3
désert,1
prêt,1
lumière,3
parmi,6
accaparés,1
veille,1
versions,1
extérieure,1
second,1
efforts,1
lâcheté,2
débat,1
député,2
répète,1
disparus,2
assemblée,5
pleine,4
particulier,1
fidélité,4
coûté,1
périls,2
patriotisme,1
reproche,1
plan,8
engendré,1
comptables,1
