word,raw_frequency
règle,2
lieu,2
effondrement,1
immonde,1
grossir,2
nature,1
encontre,1
toung,1
nationalisations,1
cache,1
prétendent,1
principe,1
dynamique,1
treize,1
position,3
spécialistes,1
lien,1
émergé,1
tendant,1
mélange,1
effets,1
problèmes,7
émissaire,1
parler,2
décidément,1
natalité,1
tandis,1
flagrante,1
rassemblant,2
préparation,1
maison,1
motion,2
idée,1
egypte,1
efforcée,1
lequel,2
suscité,1
chefs,2
déséquilibres,1
approche,1
choisi,2
restent,1
confessions,1
acte,1
comité,2
afin,1
clandestins,1
rassurante,1
gratitude,2
déposé,2
dimension,1
transports,1
contrer,1
parlez,1
circulation,1
verrons,1
matérialisme,1
tutoient,1
apaisant,1
perpétrées,1
électoral,2
difficultés,1
chaban,1
immédiatement,1
européens,3
thèses,1
rallier,1
ouverts,1
phénomène,1
faux,1
bien,17
structure,1
adultes,1
criminalité,1
yvan,1
pesant,1
devons,2
mille,1
conserve,1
ardemment,1
ouverte,1
recueillant,1
témoignent,1
automatiquement,1
sonnant,1
désastreuse,2
réclamer,2
affectueuses,1
mélancolie,1
renseignement,1
dégradation,1
estimer,1
devoir,5
adeptes,1
admettre,1
bénéficié,1
diriger,1
grandeur,1
geste,2
arabes,2
immigrés,2
guéguerre,1
bois,1
faisant,1
commun,1
interdite,1
proclamaient,1
cohérent,2
1985,1
torpeur,1
électorales,5
rose,1
devant,9
civile,1
défense,4
numéro,1
représentent,1
européenne,5
angoisse,1
figaro,2
milliers,2
jours,5
pierre,1
parlementaire,6
devait,1
futurs,1
suprema,1
compagnies,2
notre,5
1945,1
double,1
règlement,1
1942,1
prébendes,1
billet,1
fabien,1
persique,2
disparition,1
affairisme,1
vergogne,1
enracinement,1
kilomètres,1
accusation,1
élective,1
viennent,4
puisque,7
aussitôt,4
pressions,2
restaurer,1
garanties,2
dîners,1
tiers,1
uniront,1
injures,1
trente,1
islam,2
anciens,2
subie,1
levée,1
suffrage,1
nôtre,1
primordial,1
grâce,1
objet,1
oeuvre,4
proposons,1
dirait,1
élire,1
adhérents,4
salariés,1
devenus,1
prônée,2
brûlantes,1
démontrer,1
pitié,1
delors,1
juger,1
juges,1
redoublée,1
entouraient,1
législatives,1
pseudo,1
exemplaire,1
pordéa,1
lâchons,1
pièges,1
mesures,2
demandons,1
lorsque,2
milieux,2
camarades,2
rappelle,3
chômeurs,3
pays,26
fruits,1
rivalités,3
nombre,7
mats,1
révélateurs,1
ardentes,1
parce,5
participer,1
mois,5
montaient,1
encens,1
arabe,2
projet,6
fraternité,1
mondiaux,1
personnel,1
léniniste,1
maires,2
présentement,1
xénophobie,1
amalgame,2
objective,1
utilisés,1
population,1
fourniture,1
tambour,1
artificiel,1
justement,2
héroïne,1
soldats,3
devez,2
promis,1
faute,3
réviserait,1
tant,5
concurrence,1
renouveau,1
dessous,1
immense,1
vraie,2
enseigné,1
président,7
multiplier,1
priver,1
sympathisants,2
notamment,5
entier,2
préférence,3
accord,1
accéder,2
intégristes,1
réagissaient,1
entretenir,1
tinville,1
prédominantes,1
ferme,1
empêchant,1
islamistes,1
important,2
affreuse,1
bonheur,1
comprendre,1
amers,1
renaissance,2
effet,3
bombillements,1
andré,1
prochaine,2
opposants,1
devenir,4
essentiel,1
comme,3
douloureuses,1
profit,2
etats,3
interviendraient,1
égard,1
année,5
existe,2
limites,2
convaincre,2
agissaient,1
hiérarchie,1
culte,1
affiches,1
sein,3
fautes,1
incurie,1
représentés,1
calculs,1
violence,3
privilèges,1
tenailles,1
amérique,1
goût,4
faillite,1
seuls,1
amies,1
pense,2
liste,1
partager,4
cherche,1
trône,1
déclin,2
pèsent,1
honorables,1
minutes,1
soumises,1
destin,1
accuse,1
profonde,2
mener,2
enfin,2
aperçus,1
fausse,2
sommes,10
incitation,1
élément,1
hara,1
auront,1
sommet,1
chine,1
sénateurs,1
française,5
communication,1
sept,1
condamnation,1
atteignant,1
aérien,1
chez,6
pensez,1
présenterons,1
géographie,1
kiri,1
événements,1
penser,1
approfondis,1
extrémiste,1
anodin,1
émeutes,1
autrement,1
fussent,1
représailles,1
conserver,2
groupements,1
provoquer,1
tonnerre,1
conseiller,1
révolution,1
bafouées,1
odieuse,1
logement,1
décidé,1
phrase,3
voisin,2
pratiques,1
idéologie,2
exprimant,1
acharné,1
quel,1
condamné,1
asseoir,1
élyséen,1
lobbies,1
formations,1
demandeurs,1
aurait,5
défier,1
places,1
vilenie,1
guerres,1
limpides,1
êtes,4
négociée,1
outrances,1
grave,2
semble,3
juppé,2
orient,5
oublie,1
bureau,4
combat,4
ébréché,1
différentes,2
faire,17
sociaux,2
viol,1
futiles,1
classe,1
compte,1
défaut,1
bras,1
faiblesse,2
aucune,1
désordonnée,1
ouvertement,1
bâillon,1
promettant,1
contenter,1
enlève,1
convoque,1
heureux,1
supprimer,1
rome,1
provenances,1
brith,1
faveur,2
siècle,2
cohésion,1
américaine,1
puissant,2
fête,1
1939,2
regard,1
daté,1
campagnes,4
caniculaire,1
popularité,1
paix,3
annonce,1
secrètement,1
1988,1
étude,1
complots,1
culpabilité,1
insidieuse,1
condamnée,1
temps,4
auxquelles,1
action,4
sache,2
paysan,1
bâillonner,1
hussein,1
davantage,1
contresigné,1
développement,1
commande,1
contre,23
dira,2
périls,2
abnégation,1
quintessence,1
dire,6
gaspilleurs,1
mouvement,7
désapprouvait,1
compétence,2
troupes,1
vacances,1
origines,1
refus,1
tristesse,2
distingué,1
précieuses,1
sortes,1
insinuation,1
million,1
préparées,1
magasins,1
entendre,5
animateur,1
abord,5
désormais,2
entend,2
inconditionnels,1
monsieur,1
coupables,2
louis,1
douanes,1
dissimuler,1
village,1
modernisation,1
oreilles,2
péché,1
meeting,1
suez,1
salles,2
citoyen,2
arithmétique,1
écouter,1
confidentielle,1
dures,1
poitrine,1
gendarmes,1
équipe,3
serfs,2
bruyantes,1
arrivée,1
verser,1
songeons,1
gorbatchev,3
irréalisable,1
désaveu,1
prétendue,2
déchirée,1
accepter,1
récemment,3
municipales,4
interdire,2
minimal,1
avec,2
nécessaires,1
quelques,8
affligeant,1
militaire,4
versailles,1
effectuait,1
aviateurs,1
dada,1
brusquement,1
rédigé,1
cynisme,1
électeur,1
poullain,1
aujourd,14
microcosme,2
manifesté,1
faudrait,1
conforme,1
discours,3
publiait,1
profanateurs,1
aube,1
millions,4
budget,1
tenait,1
occidental,1
ennemis,2
georges,2
trouve,1
économie,1
terrorisme,2
masquer,1
classiques,1
sofres,1
trahison,1
organiser,1
nocif,1
interdictions,2
seraient,1
résoud,1
différents,1
réaffirmé,1
guère,2
désordre,1
contient,1
majeure,1
recherchons,1
partielle,2
trompés,1
familles,2
savent,3
sénat,1
spectacle,1
cause,5
publique,5
âpre,1
aériens,1
rendait,1
pérennité,1
santé,1
sociale,3
identité,3
table,1
cette,1
floue,1
rencontré,1
socialiste,4
défrichée,1
sondage,3
ferez,1
autant,7
populaire,5
froid,1
lyon,1
belliqueuses,1
quadruple,1
immigration,8
raconte,1
aider,1
entre,13
obtenaient,1
présidents,1
réactions,2
retour,5
iran,1
créé,2
prochaines,3
fraternel,1
irak,9
opération,2
ville,3
volonté,5
responsable,2
ordre,2
inscrire,1
ambition,3
rassasie,1
disent,1
juridique,1
modeste,1
désapprouve,1
revenus,1
armée,2
légères,1
souvient,2
persécuter,1
menacées,2
européen,2
etat,10
auraient,5
battons,1
tolérés,1
médiatiques,3
villepinte,1
rang,3
irréversible,1
1956,1
points,4
marseille,1
attestant,1
impose,2
gouverner,1
majorité,5
proportionnelle,1
ailleurs,5
condamnables,1
syrie,1
refoulement,1
tragique,1
tortueuses,1
écho,1
connue,1
député,2
reste,3
titres,1
enragent,1
libre,1
intestines,1
dénationalisations,1
tentent,1
parlementaires,2
sauvetage,1
alimentaires,1
désolidarisais,1
emploi,1
séguin,1
novembre,1
élèves,1
emprunté,1
grand,7
énergumènes,1
serez,1
atteinte,1
résolu,1
agro,2
initiatives,1
échelle,2
raisonnables,1
réduction,1
mode,1
assurer,1
traitant,1
conquérir,1
importante,1
urgent,2
sécurité,3
naissance,1
pasqua,2
pires,2
affichés,1
vivait,1
sentiment,1
cote,3
supplémentaires,1
fonctionnaires,1
hâtez,2
documents,1
progrès,1
intolérance,2
noter,3
fallait,3
aboutirait,1
manifestation,2
fêtes,1
suicide,1
pain,1
actuel,1
menacé,2
dignité,2
comparer,1
celle,8
refait,1
durant,2
courte,1
incluant,1
julien,1
enregistré,1
tente,1
vietnamien,1
clôture,1
exercice,2
sanctionnée,1
enthousiasme,1
consulté,1
remarquable,2
saint,1
partis,10
demeure,1
seconde,1
préconisé,1
américanophiles,1
meetings,1
désaccords,1
servie,1
menaces,4
très,1
sections,1
voudrais,1
efforcé,1
morales,1
saine,1
préférez,1
ouvrir,1
caméra,1
équilibre,2
réputé,1
servir,1
xénophobes,1
répondent,1
émurent,1
éventualité,1
référendum,1
électoralement,1
noir,1
représentants,1
bourgades,1
tenace,1
emprisonner,1
pieds,1
vouloir,1
fausses,3
tétanisés,1
lisez,1
refuser,2
dresse,2
trouvés,1
prêche,1
auto,1
respectueuse,1
fonciers,1
soulevé,1
rogner,1
arranger,1
secrétariat,1
critiques,1
social,4
silence,1
mondial,2
décalogue,1
réfugié,1
connotations,1
bourrasque,1
pouvoir,13
délétère,1
légal,1
roses,1
installé,1
quiconque,1
barreaux,1
fiscales,1
libérale,2
précédent,3
jeune,3
supprimée,1
modérées,1
cimetières,1
bellicisme,1
soutien,1
malgré,3
votées,1
mission,1
insuffisances,2
chirac,8
réjoui,1
poignardé,1
recevra,1
mobilise,1
comédie,1
allant,1
tenir,1
plus,66
établi,1
poète,1
demande,1
opinion,4
pourcentage,1
occident,3
bancaires,1
avez,1
françois,4
demeurant,1
aveu,1
constamment,1
sanctions,3
nette,1
soucis,1
éligibles,1
latin,1
joug,2
étranger,2
remercie,1
vous,4
gamelle,1
efforce,2
années,5
devenu,1
procéder,1
disparu,1
financiers,2
redoutable,2
carpentras,10
indispensable,1
chacun,4
prospérité,1
importateur,1
propositions,1
populaires,1
rassembler,2
accueil,1
déchaîne,1
ceux,2
général,1
internationales,2
écrite,1
jospin,2
rebattu,1
homme,7
baltes,2
publicité,1
querelles,2
ambitieux,3
candidats,3
commençant,2
celles,3
saisir,1
demeurés,1
financièrement,1
effondrent,1
civique,1
insuffisance,1
suivie,1
maintenir,1
rapatriement,1
calomnies,1
disant,1
région,3
empêcher,1
partie,3
butte,1
résolutions,1
hexagone,1
notant,1
procèdent,1
écartons,1
caractère,1
manipulation,3
cultivateurs,1
extérieure,1
fond,3
métiers,1
second,1
renforcer,1
"...""",2
éclaté,1
marseillais,2
tout,1
pourront,2
tour,3
tous,3
classique,1
lucide,2
correspondu,1
monde,17
scolaire,1
fallu,2
morale,4
pratiquement,1
sursaut,1
bons,1
répondu,1
sida,3
divisions,2
politique,34
stirbois,1
toute,11
écoeurant,1
conviens,1
visages,1
pantin,1
mêmes,4
neutralité,1
mensonge,1
tombes,1
unis,3
perdu,1
confédération,1
lycéennes,1
hommage,1
faut,7
véritable,1
ministérielle,1
nécessite,1
intelligence,1
front,39
ajouter,1
continuer,1
règles,3
jeunesse,3
armement,1
enfonce,2
échecs,1
pouvoirs,1
référence,1
comptant,1
soucieux,1
cohérence,1
gagné,2
drogue,2
rejoindre,3
semaines,2
chacune,1
prévoir,1
misérables,1
unanime,4
ayant,3
profits,1
ignorons,1
indemnités,1
trait,1
mauvaises,1
coalisées,1
base,2
terreur,1
nice,2
multiple,1
bases,1
lendemain,1
passées,1
repose,1
contrôle,1
fournit,1
écoutes,1
haine,4
substitué,1
point,4
raison,5
auditeurs,1
contraire,3
réclamées,1
déboires,1
subir,1
périodes,1
savons,1
cinq,4
éloigner,1
clairon,1
semblant,2
politico,4
telles,1
impôts,1
celui,8
fléau,1
actualité,1
conscient,1
idéal,1
connu,1
suivrons,1
violation,2
rouges,1
ambassadeur,1
échéances,1
éléments,1
identiques,1
attraction,1
messeigneurs,1
route,1
bénédiction,1
redoutaient,1
défendre,2
entrer,1
confirmant,1
national,38
trouvent,1
asphyxie,1
fastueuses,1
gardons,1
résolus,2
couronne,1
questions,1
fraternelle,1
déroulée,1
médiatique,2
respecté,1
autres,15
provenance,1
dite,1
membres,1
stupide,1
régler,1
nôtres,2
mort,3
corses,1
dirigée,1
commencer,2
reprises,1
ignorant,1
erreur,1
amnistie,1
transformer,1
sérénité,1
décisions,1
prévu,1
peines,1
coulpe,1
constituer,1
rester,2
renierait,1
intention,3
ajoute,2
permet,3
régulièrement,1
climat,3
enthousiastes,2
étant,1
avais,2
avait,13
égalitarisme,1
bordelaise,1
crimes,5
juif,1
majorer,1
claude,1
multiplient,2
optimisme,1
antiracisme,2
1881,1
charte,1
siffler,1
indépendants,1
boat,1
alimentaire,1
proches,2
quoi,2
résipiscence,1
parisiens,1
solutions,2
attiré,1
antiraciste,2
ping,1
arrondissement,1
battant,1
heure,5
régionale,1
inestimable,1
annexé,1
retrouverons,1
décennies,1
simples,2
profondes,1
diaboliser,1
soviétiques,1
chômage,1
professionnelle,1
voitures,1
prévisible,2
élite,1
saisissant,2
exécutif,2
invasion,1
surgira,1
désintègre,1
opiniâtreté,1
decourtray,1
parachutistes,1
anticommunistes,1
refusé,1
législatif,1
villes,2
souhaité,1
engagement,1
abandonner,1
générale,1
horace,1
annuelle,1
communs,1
entendait,1
effacer,1
envahis,1
vertu,1
exercées,2
intervenu,1
bagdad,4
rendre,4
établissement,2
ambassade,1
commune,3
350000,1
chose,2
fureurs,1
églises,1
meilleures,1
céder,1
tumulte,1
ardents,1
jouent,1
longtemps,1
privé,2
amour,1
prisons,1
imposantes,1
offrir,1
capitale,1
sécheresse,1
impuissance,1
commandant,1
ambitions,3
exposé,1
provocation,1
sorte,1
paris,5
invite,1
glacés,1
affirmons,2
iront,1
irons,1
dominante,1
mieux,1
chaque,2
incitatives,1
développer,1
potentats,1
ligne,1
garder,4
complicité,3
communiste,9
entré,1
retourner,1
programme,3
finalistes,1
âmes,1
passer,1
privilégier,1
béria,1
espoir,3
regagner,1
vraiment,2
rôle,3
motivations,1
aura,2
petite,1
avenir,6
errements,1
privée,2
histoire,4
progresser,1
hier,2
souverainement,1
exprimer,1
annuel,1
fiscalité,1
exploitée,1
droites,1
lang,1
claires,2
espérance,1
entreront,1
petits,2
péremptoires,1
colonel,1
profondeurs,1
inlassable,1
texte,1
collaborateur,1
satisfactions,1
constater,1
sinistre,1
vietminh,1
opposer,1
recul,1
antagonistes,1
admettent,1
ovation,1
cité,4
quotidiennes,2
enfants,1
réservée,1
harmonieux,1
final,1
dépourvu,1
suivi,3
conjoncture,1
continuité,2
derniers,1
intégrer,1
oublier,2
militaires,4
palais,3
manifestations,3
mise,2
réussi,1
politiciens,5
hérité,1
attitude,1
adroit,1
contraste,2
injustice,1
étalent,1
famille,4
rocard,14
quotidienne,1
amoindrir,1
danger,1
raisons,1
vaincre,1
europe,13
peuples,7
indirectement,2
retirés,1
permis,3
désagrège,1
dray,1
générosité,1
nouvelles,1
lesquelles,1
crainte,1
officiers,4
relation,1
vitaux,1
étonner,1
traité,2
détail,1
pour,9
rideau,2
corps,2
remous,1
estaing,1
services,1
socialisme,4
sans,1
titre,2
signataire,1
timisoara,1
factures,3
martinez,3
cours,5
visa,2
écoulés,1
marxiste,3
notions,2
avantage,1
vers,1
devraient,2
identique,1
pardon,1
dénoncer,1
adoptent,1
camaret,1
concerne,1
indépendance,2
marchais,2
géographies,1
ministres,1
irakophiles,1
réuni,2
dégénéré,1
nations,3
trois,2
précisément,1
relâche,1
discerne,1
dirige,1
arbitrairement,2
central,1
aurions,1
politiquement,1
façon,4
dimanche,1
judiciaire,1
affaires,2
combats,1
gigantesque,1
comprenant,1
éprouvons,1
déclarations,1
voulu,2
diraient,1
absurde,1
démarche,1
redonner,2
sais,4
démocratiques,1
relations,1
magnifique,1
situation,1
présent,1
kouchner,1
avocats,1
appréhensions,1
sondages,2
fertile,1
combattre,2
nouvel,1
agitations,1
viande,1
forte,1
prépare,1
songer,1
ukases,1
lycées,1
genre,3
libèrent,1
petit,2
défenses,1
scrutin,1
existeraient,1
autour,4
responsabilités,1
cloaque,1
elles,2
allait,2
signataires,1
éponge,1
gouverné,1
poignée,1
récente,1
rappelé,1
bonne,3
travaillons,1
inefficace,1
langage,1
importe,1
tombée,1
désarmer,1
roumaine,1
carl,1
équiper,1
dresser,1
connais,2
désescalade,3
agit,2
possibles,1
respecter,1
discussion,1
immédiate,1
holeindre,1
doter,1
présidentielle,2
goulag,1
protège,1
nombreuses,2
mettant,1
triomphe,1
tempérée,1
environnement,1
guerre,7
auprès,1
opulence,1
elysée,2
subventions,1
applaudissements,1
assez,2
oublient,2
asensi,1
entendons,2
repli,1
élection,5
avantages,1
naturel,1
insécurité,1
aspiration,1
traiter,1
racistes,1
tendent,1
appelait,1
armées,2
propres,5
gloire,1
pousse,1
tombe,2
croient,1
totalement,2
démarches,1
nuances,2
collective,1
souhaitée,1
remet,1
chéri,1
pratiquée,1
abstrait,1
médiocrité,2
magnifiques,1
inventeur,1
pages,1
journaliste,1
trotskistes,1
restriction,1
cependant,2
attribuer,1
prétentions,1
conviction,1
liée,1
venu,1
coalition,1
refuse,1
aide,3
considérables,1
pression,1
loin,3
partialité,1
cessent,1
possible,3
lois,1
message,1
commence,1
hautes,1
rarement,1
bagatelle,1
poudrière,1
terroristes,1
outre,1
occupant,1
besoin,4
expédition,1
prolétariat,1
déroulement,1
pieux,1
côté,1
politicienne,1
indescriptible,1
journaux,3
triompher,2
islamiques,1
régime,1
quatre,4
bougé,1
marxisme,1
placée,1
complaisance,1
personnage,2
devrions,1
martyrs,1
occulte,1
considérer,1
partir,2
rentrer,1
travailleurs,1
côtés,2
liasses,1
vise,2
rebâtir,1
décadence,6
gouvernemental,1
revotait,1
indiscutée,1
bout,2
parlée,1
parties,1
allemande,1
lustiger,1
téléspectateurs,2
battre,1
délinquance,1
rechercher,3
unanimement,1
avocat,1
affirmerons,1
impossible,1
présentent,1
tracts,2
souscripteurs,1
travaux,2
particulièrement,1
rompre,1
quant,7
orchestre,1
prochain,1
yeux,2
condamner,1
reprocher,1
reculent,1
droit,2
occupé,1
session,1
deuils,1
plein,1
veulent,1
quand,1
présomption,2
municipaux,1
tenu,1
carrière,1
gerbe,1
armé,1
internes,2
sigle,1
jeunesses,2
peloton,1
question,4
cela,2
accès,1
députés,1
réjouis,1
responsables,1
laisser,3
pourra,1
poudre,1
vrais,2
francophiles,2
restons,1
actif,1
paranoïa,1
professionnels,2
oriental,1
irrésistible,1
soldes,1
plastronner,1
salus,1
responsabilité,4
traîtres,1
patrie,9
restaureront,1
1990,3
algérie,5
désarmés,1
kolwezi,1
officier,2
proférées,1
international,1
septembre,1
poursuites,1
scène,2
hystérie,1
confiance,6
acteurs,1
démission,1
français,38
franc,1
semée,1
premier,10
image,1
ronde,1
delmas,1
assassinera,1
honneurs,1
koweït,4
totalitaire,2
financière,2
muselière,1
voyons,1
passage,1
idéologiques,1
initier,1
presse,4
négocié,1
solidarité,2
terre,3
réconfortant,1
recruter,1
concernés,1
surtout,3
complices,1
bref,1
tribune,1
éliminatoires,1
discrètement,1
audace,1
pauwels,1
sympathie,1
autorisés,1
multilatéraux,1
mette,1
assistants,1
place,5
mouillot,1
réciproque,1
chambrun,2
pourrait,2
honneur,1
richesse,1
clerc,1
dépendance,1
communistes,4
1972,2
préfets,3
françaises,6
tuer,1
ajourne,1
jeter,1
percée,1
réunion,5
sainte,1
dreux,1
demander,1
demandes,1
rude,1
éligible,1
souhaite,1
termine,1
saddam,1
squelettiques,1
haute,1
humanité,2
importantes,1
millénaires,1
occupée,1
avance,1
grandes,2
mensonges,2
utiliser,3
élus,4
civiles,1
travail,5
envoyés,1
gourmande,1
principes,1
dessus,2
doté,1
millier,1
république,4
laisse,2
caricaturales,1
bouc,1
protéger,2
unitaire,1
auquel,2
remis,1
expurgeant,1
récusons,1
unités,1
nourrie,1
santés,1
totalitaires,1
dénions,1
voire,3
déclaré,2
acharnés,1
cadre,1
inconscient,1
moyens,7
portait,1
oeuvrer,1
répéter,1
cannes,1
baissé,1
prêts,3
botte,1
mandat,1
depuis,2
moitié,1
médecine,2
prête,1
officielle,1
sauver,2
disposition,1
évident,1
prêter,1
partielles,2
suis,2
hissait,1
posés,1
audience,2
égal,1
roumain,1
laissé,2
sarcelles,1
avouer,1
lignes,1
vital,1
première,3
développe,1
matériel,1
sévères,1
prudence,1
désinformation,3
électorale,1
évidence,3
justice,5
diminué,2
limiter,2
admis,1
profondeur,1
échappent,1
obtus,1
absorbées,1
capacité,1
attention,1
voté,1
lentement,1
limitée,1
coeurs,1
noyade,1
croissante,1
lieux,1
succession,2
politicien,2
courbés,1
affectation,1
dictature,3
cimetière,1
candidat,2
subi,1
voter,1
patriotes,1
réserve,1
universitaires,2
parisien,1
permettrait,1
plusieurs,4
inspirent,1
certaines,2
rendez,1
épargne,1
totalitarisme,1
multiplié,1
commissaire,1
dépit,1
intervenir,1
majeur,1
ignoble,1
libération,2
invoquer,1
heurtés,1
espéré,1
strasbourg,1
patriae,1
frossard,2
calme,1
droite,2
adressent,2
délégation,2
gollnisch,1
positions,2
écoles,1
séparer,1
inter,1
voudrait,1
simplement,1
ancien,2
droits,6
atteignent,1
indigné,1
fonction,1
menacer,1
régionaux,1
savoir,7
rouge,1
pris,3
transport,3
suite,2
gauche,8
espère,1
mondialistes,1
certes,1
prix,2
jean,2
téléphoniques,1
ordres,1
comprennent,1
savoie,1
rejeté,1
université,3
société,1
imposées,1
abominable,1
soient,1
civiques,2
blancs,1
anticipée,1
affaire,13
réduit,1
vote,2
compromissions,1
nationalisées,1
discrimination,1
assassinats,1
prétendu,3
durée,1
liées,1
chrétienne,2
futures,2
époque,1
citoyens,4
bientôt,1
voudrions,1
propagande,2
impliquerait,1
phare,1
discipline,1
britannique,1
exemple,2
vient,4
tours,1
rimini,1
devancé,1
grosses,1
constate,1
combattants,1
détriment,1
messieurs,2
terrains,1
représenté,1
appelle,1
conseils,2
encouragé,1
lutte,3
tient,1
destructeurs,1
censure,3
doute,2
quotidien,1
dévoilé,1
chrétiens,1
confond,1
anti,2
capable,2
entretient,1
également,5
consterné,1
basées,1
vite,2
communisme,11
exacte,1
violer,1
triompherons,1
ondes,1
abonnés,1
conseil,4
progression,2
repentir,1
organismes,1
passé,2
pose,2
militants,5
définitivement,2
chance,1
communauté,2
poindre,1
réussites,1
introduirait,1
entraver,1
secouent,1
ministère,1
passoires,1
suffire,1
méprisable,1
discordants,1
hasard,1
immunité,3
bande,3
puissante,2
soit,17
soir,1
vois,1
asile,1
humain,3
avions,4
personnels,2
fierté,2
urss,2
douze,1
crois,4
vivons,1
prévue,1
innocence,1
instillent,1
colère,1
priorité,1
gilles,1
doivent,6
khomeiny,1
actuelle,1
recours,2
cessé,2
réalité,4
bretagne,1
injuste,1
rien,3
résolution,2
choses,1
calmer,1
hélas,3
précédé,1
matignon,1
menacés,1
montre,2
affrontement,1
triple,1
juives,1
religion,1
participent,1
rage,1
traversée,1
néanmoins,1
observer,1
engagent,1
mettre,6
émouvoir,1
passe,3
ruiner,1
chemins,1
annexions,1
parti,6
pourrons,1
spécifiquement,1
acclamations,1
continuons,1
publiquement,2
pong,1
constitutifs,1
alors,8
argent,2
écartés,1
joie,1
sphères,1
racisme,5
personnelles,1
parier,1
approuvaient,2
fameux,1
pourtant,6
remédier,1
universel,1
inclut,1
serge,1
traditions,4
irakienne,2
perfidie,2
susceptible,1
avaient,6
peuple,16
absence,1
placé,1
chevènement,2
publics,2
système,8
confession,1
habitude,1
rues,1
progresse,2
ardues,1
soisson,1
nous,19
commis,4
vocations,1
extension,2
page,2
adjugerait,1
après,10
clan,1
démocratique,1
jacques,4
paraisse,1
constant,1
manquent,2
établissent,1
juifs,4
1989,2
forêts,1
entendus,1
bariani,1
concrète,1
1980,1
fortunes,1
1983,1
1984,1
battent,1
phocéenne,1
exterminer,1
beaucoup,9
étrangères,1
accédait,1
diront,1
leurs,19
avons,14
associations,1
retrouve,1
chef,5
professions,1
quelque,1
tibet,2
huit,2
surveillance,1
partout,5
annoncé,1
distribuant,1
flottes,1
certains,5
merci,1
étalage,1
garants,1
menaçante,1
exception,2
appelé,1
spécialisés,1
magistrat,1
influence,2
villeurbanne,1
porte,3
notion,1
certaine,3
maintien,1
fixe,1
divers,2
compromise,1
gouvernement,8
dirigeants,3
exploiter,2
veut,3
travers,1
reconnaissent,1
somme,2
qualités,1
agriculteurs,4
sérieux,1
revanche,2
aviation,1
remporter,1
programmation,1
lesquels,3
impérativement,1
ouest,1
demain,2
sauront,1
tapie,1
liberté,16
gens,2
miracles,1
frappant,1
secrète,1
adversaires,6
contacts,1
complice,1
prévaloir,1
ingratitude,1
marins,1
procès,3
chargé,2
toujours,15
riches,1
orientale,1
ambitionnons,1
parfois,1
consultation,2
méthodes,1
assurant,1
opposition,8
mitterrand,10
défilent,1
ouvre,1
énorme,1
intérêt,5
occasion,4
goutte,1
tonneau,1
arables,1
ouverture,1
mondiste,1
soutenaient,1
conjurations,1
connaître,1
récoltes,1
répondant,1
objectifs,2
idées,1
changer,1
cernés,1
principales,2
presque,2
delà,1
dieu,7
apprendre,1
publiques,2
acharnées,1
contrôlée,1
négociation,1
verraient,1
information,3
fiers,1
sens,3
atteint,1
maire,2
moral,1
problème,1
sortie,1
épingle,1
risques,1
redeviendrait,1
laïcité,1
privées,1
modérée,1
judiciaires,3
rappellerai,1
pillage,1
menace,1
balles,1
zoulous,1
délits,1
longue,1
ipsos,1
ferroviaire,1
unique,6
peur,1
livraisons,1
proie,2
puissance,1
quatrième,1
intervention,2
prendre,4
minoritaire,1
compromis,1
actions,1
déposer,1
aiguë,1
nation,9
composent,1
tenter,1
duplicité,3
archi,1
individuelle,1
homériques,1
simple,1
effectifs,3
bonnes,1
service,2
rapport,1
chaleureuse,1
intérieure,2
maux,2
provocations,1
face,4
succès,5
dise,1
déjà,1
condamnable,1
affecte,1
contribué,3
solides,1
patiemment,1
grande,3
absolution,1
cesse,3
direct,1
raves,1
prévaricateurs,1
respectent,1
tableau,1
politiques,10
pudeur,1
briand,1
produits,2
sanglant,1
méthode,1
accélère,1
dégrader,1
eviter,1
accession,1
talent,1
fabius,3
établir,2
susciter,1
congrès,4
hommes,7
israël,1
donne,1
porteuse,1
flairé,1
lénine,2
regardent,1
donner,2
seras,1
serait,3
ainsi,17
chevaliers,1
construire,1
allègrement,1
navires,1
déplaise,1
permette,1
criminel,1
héritiers,1
koweit,1
prétend,1
suprême,3
stockholm,1
amnistient,1
engagée,1
lèvent,1
écurie,1
marine,1
conflit,3
infâme,1
mobilières,1
dénoncées,1
institutionnelles,1
souvent,1
compatriotes,5
préoccupation,1
toutes,8
débats,1
engagés,3
vainement,1
cortèges,1
dévouement,2
formation,2
recevoir,1
patrimoine,2
francs,1
envers,3
osait,1
évitant,1
manque,1
unies,1
financer,1
industrialisées,1
magazines,1
france,38
grands,1
demeuraient,1
valeurs,10
jamais,9
montée,1
irrésistiblement,1
cruellement,1
histoires,1
certain,3
rapide,1
suivre,1
étiquette,1
option,1
désir,3
accablée,1
scandales,2
mais,14
dirigistes,1
civilisation,3
aboutir,1
délibérée,1
appartient,2
désintégration,2
restauration,1
douteraient,1
indochine,2
parle,4
ministre,11
présidentielles,1
préserver,1
grief,1
remise,1
extraordinaire,1
hypothétiques,1
obtenir,3
mépris,1
donné,2
monter,2
rurale,1
évidemment,1
voulons,2
détestable,1
connaissons,1
rejetez,1
vague,2
fermes,1
absolvent,1
serviteurs,1
avancés,1
premiers,2
leçon,1
bilatéraux,1
meilleurs,2
aller,1
fulmine,1
peuvent,3
proche,1
lettre,3
phantasmatique,1
annexion,1
internationale,2
mains,2
adhérent,1
définition,2
artisan,1
accroissement,1
absolvant,1
cantonales,2
aides,1
liban,3
étrangers,1
annexer,1
professent,1
giscard,2
cercles,1
victimes,4
voix,4
apprenant,1
suggère,1
représente,1
voit,2
comble,1
paysans,1
comptent,1
agir,1
élections,3
billets,1
harlem,3
bnai,1
connaissaient,1
nationales,1
remonte,1
ressources,1
électeurs,2
annonçait,1
reçu,1
charles,1
détracteurs,1
arbitraire,2
mène,1
réponses,1
aval,1
dénombrait,1
terme,1
ombre,1
démontre,1
destruction,1
contrairement,1
vétusté,1
réclamé,1
survie,2
suicidaire,1
dispositif,1
effort,4
graves,3
chasse,1
etranger,1
condamnant,1
voeux,5
amont,1
police,1
crise,4
fracassante,1
protester,1
maintenu,1
courage,6
séculaires,1
emplois,1
sournoisement,1
vilenies,1
belliciste,1
invité,1
vertus,1
économique,3
largement,1
protecteur,1
homogénéité,2
cruauté,1
fédérations,1
consultaient,1
courant,1
échapper,1
michel,4
délit,2
honteux,3
espérer,1
léotard,2
risque,2
tribunaux,1
hostilité,3
esprit,4
défend,1
exploitations,1
quasi,1
flots,1
nombreux,5
néant,1
lancer,1
nationaux,2
attachement,1
constitue,1
nationale,14
collèges,1
miséreux,1
courent,2
soudainement,1
sera,1
fondamentales,2
journalistes,2
vivants,1
psychologique,1
promettent,1
total,1
révolté,1
républicaines,1
propos,4
reconnaître,1
cour,1
écrans,1
coup,4
redressement,1
fait,1
compris,4
respect,7
noël,1
observe,1
parlement,5
formés,1
analysé,1
étroitement,1
major,2
confirme,1
présente,2
abattre,1
matamores,1
augures,1
servilité,1
libres,2
flotte,2
niveau,1
scandaleusement,1
dilemme,1
bourbon,1
tranquillité,1
gayssot,1
démontré,1
constante,3
frontière,1
degré,1
albanie,1
nuit,2
education,1
retenus,3
dizaines,1
réceptions,1
dont,15
produire,2
création,1
consultations,1
rassemblés,1
salut,5
jeanne,1
forces,1
rêve,2
socialistes,7
différences,1
petto,1
sièges,2
uniquement,1
trouver,2
lucidité,3
réformes,1
directement,3
assassinat,1
dore,2
sorcières,1
modes,1
intérieur,2
dépasser,1
brillantes,1
entouré,1
sort,2
inviteront,1
surface,1
selon,2
proposé,1
ensemencée,1
réel,1
réalités,1
arfeuille,1
erreurs,1
attendit,1
golfe,3
truquent,1
retenues,1
comment,3
alliés,2
révolte,1
puisse,2
déclaration,1
procureurs,2
publié,2
serrent,1
sollicitent,1
ardeur,1
gravement,1
créent,1
bretons,1
jouer,1
choque,1
morts,1
vérité,7
octobre,1
près,4
derrière,1
légale,1
involontairement,1
pitoyable,1
reconnaitre,1
parmi,5
vitalité,1
frontières,1
coalise,1
démentaient,1
liens,1
démocratie,3
prétextes,1
mourra,1
pendant,3
pureté,1
lèvres,2
solide,1
présence,1
minuscule,1
envoi,1
conformisme,1
minute,1
mesuré,1
leur,1
luttes,1
appel,1
prétexte,2
dettes,1
sceller,1
emballé,1
entendu,4
efforts,6
flatte,1
july,1
sacrifice,1
eris,3
dans,8
centristes,1
intérêts,3
furent,1
nouveauté,1
ornières,1
lionel,1
public,4
propre,2
rétrograde,1
médias,3
misère,1
acquiert,1
ininterrompue,1
identités,1
restreinte,1
dernières,1
débat,2
mobiliser,1
moment,5
souci,1
impuissant,1
constitution,1
tissu,1
extérieures,1
fouquier,1
voilà,2
hypocrite,1
terres,1
étais,1
assumer,1
clichy,1
tête,2
était,9
cavalier,2
jusqu,5
raciale,1
accomplir,1
incendies,1
vendeur,1
annoncent,1
charité,2
importants,1
fort,2
vocation,1
croissance,1
hâtent,1
libertés,12
légitimité,1
électoraux,1
honte,2
amène,1
permettant,1
concentration,1
pétroliers,1
surveiller,1
embûches,1
montré,3
démocratiquement,2
redis,4
mesure,3
colombes,1
laurent,1
people,1
semblée,1
coeur,5
conscience,2
portent,1
amis,13
envoie,1
rejeter,1
concurrents,2
émergence,1
joies,1
permettra,2
bafouée,1
historique,1
permettre,2
nouvelle,1
barre,1
expéditionnaire,1
redonné,1
visite,1
désert,1
expression,2
parlent,1
dictateur,2
moyen,6
cadres,1
prises,1
profession,1
pleins,1
réduite,1
preuve,1
estime,2
assemblée,6
assimilerait,1
enfances,1
particulier,1
entièrement,1
rural,1
perd,1
patriotisme,1
trusts,1
plan,7
syndicat,1
décrépitude,1
réduits,1
