word,raw_frequency
aboville,2
effondrement,1
(...),1
témoigner,1
contributions,1
insee,1
bloquaient,1
relever,1
parlementaire,4
valide,1
technocratique,1
ascension,2
médiocres,1
révélateurs,1
tendons,1
lequel,3
chefs,3
choisi,1
etats,5
aventure,3
mouvements,1
transports,1
preuves,1
banc,1
exposer,1
déclarer,1
prétendent,1
urgence,2
observateurs,1
classe,1
prenons,1
réagi,1
fondus,1
citoyens,2
foncière,1
louis,1
dizaines,3
figure,1
exerce,1
témoignent,3
marché,1
révèle,1
mélancolie,1
corollaire,1
belle,1
apprend,1
grandeur,5
retour,1
exprimant,1
demeurer,2
serge,1
allaient,1
effacement,1
tentent,1
fussent,1
électorales,4
devant,4
civile,2
conquis,1
venin,1
européenne,8
milliers,2
jours,5
supposés,1
excellents,1
politique,26
1941,1
échange,1
françois,2
orient,5
saddam,1
relèverait,1
puisque,5
restaurer,1
monde,12
ultime,1
officielle,1
train,3
grâce,4
produit,2
objet,1
secteurs,1
adhérents,2
pitié,1
miettes,1
pseudo,1
prophète,1
dépouillera,1
soviétiques,1
lorsque,2
brutalité,1
traînant,1
trembler,2
messieurs,1
italie,2
scrupuleux,1
unis,1
future,1
tatillonne,1
tenaille,1
parfaitement,1
participer,1
mois,8
washington,1
bernard,2
beauté,1
groupe,5
reconstruction,3
éventuellement,1
paperassier,1
réclame,1
moulins,1
tarifs,1
audiovisuel,1
héroïne,1
pompes,1
finie,1
humus,1
fédération,4
écrit,2
immense,2
président,11
front,31
brève,1
semailles,1
utilisé,2
ajouter,2
ferma,1
prudence,2
retrouvée,1
engagé,1
subsister,1
renaissance,4
confessions,1
docks,1
pacifique,1
comme,1
verront,1
exilé,1
minorités,1
entretiens,1
sanction,1
sein,2
statue,1
bétonisation,1
perte,1
rhabillera,1
seuls,5
rattraper,1
soulager,1
production,1
algériens,1
comparable,1
double,1
enfin,2
fausse,1
yeux,2
menacée,1
amputant,1
naît,1
peau,2
pisse,1
tache,1
avive,1
risque,2
appelé,1
souhaitait,1
consacré,1
antony,1
bravé,1
exclusivement,1
3286,1
conserver,1
épingle,1
odieuse,1
intervention,2
financement,1
servant,1
désintéresse,1
significatif,1
fédérale,2
libérées,1
aurait,5
spécialement,1
émissions,2
grave,3
accroît,1
semble,3
prérogatives,1
environ,2
roubez,1
condamnations,1
défensif,2
vivant,1
différentes,1
faire,15
persécutions,4
incarné,1
compte,5
croates,3
défense,5
attendre,1
parias,1
autriche,1
vendre,2
sociales,3
série,1
pénalise,1
pareille,1
hais,1
naguère,5
campagnes,3
religieuse,1
consacre,1
supérieure,1
fêtons,1
sauf,3
madame,3
goulags,1
action,3
sache,1
paysan,1
hussein,2
enrager,1
contre,21
entrée,1
impressionnants,1
mouvement,8
exclure,2
prenne,1
partiellement,1
brefs,2
fasse,1
troïka,1
registres,1
ferveur,1
dirigisme,1
chassés,1
préférer,1
désormais,2
incarne,1
entend,1
passées,1
sollicité,1
vitaux,2
convoqué,1
herzégovine,1
citoyen,1
résidence,1
éclate,1
poniatowski,2
manuels,1
voulait,1
minaret,1
affronter,2
thèses,1
faudra,1
quelques,7
militaire,3
versailles,1
bande,3
koweitien,1
démantelées,1
meurtrière,1
craindre,2
catastrophiques,1
salubre,1
petites,1
sorciers,1
terrorisme,1
crédible,1
commerce,1
moyennes,1
articles,2
absolument,1
relatif,1
phénomènes,1
guère,1
farce,1
révélateur,1
héritier,1
portion,1
jeunes,2
chère,1
piété,1
approuveront,1
publique,3
dubernard,1
boudait,1
identité,2
préparons,1
observateur,1
sondage,1
pacifiquement,1
populaire,4
gouvernements,1
employer,1
intitulait,1
présidait,1
entre,14
antiphrase,1
typiques,1
ours,1
traitent,1
prochaines,2
retraites,1
décennie,1
entretenons,1
minière,1
succèdent,1
évoquer,1
recueilleront,1
magouille,1
exercer,1
européen,6
etat,13
maçons,1
témoignage,1
accourrez,1
singulièrement,1
prière,1
majorité,2
bref,1
légitime,3
acte,2
écho,1
grosso,1
parvient,1
gâtés,1
qualifiant,1
printemps,1
score,2
souvenir,1
défiance,1
emprunté,1
venir,1
donnent,1
surpris,1
armées,4
souhaitée,1
semaines,1
devraient,1
boulevard,2
tabliers,1
sécurité,10
pires,1
supplémentaires,1
souleva,1
validité,1
retraités,1
reagan,1
apprentis,1
insertion,1
surpasse,1
internationale,1
sources,2
tendance,1
bourguiba,1
durant,3
ramené,1
meilleurs,4
conséquence,1
réveil,1
services,1
plongés,1
remarquable,1
demeure,1
trompeurs,1
rouge,2
fondement,1
islamique,1
engagement,3
proie,2
pierre,3
vendredi,1
horreur,1
menée,1
créer,2
serbes,1
bourgades,1
sanctions,1
sensibilités,1
vouloir,2
mettre,1
proximité,1
honorée,1
proposition,2
pied,1
garde,1
proportion,1
signes,1
centaines,2
sûrs,1
médiatique,2
coalition,2
consigne,1
pouvoir,14
constituait,1
allée,1
même,2
reconnaisse,1
maire,6
regroupe,1
malgré,10
nulles,1
pourrait,2
changements,1
lire,1
plus,68
travers,3
infâme,1
avez,9
merci,2
demeuré,1
congrue,1
mesic,1
utile,2
étranger,1
efficacement,1
héroïsme,1
vous,7
artisanat,1
électeurs,4
disparu,1
imaginaires,1
cramponner,1
disposent,2
assignées,1
concernant,1
ceux,4
démesurée,1
fonctionner,1
homme,6
quel,2
demeurée,2
tournent,1
demeurés,1
employée,1
maintenir,1
lalonde,1
région,2
caractère,1
dégringolade,1
décidera,1
reproche,1
britanniques,1
tout,1
fleuve,1
tour,9
tous,2
génératrice,1
abandonner,1
fallu,2
bons,2
union,2
tarir,1
délibérément,1
baltes,3
calme,1
joie,4
faux,1
déroute,2
demie,2
pays,27
perdu,1
confédération,1
faut,7
unie,1
près,6
cloportes,1
déconvenue,1
héroïque,2
échecs,1
induire,1
bornée,1
cohérence,1
rejoindre,4
accéderons,1
novembre,2
compter,2
sinistrés,1
nonobstant,1
terreur,1
autorité,3
recueillera,1
pleur,1
persistant,1
marier,1
point,3
contraire,4
comprises,1
essentiels,2
démantelé,1
éloigner,1
préférences,1
choisir,1
politico,2
sociale,2
impôts,1
précisée,1
échéances,3
saddham,1
défendre,2
anglais,1
égales,1
celle,11
inaction,1
fourniront,1
résolus,1
fraternelle,1
appuyées,1
déroulée,2
désinforme,1
fiscal,1
avertissements,2
échapper,1
espace,1
réformes,1
mort,2
inexorablement,1
informe,1
sympathie,2
éducation,2
prévu,2
inquiétant,1
banquet,1
constituer,2
présidentielle,1
paraît,3
démarxiser,2
guillotine,1
régulièrement,2
obstacles,1
climat,1
empire,1
route,1
apparition,1
passionnels,1
socialisation,1
tourisme,2
électoraux,3
charte,4
humiliant,1
chapitre,1
atteinte,1
reconstruire,1
lech,1
décennies,3
hongrie,3
chômage,7
prévisible,1
coupant,1
textes,1
toutefois,1
gardé,1
villes,4
improvisée,1
calomnie,1
effort,7
seront,4
ampleur,1
bagdad,3
établissement,1
prêcher,1
naturel,1
informé,1
fantaisistes,1
suède,1
élémentaires,2
liquider,1
chômeurs,3
épaules,1
génération,1
capitale,4
jadis,1
apprêtent,1
paris,8
démission,2
mieux,4
plongent,1
législative,2
aboutit,1
notablement,1
gouverner,2
généralisée,1
affirmatif,1
âmes,1
transiger,1
patronage,1
énergie,1
sévères,1
vraiment,2
échappent,1
aura,6
petite,2
jacques,1
gouvernementaux,1
protection,1
hier,1
légère,1
exprimer,1
trouve,2
métro,1
fiscalité,3
droites,5
fugace,1
ratification,2
petits,2
académie,1
constatez,1
satisfactions,1
communauté,16
conséquences,5
porter,1
portes,1
cité,1
polluées,1
conclut,1
nous,13
lituanie,1
conclus,1
offre,1
militaires,2
palais,1
réussi,2
politiciens,3
attitude,1
écrémer,1
fracassantes,1
famille,1
rocard,2
quotidienne,1
vienne,1
représentant,3
raisons,2
souhaitent,1
europe,25
sitpe,1
peuples,8
renforcé,2
interprétation,1
sens,1
nouvelles,3
étonner,1
modèle,1
autorise,1
stigmatisé,1
publiés,1
exigent,1
annexés,1
sans,2
dessaisissent,1
osent,1
publiée,1
renversé,1
trouvé,2
vers,3
réclameront,1
redisons,1
souvenirs,1
dispose,2
malheureux,1
mandats,1
rappelons,1
foules,1
générale,2
remplira,1
fils,1
meeting,1
correspondants,1
crach,2
dimanche,2
dont,26
chuté,1
entraîné,1
donc,1
prouve,2
attire,1
modèles,1
prendrez,1
magnifique,1
situation,2
allège,1
demandé,2
effectivement,1
tito,1
petit,2
foutus,1
détourner,2
crises,1
figurer,1
tombés,1
agitation,1
avis,1
appris,2
bruxelles,1
construction,2
quarante,1
bornés,1
balayer,1
eussions,1
digue,1
occulté,1
exactement,2
maires,1
guerre,19
occidentale,2
souligner,1
parisienne,2
problèmes,1
rendra,1
accusations,1
garantes,1
foncier,1
souple,1
monument,1
revendiquer,1
traiter,1
dérouler,1
visuelles,1
tard,1
objections,1
totalement,2
continueront,1
auditoire,1
datée,1
complètement,1
écrivain,1
abandonnée,1
venu,2
vent,1
indice,2
aide,2
investigation,1
gouvernants,1
dénaturé,1
possible,8
alla,1
certain,4
pire,1
agricoles,1
ignorer,1
besoin,2
invoquait,1
oublions,1
journaux,3
livrée,1
partie,6
convaincre,1
constamment,3
cote,2
engager,1
nient,1
conceptions,1
partir,2
partis,8
côtés,1
présentation,1
fantomatiques,1
parties,2
charges,1
allemande,1
pologne,1
notamment,2
recherches,1
divers,3
allemands,2
gazettes,1
féroces,1
rassemblé,1
condamner,1
intégrés,1
conférence,2
droit,1
debray,1
venus,1
autorités,1
tenu,1
prévoient,1
consacrée,1
cela,1
députés,1
soutenues,1
2ème,1
délais,2
échec,2
retirées,1
jeté,1
familialement,1
responsabilité,2
retenez,1
griffes,1
justifiait,1
parvenue,1
actuellement,1
représenter,1
nourrir,1
français,19
cesser,1
koweït,4
baumann,1
jugé,1
défi,1
presse,9
auprès,1
méritent,1
surtout,12
formalités,1
abstention,2
tribune,1
fonds,1
couper,1
commission,2
dramatiques,1
silences,1
richesse,1
exprimés,3
efficacité,1
doctrine,1
diminué,1
appareils,1
françaises,2
abandon,1
accablait,1
atténuer,1
réunion,2
demander,1
rude,1
chemise,1
garder,1
haute,1
blanc,1
avance,1
grandes,4
adressé,1
civiles,3
exprimé,1
principes,1
dessus,1
façons,1
stationnés,2
auquel,2
oukases,1
inscrit,1
intransigeant,1
positif,1
faisait,1
juge,2
régnant,1
votants,1
george,1
entières,1
mémoire,1
depuis,5
continue,4
sauver,1
démentielle,1
attribuent,1
incident,1
espoir,2
pouvez,1
limites,1
électorale,4
évidence,3
justice,1
arrivé,1
atteint,3
admis,1
rôle,3
attention,5
remporte,1
négociations,1
intérieure,1
agisse,2
coeurs,2
incertaine,1
intérieurs,1
votes,1
loyalement,1
certaines,1
parlons,1
multiplié,2
privée,1
neutre,1
réduire,2
constitutionnel,1
redonner,1
dégâts,1
nationaux,1
mitterrand,7
délégation,1
gollnisch,1
simplement,3
amitié,1
ancien,4
considérable,2
fonction,3
effectif,1
parlant,1
locaux,1
gauche,3
voguons,1
appel,4
exploitants,1
inopinée,1
arrive,2
offert,2
délégués,1
présidence,4
glacis,1
affaire,6
indissociables,1
fleurir,1
constitutionnelles,1
espérance,2
prétendu,1
serpent,1
faillite,2
ennui,1
multiplie,1
discipline,2
remportait,1
contribuables,3
vient,4
viens,1
adage,1
évidente,2
savons,2
respecte,1
exclusion,2
méchanceté,1
représenté,2
appelle,1
lutte,2
permanents,2
exacts,1
arabo,4
doute,9
barrière,1
permanente,1
barbares,1
découragés,1
signature,2
amnistiée,1
phrase,1
putsch,1
organismes,1
pose,1
tempête,1
règne,1
soviétique,6
fiscalisme,1
cents,1
soif,1
ministère,1
agression,2
soin,1
réprimé,1
permis,2
jurer,1
lance,1
soit,9
soir,1
écartèlement,1
recul,1
moderne,1
douze,2
empanachés,1
citadelle,1
prévue,1
instillent,1
direction,2
humaine,1
show,1
bénéficiaires,1
ruiné,1
bretagne,1
rien,7
hélas,2
constitution,5
ouvrir,3
régresser,1
ajoutant,1
réservent,1
ultimes,1
réservée,1
observer,1
question,2
mécanismes,1
causée,1
retrouvera,1
ajoutent,1
transition,1
résultats,3
sacrifice,1
rmistes,1
dictionnaires,1
pieusement,1
traditions,2
irakienne,1
plusieurs,3
française,10
avaient,4
peuple,2
système,4
blasée,1
personnels,1
ouvrirait,1
saltimbanques,1
vocations,2
ardent,1
démocratique,2
échangé,1
ruine,4
détériorent,1
imposante,1
quitter,1
consultés,1
pacte,4
danger,1
importance,1
indifférence,2
jeux,2
lâché,1
instance,1
avons,13
plongées,1
quelque,5
perspectives,1
déplore,1
surveillance,1
personnalité,1
initiateurs,1
extérieur,1
chiffre,1
fonctionnement,1
influence,1
complexes,1
découlait,1
revendication,3
agrandir,1
porté,2
valu,2
particulièrement,4
suffrages,5
moeurs,1
engageant,1
janvier,2
somme,1
veulent,3
invasion,2
organisé,1
réelles,2
déséquilibré,1
thonier,1
énerver,1
engagent,2
vainqueurs,1
tchécoslovaquie,1
gens,3
ramenée,1
préciser,1
retenir,1
souffert,1
ports,2
admirable,1
toujours,6
permettant,1
sportifs,1
list,1
cruelle,2
siècles,1
article,4
curieusement,1
faible,2
vivre,2
choix,1
ôtant,1
désordres,1
grandir,1
presque,1
delà,2
pétrole,2
tombeau,1
tranche,1
océan,1
aussitôt,2
relatés,1
informations,1
walesa,1
exalte,1
rassemble,1
porte,1
prier,2
longue,1
dénoncé,2
économie,4
majorés,1
ministérielle,1
énorme,1
réviser,1
quatrième,1
prendre,1
adroitement,1
charge,1
véritables,1
bruno,1
service,2
nation,3
jamais,7
auspices,1
tiré,2
télévision,1
marchés,1
raison,3
politiques,9
scrupule,1
centre,3
méthode,1
retenus,1
parlé,1
fabius,2
européennes,6
accru,1
congrès,1
serai,1
socialisme,5
retombé,1
rapproche,2
donner,2
serait,7
construire,1
élève,1
suprême,3
grands,5
1920,1
chaleureux,1
censée,1
souvent,2
compatriotes,3
préoccupation,1
conforts,1
engagés,2
déclarations,1
dévouement,1
destinées,2
fonctionnaires,3
mars,1
francs,2
scrupuleusement,1
financer,1
france,43
assister,1
rigueur,1
suffrage,1
considération,2
scandales,2
palestiniens,1
succès,3
parle,3
promu,1
slovénie,5
mourir,1
mépris,2
donné,4
monter,3
déjà,5
clochers,1
fermes,1
inquiétante,1
tissée,1
acceptées,1
heureux,1
mensongères,1
patiemment,1
mains,4
artisan,1
positive,1
passent,2
cantonales,1
complexe,1
canot,1
officiels,1
croate,3
giscard,1
victimes,2
voix,8
canton,1
marseillaise,1
revenu,1
coudoient,1
ignorent,1
pertes,1
asphyxie,1
fatigue,1
vitesse,1
incertitude,1
champs,1
reçu,1
argument,1
intellectuels,1
confirmé,1
rappelais,1
comportement,1
terme,2
nulle,1
démontre,1
debout,2
américain,1
pressant,1
dispositif,1
sublime,1
personnalités,2
pouvait,1
interroge,1
protégé,1
entretiennent,2
protester,1
redoutable,1
réuni,2
écraser,1
livré,1
économique,4
largement,4
titiste,2
auditeurs,2
michel,2
abattre,2
infligées,1
russie,1
hétéroclite,1
bras,2
hostilité,1
vouée,1
amères,1
nombreux,3
renouera,1
dépourvus,1
flattés,1
seraient,1
ceci,2
insistant,1
vivants,2
retours,1
total,2
autrement,2
reconnue,1
cour,2
frontière,1
rassemblait,1
spéciaux,1
élever,2
respect,3
noël,1
parlement,5
dois,1
confirme,1
règle,1
seul,1
agréer,1
façon,3
démontré,1
super,1
vecernji,1
transfert,1
albanie,1
bâton,1
environnement,1
décidé,2
gênés,1
conditions,8
agit,4
consultations,1
constants,1
agir,2
forces,7
excluons,1
sièges,1
obligation,2
uniquement,1
trouver,1
émerger,1
payer,2
unies,3
rompre,1
clairvoyant,1
pressentait,1
durable,1
fureur,2
proposé,3
réel,1
population,4
personnelle,1
dense,1
vilipendée,1
ancrée,1
comment,1
reconnu,1
alliés,1
commerçants,1
laxisme,1
matériels,1
parents,1
jouer,3
morts,5
vérité,1
armée,7
invitées,1
lorsqu,4
héréditaires,1
démarche,1
jean,1
olympiques,1
tentative,2
frontières,2
fourni,2
désarroi,2
pendant,5
fidèles,1
contrôlées,1
fondent,2
1919,1
retourneront,1
annexion,1
altius,1
argent,2
circonstances,1
progressivement,1
histoire,3
entendu,2
croatie,11
entité,1
romans,1
intérêts,2
fédéré,1
estimé,1
misère,3
territoire,4
biens,1
moment,5
contrées,1
représentation,1
voilà,2
intactes,1
belfort,2
secret,1
était,8
jusqu,16
vojvodine,1
prétend,1
honnêtement,1
ministre,4
surmonter,1
parallèle,1
libertés,1
manière,1
honte,1
rendrons,2
éclairent,1
profit,1
cadre,3
établir,1
présentes,1
sourire,1
enliser,1
profiter,1
absence,1
matériel,1
chanter,1
implanter,1
acculer,1
nouvelle,3
alliance,1
slovènes,1
séculaire,1
désert,1
parmi,1
intentions,1
extérieure,2
lourd,2
lâcheté,1
séguéla,1
opéra,3
preuve,2
profondément,3
empêche,1
assemblée,5
persistent,1
martyrologue,1
chaleureusement,1
jury,1
lieu,7
désagréger,1
organisation,3
médiocrité,1
ensuite,2
précédente,1
cortège,1
principe,1
accords,2
voyez,1
justifier,1
énergétiques,1
sortes,2
derniers,3
aucune,1
poids,1
barzach,1
décidément,1
toutes,22
réaction,1
sacrifices,1
réservé,2
adoptant,1
perdre,1
indemnité,2
vaut,2
approche,2
restent,1
effet,7
comprise,2
comité,1
afin,4
persécutée,1
enthousiaste,2
prenants,1
remplit,1
électoral,4
reconquérir,1
calais,2
exploitation,1
européens,3
persiste,1
bien,22
yvan,1
mille,2
moindre,1
dictateurs,1
donnerait,1
désastreuse,1
rassemblement,3
oisifs,1
devoir,4
impitoyable,1
million,2
arabes,3
immigrés,3
bois,1
souci,1
manifestation,4
cinquante,2
louvoyante,1
déchanter,1
félicite,1
témoignera,1
institutionnels,1
détient,1
club,1
numéro,1
angoisse,2
funeste,1
valeurs,2
entendre,5
imaginer,1
côté,1
doublement,1
appliquer,1
golfe,10
avenir,2
feuilles,1
vergogne,1
comportent,1
crible,1
viennent,2
bonheurs,1
écarter,3
existe,1
véritable,1
figée,1
nôtre,2
minarets,1
possibles,2
monsieur,3
sonné,1
cachent,1
juger,1
juges,1
formes,1
législatives,3
ambiguë,1
moments,1
belgrade,4
mesures,4
nourrira,1
milieux,1
rappelle,1
continent,1
nocivité,1
exemplaires,1
gouffres,1
déstabilisation,1
pratique,1
fruits,2
commencera,1
nombre,15
nombreuses,2
estoup,1
injustice,1
télévisés,1
heures,7
tourné,1
projet,1
écrasante,1
chiffres,3
déteste,2
combattre,3
oreilles,1
kosovo,1
ramenées,1
justement,1
ordre,2
exclut,2
mettant,2
voire,2
tant,6
bénéficieront,1
renouveau,1
persuadés,1
battre,1
allier,1
accord,6
caution,2
important,2
poursuites,1
souffrent,1
efficace,2
systèmes,1
blot,1
ambigus,1
reniement,1
révélations,1
troubles,2
imposait,1
effroyables,1
devront,2
année,10
désinformation,4
culte,2
dégager,1
brûlante,1
étatisation,1
trouvant,1
croisé,1
long,2
calculs,1
élection,3
récente,1
instiller,1
marie,1
vite,1
angleterre,1
exemples,4
paysans,6
considère,1
concrets,1
profonde,1
mener,1
capital,1
sommes,12
aurons,2
auront,3
strictes,1
sept,3
maudit,1
événements,4
belles,1
date,4
remplacée,1
institué,1
provoquer,2
consacrera,1
moral,1
ménager,1
compatriote,1
février,1
désintéressement,1
signifie,1
ensuivrait,1
frais,1
acharné,1
titisme,1
tendre,1
guerres,3
êtes,3
négociée,1
limon,1
magouilles,1
industrie,1
bourses,1
négociés,1
destituent,1
nécessaire,3
sociaux,1
initial,1
défaut,1
inscrivez,1
affrontons,1
exiger,2
charme,1
américains,2
aller,3
breuil,1
5859,1
siècle,1
profond,1
saurait,2
actifs,1
certainement,2
fête,4
faute,1
regard,1
vigilants,1
attendent,1
institut,1
frileuse,1
elle,5
fleurs,1
bruxelloise,2
temps,15
laxiste,2
désordre,2
massivement,2
attendant,3
instituteurs,1
dire,9
chirac,3
accepteront,1
perestroïka,1
effraie,1
recueillait,2
censurer,1
enclaves,1
présidée,1
abord,2
surpopulation,1
conviés,1
enseigne,1
intellectuel,1
telle,1
joyeux,1
déplaire,1
journaliste,2
illustration,1
souveraineté,5
équivalent,1
naître,1
sentons,1
vertus,1
gorbatchev,2
prétendue,1
récemment,3
causes,1
prétendues,1
accrus,1
giresse,1
conformiste,1
sardinier,1
poullain,1
aujourd,13
crime,2
libérerait,1
faudrait,1
millions,4
kurdes,1
budget,1
rentrée,1
apporterons,1
violer,1
yougoslaves,1
voici,2
déclinent,1
décrisper,1
trahison,1
dramatique,1
compréhension,1
marée,1
respirons,1
resté,2
partielle,1
familles,3
savent,1
satellites,1
référendum,3
cause,1
bulgarie,1
nomenklatura,1
gouvernementale,1
cette,8
rejette,1
socialiste,11
autant,6
lyon,4
aventuriste,1
disparaître,1
immigration,8
ramèneraient,1
banlieues,2
rené,1
irak,7
ville,2
lendemain,1
ambition,1
modeste,1
terrestre,1
outre,1
favoriser,1
pratiquement,1
habitants,4
auraient,2
organiser,1
semant,1
potentiel,2
maastricht,4
points,2
marseille,2
large,1
paramètres,1
soulèvement,2
proportionnelle,2
ailleurs,7
autoriser,1
ratifiés,1
fermement,1
arracher,2
reste,7
taxes,1
libre,3
prague,1
proclamé,1
glosent,1
parlementaires,2
remonterait,1
conjurer,1
grand,3
bonne,3
natal,1
résolu,3
défiscalisation,1
régime,4
manoeuvrer,1
assurer,2
remontée,2
ressortissants,1
diffamation,1
mûrs,1
fléau,1
divisés,1
tremplin,1
artificiel,1
noter,1
vieille,1
puis,1
actuel,2
remplacement,1
longues,1
conduit,1
commentaires,2
rapatrier,2
longuet,1
parvenues,1
journal,1
exercice,1
urgente,1
racket,1
laissés,1
maritime,1
égale,1
citadins,1
travailleurs,2
menaces,2
symbolique,2
voudrais,1
modo,1
tardez,1
espèce,1
exige,1
concrètes,1
formulé,1
asservis,1
caricatures,1
servir,1
centrale,1
saura,1
applique,1
cherchent,1
noir,2
policiers,2
doivent,2
parisiens,2
refusez,2
classes,1
répéter,1
dissimulé,1
auto,3
social,1
chef,2
mondial,1
ensemble,5
brillamment,1
solidarité,3
amicaux,1
solennellement,1
communale,1
réprouvé,1
expliquait,1
régions,4
soutien,1
interdisent,1
japon,1
mission,3
accueillir,1
exigence,1
breton,1
élevés,1
dissoudre,1
tenir,6
communautaire,1
totalitaire,1
opinion,5
pourcentage,3
moindres,1
adversaire,1
exemple,2
assuré,2
sueur,1
flanc,1
lors,1
stationnaire,1
exigé,2
patries,2
élections,8
années,5
mousquetaires,1
courage,3
carpentras,2
prises,1
chacun,4
entraîner,1
accueil,2
général,1
membre,1
nécessité,2
témoins,1
suivis,1
convenable,1
meurt,3
étrangers,2
candidats,2
celles,4
chaînes,1
invité,1
meure,1
calomnies,2
payent,1
dépit,4
aggravent,1
alourdissent,1
attentats,1
artificielle,2
fond,1
brillants,1
second,3
renforcer,2
angle,1
serbie,7
"...""",1
propre,3
raconte,1
biais,1
principale,1
progrès,2
enquêtes,1
morale,3
poursuivis,1
rameur,1
sida,1
égalité,1
peine,4
logent,1
stirbois,1
toute,5
diplomatie,1
mêmes,3
résultat,3
plutôt,1
votée,1
gatt,1
hommage,4
refusant,1
invoqué,1
impérialiste,1
supporter,1
continuer,1
cent,2
règles,2
jeunesse,2
arabe,1
août,2
amérique,2
considéraient,1
vide,1
évocation,2
chine,1
soucieux,2
officiellement,1
féminin,1
fortius,1
prévoir,3
dérober,1
kilomètres,2
terminée,1
oeuvre,1
hebdomadaire,1
disposer,1
humeur,1
nice,1
symbole,1
convient,2
chacune,1
soutenu,1
contrôle,2
continuons,1
démocraties,1
comprend,1
alpinistes,1
cinq,4
couleurs,1
telles,2
utilisent,1
systématique,1
celui,10
fonctionné,1
aimés,1
commandera,1
persécution,1
polonais,1
encouragés,1
prévisions,1
national,35
différer,1
souhaite,1
rare,1
questions,1
rapporté,1
attendrit,1
flamblée,1
autres,20
demande,3
dite,1
onusienne,1
membres,6
résumer,1
hécatombe,2
dirigée,1
capucines,1
décisions,2
paysages,1
sérieusement,1
musulmans,2
étant,2
juin,4
minimisant,1
avais,2
avait,9
éléments,3
lourde,1
musulmane,2
ballottage,3
milliard,1
exigences,1
yougoslavie,9
heure,9
abaissement,3
favorisent,1
accède,1
cuisants,1
écologistes,1
méfier,1
réunir,1
bientôt,1
restée,2
manifestants,2
otan,1
disait,2
copies,1
annuelle,1
relancerait,1
choeurs,1
éminemment,1
esprits,2
bosnie,1
rendre,2
période,2
commune,2
commandent,1
abstentions,2
appui,1
listes,1
libéré,3
tétanisés,1
longtemps,1
irrésistible,2
commandant,1
passée,1
trinité,1
missions,1
détermination,1
reçus,1
crie,1
tolérance,1
provoqué,1
verts,2
plaisir,1
chaque,1
développer,1
ligne,1
conscient,1
communiste,14
compris,5
programme,4
cout,1
première,5
trimestre,1
conviendrait,1
bilan,1
misérablement,1
morsure,1
dangers,1
annuel,1
exister,1
concertés,1
siège,1
communes,1
réservés,1
promouvoir,1
salle,1
remède,1
opposer,1
obligeant,1
ovation,1
commandement,1
pieds,1
laissé,2
parti,15
moralement,1
vraisemblablement,2
tempêtes,1
intégrer,1
oublier,1
commis,1
conception,2
notable,1
reconnaissent,1
irréaliste,1
insécurité,3
nées,1
ferons,1
valable,1
dernière,1
charnelle,1
bush,3
traité,1
détail,1
pour,5
corps,2
estaing,1
expliquent,1
titre,1
savez,2
martinez,1
maintenu,1
indignation,1
conclusion,1
avantage,1
héros,2
dénoncer,1
indépendance,5
maghrébins,1
enragent,1
majeures,1
nations,7
trois,5
relâche,1
beau,3
maghrébine,2
central,1
aurions,1
africain,1
éditorial,1
gigantesque,1
modes,1
prend,1
durablement,1
sait,1
traités,2
mondiales,1
sais,1
martyre,1
convenait,1
forts,1
victoire,5
heurté,1
hostilités,1
sondages,5
nouvel,1
vies,1
macédoine,1
forte,1
martyrs,1
davantage,2
faits,2
médiateurs,1
attend,1
brutale,1
financière,4
scrutin,5
refusé,1
parler,1
récents,1
signataires,1
chavirages,1
institutions,2
interrogé,1
persique,1
refus,2
effarés,1
récession,1
notre,2
connait,1
confort,1
faibles,1
tiers,1
irréalisables,1
respecter,2
inscrits,2
soldats,1
indiscutables,1
préalable,1
dépouillé,1
avantages,2
adresser,1
resserrer,1
tombe,1
malheurs,1
individuel,1
contenter,1
jettent,1
méfaits,1
allié,1
avortement,1
abandonné,1
pages,1
réponse,2
test,1
secteur,1
ignore,2
cependant,4
médiation,1
conviction,1
réformateurs,1
scores,1
loin,4
pandémie,1
rivés,1
rencontré,2
tardives,2
terroristes,1
très,1
dispositions,1
placés,1
politicienne,2
limitées,1
monopole,2
amour,2
quatre,5
transportés,1
rapprochée,1
placée,1
inéligibilité,1
pasqua,1
fonctionnarisée,1
crise,1
décadence,3
ouvert,1
joue,1
aimé,2
joug,1
détiennent,1
impossible,1
premiers,2
cessons,2
agriculture,1
trouble,1
quant,6
paix,2
tombé,1
scrutins,1
dimensions,1
ayant,1
honneur,5
quand,1
producteur,1
mettrait,1
entreprises,3
fidèlement,1
sort,1
emportera,1
accès,1
dose,1
neuf,2
réunification,1
vrais,1
décemment,1
réalisé,3
privé,1
abus,2
patrie,13
1995,1
concitoyens,1
1992,2
1991,2
1990,5
international,3
septembre,3
consultation,2
voudra,1
devise,1
confiance,2
serions,1
cours,3
augmenter,1
haine,2
alain,1
premier,14
ciel,1
jeter,1
cabrioles,1
renfort,1
exclusif,1
connaître,1
surpeuplées,1
nuque,1
suggérer,1
suicide,1
circonstance,1
ignorait,1
allégées,1
capitales,1
hautes,3
menaçait,1
impôt,2
place,6
imposent,1
légalité,1
prônant,1
terriens,1
communistes,2
alès,1
secrétaire,1
doutes,1
cités,1
priver,1
sainte,3
répète,1
diminution,1
boue,1
arabie,1
étendu,1
rumeurs,1
émanciper,1
importantes,1
sèche,2
élus,3
travail,2
prive,1
envoyés,1
intégrité,1
désespère,1
affirmant,1
république,7
laisse,1
coopération,1
désannexer,1
relevés,1
constituent,4
position,1
inexistence,1
avenue,1
apporte,1
moyens,4
apporter,1
portait,1
quid,1
harcèle,1
référer,1
actuelles,1
publiquement,1
égard,5
abri,1
suis,2
pensée,1
agricole,1
gendarmes,1
humaines,3
renouvelle,1
idées,1
essaient,1
conquête,1
pesant,2
cantonale,1
commencent,1
succession,1
criminel,1
dictature,2
candidat,3
modification,1
stimulant,1
professe,1
typiquement,1
ripoux,2
abstenus,1
peser,2
machination,1
intervenir,1
abstenue,1
coubertin,1
pourraient,1
représentons,1
strasbourg,1
quotidien,1
régis,1
droite,1
commencer,1
déchirement,1
abcès,1
propos,2
monténégro,1
mondiste,1
derrière,3
droits,4
hautement,1
comprenne,1
déclaration,3
brice,1
souviennent,1
pris,1
fixés,1
certes,2
prix,6
finalement,1
prie,1
ordres,1
affaires,2
soient,5
civiques,1
vote,3
idée,2
méconnu,1
futures,2
quinze,1
époque,2
engrangent,1
minutes,2
futurs,1
domaines,4
étonnant,1
constate,1
glacial,1
violent,1
rétablir,1
personnel,3
mode,1
vivent,1
assises,1
affirmer,1
clapot,1
chrétiens,1
anti,2
bavure,1
également,4
paysannerie,1
communisme,8
gestion,1
quelle,1
intégration,1
contradictoires,1
conseil,7
accordent,1
passé,4
emprisonnée,1
définitivement,2
accumulant,1
répit,1
seuil,1
sauvegardée,1
voudraient,2
emirat,1
artisans,1
fidèle,1
redressement,2
puissante,2
proposer,1
municipalité,1
avions,2
urss,7
chers,1
rang,1
symboliser,1
colère,3
priorité,1
tenace,1
recours,1
réalité,2
privilégiés,1
mêlés,1
résolution,2
choses,2
affaiblissement,1
imaginée,1
dépeuple,1
craintes,1
métier,1
luxembourg,1
traversée,1
malheureuse,1
embargo,1
millénaire,1
moitié,3
puisqu,2
comprenons,1
signatures,1
personnelles,1
circulation,1
pourtant,7
mondiale,2
granit,1
stabilisation,1
faillites,3
destructions,1
expiration,1
égayer,1
chevènement,1
solutions,2
cheval,1
progresse,1
évident,1
ministres,1
coût,1
gravissime,1
après,10
partielles,7
progresser,1
1988,1
montré,1
grief,1
réagissant,1
procédure,3
1980,1
1985,1
combat,2
sensibles,1
beaucoup,3
étrangères,1
initiative,1
mafia,1
dépourvues,1
commentateurs,1
mercredi,1
professions,1
agresseur,1
aimer,1
huit,1
assisté,1
assez,3
quart,1
viendrez,1
exception,3
autonomie,1
citius,1
monnaie,1
certaine,1
dégénérer,1
insultée,1
gouvernement,7
dirigeants,3
redynamisé,1
deux,1
femmes,4
revanche,3
expéditionnaire,1
personnellement,1
ennemi,1
ouest,5
demain,2
bienfaits,1
liberté,7
économiques,6
adversaires,6
tenter,1
laquelle,1
briguait,1
dernier,3
taire,1
orientale,3
emprisonné,1
parfois,1
opposition,2
occasion,3
éclaboussé,1
allemagne,4
prédit,2
cessé,4
clichy,1
récoltes,1
inéluctable,1
objectifs,1
dieu,2
apprendre,1
illusoire,1
ukraine,1
fédéralisme,1
zagreb,4
bazin,1
information,2
socialistes,7
siens,1
japonais,1
approcher,1
concussion,1
risques,2
observations,1
précieux,1
judiciaires,1
rappellerai,1
provoquée,1
local,2
automne,1
stupides,1
balancier,1
unique,1
antinomique,1
retard,1
rejeté,1
minoritaire,1
menace,4
assemblées,1
foule,4
anticipée,1
principaux,2
événement,1
respectée,3
effectifs,1
bonnes,1
attirais,1
américaine,1
face,7
alternative,1
dise,1
grande,9
remerciements,1
hauteur,1
cesse,1
agressions,1
déficit,2
jusque,1
étais,3
attachement,2
communications,1
poigne,1
désunion,2
inférieur,1
tête,3
minées,1
terrain,1
hommes,9
daffos,1
lénine,1
poète,2
ainsi,12
fiasco,1
trouvent,1
éloignées,1
dépend,1
surhumain,1
bureaucratique,1
transformation,1
amnistient,1
conflit,6
occident,1
habile,1
rupture,1
entreprise,1
formation,1
frères,1
fixation,1
soumettre,1
lumières,1
avortée,1
insertions,1
restera,1
poissy,2
montée,1
poursuivi,1
étiquette,1
odyssée,1
vivres,1
tournante,1
mais,12
risquent,1
civilisation,1
noms,1
préconisait,1
terre,17
républicain,4
brillant,1
andré,1
ultimatum,2
devaient,1
volonté,6
constater,1
voulons,2
demandant,1
logique,2
clair,2
bombardement,1
crier,1
peuvent,3
proche,4
lettre,2
pétrolière,1
ostracisme,1
remercie,1
aider,3
liban,1
résident,1
répondre,1
authentique,1
heureusement,2
malraux,1
dirons,1
immortels,1
suppression,1
urgentes,1
faisant,1
avec,1
présenté,1
latinier,1
réponses,1
hausse,2
appareil,1
graves,4
figurent,1
malfaisant,1
voeux,1
indispensable,1
injustifiées,1
milieu,1
élimination,1
interpréter,1
menons,1
vitalité,1
hypothèse,1
augmentation,3
promet,1
montfermeil,1
cruauté,1
modalités,1
géographiquement,1
conduite,1
durée,1
délit,2
honteux,1
accorder,1
chances,2
arménie,1
esprit,1
quasi,1
rapide,3
belgique,1
vive,1
audio,1
comprendre,1
rempart,1
constitue,1
nationale,12
irako,1
londres,1
sera,9
banat,1
escroquerie,1
autre,1
conscience,1
mauvaise,1
reconnaître,3
croissant,1
extrêmes,1
clairement,2
axes,1
partisans,2
major,2
invitations,1
libercourt,5
présents,1
gayssot,1
leurs,22
nature,4
démocratiques,2
education,1
goût,2
réveille,1
dénigrement,1
entraînant,1
salut,1
tente,1
provoquant,1
éducatif,1
algérie,1
connaissez,1
débarrassés,1
exigées,1
marxisme,1
permettre,1
intérieur,1
épidémie,1
gratitude,1
débauche,1
selon,1
encore,1
découvre,1
cresson,2
staline,1
fermeté,1
permanence,1
révolte,1
disposition,2
ardeur,2
dépassée,1
réjouis,1
accédé,1
thème,1
manipuler,1
républicains,1
solidaires,3
communion,1
scrupules,1
vingtaine,1
diffamée,1
blocus,1
corruption,3
expression,1
souhaiteraient,1
liens,1
exact,1
barrages,1
applicable,1
perdus,1
spéculation,1
anarchie,1
magistrat,1
hâlé,1
respectives,1
encre,1
solitudes,1
dans,9
mobiles,1
public,2
inique,1
médias,3
obtenu,1
débat,3
candidature,1
paraissaient,1
balkaniques,1
déclenchement,1
simple,2
rapport,2
épaulant,1
voyons,1
manifester,1
importante,1
suffit,1
comprennent,1
créances,1
butte,1
accomplir,1
fort,2
mitoyenne,1
risquant,1
contribution,1
aidée,1
mesure,3
audiovisuelles,1
coeur,2
verra,1
apres,1
analyser,1
touché,1
amis,9
habituelle,1
voies,1
nuit,1
libération,3
jeanne,7
abattu,1
conserverai,1
patriotisme,1
claire,1
traitées,1
veille,1
moyen,8
efforts,1
zones,1
souffre,1
molle,1
pleine,2
rural,1
certains,3
plan,1
appartient,1
juridique,1
supérieur,1
