first,second,likelihood_ratio
parti,socialiste,23.085384641137715
parti,communiste,21.44152832181991
nous,sommes,34.33686810782263
nous,avons,33.56827658867369
maire,communiste,28.098942721184866
groupe,droites,55.62700441746187
dont,avez,20.950233234965427
dont,sommes,18.937186299720615
conseil,sécurité,57.57598979756175
premier,tour,49.20989836148721
président,république,28.51289886519754
croatie,slovénie,46.21266239308848
quelques,jours,34.66480623976922
monsieur,président,38.06170313584583
certain,nombre,48.237225860219525
droites,européennes,74.40425186585078
plus,plus,33.43569484290617
toutes,régions,28.93554293163756
autant,plus,18.11681812656753
moyen,orient,69.22597456171634
europe,ouest,25.892687970556835
autres,pays,15.359617441518596
hommes,femmes,34.998956487780525
suffrages,exprimés,44.22254406843378
pays,europe,13.966603862813713
communauté,européenne,63.424271055250266
bande,quatre,44.22254406843378
assemblée,nationale,30.733198896740333
pendant,temps,29.219404922774814
nations,unies,41.39194727271974
forces,armées,56.07396753695833
front,national,333.6790828364797
guerre,golfe,56.44446423597338
vous,avez,29.94362247730946
élections,partielles,44.98807734927572
échéances,électorales,46.453979581573485
