word,raw_frequency
lieu,1
refusé,1
scrutin,1
cache,1
récente,1
rappelé,1
cultures,1
culture,1
voyez,3
semaine,1
décision,1
expansion,1
démocrates,1
tous,2
chiraquien,1
triomphe,1
lequel,1
guerre,4
choisi,1
choque,1
cohésion,1
demandiez,1
militante,1
réunira,1
coûteuse,1
dette,1
propres,2
joué,2
mars,1
observateurs,1
convenus,1
régionales,2
expérience,1
démantèlement,1
bien,9
illustrent,1
réponse,1
mille,1
journaliste,1
ores,2
attribuer,1
conviction,1
prioritairement,1
méprisé,1
régionalisme,1
devoir,1
possible,1
admettre,1
confisqués,1
courtois,1
dénatalité,1
pire,1
bois,1
très,1
diplomatiques,1
insulté,1
partie,2
électorales,1
souverain,1
devant,1
bureau,2
européenne,1
partir,2
partis,2
acceptent,1
bilalian,1
innombrables,1
décadence,1
proposait,1
affichais,1
politique,8
rallie,1
1942,2
joue,1
obtiennent,1
poussé,1
agirait,1
chose,1
premiers,1
puisque,2
nouvelle,2
intéressé,1
mineur,1
monde,1
répondu,1
prochain,3
rapidement,1
véritable,2
scrutins,1
avec,1
élire,1
tenu,1
vents,1
dirais,1
bénédiction,1
trésor,1
juger,1
cela,1
accès,2
députés,5
législatives,1
affaiblie,1
tenir,1
promesses,2
bretonne,1
mégret,1
tasse,2
vrais,1
obligé,1
parait,1
privé,1
responsabilité,1
1998,1
1997,1
pays,2
1993,1
fruits,1
nombre,5
actuellement,2
bruno,1
scène,1
antenne,2
deuxième,2
projet,1
français,13
premier,5
urnes,1
utilisés,1
prospérité,1
promis,1
existence,1
pain,1
bref,1
vraie,1
interdit,1
président,8
harkis,1
impôt,2
notamment,1
aillent,1
ajouter,1
exprimés,3
regroupement,1
ferme,1
unanimité,1
bout,1
engagé,2
merci,1
alain,1
réunion,1
demander,1
problèmes,1
exactement,1
proposaient,1
diminution,1
exprimée,1
haute,1
battu,5
dites,2
blanc,3
utiliser,1
devrez,1
année,1
gaullistes,1
désinformation,1
exprimé,1
affiches,1
majeur,1
impuissant,1
marin,1
seuls,3
position,1
pense,3
avatar,1
escamoté,1
alcool,2
juge,1
populaire,2
battait,1
1969,1
apporter,1
dircab,1
enfin,1
fausse,1
sommes,1
posée,3
mandat,1
menacée,1
française,5
fréquentable,1
égard,3
suffrages,2
suis,6
termes,2
sortante,1
voulues,1
risque,1
bonneton,1
économiques,1
cœur,1
bataille,3
connaissance,1
électorale,3
arrivé,2
national,13
économie,2
logement,1
capacité,1
républicaine,1
remporte,1
voté,1
scandaleuses,1
injustices,1
quelqu,1
républicains,1
candidat,1
dixit,1
interview,1
aurait,1
êtes,1
abstenus,1
juppé,4
gavés,1
république,5
dissolution,2
sévère,3
frappés,1
faire,4
réduire,1
truquée,1
classe,1
compte,5
défense,1
rectifier,1
attendre,1
fais,1
apparences,1
commun,1
sociales,1
bureaucrates,1
light,3
maintiendront,1
campagnes,1
présence,1
sauf,1
elle,1
territoire,1
ordres,1
temps,5
fort,1
action,1
voudrais,6
troisième,1
hiérarques,1
massif,1
soient,1
claire,1
massivement,1
contre,8
réduit,1
vote,1
préparer,1
dire,6
mouvement,1
bâillonné,1
jugée,1
nobel,1
citoyens,2
moindre,1
projeter,1
exemple,1
contribuables,1
entendre,2
abord,3
militants,1
monsieur,2
vivre,1
future,1
appelle,3
lutte,1
souveraineté,1
citoyen,1
doute,1
sues,1
arrivés,1
énarques,1
soutenue,1
hypocrisies,1
voulait,1
villiers,4
impliqué,1
commenté,1
conseil,1
opinion,2
lundi,1
mauvais,1
quelques,1
celtique,1
activement,1
fiscalisme,2
occurrence,2
écoutez,2
moyens,1
venu,1
souffle,1
préoccupent,1
crime,2
faudrait,1
bande,1
soit,3
soir,4
abasourdis,1
sondages,1
crois,2
profonde,1
faveur,1
debré,1
engagement,1
vingt,1
truque,1
rien,1
resté,1
choses,1
constitution,2
minorité,1
seines,1
ecoutez,1
néanmoins,1
cette,2
fausses,1
passe,1
question,7
cible,1
tiennent,1
immigration,3
handicapée,1
normalement,1
entre,1
alors,2
puisqu,3
créé,1
manipulés,1
volonté,1
détail,1
pourtant,2
démonstration,1
levier,1
répondrai,2
perfidie,1
toutes,3
avaient,1
peuple,7
crimes,1
lancé,1
européen,1
système,1
seing,2
habitude,3
campagne,9
maastricht,2
espérant,1
mieux,2
démocratique,1
chiraquienne,1
absents,1
jacques,3
représentent,1
ailleurs,7
repli,1
intéresse,1
ferons,1
1986,1
utiles,1
beaucoup,4
libre,1
avons,4
prouve,1
charles,1
quelque,3
évaluer,1
grand,1
annoncé,1
assez,2
exception,1
semaines,2
mondialistes,1
influence,1
certaine,1
pasqua,2
change,1
patriote,2
gouvernement,1
veut,1
somme,1
fallait,1
veulent,1
insécurité,2
lacérées,1
personnellement,2
séguin,1
demain,1
sauront,1
supplémentaire,1
conduit,1
gens,4
défaite,1
conséquence,1
modifier,1
entretenir,1
milliards,4
toujours,2
général,1
opposition,1
mitterrand,1
meetings,1
écœurés,1
manqué,1
voulez,1
relativement,1
précision,1
mode,1
tire,1
régional,1
changer,1
aveugle,1
doivent,2
prérogatives,1
ouvrez,1
pied,2
tirer,2
borgne,1
problème,2
chef,3
ensemble,1
consigne,1
pouvoir,4
peux,1
reçoit,1
chez,1
révolver,1
article,2
cher,1
proprement,1
précédent,1
régions,2
quatrième,1
soutien,1
prendre,1
chirac,6
nation,2
anticipée,1
déportation,1
plus,8
exigence,1
avez,1
provocations,1
remettre,1
jamais,1
productivité,1
trompeuses,1
succès,1
minium,1
déjà,2
prisonnier,1
étranger,1
grande,1
vous,2
élections,3
électeurs,6
politiques,4
étais,1
marées,1
accueil,1
citait,1
persévéré,1
corrompu,1
intérêt,1
congrès,1
hommes,1
candidats,1
donne,1
reçoivent,1
celles,1
père,1
quatre,1
rapproche,1
donner,1
serait,2
ainsi,2
maintenir,1
conduisait,1
donnez,1
inverse,1
voyons,1
gouvernants,1
accomplir,1
fusil,1
grands,1
interdise,1
second,1
résoudre,1
ambigüité,1
tout,1
tour,4
débats,1
indifférent,1
progrès,1
recevoir,1
tirais,1
france,19
double,1
peine,2
diabolisé,1
toute,3
certain,1
recevront,1
manifestations,1
résultat,4
scandales,1
mais,5
perdu,1
existe,1
faut,4
républicain,1
front,14
stratégie,1
médiocre,1
dise,1
prix,1
européiste,2
obtenir,1
échecs,2
mépris,1
algériens,1
gaulle,1
kabila,1
insupportable,1
gagné,1
logique,1
libertés,1
pauvres,1
forcément,1
heureux,1
proche,1
festival,1
mains,1
ruinées,1
musulmans,1
cantonales,1
étrangers,1
contraire,2
essayez,1
cinq,1
absolument,1
confirmerait,1
voix,3
politico,1
scandaleux,1
sociale,2
utilisent,1
revenu,1
impôts,2
prévision,1
celui,2
réunions,1
passant,1
solde,1
verrez,1
balladur,3
hostiles,1
présenté,1
arbitraire,1
utilisant,1
défendre,1
prévisions,1
celle,2
terme,1
questions,2
madame,1
déroulée,1
médiatique,2
prendront,1
autres,4
demande,2
protégé,1
strasbourg,1
mort,1
calomnié,1
dits,2
amical,1
augmentation,1
lesquelles,1
divorcé,1
notant,1
transformer,1
fédérations,1
diabolisation,1
présidentielle,1
utilisation,1
mobutu,1
permet,1
genre,1
lobbys,1
avais,2
avait,3
route,1
librement,1
commet,2
définit,1
constitue,1
nationale,5
seraient,2
ceci,1
honnête,1
sera,2
passé,1
vivants,1
solutions,1
escroquerie,1
banal,1
impuissance,1
issu,1
coup,1
cabinet,1
pauvre,1
plutôt,2
parlement,1
chômage,2
dois,1
exécution,1
abordés,1
souhaitent,1
rendus,1
gardé,1
conclusion,1
disait,1
péril,1
souhaité,2
démontré,2
mettre,1
leurs,1
conditions,2
catholique,3
rendre,1
commune,1
salut,1
forces,4
algérie,6
premièrement,1
informé,1
européistes,1
victime,2
authentiquement,1
sorte,1
sièges,1
selon,1
matière,1
violences,1
tolérance,1
population,2
après,3
déterminée,2
retirer,1
développer,1
clownesque,1
communiste,2
électrices,1
ferait,2
inscrits,1
relative,1
petite,1
majorité,8
derrière,2
exprimer,1
corruption,2
agressées,1
ajouterais,1
désiste,1
fourni,1
apportant,1
consommation,1
démocratie,3
décidée,1
conséquences,2
pendant,3
gauche,4
espérais,1
médiatiques,1
partagent,1
parti,2
nous,1
progressivement,1
histoire,1
affectueux,1
dans,1
lourdement,1
meilleur,1
attaché,1
public,1
françaises,1
restée,1
médias,2
valait,1
traitres,1
obtenu,1
débat,2
compté,1
mobiliser,1
moment,1
dernière,1
simple,1
confiance,1
paraissait,1
pour,2
pudeur,1
tête,1
était,6
morceau,1
soirée,1
sans,1
savez,1
very,2
ministre,3
quitte,1
décrivait,1
mises,1
sache,1
indépendance,1
évolue,1
mesure,2
trois,2
analyser,1
mendès,1
façon,2
dimanche,3
dont,4
définir,1
bafouée,1
historique,1
permettre,1
chèque,1
prend,1
finalement,1
sait,2
recueille,1
sais,1
surprise,1
tableaux,1
société,1
victoire,2
renforce,1
assemblée,1
particulier,1
fidélité,1
considèrent,1
supérieur,1
