word,raw_frequency
règle,1
nature,1
pays,16
sortir,1
groupuscule,1
cache,2
ensuite,2
mouvements,5
étrangère,1
prétendent,2
principe,1
présidentielle,1
dors,1
successivement,1
position,1
mélangeons,1
pourvu,1
voyez,2
tribunal,2
qualité,2
tendant,1
croyez,5
mènerais,1
parlementaire,2
aucune,6
arrivés,1
infractions,1
décidément,1
reposé,1
tandis,1
obéi,1
policier,2
maison,1
crée,1
octobre,1
lequel,5
appelés,1
chefs,1
aphorisme,1
perdre,2
venues,1
picasso,1
couleur,1
choisi,3
rompe,3
effet,4
jure,2
etats,1
raté,1
nommer,1
gueule,2
aventure,1
remplie,2
dimension,1
rapprocher,1
entrisme,1
concours,1
fonctionnaires,5
existent,1
pratiquer,1
objectif,1
déboulonner,1
spécialement,1
émissions,2
donneur,1
menaces,1
immédiatement,1
européens,4
comploteurs,1
aimer,1
prenons,1
phénomène,2
faux,1
bien,85
gaïa,4
coupable,4
criminalité,3
présumés,1
électorat,1
devons,1
généralement,4
posez,1
ouverte,2
verser,1
rate,1
déclenche,1
automatiquement,1
népotisme,1
antidémocratiques,1
marché,1
philosophe,1
royal,1
devoir,6
vingt,2
admettre,2
belle,1
dérisoire,5
arrêter,1
courtois,1
empereur,1
retour,3
bois,2
mulhouse,1
faisant,3
motivé,1
manifestation,1
offensive,1
joint,1
procédé,2
félicite,1
éventuel,1
france,22
justifier,1
venir,8
électorales,1
souverain,3
devant,6
civile,1
sida,1
faisons,2
exemple,6
européenne,4
angoisse,1
réserve,1
appris,1
interviendra,1
jours,2
soyons,4
derniers,1
devait,1
extrême,5
côté,4
établi,2
proverbe,1
saisie,1
approché,1
appliquer,5
hypocrisie,2
arrivant,1
françois,2
gaulle,1
disparition,2
aussi,2
incidents,1
consentie,1
saddam,1
abord,17
viennent,6
étudié,1
puisque,12
policière,3
scènes,1
boîte,4
monde,20
franc,1
ultime,1
toute,8
rapidement,1
véritable,2
élaborer,1
suffrage,2
subissais,1
féroce,1
rappeler,1
résisté,1
trait,1
football,1
dirait,1
élire,3
adhérents,2
originaires,1
dirais,6
coupables,1
tranchée,1
démontrer,1
motivations,1
juges,1
nunc,1
solutions,3
législatives,1
financé,2
évolution,1
colloque,1
obsèques,1
paradoxal,1
mégret,39
mesures,5
racistes,1
affaiblir,1
obligé,6
prévaloir,1
milieux,1
rappelle,6
chômeurs,4
sages,1
syndiqués,1
résultat,1
foudroyante,1
expliquer,3
plutôt,6
nombre,9
nombreuses,1
confortable,1
processus,2
grossièreté,1
perdu,2
parce,2
injustice,5
antenne,1
postes,1
contact,1
heures,4
relative,1
projet,3
fonctionnaire,1
groupe,4
licencié,2
chiffres,2
éventuellement,9
considérations,1
fili,1
intacte,1
responsables,3
négocient,2
justement,5
ordre,11
pensé,2
disons,5
reprises,1
parisienne,1
cellules,1
administratifs,4
mineur,1
contribuable,1
rapport,1
façades,1
semaines,1
président,30
républicain,1
découvert,1
librement,2
battre,2
réforme,1
accord,11
accéder,2
utilisé,1
cassius,1
irresponsables,1
frappé,1
important,2
poursuites,1
diminuant,1
coram,1
hauts,4
efficace,5
exactement,4
attention,2
ecole,1
prochaine,1
troubles,2
alternance,1
quoque,1
devenir,1
absurde,2
compromissions,1
administration,2
formait,1
1972,1
appartenir,1
employer,1
année,3
opération,2
limiter,1
éternel,1
hiérarchie,4
capable,1
alternatives,1
biologie,1
mamans,1
encorné,1
crainte,1
équipe,1
département,1
violence,1
contradiction,1
concertation,1
marin,1
perte,3
faillite,1
seuls,1
evouloir,1
marie,6
conseils,5
voulais,2
averti,1
scandalisé,1
vite,1
angleterre,1
juriste,1
épatant,1
nationaux,1
considère,1
avion,1
espace,1
soumises,1
destin,1
quelles,1
diabolisés,1
dysfonctionnements,1
maître,2
spirituelle,2
enfin,11
voyais,1
sommes,19
aurons,2
auguste,1
brave,1
auront,4
assimilables,1
menacée,1
triompher,1
française,8
peau,1
campagne,16
parer,1
individuelles,1
signature,1
tirent,1
menaçaient,1
manœuvres,1
aéroports,1
risque,6
insupportable,1
servent,1
souhaitait,1
méritait,1
penser,6
attaqué,2
solution,2
défaite,1
budgétaires,1
remplacée,1
diplomatique,1
léottard,1
bataille,6
remarquable,1
exposer,1
conserver,1
provoquer,2
sénat,1
insultaient,1
conjonctions,1
rompue,1
couloir,1
financement,1
vague,1
télévision,1
adresses,1
condamnons,1
fayard,1
ignominie,1
raciale,1
courants,1
remplace,2
succèdent,1
durbec,1
condamné,2
aurais,2
coups,2
envoyer,1
affection,2
aurait,9
allez,4
électoral,1
guerres,1
couverture,1
niveaux,1
sicaires,1
préféré,1
grave,4
accompagner,1
semble,4
plans,2
syndicalistes,1
lundi,2
séance,1
bureau,21
condamnations,1
sévère,1
excuse,1
différentes,3
faire,42
grâce,2
extraordinairement,1
attaqués,1
actuelles,1
compte,5
défense,3
tailleur,1
attendre,3
pose,1
chargés,2
lycée,1
fais,3
niveau,2
arène,1
faim,1
distinction,1
siècle,2
terrible,1
euromondialisme,2
franchement,2
saurais,1
déboucher,1
condamnés,4
opposant,1
absolue,2
attaque,1
voyous,1
établirais,1
publics,1
rire,2
egypte,1
institut,1
sauf,3
elle,5
devantures,1
invitez,3
noble,2
condamnée,1
temps,23
action,1
inviter,1
hussein,1
base,2
désordre,3
changeons,2
martinique,1
preuve,4
entrée,1
dire,52
structure,1
mouvement,26
départ,2
bandes,1
digne,2
autorité,1
vacances,1
condamne,1
origines,1
moindre,3
gouvernementales,1
comparaison,1
million,1
amenés,1
dirigent,1
paca,2
entendre,5
ministère,1
révéler,1
singulier,1
aperçu,1
entend,4
monsieur,5
jugement,2
structures,1
libé,1
agression,3
casquer,1
test,4
bénéficier,2
respecté,1
prise,2
journaliste,1
artificiel,2
descends,1
souveraineté,1
citoyen,2
crédit,4
amer,1
trainé,1
éprouve,1
adjoint,1
trompent,1
convention,1
références,1
liste,9
arrivée,3
présider,1
expriment,1
soulevée,1
télégrammes,1
dignité,1
nervis,1
accepter,2
récemment,3
kalachnikov,1
disparaitrais,1
causes,6
incapable,1
faudra,3
quelques,16
fournisseurs,1
rend,3
souligné,1
activité,4
partir,1
noyautage,1
participé,1
ennuis,1
occurrence,7
écoutez,14
marquer,1
maxima,1
commandant,1
aujourd,12
crime,2
furieux,1
égorge,1
discours,1
populations,1
millions,11
budget,1
contient,1
ennemis,3
papier,1
moscou,1
terrorisme,4
approuvé,1
tort,1
taille,1
loin,1
espérer,1
discuter,1
idées,2
délégation,1
cœur,1
politologues,1
homosexuelles,1
racontent,2
presse,3
provoqué,1
différents,3
phénomènes,2
devais,1
délivrées,1
humain,2
seconds,1
laetitia,1
compatible,1
bafoué,1
pourquoi,3
jeunes,3
impuissants,1
conseillers,1
ores,1
écrasant,1
cause,1
publique,3
obligés,1
voit,3
commençait,1
demanderaient,1
santé,1
territoires,1
identité,1
préoccupations,1
patriotiques,1
préparons,1
cette,7
tomber,2
socialiste,5
autant,1
étrangers,3
gouvernements,9
lyon,1
soucier,1
empêcher,1
immigration,4
impôts,2
êtes,9
entre,15
achat,1
présidents,2
vides,1
contrainte,1
lemarc,1
immigrés,1
fameux,1
créé,1
prochaines,3
travaillés,1
ville,3
volonté,5
favorables,1
espère,6
périodes,1
bureaucratiques,1
fiscale,1
aillent,1
balkans,1
joué,2
sursis,1
gagnera,1
souhaiter,1
outre,1
souhaitez,1
très,2
habitants,1
etat,8
auraient,3
contraire,3
arrestations,1
changement,1
statuts,6
maastricht,4
points,3
témoignage,1
impose,1
vème,3
direction,1
amitié,1
majorité,9
professionnelle,1
représentent,2
ailleurs,24
légitime,1
malheureusement,7
occuper,3
sérieuses,1
repris,1
ferons,1
croient,1
conformément,1
articles,1
député,11
reste,3
culturelles,1
supposerait,1
alliera,1
choquée,1
situations,1
collectivement,1
maréchal,1
grand,9
condamnez,1
serez,1
prends,3
tendances,1
résolu,2
formulaires,2
injurié,1
théâtre,1
avant,1
réduction,1
huitièmes,1
remplir,1
difficile,2
mark,1
pression,1
caroline,1
reconnais,1
sécurité,4
envisagées,1
russie,1
ouvrent,1
duquel,1
sentiment,6
debaille,1
totale,2
poignarde,1
club,1
rencontrés,1
drames,1
amené,1
officier,4
fallait,4
renoncez,1
ayez,1
traquer,2
injuste,3
habituel,1
actuel,1
super,1
rien,13
contraventions,1
défendre,2
poivre,1
1961,1
celle,5
regroupé,1
sanctionnés,1
volé,1
ésotérique,1
guenilles,1
expressément,1
exercées,1
journal,3
grotesque,1
anarchiste,1
parleurs,1
rester,1
trou,2
gendarme,2
racket,1
trompés,2
plateaux,1
charitables,1
ignoble,1
représentons,1
hélas,1
plaisantez,2
meetings,1
rouge,1
symbolique,2
voudrais,7
pierres,1
fondement,1
morales,2
destruction,2
espèce,6
caresser,1
savent,2
cinquième,1
proie,1
mode,1
servir,1
sanctions,1
menée,2
écoutent,1
considérant,1
payent,1
noir,1
représentants,1
élan,2
jeudi,3
soumise,1
avancer,1
pourriez,1
verts,1
article,1
bref,2
vouloir,2
orient,3
mettre,5
conjurés,1
réunir,1
ajaccio,1
pied,3
garde,2
trêve,1
excuser,1
centaines,1
revenir,1
secrétariat,1
payant,1
banque,1
vérités,1
prononcer,2
évité,1
ensemble,1
adjointe,1
appliquent,1
écart,1
accepteraient,1
responsable,6
euromondialistes,1
chez,5
suffi,1
quiconque,1
désistements,1
alarmiste,1
cher,1
égorgent,1
suffisamment,2
jeune,1
leader,1
régions,7
maire,3
facile,3
prétendument,2
filles,1
considérons,1
roger,1
mission,1
mené,1
chirac,5
accepte,4
recevra,1
conférences,1
obligations,1
tenir,2
plus,52
totalitaire,1
travers,1
triché,1
opinion,1
courir,1
recueillir,1
appuyer,1
frères,1
merci,1
adversaire,2
tragique,2
assuré,1
fers,1
nette,1
brillant,2
sueur,1
finalité,2
hambourg,1
électricité,1
détenues,1
étranger,1
établies,1
remercie,2
responsabilités,8
vous,8
chapelets,1
élections,14
années,3
électeurs,9
procéder,2
disparu,2
financiers,2
déçu,1
prétendait,1
intéressés,1
prises,2
instruction,1
écrits,1
privent,1
leçons,3
bronchite,1
médecin,1
amour,2
note,1
sinon,1
ceux,1
général,4
caducité,1
jospin,3
homme,10
laissera,2
emblématiquement,1
publicité,1
populaire,3
ambitieux,1
candidats,10
reçoivent,1
celles,4
premiers,1
clémence,1
allons,3
invité,4
mobiles,1
disant,3
région,5
agrandissement,1
candidate,1
inverse,1
voyons,2
gouvernants,3
résolutions,1
prennent,2
dimittis,1
caractère,2
gouffre,2
oubliez,1
fond,4
valises,1
sympathique,2
second,1
voyant,1
renforcer,1
plein,1
conversation,1
machine,1
déjeunais,1
tout,8
agitées,1
tour,7
tous,1
principale,2
vain,1
progrès,1
disaient,1
réparti,1
représentant,1
enquêtes,1
fallu,1
morale,3
poursuivis,1
poste,2
holala,1
union,1
répondu,2
puisqu,6
pense,7
constaterez,1
égalité,1
politique,57
peine,2
remarqué,1
battus,1
culture,3
vais,11
haïssaient,1
composition,1
bureaucratie,1
mêmes,7
manifestations,5
amélioration,1
occupé,1
aggraver,1
débattrai,1
malade,1
faut,28
agitation,6
jambe,1
intelligence,1
caisse,3
stratégie,1
continuer,3
fantasme,1
populo,1
votent,3
train,4
tablettes,1
intention,2
toge,1
inquiété,1
travaillent,1
empêchement,1
pouvoirs,1
référence,2
journalistes,1
bloqué,1
vanité,1
essayer,2
entendons,1
chante,1
drogue,1
signatures,3
diras,1
prévoit,1
reconnaissez,2
renchérit,1
produit,1
novembre,2
conseillère,1
priverait,1
hebdomadaire,1
comptes,1
déclaré,5
objet,2
faisaient,1
exclusive,1
troupes,1
subir,2
efforce,1
garantie,1
préjugent,1
outrages,1
fesser,1
écouter,1
couvert,1
point,4
canifs,1
municipalités,3
nationalités,1
document,5
petites,3
choisit,1
absolument,2
socialo,1
retenu,1
choisir,1
juridiques,1
sociale,1
normalement,2
aimerait,1
celui,11
organisme,1
convoquée,2
actualité,1
écouté,1
connu,1
violation,1
rassemblé,1
clin,1
persécution,2
hostiles,1
affirme,4
xxème,1
familles,1
entreprises,6
impossibles,1
entrer,2
complicités,2
national,95
professionnel,1
souhaite,2
syndicalisme,1
boiteux,1
gnomes,1
organisaient,1
consiste,3
appuyées,1
meilleure,1
médiatique,2
galéjade,1
fusion,1
départements,1
acculés,1
lire,1
demande,6
membres,4
stupide,3
régler,1
mort,13
corses,3
assez,9
ouvriers,1
empoisonné,1
constituer,1
erreur,1
croyons,1
éducation,2
décisions,7
délibérément,1
avaient,3
peines,2
lourds,2
prenez,2
près,6
chansons,1
considérés,1
sérieusement,1
drôlement,1
obstacles,1
suicider,1
prévision,1
étant,3
juin,2
avais,7
avait,24
éléments,2
route,3
plaisir,2
claude,1
mieux,4
giran,3
agresser,1
proches,1
milliard,1
payée,1
détruire,2
canards,1
emprise,1
crié,1
menacé,1
réintroduite,1
invitant,1
incapacité,1
sera,12
heure,7
régionale,1
fumé,1
retrouverons,2
illégalité,1
méfiez,1
bornez,1
lourdes,2
chômage,4
rendue,1
reporter,1
exécution,1
élite,1
exécutif,3
manifestants,1
identifié,1
auxiliaires,1
émission,2
impatience,1
prendrai,4
villes,1
apparait,1
distribution,1
générale,2
majorités,1
indispensables,1
effacer,1
demandé,4
militant,4
seront,5
serons,3
plaira,1
programme,5
signale,1
établissement,2
clinton,1
elysée,1
secret,2
correspondre,1
naturel,1
loyauté,1
abstentions,1
étrangler,1
radio,1
grece,1
appartement,1
exceptionnelles,4
amsterdam,2
longtemps,3
irrémédiable,1
emblématique,1
collaborateurs,3
marignane,1
authentiquement,1
consultation,1
sorti,1
accuse,1
regardez,2
générales,1
sorte,9
cracher,1
paris,4
invite,1
regarder,2
tâche,1
iront,1
conception,4
cautère,1
visage,2
couper,2
chaque,1
viole,1
législative,1
gardes,1
conscient,1
croire,2
matador,1
félon,8
gouverner,2
électrices,1
intervenu,2
préfet,6
passer,2
aise,1
affichage,1
travailler,1
première,6
pratique,1
origine,1
permettraient,1
aura,10
contremandez,1
petite,2
avenir,3
jacques,3
autorisé,3
privée,1
officines,1
exprimer,1
trouve,9
fiscalité,2
diaboliser,1
lang,1
privés,1
claires,1
visé,1
moyenne,1
communes,1
rétractation,1
vente,2
collaborateur,1
actuelle,1
quarts,2
papa,2
constater,3
conséquences,1
partisans,1
congressistes,1
porter,3
gaudin,1
saisit,1
habitations,1
extrêmement,2
frelet,1
médiatiques,1
avisés,1
commandos,1
parti,14
rentre,2
nous,24
terroriste,1
intégrer,1
oublier,1
poser,2
xxième,1
commis,1
limite,1
désastreuses,1
tiberi,1
parfaitement,1
politiciens,5
évacuez,1
recevrais,1
deal,1
famille,4
syndicat,1
importante,2
mois,11
barre,1
insécurité,3
raisons,5
symboliquement,1
europe,6
initiateur,1
compter,1
importance,1
indirectement,1
intérêt,2
collaboratrices,1
pensons,4
choix,1
sens,4
venais,1
empêché,1
consacrer,1
aviez,2
dernière,3
bords,1
étonner,1
modèle,1
pour,4
nécessaires,1
corps,1
estaing,1
exigent,1
sanglantes,1
montrer,1
titre,1
savez,11
vise,4
martinez,16
disent,5
indignation,1
evidemment,1
soyez,1
vers,4
bloquer,1
lassés,1
européen,1
indépendance,3
carnyx,1
dispose,1
envoie,3
hiérarchisé,1
armes,4
malheureux,1
olivier,1
suicidaire,2
esprit,2
ébahi,1
trois,15
capacités,1
intriguer,1
fils,7
arbitre,2
meeting,2
constante,1
échange,1
premier,14
pensent,3
encadrés,1
éditorial,1
dont,20
combats,1
entendais,1
rendent,1
exclamation,1
voulu,3
chanson,1
ours,1
pakistan,1
chapeau,5
sait,14
sais,17
raconter,2
écrasé,1
nouvelle,2
société,2
présent,3
futur,1
avocats,1
gêne,3
patriarche,2
raciste,1
traite,2
trouves,1
deuxième,8
présenter,3
prépare,1
dizaines,3
étapes,1
faits,2
statistiques,2
petit,12
dégoût,1
commencée,1
couples,1
scrutin,1
autour,1
équilibre,1
parler,9
spectacle,1
vitrolles,3
allait,3
issus,2
avis,5
consignes,1
pullover,1
parlez,4
éternels,1
récente,1
rappelé,2
bonne,3
spécieuse,1
travaillons,1
investigation,1
thèmes,1
souci,1
fusse,1
coïncidence,1
tombaient,1
successeur,1
genre,3
trempé,1
respectez,1
semaine,1
décision,7
personnalité,1
sept,4
bastia,1
possibles,3
respecter,1
trafic,1
investissements,1
fonctionnement,2
solitaire,1
période,1
chiraquien,1
conduit,1
maires,2
convoqueront,1
guerre,4
serviront,1
légitimement,1
lieu,2
préférence,3
subventions,4
transformation,1
problèmes,5
oublient,1
arrosait,1
tant,7
réélu,2
élection,6
exergue,1
avantages,2
musulmans,1
obtiendra,1
candidatures,1
arvor,1
imparable,1
comète,1
appelait,1
express,1
professeurs,2
scandale,2
aime,2
tombe,1
tard,1
totalement,1
professeur,1
régionales,4
collective,1
briser,1
avortement,2
type,1
surveillants,1
pages,1
succédé,1
récite,1
informé,1
trotskistes,1
suffisant,2
cependant,1
serge,3
centaine,1
chair,1
cachée,1
inondation,1
venu,3
toulon,4
masse,1
aide,3
fasse,2
fantasmes,1
faites,1
propagande,1
possible,7
lois,7
cohérente,1
étonné,1
front,88
hautes,1
marne,2
provisoirement,1
tolère,1
terroristes,5
luttes,1
pratiquement,1
besoin,1
dispositions,2
placés,1
strates,1
politicienne,1
utiles,1
insulté,3
emploi,2
femme,5
culpa,2
partie,7
quatre,6
déclarés,2
démocrate,2
complaisance,1
joueraient,1
servira,1
chargé,1
inéligibilité,2
antilles,1
partis,15
polytechnicien,1
côtés,1
dernières,1
décadence,2
cassation,3
ayons,1
groupusculaire,1
twain,1
charges,1
corse,10
magique,1
attendez,5
téléspectateurs,2
hostile,2
délinquance,3
poussé,1
agressé,1
étonnerait,1
allemands,1
chose,11
peulvast,2
tracts,1
stallone,1
tronc,1
résoudre,5
considérer,1
particulièrement,3
désistement,2
quant,1
factions,1
suite,3
gouvernement,19
boutade,1
reprocher,1
règles,2
outrageante,1
jamet,1
allemand,1
ayant,1
applique,1
racialiste,1
quand,6
mienne,1
tenu,1
carrière,1
gallou,2
auparavant,1
armé,1
volontiers,1
considérez,2
menées,1
question,8
cela,3
millionième,1
députés,8
dose,1
laisser,2
neuf,4
promesses,1
clients,1
curieux,1
réunis,1
tasse,1
échec,1
secondes,1
actif,1
parait,9
milité,1
doutez,1
privé,2
infomatin,1
exprime,2
préparés,1
responsabilité,4
mécanicien,1
1997,2
1996,1
unanimité,7
provençal,1
rectifiera,1
appareils,1
matériellement,1
indigne,1
connue,1
laissé,2
septembre,1
secrétaire,4
ramolino,1
réquisitoire,1
confiance,8
tartufferie,1
arriver,2
français,20
court,1
augmenter,1
connaisseur,1
mien,1
politiquement,1
jeter,2
sérieux,3
reçues,1
philippe,1
femmes,4
jugé,3
existera,3
défi,2
insane,1
auprès,1
continué,1
circonstance,2
attachés,1
criminelle,2
surtout,6
complices,4
abstention,1
recrutez,1
demander,1
élimine,1
interdit,2
investiture,5
commission,10
communiqués,1
place,11
dramatiques,1
espoirs,1
légalité,2
pourrait,3
souhaiterai,1
honneur,1
1974,1
efficacité,2
communistes,2
intervenus,4
internationale,1
bout,2
françaises,3
abandon,1
arme,4
suggérer,1
vraie,1
remplacer,1
ligne,2
termine,1
éradiquer,1
demandez,1
anticipé,1
abstraire,1
dites,4
humanité,1
circulé,1
importantes,1
miracle,2
grandes,2
assassins,1
fusil,1
élus,10
pensée,1
travail,8
prive,1
gourmande,1
principes,2
préceptes,1
dessus,2
parachutisme,2
pouvaient,1
détruit,1
cautèle,1
république,16
laisse,4
donnés,1
mentales,1
liberté,1
envie,2
élue,2
constituent,1
rejettent,1
inscrit,1
reçois,1
alliés,4
tabac,1
conséquent,17
étudier,3
armée,1
luttons,1
chômeur,1
généraux,1
imprimés,1
faisais,1
faisait,1
crédits,1
faiblesses,1
moyens,3
fractionniste,1
apporter,2
prêt,2
aphorismes,1
transparence,1
retrouver,1
prêts,2
directeur,1
incrimination,1
mandat,1
chiraco,1
publiquement,3
jardiniers,1
vocation,2
poursuite,1
désignés,1
attendiez,1
égard,4
organisées,1
partielles,1
suis,52
pépiniéristes,1
injurie,1
engagée,1
soumets,1
audience,1
gendarmes,1
telles,1
retraits,1
chemin,1
incident,1
espoir,1
hein,5
pouvez,1
dernier,2
connivences,1
régional,2
électorale,10
retrait,3
justice,11
vraiment,1
conquête,1
désigné,4
judiciaires,1
reçoit,3
reconnaissais,1
actions,1
précédents,1
mérite,2
cantonale,1
manœuvre,1
lentement,1
avouant,1
secours,1
politicien,1
fier,1
trouvent,1
candidat,11
admettez,1
voter,5
innocent,1
choc,1
terrifiantes,1
dossier,1
réitérait,1
thème,1
syndicaliste,1
éviter,1
parlons,1
accroche,1
compromettantes,1
déposée,1
commissaire,1
automobiliste,1
appuyé,1
représente,4
dissolution,5
donnerions,1
lesquels,2
pourraient,5
constaté,1
pensez,1
réduire,1
strasbourg,2
constitutionnel,6
calme,4
voynet,1
commencer,2
israël,1
gongs,1
gollnisch,6
propos,1
viendra,3
conviennent,1
hier,3
stéphane,1
lutté,1
encadrer,1
souhaiteraient,2
simplement,4
déférées,1
ancien,2
droits,1
haroun,1
voltaire,1
indigné,1
fonction,1
suivre,1
rentrer,1
régionaux,3
savoir,5
puissent,1
malgré,2
développé,1
quarantaine,1
extrémisme,1
plaignait,1
terribles,1
maritime,1
gauche,16
maintienne,1
appel,6
envisager,1
diffuser,1
prix,1
désigne,1
mise,3
prie,3
accumulés,1
conservé,1
devenue,1
diminue,1
scandaleuse,2
affaires,5
constituée,1
voulez,5
ferai,3
troisième,1
tranquillité,3
organisations,1
soient,4
souhaiterais,1
présidence,2
parlent,2
affaire,6
locaux,1
horloge,1
vote,3
pensions,1
appeler,1
prison,1
fera,2
départemental,2
réglerais,1
idée,1
sourit,1
arriverait,2
débâcle,1
liées,1
remercié,1
quinze,2
citoyens,8
bientôt,1
mantes,3
négocierons,1
diriger,2
minutes,1
discipline,6
britannique,1
diagnostic,2
contribuables,1
vient,4
viens,2
adage,1
domaines,1
désarmement,1
militants,4
bérézina,1
licenciement,1
constate,1
essaye,1
éradiqué,1
messieurs,1
future,1
mère,1
appelle,9
personnel,3
tiens,2
tient,2
dauphins,1
aloi,1
choqué,1
doute,4
envoient,1
naturelle,1
anti,2
probablement,2
masqués,1
présenté,1
procèderai,1
posait,1
partager,1
surmonterons,1
communisme,1
pratiquiez,1
gestion,3
juge,2
formera,1
sachent,1
militante,2
antipathie,1
conseil,13
emporter,1
demandeurs,1
fédérale,1
soustraient,2
antennes,1
couchée,1
midi,4
surveillant,1
règne,1
chance,2
assimiler,1
fiscalisme,2
urbanisation,1
gagner,2
intellectuelle,1
réduisant,1
assidu,1
bendit,2
reconduites,1
rumeur,1
puissants,1
gagnerons,1
aman,3
policiers,3
couvre,1
accident,1
bande,3
contrôle,4
soit,26
sois,1
soir,3
proposer,3
semblant,1
municipalité,1
pourrais,1
avions,4
cheval,1
bancs,1
auteurs,1
crois,26
croit,3
réunions,1
politiciennes,1
innocence,2
habitat,2
fiscaliste,1
montrant,1
populaires,1
sceaux,1
communiste,3
facilement,1
volcans,1
recours,4
déplorable,1
réalité,1
commensal,1
maintenus,1
maintenues,1
choses,9
seconde,1
pieds,1
fausse,1
légion,1
métier,2
annoncerons,1
reviens,1
présentons,1
méfait,1
failli,2
ecoutez,14
posée,1
faille,1
desquels,1
passés,1
cohn,2
tirez,1
mégrétiste,1
passe,2
mémoire,1
mécanismes,2
anarchie,2
neufs,2
changeant,1
tiennent,1
moralement,1
intelligente,1
pourront,2
subissons,1
alors,24
notion,3
joffre,1
mensonge,3
pêcheur,1
insinué,1
rejoint,1
racisme,1
posé,1
divergence,1
papiers,1
corrompre,1
circulation,1
pourtant,2
formation,2
universel,2
flic,2
attachement,1
banques,1
complexes,1
peuple,16
placé,1
commencé,1
lancé,1
complot,2
hypothèque,1
habitude,1
rues,1
progresse,1
évident,3
dale,1
ministres,6
réserves,1
conjuration,2
après,14
clan,1
démocratique,4
décembre,1
fantôme,3
permettez,2
progresser,1
réussi,1
permettent,1
établissent,1
1988,1
montré,2
grief,2
danger,1
talentueuse,1
coalition,1
1984,1
forme,1
pardon,1
quarante,4
beaucoup,20
qualités,1
initiative,4
instance,2
avons,35
prouve,4
associations,1
mercredi,2
message,1
quelque,13
agresseur,1
persiste,1
bruxelles,1
partout,2
massive,2
entouré,1
certains,1
rituel,1
débarqué,1
ripou,2
extérieur,1
appelé,1
situe,1
influence,1
abominable,1
certaine,4
style,1
discussions,1
2000,2
porté,1
prend,4
pouvoir,12
veux,4
yeux,2
dirigeants,3
sévèrement,1
veut,7
impuni,1
contremanifestant,1
positif,1
somme,1
députation,1
insultés,1
veulent,6
local,1
revanche,5
apportions,1
organisé,2
conquises,1
référés,1
personnellement,1
avril,1
légal,1
demain,2
vaincre,1
supplémentaire,1
refusent,1
jany,2
gens,37
rétablisse,1
organisent,1
proposerais,1
cadeau,2
adversaires,4
longue,1
complice,1
laquelle,3
prétoire,1
date,1
procès,6
milliards,3
toujours,13
couillons,1
écoles,2
recevaient,2
unité,3
présomption,2
opposition,8
mitterrand,2
pari,2
conduisaient,1
appliquant,1
occasion,6
allemagne,1
cessé,2
faible,1
respecte,3
signe,1
exécutant,1
connaissance,1
changer,13
désignation,4
principales,1
dieu,2
apprendre,1
dires,2
amusant,1
compétition,1
allé,1
précédé,2
agressés,1
pilote,1
arrivé,2
socialistes,2
historiques,1
partagé,1
moralité,2
utile,1
subversion,1
problème,7
sortie,1
prébendes,1
risques,5
violations,1
obéissance,1
huées,2
modérée,1
porte,3
corruption,2
soutien,2
organise,1
inspiration,1
peux,6
décidé,4
fruit,3
peut,2
dénoncé,1
strictement,2
interpelle,2
unique,1
peur,3
courbevoie,3
enseignement,1
délinquants,1
jurisprudence,1
débattre,2
diversion,1
prendre,7
diminuer,2
trouble,1
capacité,2
menace,1
compromis,1
nation,3
foule,3
républicaine,1
tenter,3
disparaitre,3
officielles,1
véritables,1
bienfait,2
même,2
elles,1
convaincu,2
exclusions,1
chauffés,1
bruno,7
grands,5
service,1
connaissons,1
dure,2
jamais,31
alternative,1
traité,2
déjà,9
agira,1
voulaient,1
grande,9
hauteur,2
cesse,1
direct,2
folle,2
signée,1
criminogènes,1
raison,4
foyer,1
éliminer,1
politiques,16
intimider,1
méthode,1
souhait,1
poignard,1
retenus,1
talent,2
énerve,1
parlé,6
survivre,1
justifiaient,1
jospiniste,1
attentat,1
supplie,1
établir,1
accumulé,1
bipartisme,1
congrès,11
acceptation,1
hommes,13
présidentielles,1
scissionniste,1
serai,4
père,2
avère,1
eues,1
donner,7
quelqu,15
serait,9
ainsi,3
dirigé,1
soirée,1
armés,2
importe,2
adoptif,1
dépend,1
méchants,1
suprême,1
résistance,1
répondez,1
déplorais,1
substituent,1
impatients,1
scolarisés,1
matin,1
télémaniaque,1
falloir,1
conflit,2
échelons,2
cercueil,1
souvent,4
ségolène,1
toutes,7
débats,2
engagés,1
fauteuil,1
fonctions,2
avez,10
désobéissance,1
francs,1
prenait,1
manque,3
révélée,1
aguitton,1
choisirons,1
table,1
ouvrières,1
chagall,1
maintien,1
attaques,3
histoires,1
certain,9
cabale,1
considération,1
indulgent,1
face,1
désir,1
chercher,2
scandales,2
mais,61
existe,8
saura,1
nucléaires,2
drogues,1
terre,1
resterai,1
indochine,1
plusieurs,3
parle,7
promu,1
trouvé,1
maîtres,2
restait,1
soutenu,2
réquisitoires,1
élémentaire,1
extraordinaire,5
hyper,1
normal,1
obtenir,3
mépris,1
donné,5
monter,1
signé,1
certainement,2
condamnation,1
vilipendés,1
taureaux,1
nationalité,2
plaidoiries,1
prisonnier,1
habituellement,1
financier,2
discussion,2
joue,3
aberrante,1
dégonflé,1
aller,5
enrobée,1
peuvent,5
proche,1
lettre,1
examen,4
tenez,3
explosé,1
jolie,2
avoué,1
apparaitraient,1
proportionnellement,1
enfants,9
cantonales,1
citer,1
répondre,5
giscard,1
regretté,1
victimes,3
prendrais,1
voix,11
lancent,1
diront,1
brutus,3
scandaleux,3
suppression,1
permettait,1
banlieues,8
fini,1
vois,7
billets,1
ambition,1
puissantes,1
fins,1
comprends,4
arcboutons,1
césar,1
reçu,1
laisserais,1
portrait,2
institutions,2
délégué,2
aperçois,1
argument,2
unis,1
aperçoit,1
réponses,3
émis,1
serments,1
gageüre,1
terme,1
criminels,4
fuites,2
debout,1
américain,2
troie,1
prendrons,1
baguette,1
mesure,5
effort,1
personnalités,1
pouvait,2
sandrine,1
désirait,1
violente,1
nombres,1
police,9
chevallier,10
invalidé,1
battue,1
capitaine,1
chacun,1
multiples,1
acceptée,1
hypothèse,4
policières,1
regarde,1
rôle,4
livré,1
économique,3
länder,1
fédérations,1
inquiéterait,1
auditeurs,2
durée,1
occupe,1
utilisation,2
stupidité,1
rappelés,1
accorder,1
léotard,9
demi,2
tentés,1
séjour,1
tribunaux,3
essentiellement,1
finit,1
témoignaient,1
field,3
faiblesse,2
grève,1
cabinets,1
griffes,1
préparent,1
timmermans,1
isabella,1
constitue,2
nationale,14
échelon,3
seraient,4
ceci,2
paralyse,1
négocie,1
dramatique,2
drapeau,1
étiez,1
népotique,2
analyser,2
persécutions,1
postale,4
autrement,4
défendu,1
mauvaise,1
cour,2
coup,7
compris,5
clairement,2
respect,2
noël,1
remarquer,1
condoléances,1
dois,5
salvatrice,1
maladie,2
présente,2
sections,1
répond,1
invitations,1
indifférenciés,1
evénement,1
égide,1
façon,7
présents,1
produire,1
parrain,1
écrite,1
démontré,1
dimanche,1
valider,1
leurs,11
vraisemblable,1
étonnera,1
rome,1
maçonnerie,1
préalablement,1
matérielle,1
judiciaire,1
conditions,6
payé,1
orienter,1
agit,7
considérables,1
produira,1
bénéficié,1
forces,4
rêve,1
verra,4
exposés,1
regardé,2
livre,1
européennes,4
trouver,2
actuellement,5
directement,1
assassinat,4
formidable,2
payer,1
victime,2
intérieur,5
colt,2
reconnaitre,2
chef,7
sort,2
indue,1
langue,2
audimat,1
condition,2
selon,3
proposé,1
encore,2
matière,1
assassiner,1
violences,3
capables,1
strictes,1
retirer,3
denoyan,5
espèces,1
staline,1
euromondialiste,1
tazieff,1
fermeté,1
comment,2
reconnu,1
permanence,3
donne,6
révolte,1
puisse,4
domaine,1
ferait,3
ferais,3
inscrits,1
disposition,2
verdun,1
humour,2
faute,1
perdue,1
clair,5
copiés,1
préféraient,1
réjouir,1
jouer,2
joues,1
vérité,3
metz,4
fondateur,4
quitté,3
derrière,5
blocus,1
corriger,1
exagérée,1
démarche,3
jean,6
pris,8
situation,7
servi,1
démocratiquement,1
promotion,2
créée,1
aéroport,1
confesse,2
frontières,2
chaboche,1
pertinente,1
démocratie,4
accepté,1
garder,1
jugements,1
honnête,1
pendant,11
touche,1
serais,2
arrestation,1
échoué,1
civiles,1
lutter,1
décrite,1
millénaire,1
argent,2
circonstances,5
prétexte,2
progressivement,1
pensant,2
entendu,3
éhonté,1
branche,1
championnat,1
avertissons,2
risible,1
vauzelle,1
occupent,1
améliorerait,1
satisfait,1
dans,3
copains,1
tracée,1
intérêts,1
meilleur,1
communication,1
ambigüe,1
public,4
propre,6
ramasser,1
évasif,1
médias,6
misère,3
territoire,1
obtenu,2
replier,1
complètement,1
croyais,2
candidature,4
moment,13
exigerait,2
flamme,1
représentation,3
invités,4
basque,1
simple,2
voilà,14
acheter,2
hypocrite,1
ordres,7
étais,4
manifester,3
assumer,2
suffit,1
tête,11
était,37
holeindre,1
jusqu,5
critiques,1
délictogènes,1
inexact,1
élaboré,1
fille,4
annonceurs,1
importants,2
biaisé,1
instant,11
ministre,9
chanteuse,1
évidemment,14
retiens,1
libertés,4
manière,8
mises,1
cantonal,1
fréjus,2
incapables,1
chalutier,1
réitéré,1
têtes,1
affective,2
lyonnais,2
redis,1
milieu,2
piège,1
tuent,1
voisins,1
apercevoir,2
cadre,4
délictuelle,1
console,1
thérapeutique,1
conscience,1
forte,1
amis,16
souhaitaient,1
facteurs,1
camarade,1
trentaine,1
libération,1
resterais,1
algérie,3
journée,1
permettre,4
resterait,1
décidera,1
arrive,4
alliance,1
papas,1
publié,1
visite,1
lumière,2
parmi,1
sautera,1
personne,3
proposées,1
irakiens,1
moyen,1
cadres,2
fassent,3
émeut,1
profession,1
débat,5
réduite,1
contre,24
vache,2
autres,19
assemblée,7
pleine,4
passent,1
particulier,5
fidélité,1
arbre,1
bluff,1
questions,1
plan,2
appartient,1
