word,raw_frequency
écarte,1
nature,1
camps,1
témoigner,1
organisation,3
honteusement,1
cache,1
raté,1
mouvements,2
prétendent,2
principe,1
aidant,1
dynamique,1
prononcer,1
asie,1
voyez,6
tribunal,2
chantages,1
croyez,3
culotte,1
mélange,1
aucune,3
poids,1
responsabilités,2
madame,1
belges,1
technocratique,1
pommes,1
maison,2
motion,1
originaires,1
deuxième,6
obtenues,1
lequel,2
encadrement,1
choisi,1
réfugiés,6
effet,8
comité,1
etats,3
lente,1
insurrection,1
côte,3
aventure,1
aligner,1
bouée,1
allais,1
fonctionnaires,1
existent,1
secrètement,1
pratiques,2
fédérale,1
recevoir,2
électoral,2
infirme,1
apprécier,2
classe,1
européens,7
sauter,1
rallier,2
continuelle,1
bosnie,2
phénomène,3
bien,67
structure,1
coupable,1
trahira,1
evidemment,1
emblématiques,1
manger,1
généralement,1
subiraient,1
raisonnement,2
exerce,3
expriment,2
inquiéter,1
nationales,1
rassemblement,1
municipal,3
devoir,4
immigrée,1
admettre,1
envoyez,1
million,2
arrêter,2
geste,1
panacée,1
responsable,2
exercer,1
offensive,1
compagnie,1
démission,1
félicite,2
grâce,3
centièmes,3
trouvé,1
bons,1
reconnais,1
devant,7
civile,1
origine,4
exemple,8
européenne,9
angoisse,1
milliers,1
mots,2
jours,7
soyons,1
deflesselles,1
extrême,2
1949,2
côté,3
hébergés,1
silguy,1
démissionner,3
1940,2
choqué,1
merci,2
gaulle,3
disparition,4
tenu,1
instruction,1
décision,1
accusation,2
sympathie,2
utilisées,1
viennent,2
puisque,13
diaghilev,1
pressions,1
monde,19
trouvions,1
trente,2
rapidement,1
véritable,5
officielle,3
suffrage,1
habite,3
tournée,1
coulon,2
rappeler,1
série,1
objet,1
versatile,1
perdions,1
adhérents,5
confié,1
respecter,2
dirais,5
fibre,1
pâte,1
pitié,1
wagram,2
juger,2
juges,2
formes,1
législatives,3
faux,1
menacent,1
sort,1
commencements,1
terroriste,1
gouverne,2
colonie,1
mégret,19
géographiquement,1
obligé,3
atteindre,2
milieux,2
offrent,1
fasciste,2
rappelle,4
comparez,1
neige,1
sages,1
italie,1
expliquer,1
pays,22
pluie,1
nombre,15
mais,38
organisme,1
rasée,1
tenaille,1
perdu,1
parfaitement,5
injustice,1
mois,13
téléphoné,1
laissant,1
négro,1
termes,1
heures,1
destinée,1
projet,1
arrivé,1
groupe,4
républiques,1
fils,1
éventuellement,3
revendications,1
tiens,6
rédaction,2
exorbitant,1
étrangère,2
combattre,2
population,1
kosovo,4
destinés,1
exclus,1
pensé,1
connaissez,1
disons,4
reprises,1
voire,1
tant,1
ramassis,1
éventuelles,1
venue,1
civilisations,1
écrit,2
hiver,1
lâches,1
sordide,1
pronostics,1
président,29
orthodoxes,1
découvert,1
finir,1
aruions,1
front,45
préférence,3
accord,8
citoyen,1
utilisé,1
stratégie,2
mettez,1
propriétaires,1
incompatible,2
important,2
nazi,1
hauts,2
colistiers,1
visiblement,2
systèmes,1
choque,1
répartition,1
suffiraient,1
fractures,1
anticonformiste,1
haute,3
alternance,2
devenir,2
collègues,1
comme,1
pratiqué,1
jeunesse,3
année,3
choisissons,1
limites,1
probablement,5
désirs,1
arrivent,1
dégager,1
réfléchir,1
mamans,1
admis,1
département,1
fuite,2
dessins,1
déshonoraire,1
cheap,1
marie,5
pense,21
doigt,2
blocage,2
partager,1
votera,1
appréciés,1
considère,1
voyait,1
réunions,1
enfin,8
sortons,1
sommes,17
discuter,2
illusions,1
astuce,1
utilise,1
française,7
rédacteur,1
sept,2
individuelles,1
voulait,4
présentait,1
souhaitais,1
servent,1
concert,1
exactitude,1
événements,4
solution,1
pommier,1
extrémiste,1
gagné,1
diplomatique,2
bataille,1
jacques,4
accueilli,1
moral,1
déclarer,1
strictement,5
instrumentalisée,1
intervention,1
logique,1
télévision,1
hallucinante,1
courants,1
valéry,2
quelqu,2
places,1
objectif,3
récemment,1
concilier,1
envoyer,1
décident,1
entrer,2
aurait,7
détourne,1
compatis,1
guerres,4
municipales,1
êtes,3
siégé,1
préféré,1
germanophile,1
grave,3
déclenché,2
albanaise,2
déterminées,1
séance,1
bureau,10
combat,4
sévère,1
pauvres,1
différentes,2
faire,27
aggravation,1
tard,2
compte,8
croates,1
défense,1
attendre,1
pose,1
juridiques,1
parias,2
autriche,1
américains,6
fais,8
niveau,5
électorales,1
rome,2
répulsion,1
faveur,3
extrémistes,2
colt,1
chance,2
saurait,1
certainement,1
prétendus,1
faute,1
bruits,1
absolue,1
attaque,2
mauvaises,2
religieuse,2
rire,1
egypte,1
convaincu,2
elle,7
noyautage,1
culpabilité,1
temps,4
usage,1
action,3
honte,2
inviter,2
apercevoir,2
musulmans,1
développement,1
massivement,1
signifié,1
contre,24
dira,1
aurai,1
dire,42
calculés,1
mouvement,13
vocabulaire,1
courrons,1
départ,1
supervisé,1
bander,1
torpille,1
origines,1
moindre,1
semblé,2
subi,1
pouvons,2
dirigent,1
paca,1
survive,1
instaure,1
xxème,1
clarté,1
entend,1
monsieur,10
jugement,1
structures,1
devons,1
belgrade,1
coïncide,1
sauf,1
bénéficier,1
justices,1
sentant,1
souveraineté,4
accéder,1
compté,2
réalités,1
rejoints,1
durer,1
liste,10
poussées,1
islam,1
afrique,2
dérives,2
griotteray,1
crime,2
impliqué,3
faisaient,3
champ,1
démarches,1
musulmanes,1
faudra,1
tirer,1
quelques,13
hésité,1
vivement,1
versailles,2
jurer,1
contraire,4
datent,1
discours,1
indignes,2
fausse,1
aujourd,11
sponsors,1
ralliera,1
espaces,1
faudrait,2
brusquement,2
refuse,1
sénégal,1
soit,23
aspect,1
millions,15
budget,2
orée,1
ennemis,1
classiques,1
compétents,1
gouvernait,1
taille,2
précampagne,1
trahison,3
commerçons,1
organiser,1
auriez,1
bovine,1
cœur,3
debré,1
intitulée,1
différents,2
mégrétistes,1
considérons,1
prendrait,1
fidèles,1
chatière,1
audiences,1
resté,1
partielle,1
performance,1
crient,1
conseillers,5
étudiant,2
chambre,1
cause,6
seines,1
voit,4
pénale,1
santé,3
critiquions,1
identité,2
cette,1
menait,1
invectiver,1
socialiste,5
zèle,1
sondage,2
négative,1
juristes,1
autant,5
populaire,1
écrasent,1
influencés,1
gentiment,2
rhône,5
immigration,3
serbie,4
normalement,1
entre,7
arriveraient,1
déterminer,1
lemarc,1
différencie,1
irak,2
opération,1
ville,1
volonté,1
confrères,2
envoyé,1
agresseurs,1
distribue,1
dérive,1
balkans,1
jeux,1
indépendante,1
évoquer,1
honnêteté,2
souvient,1
manifestation,1
européen,11
cruche,1
milosevic,7
vilain,1
éclatera,1
défensive,2
magistrats,1
maastricht,9
points,4
vème,2
souverainistes,1
internationaux,1
inutile,1
ailleurs,45
légitime,2
énormément,1
mairie,1
malheureusement,3
causé,1
démissionné,1
formule,4
attaquent,2
agités,1
député,5
reste,8
grecque,1
libre,1
massive,1
parlementaires,1
printemps,1
sauvetage,1
score,2
situations,1
grand,5
culture,1
allégresse,1
résolu,1
préserve,1
partie,13
avant,1
allié,1
semaines,3
populations,3
pression,2
diffamation,1
politiquement,1
souverain,1
sécurité,6
pasqua,5
progressé,1
fuir,1
exigence,1
compagnon,1
amené,1
fallait,2
fondateur,5
spongiforme,1
défendre,5
vieille,3
certitude,1
arrêt,4
préside,3
papon,1
dépôt,1
performante,1
dignité,1
choquait,1
comparer,2
tendance,3
celle,6
pressés,1
géographique,1
meilleurs,1
conséquence,2
rendent,3
considérer,2
compréhensible,1
poignarde,2
souhaite,4
succéder,1
rentrer,1
demeure,2
magma,1
disparaitrais,1
plaisantez,1
voudrait,1
campagne,11
menacer,1
manqué,1
voulez,4
tendre,1
écossais,1
morales,1
espèce,1
perdurer,1
skieur,1
thibault,1
mode,1
servir,1
vérifié,1
dessous,1
créer,1
chinois,1
tomber,1
serbes,2
doivent,2
démissionne,1
article,1
monter,3
fausses,1
proposition,1
pied,1
textes,1
posez,1
centaines,2
anniversaire,1
chef,2
surmontées,1
ensemble,3
2001,1
écart,1
pouvoir,8
chez,6
suffi,1
même,1
prendront,1
édiles,1
pêche,2
cher,2
proprement,3
jeune,4
négociation,2
ecoutez,19
facile,1
soutien,1
forme,1
malgré,3
duhamel,1
mission,2
contredisent,1
conception,1
chirac,5
accepte,1
représentatives,1
considérait,1
déferlement,1
tenir,3
plus,43
avaler,1
opinion,3
rassurez,1
avez,8
avenir,3
adversaire,6
sûrement,5
tués,1
sentiments,1
dysfonctionnement,1
étranger,1
devions,1
enfants,2
vous,14
élections,18
fera,6
électeurs,11
piat,2
redoutable,1
donnée,2
radeau,2
auxquels,1
occupe,1
esprit,5
aiment,1
rassembler,2
honnête,1
note,3
sinon,2
général,8
cantine,1
états,1
nécessité,1
homme,4
1962,2
emprunt,1
convenable,1
écraser,1
ambitieux,1
immédiat,1
coordonner,1
celles,6
quatre,4
bombes,1
allons,2
enregistrée,1
maintenir,1
preuve,3
disant,2
région,1
empêcher,2
candidate,1
inverse,2
comptons,1
nice,2
fusil,1
commercions,2
pleuvait,1
fond,3
opinions,1
second,2
largement,1
sociétés,1
immonde,1
agriculture,1
tout,3
tour,4
tous,2
lucide,1
existe,1
fallu,1
morale,2
fassent,1
quant,1
rebelle,1
sida,1
frondeur,1
égalité,3
politique,44
peine,1
hélène,1
remarqué,1
toute,10
vais,8
noirs,4
pseudo,1
mêmes,5
résultats,5
résultat,2
suffit,1
simulacre,1
ancienne,1
washington,1
gêne,1
prenez,2
faut,20
russes,3
creutzfeld,1
paye,1
concédé,1
haider,2
aubagne,3
levée,1
prédécesseur,1
toutefois,1
mérites,1
chansons,1
amérique,1
échecs,1
évocation,1
chine,1
xxième,1
dirai,3
véritablement,2
prérogative,1
bouches,5
combattant,1
prévoir,1
misérables,1
familles,1
kilomètres,1
gouvernent,1
forcément,3
unissent,2
sentir,1
comptes,3
compter,2
insurmontables,1
kosovars,2
autorité,2
tueurs,1
lendemain,2
soutenu,1
favorables,1
continuons,1
présidentialiste,1
point,3
reproché,1
militaire,5
écoutez,16
étant,1
notons,1
ingérence,3
absolument,8
socialo,3
pourquoi,2
contrairement,1
bénéficiait,1
telles,1
courent,1
paon,1
impôts,1
systématique,1
celui,10
fonctionné,1
implication,1
remarque,2
évacuation,1
clin,1
catholiques,1
persécution,1
commandait,1
bombarde,1
1957,1
international,3
totale,1
dame,1
intrigue,1
national,47
défendra,1
remarquable,2
syndicalisme,1
mondes,1
hospitalité,1
questions,1
consiste,1
garde,3
médiatique,3
infrastructure,1
tendue,2
fusion,1
départements,1
minimum,1
autres,14
demande,1
dite,1
membres,1
régler,1
commissaires,2
mort,3
alentours,1
dits,1
informe,1
empoisonné,1
disiez,1
forcée,1
décisions,1
prévu,1
délibérément,1
escabeau,1
éloigné,1
attaché,1
intention,1
sérieusement,1
ironie,1
durbec,1
responsables,4
juin,2
bayrou,1
avais,9
avait,33
méchant,1
plaisir,1
musulmane,4
fanatiques,1
provence,1
optimisme,1
renvoyé,1
moments,1
londres,1
proches,1
milliard,2
insurrectionnel,1
masqué,1
habitants,3
paralyser,1
etat,4
trace,1
heure,2
précis,1
secrets,1
cabinet,2
2002,1
diaboliser,1
chômage,2
administrer,1
seselj,1
exécutif,2
marcher,1
services,2
émission,2
situe,2
disait,4
villes,4
hésite,1
disais,3
générale,2
attribue,1
calomnie,1
communs,1
drôles,1
civilisé,1
demandé,3
seront,3
initiateur,1
yougoslavie,1
méchantes,1
extérieurs,1
rendre,4
monopolisent,1
juridictionnelle,1
attaquer,1
activé,1
retourne,1
matraquage,1
divorce,1
apporter,1
loyauté,1
abstentions,1
préoccupé,2
municipalités,1
attirer,3
opposait,1
longtemps,3
acharné,1
sauver,3
amour,1
inscrit,1
antichrétienne,1
génération,1
emblématique,1
marignane,2
sorti,1
auparavant,1
défendent,1
sorte,8
paris,3
epargne,1
regarder,1
reçus,1
précédait,1
municipaux,1
quinze,3
fâchés,1
golpe,1
mieux,4
encéphalie,1
frontière,1
égales,1
législative,3
ligne,3
aboutit,1
croire,1
avancé,1
aspire,1
porterait,1
communiste,8
électrices,1
programme,4
mont,1
exige,1
passer,6
décennies,1
viols,1
centième,1
chahuteur,1
maritimes,1
première,11
détruit,1
rôle,2
petite,2
local,2
majorité,7
privée,1
protection,2
secte,1
hier,4
naturellement,1
exprimer,4
trouve,11
exister,1
armé,1
jetés,1
coïncidences,1
appuis,1
siège,3
débordé,1
communes,2
soumis,1
collaborateur,1
pâques,1
vieux,3
quarts,2
communauté,2
salle,1
orage,1
opposer,2
semblant,2
portes,1
mutation,1
extrêmement,1
souscrivait,1
machin,1
attentivement,2
pieds,4
loyer,1
caractéristique,2
laissé,2
1988,2
moque,2
nous,8
chute,2
devait,1
intégrer,1
oublier,1
souscription,1
commis,1
casse,1
réussi,2
fermés,1
parce,6
attitude,1
famille,1
argent,1
rocard,1
insécurité,4
raisons,6
navrée,1
europe,33
serons,2
importance,1
intérêt,2
sent,1
pensons,1
permis,2
réussir,1
sens,3
nouvelles,3
empêché,2
inspiration,1
étonnez,2
aviez,1
dernière,2
ignominieux,1
référé,1
trouvait,1
modèle,1
pour,4
nord,2
corps,1
publiés,1
travaux,1
sachons,1
socialisme,1
tuera,1
montrer,1
subvertis,1
savez,13
grosse,1
osent,1
vise,2
martinez,1
français,25
perpétuelle,1
considération,1
utilisée,1
azur,1
avantage,1
vers,3
bourbon,1
devraient,2
annonce,1
causent,1
dénoncer,2
concerne,1
employer,1
aigris,2
beaucoup,22
armes,1
malheureux,1
gracieuse,1
mobiliserons,1
déchanté,1
nations,8
trois,12
capacités,1
contraint,1
vauselle,1
militairement,1
échange,1
collatérale,1
pensent,4
dont,22
explication,1
susini,1
piliers,1
prend,2
couleurs,1
voulu,2
polémique,2
remplaçant,1
sait,3
chanteur,1
traités,1
associations,1
abord,7
forts,1
situation,8
présent,3
racontez,1
viser,1
chispin,1
pourrir,1
aillent,1
épreuves,2
prospérité,2
risquions,1
présenter,1
dizaines,2
combats,2
faits,1
massacres,1
petit,9
voleur,1
aimerais,1
autour,3
parler,8
hitler,1
allait,1
libertaire,1
avis,3
parlez,5
adopter,1
binôme,2
appris,1
répété,1
trahi,2
coïncidence,1
battrai,1
étonne,1
semaine,1
connais,6
faibles,2
basculer,1
motions,1
consentir,1
signale,3
nato,2
étonné,4
goulag,1
période,2
exactement,1
séances,3
lorient,1
guerre,18
auprès,3
légitimement,1
lieu,1
elysée,2
certains,6
dresser,1
éternel,1
mécontent,1
accusations,2
élection,9
régularité,1
avantages,4
téléphonait,1
maladie,1
revendiquer,1
vêtements,1
racistes,1
armées,1
vision,3
joué,1
pousse,1
inacceptable,3
réseaux,1
soupçonné,2
totalement,1
spécialement,1
régionales,3
collective,1
problèmes,2
pratiquait,1
embarquer,1
humilié,2
type,1
administrateurs,1
surtout,5
dirigeant,1
test,3
invite,1
indous,1
cependant,1
priorité,1
listes,3
barre,3
prioritairement,1
toulon,4
publiait,1
aide,1
fasse,1
tort,1
loin,3
nationaliste,2
sanctionnées,1
possible,7
éclatement,1
lois,2
autonomie,1
liés,1
antillais,1
vraies,1
rarement,1
envie,1
pire,6
suspicion,1
italiens,1
pratiquement,4
besoin,4
fraudes,1
brassens,2
remonter,1
dissidence,2
journaux,2
femme,5
tuant,1
difficile,4
engager,2
concession,1
préfèrent,1
conduire,1
partir,4
folle,2
publique,1
payer,1
déclaration,1
fixe,1
confédérale,1
déroulées,1
sympathisants,2
charges,1
corse,1
allemande,1
attendez,4
hostile,1
chacune,1
poussé,1
caisse,1
importants,1
gros,1
allemands,3
chose,6
impossible,1
présentent,1
premiers,2
échéance,1
delon,1
résoudre,1
propre,1
veux,1
trouble,1
livrés,1
convergence,1
pourrait,7
gouvernement,5
condamner,2
conférence,1
règles,3
vocation,1
connivence,1
ayant,2
bases,1
quand,6
qualification,2
inexactitudes,1
exercée,2
quelconque,1
fondation,1
prébendes,1
boutade,1
souligner,1
regardez,1
question,15
majoritaires,1
députés,9
soutenues,1
conspiration,1
laisser,2
neuf,2
réunit,1
tonkin,1
janvier,1
mortelles,1
secondes,2
rencontrés,1
puissances,2
parait,7
doutez,1
privé,1
iront,1
responsabilité,10
apporté,1
absoudre,1
concitoyens,1
pensez,1
actuellement,2
pointilleux,2
indigne,1
barguigner,2
bruno,1
skis,1
scène,1
lancée,1
serions,1
alliée,1
arriver,3
disent,1
rendront,2
bloquer,1
alain,1
premier,8
montretout,2
1943,1
comporte,1
ordres,1
veulent,2
honneurs,1
formules,1
menacés,1
financière,2
jugé,2
lettres,1
presse,2
provoqué,3
existence,2
utilisons,1
aviation,1
circonstance,2
courageux,1
ignorait,1
main,1
pages,1
bref,3
abri,3
répète,2
hautes,1
commission,5
harkis,5
communiqués,1
place,3
dramatiques,1
justifie,2
paix,5
ultra,1
efficacité,1
communistes,4
vaincu,1
unanimité,3
bout,1
françaises,2
permettre,1
exprimée,1
abandon,1
douter,2
réunion,1
sainte,1
fascisme,1
vraie,1
remplacer,1
éligible,1
révoqué,1
incontournable,1
boue,1
quorum,1
abstraire,1
dites,6
blanc,1
tentes,1
avance,1
grandes,4
croyais,1
élus,2
adolescente,1
sincèrement,1
revendication,1
battu,5
principes,2
dessus,3
commise,1
étonnerait,1
emporterait,1
république,10
laisse,1
anciennes,1
lepénistes,1
auquel,2
constituent,1
accumulés,1
fonctionnement,1
eric,1
conséquent,22
charmante,1
historique,1
position,2
juridiction,1
déclaré,1
faisait,4
juge,2
adversité,1
menée,2
patrie,1
bombardements,6
heureux,1
traitement,1
portait,1
dépendra,1
confrère,1
déclencher,1
réflexion,2
prêts,2
botte,2
directeur,1
incrimination,2
mémoire,1
depuis,1
minimes,1
prête,1
mortel,1
laquelle,3
désignés,1
disposition,1
égard,2
suis,51
pensée,5
audience,1
gendarmes,1
belligérant,1
volontés,3
douaniers,1
fixé,3
incident,2
espoir,1
hein,3
pouvez,1
chargé,1
mesurez,1
idées,9
électorale,7
évidence,1
justice,6
vraiment,2
exprimé,1
sournoise,2
actions,1
attention,2
nuisance,1
saint,1
voté,3
rembourse,1
lieux,2
secours,1
politicien,1
technique,1
retrouver,1
criminel,1
dictature,1
hôpital,1
candidat,4
ambigüité,2
voter,1
innocent,2
injure,1
réintégrer,1
malsain,1
plusieurs,7
étape,1
certaines,2
rendez,1
morts,2
fous,1
proportionnellement,1
machination,1
close,1
appuyé,1
représente,3
dissolution,1
siéger,1
dixièmes,1
compassion,1
strasbourg,3
constitutionnel,2
sénat,1
turbo,1
dégâts,1
rapide,1
israël,1
gollnisch,1
propos,3
parliez,2
putains,1
bombardent,1
stéphane,1
cardiaque,1
dangers,1
ancien,1
droits,1
pristina,1
considérable,2
élue,1
fonction,2
mariage,2
régionaux,4
savoir,6
puissent,1
tortures,1
rouge,3
pris,2
entorse,2
moteur,1
ouvertement,1
efforcer,1
espère,4
excusez,1
héhé,1
prix,2
désigne,1
mise,1
prigent,1
acceptera,1
tibétains,1
arrive,2
prononcée,1
scandaleuse,1
affaires,4
fixée,1
voudrais,4
ferai,3
troisième,3
disqualifiés,1
souhaitaient,1
aile,1
soient,7
étonnante,1
claire,1
parlent,1
élevé,1
affaire,8
écrire,1
appliquerait,1
vote,3
préparer,1
instauration,1
prison,1
exclusifs,1
brutaux,1
gênant,1
perdues,2
combinations,1
perte,1
gaullien,1
traduit,1
trainent,1
journal,1
citoyens,4
laissée,2
aéroport,1
particulière,2
propagande,3
minutes,1
propaganda,1
suite,1
joue,1
vient,1
viens,2
domaines,1
souverainetés,1
tentative,1
savons,1
constate,3
monarchique,2
exclusion,1
messieurs,1
paraitra,1
processus,1
reçues,1
appelle,3
dauphin,2
masquée,1
sang,1
tient,1
renier,1
censure,2
doute,6
avenue,1
régner,1
maquereaux,1
capable,1
priori,1
posait,1
communisme,4
troisièmement,1
xixème,1
quelle,1
chevanche,1
villiers,6
flatteur,1
contradictoires,1
garaud,1
phrase,2
conseil,11
accordent,1
putsch,3
insulte,1
passé,3
mauvais,1
midi,4
militants,2
grenouille,1
sale,1
fiscalisme,2
gagner,2
justement,1
systématiquement,1
repoussants,1
emberlificotés,1
secouent,1
agissait,1
bendit,2
moyens,1
agression,3
remède,1
soin,1
souvenez,2
touche,1
montrerai,1
bande,1
lance,1
octobre,1
coûteuse,1
sois,1
majoritaire,2
porter,1
appoint,1
avions,3
valoir,1
arrestation,1
atlantique,1
gouvernements,1
douze,1
crois,56
neuvième,1
paul,2
direction,1
dommages,1
régional,1
populaires,2
imagine,1
distrait,1
surpris,1
réalité,1
botter,1
commandement,1
injuste,1
rien,15
vice,2
innommable,1
choses,7
hélas,4
constitution,2
poules,1
ouvrir,2
décadente,1
minorité,2
contraignant,1
annulait,1
existait,1
sortants,1
concret,1
contractuelles,1
paroisse,1
cancer,1
doyen,1
essayait,1
cohn,2
mettre,2
passe,3
débâcle,1
mandat,3
soigner,1
parti,7
obstacle,1
blazy,1
levier,1
rentre,1
continue,1
thèse,2
alors,18
puisqu,6
joie,1
parlerais,1
posé,1
déserté,1
phases,1
pourtant,3
formation,1
mondiale,2
veto,1
descendant,1
salutaire,1
joujou,1
avaient,5
parlementaire,1
peuple,13
expert,1
commencé,2
lancé,1
complot,2
système,3
cheval,1
habitude,1
souhaitera,1
pinel,1
évident,5
sourcilleux,1
franchira,1
distinguer,1
palais,1
ministres,2
possibilité,5
page,1
après,9
clan,2
démocratique,6
décembre,1
permettez,3
progresser,1
fontaine,1
sables,1
enterré,1
marquer,1
montré,1
danger,3
maitre,1
immigré,1
serbe,6
magouilles,2
pardon,2
airbus,1
qualités,1
négocier,1
instance,1
avons,16
prouve,4
coïncident,1
retrouve,1
banque,2
incarner,1
quelque,11
répondu,1
navré,1
personnalité,2
risque,2
amsterdam,1
assez,6
aperçoit,1
noyau,1
chiffre,1
internationales,1
influence,1
bombarder,1
monnaie,1
certaine,1
apprends,1
change,1
immense,1
particulièrement,5
yeux,1
dirigeants,5
sévèrement,1
veut,8
défendrai,1
annoncez,1
somme,3
bouton,1
schtaffel,1
sérieux,5
désaccord,2
revanche,5
public,2
intérieures,1
susurrées,1
savais,1
hégémonique,1
demain,1
sauront,1
savait,1
liberté,3
gens,25
préciser,1
cadeau,1
adversaires,5
fondamentaux,1
préfère,4
menacée,2
petites,1
procès,4
dernier,3
toujours,15
combattons,1
gratifiant,1
suivent,1
méthodes,1
unité,1
pacifistes,2
opposition,1
utiliser,1
satellites,1
chispino,1
philosophie,1
statuts,1
occasion,2
allemagne,1
relativement,3
interdisait,1
cessé,1
ethnique,1
précision,1
interprétation,1
connaissance,1
applaudissent,1
changer,2
désignation,2
conte,2
assiste,1
presque,3
delà,4
ruptures,1
dieu,5
apprendre,2
dires,1
compétition,1
aident,1
confidence,1
pronostic,1
information,1
portée,1
socialistes,3
maire,2
ockrent,1
problème,5
souveraine,1
terrain,1
quitter,1
risquer,1
risques,4
couramment,1
changé,4
sénateur,1
porte,3
peux,2
révèlera,1
sondages,5
progressant,1
sérieuses,1
pari,1
unique,4
pluvieux,1
indépendance,1
repli,1
puissance,1
quatrième,2
grandit,1
peyrat,1
prendre,2
jurés,1
venait,1
mélin,1
menace,1
nation,4
intégrerait,1
agressée,1
représenterait,1
événement,1
invitation,1
dispersion,1
déposer,2
grands,2
service,1
voilà,8
limite,2
américaine,1
dure,1
face,5
alternative,2
bourgeoise,1
municipale,1
traité,4
tiré,1
déjà,12
contribué,1
dérisoire,1
grande,3
beau,1
rempli,1
disparaitre,1
insensible,1
raison,4
politiques,12
obéit,1
éclaireront,1
ravi,2
ouvertes,1
méthode,1
passera,1
accueillie,1
importante,3
intereuropéennes,1
partisan,2
parlé,3
fabius,3
européennes,8
historiquement,1
hommes,5
serai,1
retirerais,1
aborder,1
père,2
constitués,1
réentendu,1
serais,2
serait,7
ainsi,3
dirigé,1
supplétifs,1
grossier,1
établisse,1
rodomontades,1
yann,1
résistance,1
phrases,1
apparaissait,1
vache,2
dépendait,1
prétendait,1
aurais,2
souvent,2
compatriotes,3
toutes,10
prostate,1
habile,1
déguisée,1
fonctions,1
mars,4
patriotes,3
admire,1
fortes,1
regrette,1
firent,1
appartiens,1
france,16
partis,2
valeurs,1
choisiront,1
jamais,13
comparables,1
maintien,1
ethnico,1
certain,14
mari,1
disqualifié,1
confronté,1
loïc,1
sportules,1
napoléon,1
civilisation,1
scissionnistes,1
soutiens,2
tickets,1
républicain,1
parle,5
ministre,4
présidentielles,7
monté,1
bonaparte,2
extraordinaire,1
fier,3
prestigieux,1
obligés,2
mépris,6
donné,4
évidemment,6
quels,1
scandale,1
russie,3
clair,1
fief,2
allez,2
groupes,1
liaison,1
normal,2
affreuses,1
pessimiste,1
aller,6
luttaient,1
peuvent,8
proche,1
mensongères,1
examen,1
internationale,1
alpes,2
semble,4
ressentent,1
commando,1
écœurement,2
positive,1
masses,2
passent,1
aider,1
complexe,1
répondre,3
léger,1
domicile,1
conséquences,2
envisager,1
principales,1
victimes,1
prendrais,1
voix,15
ralliés,1
scandaleux,1
différence,3
flamands,1
affirmations,1
fini,3
vois,2
jacob,1
ambition,2
différent,1
années,10
prie,1
craignaient,1
associatif,2
intéresse,1
reçu,2
charles,1
présenté,1
dicte,1
huitièmes,1
unis,3
posent,2
documents,1
courons,1
bompard,1
démontre,1
démocrate,1
honoraire,1
bœuf,1
dissidents,2
appareil,1
essayons,1
personnalités,1
pouvait,2
chasse,1
méduse,2
chevallier,4
ferais,1
courage,2
chacun,3
offre,1
hypothèse,1
bloqué,1
injustement,1
invité,4
mécontents,1
attaqués,1
combattu,1
économique,1
caricaturistes,1
biaiser,1
diplomatie,3
courant,3
malade,1
avatar,2
propulse,1
prudence,1
essayer,8
léotard,1
demi,9
trompé,1
tribunaux,4
martyres,1
défend,1
retourner,1
maroc,1
chaudron,1
enjeux,1
vive,1
rebondissement,1
école,1
constitue,1
nationale,4
échelon,2
délégation,1
ceci,4
sera,8
étiez,1
journalistes,2
otan,6
psychologique,1
comprends,1
ingrats,1
autrement,6
banal,1
espagnols,2
reconnaître,1
cour,2
coup,4
crevon,2
senti,1
compris,3
clairement,2
respect,6
pauvre,1
plutôt,6
parlement,10
remarquer,1
partisans,1
dois,8
manifestés,1
ajoute,1
parfait,2
défaire,1
civilisés,1
façon,11
héros,1
télégraphiste,1
occupation,1
constante,1
leurs,2
albanie,1
sète,1
caractérise,1
nôtres,1
contradictoire,1
brutale,1
judiciaire,1
analyste,1
simplement,2
conditions,1
jospin,2
agit,7
voulais,1
consultations,1
paoli,1
rassemblés,1
salut,1
agir,1
forces,2
connaitre,1
gênée,1
regardé,2
livre,2
associé,1
trouver,4
lucidité,1
siècle,3
directement,2
occurrence,2
formidable,1
trouvez,1
russe,2
miennes,1
victime,2
contrario,1
quoiqu,1
congrès,5
impunément,1
épidémie,1
désigner,1
logomachique,1
langue,1
vedettes,1
condition,2
encore,1
établissement,1
capables,1
indulgence,2
germanomane,1
personnelle,1
denoyan,2
cresson,1
utile,2
camp,4
clans,1
comment,1
alliés,3
donne,1
puisse,3
domaine,1
millon,2
bombardées,1
escroc,1
relative,1
nains,1
gravement,1
plaie,1
bientôt,2
fuyaient,2
vérité,2
armée,7
quitté,3
près,1
derrière,7
démarche,4
jean,5
olympiques,1
parmi,1
promotion,1
poussée,1
guise,1
fournitures,1
frontières,1
bannie,2
souverainiste,1
démocratie,6
théoricien,1
assorti,1
intellectuelle,1
exact,2
pendant,10
mondialiste,1
sais,15
gauche,4
soupçons,1
attendent,1
1919,1
civiles,2
machins,1
appel,3
circonstances,2
bénéficie,1
paralytique,2
continuerais,1
histoire,1
entends,2
invraisemblable,1
entendu,2
ministériels,1
bravo,1
sacrifice,1
ignobles,1
dans,3
dirigée,1
cotta,1
intérêts,6
furent,1
meilleur,1
lionel,1
piques,1
physiques,1
médias,3
territoire,1
obtenu,1
dernières,3
aveugle,2
mobiliser,1
candidature,1
moment,19
ariane,1
présentée,1
rapport,3
souffle,1
hypocrite,1
tiberi,1
étais,6
manifester,1
assumer,1
secret,1
tête,6
était,42
jusqu,8
turquie,3
nazie,1
vitrolles,1
sentira,1
épuration,1
fille,2
incarnant,1
josrac,1
étonnant,1
fort,1
instant,1
prennent,2
retient,3
impliqués,3
libertés,1
manière,3
amène,1
douste,1
divergences,1
incompatibles,1
verrons,1
adresser,2
démocratiquement,2
crise,1
éventuelle,1
mamère,1
cadre,4
têtes,2
inspire,1
forte,1
amis,3
abominable,1
concurrents,1
permettra,1
algérie,4
tristement,1
assisté,1
négligeable,1
joraquien,1
nouvelle,1
alliance,4
conservant,1
expression,1
personne,1
moyen,2
cadres,2
allusive,1
quoique,1
débat,4
appartient,1
vulgaire,1
conflit,1
empêche,1
assemblée,2
pleine,2
particulier,5
fidélité,1
échanges,2
arbre,1
terminé,1
vingt,1
plan,4
cueillir,1
juridique,2
