word,raw_frequency
uniment,1
soutiennent,1
vitrolles,1
amsterdam,1
préférais,1
certains,1
ensuite,1
avis,1
épreuve,1
réduction,1
euro,1
chiffre,1
souvent,1
sécurité,2
certaine,1
décision,2
conditionnel,1
suffrages,1
tour,1
départementaux,1
somme,1
événements,1
travaillé,1
maires,1
sérieux,1
rupture,1
lesquels,1
problèmes,2
ennemi,1
estimeront,1
celle,2
gens,2
adversaires,1
européenne,2
laquelle,1
débarrasser,1
nationaux,1
toujours,1
illégalités,1
méthodes,1
opposition,2
croient,1
expérience,1
bataille,1
remet,1
occasion,1
bien,13
ores,1
taux,1
mantes,2
fragile,1
travaillons,1
toulon,2
pétrole,1
dieu,2
trahison,2
chasseurs,1
lois,1
rarement,1
socialistes,2
retour,1
revenir,1
risques,2
violations,1
désigné,1
changé,1
partie,1
quatre,1
porte,2
devant,2
2001,1
2002,1
franchir,1
sondages,2
fondamentaux,1
article,1
crise,1
considérons,1
chirac,5
merci,1
gaulle,1
malgré,1
plus,5
grands,1
courir,1
monde,1
dure,1
jamais,2
prochain,1
officielle,1
train,1
déjà,4
rappeler,1
grande,1
remercie,1
vous,1
élections,4
scission,1
pour,1
étais,1
députés,2
baron,1
résolu,1
neuf,1
mégret,1
suffrage,1
référendums,2
nous,4
intéressent,1
parait,2
sanctionneront,1
européennes,3
gagne,1
congrès,4
responsabilité,1
données,1
candidats,1
serai,1
toucher,1
voix,2
nombre,3
allons,1
donner,1
serais,1
serait,1
toute,3
mois,3
fondamentalement,1
inverse,1
gouvernants,1
français,3
groupe,1
reconstruction,1
réaffirmerons,1
premier,1
accent,1
président,4
combattre,1
responsables,1
exceptionnels,1
cohabitation,1
justement,1
toutes,1
promis,1
finie,1
effet,2
espèrent,1
formation,1
surtout,1
france,2
égalité,1
politique,9
peine,1
réforme,1
stirbois,1
accord,1
certain,5
communistes,1
pays,4
mais,2
doute,3
écrasante,1
durée,2
traduirai,1
constitué,1
apercevront,1
intervenue,1
front,4
parle,1
présidentielles,1
long,1
produites,1
pouvoirs,1
élus,2
année,1
travail,1
officiellement,1
vague,1
prévoir,1
allez,2
république,6
ivème,2
mettent,1
élection,1
autorité,1
pense,2
cantonales,1
écoutez,2
moyens,1
prêt,1
donné,1
victimes,1
socialo,2
mener,1
enfin,3
sommes,2
élément,1
inférieure,1
verra,1
celui,2
prête,1
française,2
campagne,2
partielles,1
suis,1
reçu,2
charles,1
massive,1
consacré,1
confirmé,1
participants,1
profite,1
national,5
démontre,1
résolus,2
opération,1
électorale,1
tenus,1
ramenés,1
graves,1
chasse,1
précédents,1
autres,1
intérieure,2
chevallier,1
œuvre,1
mort,1
assez,2
conseil,4
extravagante,1
trouvent,1
condamné,2
candidat,1
modification,2
éducation,1
innocent,3
aurait,2
permettrait,1
constituer,1
présidentielle,1
êtes,1
esquissent,1
essayer,1
demi,1
crée,2
jolie,2
hostilité,1
étant,1
environ,1
dissolution,1
avais,1
combat,1
éléments,1
juridictions,1
permise,1
faire,4
réduire,1
constitutionnel,1
courent,1
bénédiction,1
nationale,2
longueur,1
commencer,1
seraient,1
sera,2
fais,1
autrement,1
provocation,1
écrans,1
retrouveront,1
tradition,1
savoir,1
parlement,1
chômage,1
dois,2
appel,1
elle,1
obédience,1
temps,2
délégués,1
voudrais,1
cernent,1
songeront,1
ordinaire,1
émergence,1
contre,1
vote,1
seront,1
dire,6
jospin,4
départ,1
perdues,2
parlementaires,1
conséquent,2
remplacé,1
listes,1
subi,1
dérisoire,1
directement,1
constitutionnelle,1
révéler,1
abord,1
marignane,1
constate,1
sort,1
série,1
sorte,2
rétablir,1
prise,1
barre,1
justifie,1
législation,1
voulu,1
garder,1
fondée,1
communiste,2
passer,1
menée,1
gentil,1
disposition,2
première,1
affronter,1
aura,1
mettrons,1
vérité,1
antennes,1
près,1
dangers,1
trouve,1
fiscalité,2
sujets,2
occurrence,2
contraire,1
frontières,1
aujourd,2
conteste,2
pendant,1
millions,1
présence,1
municipalité,1
delà,1
crois,6
harcèlement,1
loin,1
euphorie,1
sénateurs,1
recours,1
surcroit,1
remplacerait,1
insécurité,2
europe,1
choses,2
rattachés,1
constitution,1
appellent,1
obtenu,1
permis,2
référendum,2
moment,4
voit,2
représentation,2
ecoutez,1
explique,1
rapport,1
traité,1
socialiste,1
passe,1
mandat,4
autant,2
était,1
balance,1
sanctionné,1
crespo,1
immigration,4
savez,2
avait,4
entre,1
cours,1
importants,1
instant,2
affrontements,1
évidemment,3
présents,1
manière,2
crédités,1
compromet,1
universel,1
beaucoup,5
troisième,1
mandats,1
supérieure,1
villes,1
trois,2
convalescence,1
européen,1
etat,1
amis,1
absence,1
dont,2
après,1
vème,3
démocratique,1
jacques,3
civils,1
ailleurs,4
découragent,1
croissance,1
société,1
présent,1
victoire,1
affaire,2
choqués,1
assemblée,1
accompli,1
particulier,1
précisément,1
monopole,1
avons,6
regagné,1
juridique,1
quelque,2
