word,raw_frequency
lieu,1
effondrement,1
sortis,1
organisation,1
télévisé,1
marche,2
euphémistes,1
résonnance,2
mouvements,2
éclaté,1
dynamique,1
parcouru,1
sensibilités,1
parlementaire,1
aucune,2
responsabilités,1
menacent,1
débats,2
redistribuer,1
participe,2
révélateurs,1
deuxième,1
apparaissent,1
lequel,1
perdre,2
choisi,2
offre,1
clandestins,4
suisse,1
poil,1
oeuf,1
formulation,1
fonctionnaires,3
restera,1
fédérale,1
difficultés,1
classe,8
immédiatement,1
européens,1
expérience,1
phénomène,1
bien,45
evidemment,1
devons,1
collectivité,1
raisonnement,1
participé,1
écarté,1
devoir,2
belle,1
grandeur,1
montés,1
immigrés,2
bois,4
lien,1
commun,1
manifestation,3
cinquante,1
pénitentiaire,2
venir,1
devant,1
civile,1
faisons,1
rassuré,1
réserve,3
opérations,3
jours,1
soyons,1
derniers,1
extrême,1
côté,2
eventuellement,1
imaginez,2
appliquer,1
avenir,2
gaulle,4
semaine,1
instruction,1
corrompt,1
décision,1
abord,5
immédiat,1
viennent,2
réagir,2
puisque,6
prenant,1
monde,6
injures,1
véritable,3
train,3
références,1
minarets,2
trait,1
charnel,2
savons,1
adhérents,1
dirais,2
constate,1
votation,1
étonné,1
engage,1
juger,1
juges,1
irrégulières,1
percer,1
soviétiques,1
mesures,3
lorsque,1
camarades,1
rappelle,1
appuyaient,1
amélioration,1
données,1
expliquer,2
tomber,1
avertissement,1
nombre,6
mère,1
parfaitement,1
mois,5
heures,1
projet,1
éventuellement,2
déplaire,3
polémique,4
objective,1
combattre,2
adversité,2
justement,3
disons,1
reprises,2
voire,2
tant,9
enfant,1
écrit,1
robinet,1
président,4
notamment,4
réforme,1
accord,2
méritez,1
flambeau,2
trouvons,1
engagé,1
surement,3
passage,2
pensaient,1
systèmes,1
haute,1
troubler,1
absurde,1
administration,3
delanoë,1
anti,1
limiter,1
probablement,2
affiches,1
sein,1
compassionnels,1
département,1
contradiction,2
administrative,1
essentielle,2
marie,4
conseils,3
liste,1
particulières,1
partager,3
inspirateur,1
considère,3
avion,1
espace,2
23eme,1
enfin,5
menacés,1
sommes,3
formulations,1
aurons,1
auront,1
française,4
sept,2
réflexions,1
annoncé,1
correctionnelle,1
événements,2
penser,2
solution,1
remarquable,1
orientations,1
conseiller,1
économie,1
matière,1
télévision,1
signifie,1
caravane,2
quelqu,2
frais,1
objectif,2
mion,2
palinodies,1
aurais,3
formations,1
aurait,3
êtes,2
émissions,2
courtoisement,1
déboucher,1
ambigü,1
bureau,1
sollicite,1
combat,2
régler,1
nécessaire,1
côtes,1
obligatoire,1
croient,1
compte,6
soigne,1
faiblesse,1
attendre,1
appuyée,1
pose,3
senti,1
autriche,1
américains,1
aller,5
supprimer,2
marginal,1
série,1
condition,3
université,2
jumeaux,1
campagnes,3
religieuse,2
jalons,1
elle,1
madame,2
temps,3
parallèle,1
véhémence,1
inviter,1
occurrence,2
contre,10
dira,1
entrée,1
dire,28
mouvement,7
pensées,1
effraie,1
prenne,1
correspond,1
dérisoire,1
structurel,1
entendre,1
quittera,1
singulier,1
incarne,2
monsieur,3
prise,1
maintenant,3
désagréable,1
pèse,1
législation,1
trainé,1
échange,1
médiatisé,1
cherche,1
gentil,1
crime,2
accepter,2
causes,2
quelques,6
réorganiser,1
personnalité,2
bande,1
écoutez,5
imposer,1
oeuvrent,1
médicale,3
aujourd,10
égalités,3
conteste,1
voulais,2
faudrait,1
difficile,4
discours,2
médicals,1
aspect,1
millions,5
prouverait,1
terrorisme,7
classiques,1
commerce,1
majeurs,1
sinistres,2
organiser,1
conscients,1
commissions,1
cœur,4
occuper,2
chiens,2
phénomènes,2
voix,11
révélateur,1
pourquoi,1
jeunes,1
solliciter,1
référendum,1
cause,1
dédiabolisation,3
voit,3
pérennité,1
offensives,1
présidentielle,5
préoccupations,1
tragique,1
incarnent,1
socialiste,5
autant,1
gouvernements,1
empêcher,2
immigration,4
entre,3
éradication,1
déterminer,1
précise,1
affective,1
gouvernent,2
ville,1
responsable,1
bercé,1
dérive,2
souhaiter,2
aperçoivent,1
gaulliste,1
européen,1
etat,8
discuter,1
toulouse,1
magistrats,1
maastricht,1
montrent,1
essayant,2
marseille,4
violation,1
amodiation,1
direction,1
internationaux,1
contestataire,1
émotions,1
immodéré,1
malheureusement,1
sauvé,1
conformément,2
député,1
reste,1
libre,1
précisément,1
content,2
possession,1
maternelles,1
situations,2
bonne,2
agressif,3
donnent,1
compassionnelles,1
partie,3
continuerai,1
convaincre,3
sécurité,5
1500,1
estimons,1
considéré,3
patriote,1
sentiment,3
tremplin,1
roue,1
haïssable,1
certitude,1
relèverons,1
actuel,2
boulot,1
poivre,1
intégrité,1
conduit,1
durant,3
1968,1
rendent,2
étés,1
journal,1
formellement,1
souhaite,4
saint,1
milliers,1
campagne,4
guérilla,1
symbolique,1
voudrais,1
organisations,1
sentiments,2
espèce,4
caresser,1
engagement,1
redoutable,1
représentants,1
élan,1
fondamentale,1
compagnons,1
doivent,3
plier,1
monter,1
convictions,2
mettre,4
régional,1
signes,1
soulevé,1
centaines,2
froide,1
ensemble,3
mots,1
2003,1
graves,1
chez,7
fondamentaux,1
féminité,2
ouvre,1
obligatoirement,1
proprement,2
jambes,1
facile,4
considérons,1
menace,1
fâché,1
chirac,3
changements,1
tempérament,1
plus,32
attendez,1
opinion,1
décidées,1
manque,7
objectives,1
posait,1
bonjour,1
guêpier,1
ressorts,2
remercie,1
renonce,1
élections,3
années,1
électeurs,4
manifestée,1
ultra,2
prises,2
chacun,3
chances,1
esprit,2
aiment,1
médecin,2
honnête,1
éteindre,1
général,4
normale,1
jospin,2
nécessité,1
homme,3
combattu,1
publicité,1
candidats,3
celles,2
bombes,1
allons,1
démarche,1
civique,2
disant,1
candidate,1
inverse,3
voyons,1
traduction,1
visiter,1
caractère,2
fond,2
reproche,1
"...,",1
propre,1
tour,1
indifférent,1
courageuses,2
fassent,1
continuera,2
inciter,1
égalité,1
politique,29
toute,9
vais,4
retrouvons,1
faux,1
mêmes,5
tendresse,1
résultat,3
plutôt,1
thermales,1
faut,24
paye,1
nécessite,2
près,1
front,13
stratégie,3
cent,1
votent,1
étendue,1
référence,2
dirai,1
saturons,1
grâce,1
disparaissais,1
prévoir,1
compassionnel,1
fraternité,1
pauvres,1
forcément,1
dépasse,1
autorité,3
coups,1
contrôle,1
fournir,1
dirait,1
militaire,1
contraire,1
essentiels,1
cinq,1
absolument,5
interchangeable,1
pays,8
couche,1
fragilité,1
normalement,1
celui,4
choisie,1
actualité,1
révélé,1
remarque,1
impliquent,1
obnubilés,1
mondiale,1
sereine,1
défendre,5
national,18
trouveraient,1
vécu,1
rectitude,1
consiste,5
meilleure,1
médiatique,1
impopulaire,1
bruit,2
autres,17
demande,1
bénéfices,1
linéaire,1
défendus,1
réformes,1
mort,1
corses,1
notant,1
continuent,1
éducation,2
décisions,7
strauss,3
lourds,1
rester,1
paraît,1
constitue,1
rayonnement,1
genre,2
régression,1
roumira,2
clubs,1
avais,5
avait,11
éléments,2
route,2
crimes,1
paix,1
seraient,2
électoraux,1
privatisme,1
violé,1
jouons,1
positives,1
bombe,1
incapacité,1
impuissance,1
rompues,1
profondes,1
mégret,3
borner,1
rendus,1
émission,2
rapproché,1
disait,1
villes,1
apparait,3
celle,6
problématiques,1
défends,1
ordinaire,2
demandé,1
supprimé,1
serons,1
inéligible,1
signale,1
période,3
naturel,2
virtuelle,1
loyauté,1
mondialisme,1
appui,1
listes,1
démontrent,1
longtemps,3
attacher,1
étonner,1
offrir,1
exprime,1
mienne,1
fâchés,1
sorte,11
incontestablement,1
paris,3
nourrir,1
stratégies,1
triomphant,1
après,6
ligne,2
garder,3
croire,2
aspire,1
ramassé,1
communiste,1
généralisée,2
admet,1
passer,4
choquer,1
intéressants,1
première,9
vraiment,4
rôle,2
nobles,1
petite,2
hier,1
dangers,1
exprimer,2
trouve,6
fiscalité,1
privés,1
ailleurs,21
mélange,1
conséquences,1
condoléances,1
porter,3
inquiétaient,1
extrêmement,2
dont,5
obtenir,1
médiatiques,1
international,2
parti,6
moque,2
nous,7
marques,1
garantie,1
militaires,1
limite,1
suive,1
parce,4
acte,1
ouragan,1
famille,2
argent,1
quotidienne,1
insécurité,5
raisons,2
vaincre,1
europe,1
écoles,1
intérêt,2
pensons,1
choix,2
sens,2
fera,1
relation,1
ordinaires,1
modèle,1
détail,1
raison,6
pudeur,1
réalisera,1
amateur,1
montrer,4
relève,1
arriver,3
savez,4
osent,1
binaire,1
sanitaires,1
intéressant,2
dénoncer,1
péril,2
indépendance,2
beaucoup,17
armes,2
tragédie,3
trois,1
beau,1
limité,1
façon,2
judiciaire,1
préfère,1
difficiles,1
hollande,1
organisons,1
donc,1
voulu,1
jeter,2
sait,8
adaptez,1
modèles,1
immeuble,1
sais,4
bombardiers,1
forts,1
magnifique,1
situation,3
présent,1
victoire,1
sensible,1
présenter,1
accordait,1
moment,5
faits,1
petit,4
détourner,1
seront,7
parler,2
élites,1
parlez,1
plaide,1
portons,2
grand,5
conditions,4
rencontre,1
cohérent,1
calculé,1
connait,1
connais,1
faibles,1
tiers,1
remplissaient,1
inscrite,1
apprennent,1
brochures,1
nombreuses,1
exactement,6
maires,4
urnes,1
guerre,6
entier,1
problèmes,4
prochaine,1
percevoir,2
élection,4
forces,3
stratège,1
traiter,1
divorce,1
vision,3
scandale,1
aime,3
oubliant,1
inacceptable,2
tard,2
totalement,2
collective,1
convaincus,1
type,1
test,1
connaissez,2
venu,1
contenus,1
aide,3
trahison,2
anarchique,1
possible,3
lois,5
suggère,1
confronté,1
pire,3
suspicion,2
terroristes,4
accordé,1
besoin,1
dispositions,1
mélenchon,3
diplomatiques,1
monopole,1
femme,5
amour,2
quatre,3
partir,3
partis,1
heureusement,1
dernières,1
présentation,2
décadence,2
ayons,1
parties,1
corse,10
allemande,1
arvor,1
battre,1
gros,1
avocat,1
chose,4
entendent,2
tracts,1
résoudre,2
chinois,1
décalage,1
airlines,1
pourrait,2
yeux,2
reproches,1
règles,3
tacle,1
intéressantes,1
connivence,1
ayant,1
quand,2
piquant,1
sulpice,1
municipaux,2
tenu,1
radical,1
internes,1
restez,1
question,7
cela,2
arrivons,2
plaisait,1
responsables,6
laisser,1
pourra,2
clients,1
tricolore,1
individu,1
trinité,1
frustre,1
turpitudes,1
responsabilité,1
afghanistan,3
concitoyens,1
1990,1
actuellement,1
laissé,3
françaises,1
coin,1
devise,1
confiance,2
serions,2
marre,1
français,20
court,1
augmenter,1
sarkozy,5
libres,1
premier,2
douter,1
veulent,1
antisémitisme,1
voleur,1
désaccord,1
presse,2
préalable,1
recruter,1
surtout,6
abstention,1
interdit,2
organisé,1
place,6
imposent,2
pourrais,1
moraux,1
cachés,1
honneur,3
bruno,4
tuer,2
abandon,1
comporte,1
priver,1
follement,1
remplacer,1
éligible,1
indépendantiste,1
demandez,2
conscient,1
battu,3
instinct,2
dignité,1
importantes,1
occupée,1
avance,1
grandes,3
irremplaçable,1
utiliser,1
pensée,1
gaullistes,1
principes,2
tendance,1
technique,1
détruit,1
république,6
pourraient,1
envie,1
balles,1
imperméable,1
conséquent,10
faisait,1
moyens,5
interrogée,1
apporter,3
secrétaire,1
retrouver,1
depuis,1
continue,2
placé,1
fondé,2
égard,3
suis,25
conflictuelle,1
massive,1
humaines,1
développe,1
équivoque,1
connaissance,1
discute,1
justice,3
reçois,1
définition,1
heimerdinger,1
actions,1
voté,1
organes,1
rembourse,1
aura,9
déterminant,1
commencent,1
objectivement,2
succession,2
connaissent,1
candidat,6
voter,1
établissements,1
plusieurs,2
éviter,1
colonna,1
intervenir,1
laden,1
solidaires,1
calme,3
rapide,1
nationaux,1
lecoeur,1
drapeau,1
gollnisch,3
positions,2
simplement,2
droits,2
16ème,2
fonction,5
sincérité,3
savoir,1
malgré,1
pris,1
gauche,2
appel,3
envisager,1
certes,3
surprend,1
jean,4
devenue,1
prononcée,1
affaires,4
discuté,1
voulez,12
ferai,1
traditionnelles,1
soient,1
plait,1
claire,1
représentatif,1
affaire,1
inspirons,1
compétent,1
sentent,1
préparer,1
morales,2
constitutionnelles,1
jugée,1
maîtriser,2
époque,2
citoyens,2
diriger,1
minutes,1
autocritique,1
exemple,3
constitutionnelle,1
vient,1
domaines,1
secteurs,1
pachtoune,1
essaye,2
exclusion,1
respectueux,1
processus,1
appelle,1
pense,29
tiens,1
lutte,2
écoutent,1
chapeaux,1
doute,1
inéluctable,1
chrétiens,1
exploser,1
capable,7
rattraper,1
american,1
gestion,2
signature,2
militante,1
richelieu,1
phrase,3
visions,2
gonflés,1
entrer,2
passé,2
vivant,1
mauvais,1
midi,1
tempête,2
sujets,4
café,1
gagner,1
systématiquement,3
sortes,1
étincelles,1
dépendre,1
agression,1
suggestion,1
perdez,1
désaccords,2
vivement,1
jurer,1
lance,1
soit,12
urgence,1
dieu,1
familiale,1
conseillers,1
talamoni,1
crois,24
nicholas,3
chers,1
henri,1
souverainistes,2
humaine,1
crédibles,1
hyperbole,1
réalité,5
bretagne,1
inopérant,1
rien,10
choses,6
seconde,1
attraper,1
matignon,2
gilet,1
montre,1
ecoutez,2
sécularisés,1
passés,1
violées,1
passe,3
soigner,2
défauts,1
irrespect,1
repousser,1
posez,1
constitutifs,1
alors,13
puisqu,3
résultats,1
signatures,3
neutralité,1
fameux,1
pourtant,2
terroriste,3
arrangera,1
répondrai,1
maitrise,2
avaient,3
peuple,5
tartarin,1
solutions,1
système,1
habitude,2
personnels,1
blesser,1
évident,2
problème,9
réagissent,1
ministres,1
possibilité,1
mieux,4
démocratique,3
ministériels,1
jacques,1
recul,1
réussi,2
dominique,1
permettent,1
imaginé,1
devait,2
danger,2
importance,1
critique,1
rendu,1
qualités,2
avons,13
attitude,1
écrasé,1
quelque,10
libéral,1
huit,1
bruxelles,1
partout,1
priori,1
assez,7
franche,1
autonomie,2
apparaît,1
kahn,3
monnaie,2
certaine,2
style,1
veux,2
gouvernement,1
dirigeants,1
veut,4
somme,2
pouvoir,6
insultés,1
implanté,1
femmes,1
revanche,1
marge,1
dirigeante,2
2005,1
personnellement,1
ennemi,1
engagent,1
demain,3
supplémentaire,1
défenseurs,1
liberté,3
gens,10
affectives,1
adversaires,3
complice,1
approfondissement,1
même,1
dernier,1
toujours,10
combattons,2
pouvez,2
générale,2
parfois,4
ressens,2
méthodes,3
unité,1
opposition,2
intérmédiaire,1
édiles,1
samedi,1
relativement,1
cessé,1
précision,1
avoue,1
signe,1
froid,1
idées,6
respectent,1
presque,1
afghane,1
apprendre,1
artificiellement,1
affirment,1
compétition,3
bisounours,1
fondements,1
députés,1
immigrants,2
soixante,1
sortent,2
maire,1
prononcé,1
abuser,1
terrain,1
empêché,1
maternités,1
laïcité,2
privées,1
porte,2
pare,1
prier,1
peux,2
sondages,6
peut,1
strictement,3
unique,1
peur,1
définitif,1
débattre,1
prendre,9
cyniques,1
mission,2
disparaitre,2
unis,1
véritables,1
accueillir,1
doigt,1
grands,2
service,2
voilà,3
face,4
municipale,1
traité,1
prestigieux,1
déjà,6
contribué,1
respecté,1
grande,5
radios,1
hauteur,1
agressions,1
politiques,14
centre,2
attachement,1
assumer,1
gêner,1
parlé,3
décidé,1
attentat,1
européennes,1
congrès,3
hommes,7
donne,4
père,2
donner,1
serais,1
oublié,2
ainsi,1
dirigé,2
inhumaine,1
précède,1
permette,1
phrases,1
surveiller,1
marine,2
falloir,1
souvent,4
compatriotes,1
toutes,4
plateau,1
actuels,1
parcours,2
détournements,1
fonctions,1
avez,2
francs,2
dangereuses,1
interne,1
france,16
valeurs,1
confondu,2
jamais,6
lançant,1
certain,5
honnêtement,2
chercher,1
mais,12
ordre,2
parle,4
vocation,4
présidentielles,1
monté,2
retient,1
extraordinaire,2
mourir,1
char,1
cérémonie,1
donné,1
certaines,1
avancée,1
endroits,1
fenêtres,1
allez,1
normal,2
sang,1
heureux,1
pourrissement,1
peuvent,1
proche,1
examen,2
commande,1
mains,2
semble,1
pouvons,1
ruisseaux,1
positive,1
enfants,4
bessier,1
incroyable,1
construit,1
victimes,2
vous,7
prendrait,1
chambre,1
scandaleux,1
électorale,1
comptent,1
verra,1
vois,1
différent,1
comprends,2
intéresse,4
charles,3
soutiennent,1
infirmières,1
analyse,1
posent,1
soutenir,1
réagissez,1
optimistes,1
différentes,4
démontre,1
américain,1
peuples,1
faire,30
personnalités,2
pouvait,1
mécontente,1
police,4
mesure,2
pouvant,1
courage,4
félicitons,1
touchent,3
hypothèse,1
policières,2
regarde,1
invité,3
promet,1
légalité,1
généreux,2
diplomatie,1
courant,1
malade,3
essayer,4
demi,3
tribunaux,1
hostilité,2
explication,1
amitié,1
extravagant,1
méthode,1
école,2
permet,1
nationale,2
israël,1
sera,7
cures,1
suffisantes,1
autrement,1
touché,1
défendu,1
écrans,1
coup,1
compris,2
clairement,1
naturellement,1
jusque,1
parlement,1
talents,1
analysé,1
dois,2
marchons,1
règle,2
imam,2
briser,2
partisan,1
durcissement,1
réseau,1
surcroît,1
occupation,1
démontré,2
leurs,7
félonie,1
tiède,1
chassé,1
prédécesseurs,1
agit,1
bouter,1
matériel,1
maladie,2
rêve,1
regardé,1
livre,2
uniquement,1
enregistrer,1
orange,1
directement,2
formidable,1
payer,1
miennes,1
permettre,3
intérieur,2
carapace,4
langue,6
selon,1
encore,1
prend,3
effectivement,4
population,1
utile,2
camp,1
comment,1
permanence,1
domaine,3
ferait,1
parents,2
perdue,1
progressive,1
jouer,1
miens,1
vérité,2
armée,3
quitté,1
derrière,1
lorsqu,1
corruption,8
mise,1
locaux,1
premières,1
souhaiterais,2
malhonnête,1
promesses,1
pavé,1
démocratie,1
exact,1
pendant,4
mondialiste,1
apparaitre,1
serait,1
intentions,1
hyper,1
lutter,1
réformer,1
espère,2
circonstances,1
progressivement,2
histoire,4
entends,1
entendu,1
envoyé,1
dans,2
jmlp,2
meilleur,1
société,1
rétrograde,1
médias,2
cabinets,1
obtenu,1
candidature,1
horrifiée,1
flamme,1
caractères,1
rapport,3
bandoulière,1
arrive,2
étais,5
souffre,1
suffit,1
tête,5
était,23
morceau,2
jusqu,2
critiques,1
cédé,1
vitrolles,3
insulter,2
massives,1
importants,1
rendre,1
instant,1
ministre,2
infertilité,1
évidemment,8
retiens,1
libertés,3
manière,8
amène,1
divergences,1
comparaison,1
spectaculaires,1
cadre,3
conscience,1
amis,3
jeux,1
absence,1
parachuté,1
jeanne,1
historique,1
religieuses,1
confiscation,1
condamnent,1
hallali,1
personne,2
surprise,1
remplissent,1
lointaines,1
lâcheté,1
débat,3
preuve,2
exceptionnel,1
estime,1
particulier,4
exceptions,1
certains,5
voila,2
vote,1
