word,raw_frequency
dirait,1
brest,1
effondrement,4
guider,1
témoigner,2
magistrature,8
apparaissent,1
marche,4
cache,4
adapterais,1
insee,4
compensation,1
noyau,1
dynamique,1
commandée,1
accomplir,1
remonté,1
regardant,1
reparler,1
spécialistes,3
qualité,11
menteurs,2
croyez,5
mènerais,1
parlementaire,6
gère,1
durbec,2
attachez,1
immigrées,1
wagner,1
comportés,1
chevauchée,1
participe,1
contestataires,1
rassure,1
lequel,9
chefs,2
indifférent,2
déséquilibres,1
choisi,7
consignes,1
choque,1
etats,21
clandestins,6
halieutique,1
joli,2
vingt,10
abordé,1
rapprocher,3
interpelée,1
preuves,3
options,1
danse,2
déclarer,2
dette,3
économiquement,2
fédérale,7
allusion,1
josse,1
observateurs,2
classe,8
immédiatement,3
ferions,2
quinze,4
résout,1
quantités,1
supériorité,2
avoués,2
stabilité,1
perturbante,1
synagogues,1
arrière,2
coupable,1
danseurs,1
divergence,1
syndicale,2
mouton,1
devons,6
généralement,8
figure,3
exportons,1
criminelles,1
culture,1
travaux,1
oripeaux,2
chiraquien,1
orléans,2
nationales,4
caché,3
gouverneur,5
revalorisait,2
prolonger,1
écarté,2
education,1
chasseurs,1
belle,3
solennité,1
division,3
mériterait,1
arrêter,1
courtois,2
geste,5
retour,3
sursis,3
exercer,3
exportation,3
civils,1
crématoire,2
pénitentiaire,3
suivisme,1
venir,9
décoffrage,1
sidérurgie,1
électorales,3
devant,21
civile,10
honore,2
sécuritaire,1
européenne,15
traitant,1
milliers,5
jours,14
divisions,1
compliment,1
elever,2
extrême,7
bébé,1
effets,1
miens,1
notions,3
baltes,2
choqué,1
généreuse,1
merci,7
gaulle,5
orient,10
devenu,6
entrée,3
raffarin,4
états,6
moralité,1
invraisemblable,1
réagir,1
puisque,48
prenant,2
monde,65
injures,1
décence,2
additionner,1
officielle,4
train,19
haussent,2
accordés,1
rappeler,6
produit,5
trait,1
culturellement,1
secteurs,2
abstenir,3
rappelez,1
dirais,21
repris,2
injustifiée,1
familiales,3
étonné,1
engage,2
réputent,1
frappe,3
manipulé,1
pardonné,1
pseudo,1
débiteur,1
terroriser,1
proposais,1
exclusion,2
orpr,1
édition,1
obligé,10
mitterrandiste,1
diffusée,1
camarades,2
fauteuils,1
suède,5
trembler,1
salons,1
participation,2
barrières,3
exceptionnelles,1
tomber,1
rivalités,2
modernes,1
approuvée,1
apparenté,2
parfaitement,12
participer,1
mois,19
coûté,2
appellerais,3
travaille,4
appelle,11
fonctionnaire,2
circonscriptions,5
groupe,7
interroger,2
reconstruction,1
comptable,1
éventuellement,6
combats,3
rédaction,1
hommage,4
diversité,2
imprévues,1
désignons,1
débats,1
engagées,1
représentée,1
commerciaux,2
héroïne,2
pompes,1
promouvoir,1
reprises,5
descendre,2
cellules,3
reconnaissent,1
veuille,1
concurrence,7
assaut,1
venue,3
suffisant,2
recèle,1
écrit,4
fantasme,1
pronostics,1
président,107
haider,2
vendent,1
commissariat,1
sympathisants,1
payait,1
réforme,6
euro,22
utilisé,3
textile,1
logmeent,1
initiées,1
import,2
ferme,7
incompatible,2
retrouvée,2
engagé,2
nazi,1
comprendre,3
réfugiés,1
pensaient,2
renaissance,1
brique,1
successions,4
pacifique,1
annoncer,2
alternance,1
adressais,1
infiniment,2
ouvrier,1
comme,4
cambadélis,1
trimestre,1
statut,2
aggravante,2
13ème,3
antiaméricanisme,1
noté,2
réfléchir,3
considération,2
démontrerai,1
lavé,1
poil,1
équilibres,1
violence,4
boutin,2
réjouir,1
inscrivent,1
enfonce,1
balayés,1
perte,2
faillite,2
seuls,4
essentielle,2
pense,85
particulières,1
odieux,1
déclin,2
systématiquement,3
production,10
balayée,1
algériens,3
comparable,1
mettaient,1
double,2
enfin,26
voyais,1
cédant,1
indirecte,1
codéveloppement,1
menacée,4
utilise,1
française,53
peau,2
attaquent,2
modulant,1
xixème,2
privera,1
mémoires,1
baissent,1
besoins,1
risque,11
verser,1
appelé,3
souhaitait,4
consacré,1
intégration,1
penser,6
gagné,1
expulser,1
exclusivement,6
pactoles,1
producteurs,2
incendies,2
terrorisent,4
orientations,1
conserver,5
contradictoires,2
accueilli,1
anticivique,1
sénat,1
existent,1
internement,1
économie,27
connaissais,1
logement,1
couloir,2
quinzaine,2
assez,26
financement,1
scandaleuses,2
français,131
nettement,1
nuire,1
courants,2
gants,1
quelqu,18
phrases,3
célèbre,1
condamné,10
trafic,1
aurais,12
juré,2
décident,1
progression,1
aurait,29
broutilles,1
spécialement,1
alternativement,1
reconstituer,2
habites,1
saupoudrage,1
éboueur,1
collégiens,3
grave,6
rambouillet,1
semble,12
articulées,1
lundi,3
environ,1
bureau,3
sollicite,1
combat,3
cadres,2
défile,1
différentes,8
nanterre,1
faire,168
autosuffisance,1
persécutions,2
obligatoire,1
complet,1
compte,41
attendra,1
croates,1
défense,17
vouloir,5
attendre,4
recouvrent,1
chargés,1
découverte,1
lycée,1
commandé,1
fais,25
niveau,7
renvoi,1
supprimer,6
rome,1
obsède,1
indemnités,1
sociales,9
euromondialisme,1
série,4
antimarxiste,1
maintiendrons,1
consistait,1
chargée,1
pensé,1
condamnés,6
basée,2
campagnes,1
canard,3
apparaitre,1
consacre,1
supérieure,1
éclats,1
sauf,10
patriotes,2
madame,22
étranglé,1
résoudrait,1
abstentionnistes,2
permanence,2
action,10
sache,1
inviter,1
empare,1
protégé,1
développement,2
contre,67
norvège,1
précédée,1
détruite,1
citation,1
calculés,1
mouvement,7
prenons,2
caviglioli,2
véto,1
nobel,6
prenne,2
condamne,2
origines,1
bradé,1
fasse,7
black,1
chrétienne,2
dérisoire,3
portées,1
décor,2
vieilles,2
écoute,2
acceptent,5
entendre,1
éditeurs,1
servaient,2
entend,2
découvrent,1
jugement,1
complétés,1
louis,1
printemps,1
citrouille,3
douanes,1
ennemi,4
garçons,1
réalisation,1
accepterait,2
porteur,1
honorable,2
citoyen,9
courantes,1
diffusion,1
écouter,2
initiée,1
trainé,1
assistés,3
salaires,19
voteront,6
scrupuleusement,1
voulais,1
arrivée,5
islam,1
alimenter,1
roulant,1
dérives,1
alpes,1
insoluble,1
redressement,1
impasse,2
affronter,1
faisaient,1
hisser,1
démarches,3
automatiquement,1
faudra,2
quelques,40
importantes,3
hersant,1
activité,3
multiraciale,1
fondateurs,1
cacher,1
précurseur,1
prudent,1
saluer,1
entré,1
investigation,1
scientifique,1
indigner,1
marché,11
indiscutable,1
surplus,1
conteste,4
manifesté,2
craindre,1
européennes,3
discours,8
révèle,1
irréversible,3
coquins,2
retirerait,1
municipal,2
tenait,5
fonctionnelle,1
georges,1
sorciers,2
favorisés,1
terrorisme,7
ancré,1
menteur,10
compétents,2
proposer,3
taille,1
moyennes,2
portugal,4
discuter,1
cœur,1
relatif,1
rafale,3
employé,1
parental,2
consciente,1
réclament,2
imposé,1
majeure,1
préférences,1
nait,2
promets,1
appuyant,1
trompés,3
jeunes,25
crient,3
chère,3
vertu,2
publique,8
abrogation,1
trouvés,1
respective,1
rendait,1
remercier,2
cinglant,2
proposez,1
nain,2
prévenir,3
constante,1
patries,2
obligatoires,9
propre,11
populaire,4
essayons,1
empêcher,11
encourager,4
poignets,1
fresnay,1
entre,69
déploraient,1
crois,140
désastreux,1
ouvrages,1
dissous,1
croit,2
reconquérions,1
créé,4
balancés,1
gouvernent,1
retraites,2
manifeste,4
communauté,3
espère,9
bisbilles,1
dérive,2
indépendante,2
antidémocratique,1
allions,4
pourrissent,1
prévue,1
évoquez,1
souhaitez,1
magouille,5
manifestation,7
européen,13
etat,27
boumediene,1
changement,6
budgétaire,5
médiatiques,1
recettes,1
magistrats,3
essayant,1
obéissent,1
réductions,1
procédé,2
rivalité,1
laguiller,7
majorité,17
allaient,1
matières,1
légitime,1
frappants,1
mentale,1
malheureusement,8
feront,9
bleu,1
acte,5
effacement,2
ferons,3
conformément,1
dépensés,1
gâtés,1
député,9
reportage,3
articulée,1
radicalement,1
surprendre,1
arbitrairement,1
content,3
présomptueux,1
gaulois,1
score,1
situations,1
entrainé,1
asiatique,2
récuse,2
énergumènes,1
plurielle,3
donnent,3
armées,6
envoie,1
échelle,1
allié,5
occupé,1
semaines,10
poissons,1
extrapolant,1
sécurité,12
reconquête,1
estimons,1
bretonnes,1
souhaits,1
sentiment,12
supplémentaires,7
trouveront,1
rude,1
fiscalisme,3
détails,1
réflexe,2
sangatte,2
musulman,1
borloo,2
fallacieux,1
ayez,6
numéro,1
certitude,1
injuste,3
vôtres,2
naturalisation,2
honnêtes,2
modestie,1
internationale,1
confondu,1
1958,1
dignité,7
sincèrement,4
tendance,2
devienne,1
géographique,1
résolution,1
1968,2
conséquence,3
choses,30
guerres,1
nationalement,1
mobilisé,2
balayeurs,1
trotskiste,1
enthousiasme,1
accepté,3
pronostic,2
après,34
travaillent,2
seconde,1
racisme,1
confisqué,1
rouge,2
genres,1
redevient,1
voulez,23
organisations,2
préférez,2
manipulent,1
caméra,1
équilibre,4
pierre,2
rencontrait,1
horreur,1
xénophobes,2
divers,4
querelle,1
créer,6
conflits,4
hibernation,1
serbes,1
pénitentiaires,1
pourriez,1
sanctions,2
article,5
acception,2
mettre,16
proximité,1
entrainaient,1
dresse,1
proposition,6
pied,2
progressistes,2
proportion,1
berger,1
passeport,1
représentants,1
centaines,2
revenir,3
nues,1
déroulent,2
révélait,1
velléité,1
prononcée,1
partent,1
régularisations,1
écart,3
pouvoir,45
pénurie,3
suivre,1
consultent,2
représailles,4
prouvé,1
semblaient,1
fusion,1
grossières,1
maire,4
salue,1
déferlement,3
agressivité,1
décisif,2
mené,1
allumer,1
poignardé,1
acculés,2
calculait,1
comédie,4
considérait,2
lâche,1
allant,1
débarquement,1
plus,174
établi,3
achètent,2
convenance,1
artisanal,1
dirigés,2
avez,26
françois,2
demeurant,1
aveu,3
supprime,2
autoritaires,1
nette,1
brillant,1
reposer,1
finalité,2
bush,5
marxistes,4
étranger,6
consommateurs,2
enfants,14
signeraient,1
prendre,12
vous,46
défendus,1
dramatiques,2
électeurs,46
tromper,1
disparu,1
financiers,1
poussé,1
trompez,2
énoncent,1
chances,2
esprit,6
triangulaires,2
médecin,2
souffrir,1
note,3
ruiner,2
sinon,2
écrite,1
fonctionner,1
homme,37
employés,1
chanté,1
combler,1
industriel,1
dénoncée,1
défauts,1
viendrait,1
géographiquement,2
britannique,2
allons,12
venant,2
alliances,2
bergeal,1
civique,11
insuffisance,3
maintenir,7
enlevé,1
région,2
fondamentalement,1
vichy,3
pressions,6
caractère,2
sodomisée,1
déclare,2
opinions,1
aveuglement,1
reproche,2
immonde,2
coupé,2
vivrais,2
tout,30
intégré,3
tour,49
tous,7
désespérait,2
détour,1
disaient,1
xénophobe,4
thèse,2
caméras,1
fallu,6
cyrcès,1
regardais,1
humanitaires,1
sursaut,2
union,6
attention,5
notion,2
reviendrons,2
franc,11
politique,145
ardemment,1
écartés,2
vais,19
joie,1
faux,14
plein,2
avertir,1
manifestations,7
unir,2
pays,96
perdu,6
exactes,1
donnés,1
situés,1
faut,103
unie,2
concédé,2
présidentielle,27
caisse,3
napoléon,1
antan,1
réprimer,2
votent,6
mériter,1
créait,1
composer,1
embauche,1
échecs,4
brandir,1
pouvoirs,10
massifier,1
égal,2
insupportable,2
sauter,3
sondeurs,1
facultatif,1
vulnérable,1
malhonnêteté,2
forcément,13
votant,1
objet,9
comptes,10
compter,3
écrirais,1
générosité,1
donnait,2
base,1
terreur,2
autorité,8
tueurs,5
barbouillé,1
coups,1
rénovation,2
abstention,1
repose,1
israéliens,2
haine,4
point,10
naturalisés,1
contraire,11
voyous,2
subir,4
petites,7
choisit,2
ingérence,2
absolument,26
socialo,4
justiciable,1
inventions,1
appartements,2
choisis,2
bénéficiait,1
sociale,22
capituler,2
normalement,10
prévision,1
originaires,1
moduler,2
essentielles,4
avais,26
idéal,1
solde,1
expédier,1
parrainer,4
occasionnelles,1
institutionnels,1
attribuée,2
1957,3
traduise,1
industriels,2
défendre,19
habituel,2
intrigue,1
celle,32
séparés,1
hésité,1
rempli,2
habituer,1
toléré,1
douces,2
marqué,3
fraternelle,1
garde,4
meilleure,2
médiatique,9
fiscal,1
définies,2
suffisamment,3
respecté,2
rumeur,1
juger,3
éduque,1
quittent,1
décrire,1
réformes,13
mort,23
résistante,1
institutions,4
corses,1
ouvriers,8
informe,2
erreur,4
gestes,2
éducation,7
brut,3
prévu,3
délibérément,4
asseoir,1
constituer,5
près,21
intention,3
sautter,1
législatives,11
peuple,43
genre,9
prouver,2
contredis,2
route,3
ronde,1
retors,1
calcul,1
rejette,1
trappes,1
tchéquie,1
entrouvre,1
agresser,2
sortait,2
bombe,1
déroulait,2
proches,3
aggraver,2
jouons,1
invitant,1
monétaire,1
poignardant,1
impuissance,2
reconstruire,1
secrets,1
émergeront,1
prestations,1
pièges,1
chômage,12
enviable,1
votre,3
prévisible,1
syndicat,9
commémoration,2
lien,2
palerme,1
services,2
émission,1
maladroite,1
rubrique,1
béranger,2
villes,5
apparait,2
engagement,3
abandonner,1
sûrement,2
calomnie,1
ordinaire,1
turcs,1
communautarisme,1
milieux,1
militant,1
seront,14
serons,5
aboutissement,1
saviez,3
trahi,3
digue,1
fermeture,2
abstenu,1
pousser,4
informé,1
fantaisistes,3
témoigne,2
énonçant,1
liquider,1
jouent,3
palestine,1
souffrent,2
texas,1
sortis,1
prisons,5
pourra,4
heurtons,1
génération,4
attache,1
osera,1
mienne,4
tactique,1
orée,1
promesses,11
paris,15
inestimable,1
regarder,6
démagogique,1
masque,1
tâche,1
iront,1
maçonniques,2
italie,3
zemmour,1
malstrom,1
pourrions,2
aboutir,1
dévoyés,1
libanais,1
législative,7
mammouth,1
aboutit,4
espèrent,1
complicité,7
gouverner,2
solana,1
passer,5
payés,2
bracelets,1
immoralité,1
pompier,1
espoir,3
sévères,1
vraiment,3
excellentes,2
aura,38
délégué,1
petite,6
permettez,4
jetée,1
protection,2
halloween,1
hier,9
exprimer,5
trouve,26
originale,1
jetés,1
appuis,1
officines,2
presque,8
petits,3
moyenne,7
sujétion,1
débile,1
dégonflait,1
évolué,1
vieux,4
manuel,3
constater,3
bord,3
conséquences,16
vents,2
révolution,1
porter,8
réélection,2
reporter,1
mnef,1
actuelle,1
cité,2
sarkozy,5
entendues,1
1988,4
positionnement,1
nous,41
oubliera,1
1933,1
récent,2
garantie,4
fessée,1
palais,2
réussi,6
exerçait,1
lieu,7
rémunération,3
attitude,7
deviennent,1
combien,6
famille,11
rocard,2
quotidienne,1
vienne,1
raisons,11
désastre,2
europe,50
écoles,1
renforcé,2
intérêt,16
appellent,4
cinquante,1
parlez,5
réussir,3
partagé,1
nouvelles,2
empêché,1
traditionnellement,3
battrait,1
aviez,1
venait,3
parlant,1
relation,4
réussie,1
étonner,1
modèle,1
détournent,1
heures,9
gogos,1
exigent,2
socialisme,4
inconvénient,3
élève,2
projet,2
déploient,1
boulogne,1
touchait,1
arbitrage,1
sérieuses,2
soviétoïde,1
mourrais,1
trouvé,4
vers,16
devraient,8
matérialiste,1
reprenne,1
péril,1
légalisation,1
heurtent,1
concerne,4
arriveront,1
écoeurés,1
dispose,1
possibilités,4
liés,1
mandats,1
emplois,15
rappelons,1
cite,2
qualités,1
professionnel,1
espaces,1
aspirantes,1
chiffres,8
baccalauréat,2
meeting,3
aubervilliers,1
façon,21
dimanche,6
limousin,1
dont,71
notre,3
modes,1
jetons,1
omerta,1
entendais,1
traitaient,2
donc,7
voulu,9
communs,1
souffler,1
bloquées,1
sofres,1
lisais,1
raconter,1
voyait,1
10ème,2
partage,9
situation,26
trucs,1
élevage,1
supportent,1
renforce,1
immédiate,1
parrainé,1
appliquent,1
raciste,10
barnier,5
professions,1
considèrent,1
visant,2
trente,4
tours,7
petit,25
détourner,1
orientées,1
autour,4
aidé,2
responsabilités,10
conquérir,3
elles,5
allait,10
birgy,1
agitation,1
jugeront,2
allais,4
plainte,2
prétendus,1
appris,3
grisant,1
mazerolle,1
marianne,1
fusse,1
revient,5
exclus,1
craignez,1
conventionnelle,1
construction,2
plume,2
suffisait,1
décision,3
partout,7
association,3
déloyal,1
encouragées,1
possibles,4
baïonnette,1
signale,7
devez,1
goulag,2
réintégration,1
nombreuses,3
disons,7
maires,30
urnes,10
lancerait,1
guerre,26
adhésion,1
bazardé,1
copain,2
commune,7
effacés,1
problèmes,23
prochaine,3
aggravée,1
aznar,2
panique,1
quart,3
élection,37
persuadé,1
musulmans,1
obtiendra,1
digues,1
superpuissance,1
4ème,3
traiter,1
divorce,1
tendent,1
dérouler,1
guyane,3
religieuse,2
lobbies,1
universités,1
inacceptable,1
réseaux,1
tard,7
subventions,1
totalement,8
professeur,2
collective,2
mettrai,2
groupements,1
type,3
distractions,1
complètement,2
adhérents,1
coude,1
sportive,1
journaliste,1
salop,3
radio,3
roulé,2
ruée,1
exécution,1
prioritairement,1
bouleversé,2
estime,5
masse,2
aide,4
écartent,1
internationales,2
incitent,1
medef,4
possible,13
courtoises,1
échoué,5
inadapté,1
confronté,1
palme,2
pire,9
apocalyptique,1
concurrent,1
besoin,20
asie,1
sortions,1
triomphent,1
remonter,1
ennemis,3
utiles,1
journaux,10
femme,2
encourageants,1
partie,27
convaincre,6
buffet,1
logique,1
engager,1
rentrez,1
personnage,1
aubry,1
tobin,3
conduire,1
chargé,7
surprises,1
partir,12
partis,11
dégagement,1
cassation,4
passionne,1
ignorants,1
détachement,1
redoutables,1
impression,1
charges,5
corse,6
allemande,1
attendez,11
remarquable,1
hostile,6
délinquance,6
rechercher,1
paria,1
agirait,1
entier,3
allemands,2
trahies,1
peulvast,1
ramener,5
publiant,1
échéance,2
tremblent,1
concepts,1
résoudre,13
considérer,1
orgueilleux,1
résoudra,3
répondu,2
redynamiser,1
plaisir,2
gouvernement,41
condamner,4
reprocher,2
réponds,1
règles,4
dirigeants,2
connivence,1
ambitions,1
amsterdam,2
venus,1
bases,1
sorti,1
autorités,2
tenu,4
veut,27
indulgences,1
fondation,1
qualifié,4
renard,1
éteinte,1
regardez,2
laissez,1
cela,7
reculant,1
normaux,1
forcé,2
laisser,8
miséricorde,1
clients,1
parachutistes,2
catholique,2
professionnels,1
retirées,1
deux,2
exprime,4
adresse,6
responsabilité,6
renégocier,1
œillères,1
sorcellerie,1
griffes,1
circule,1
kommen,1
york,1
actuellement,11
performant,1
lénine,1
représenter,3
capitulé,2
escarcelle,1
manquons,1
diminuant,2
acteurs,1
nourrir,1
arriver,9
régler,4
bloquer,1
site,1
correction,2
booster,1
oublier,2
cesser,2
rallie,1
crie,1
menacés,2
voleur,7
signifierait,1
grades,1
jugé,3
amener,1
communautaires,1
anonymes,1
presse,6
auprès,1
études,4
efficace,2
donne,14
élément,9
ouvrière,1
criminelle,4
modulons,1
méritent,2
surtout,13
bref,1
abri,1
disques,2
coopérations,1
activités,2
interlocuteur,1
commission,3
antijudaïsme,1
rallier,1
partenaires,1
jouant,1
hébétude,1
répartition,1
espoirs,1
irréparable,1
honneur,9
richesse,5
exprimés,2
sentimentaux,1
efficacité,7
bénéficiaire,1
françaises,11
tuer,5
lesquels,5
unijambistes,1
réunion,1
réprouve,1
fascisme,4
vraie,6
demandes,2
goulots,3
irrésistible,1
renonçons,1
chemise,1
incontournable,1
demandez,1
louée,1
haute,2
dites,12
blanc,5
croyait,3
avance,4
demain,15
mensonges,2
croyais,3
pyramide,1
civiles,1
gaullistes,1
arrêté,1
exprimé,3
principes,3
tapie,1
diminuer,1
dessus,13
atmosphère,4
destitué,2
importance,1
interrogerez,2
gouverné,3
adolescents,1
envie,2
culturelles,1
accumulés,2
conséquent,55
étudier,3
dévaluation,1
entrainant,2
cartes,1
faisais,1
faisait,4
juge,2
motu,1
menée,8
charmants,1
dépendre,2
dépendra,1
comique,1
éliminé,1
classes,1
extrêmes,1
mandat,11
depuis,4
continue,8
affrontements,1
recule,1
sauver,11
optimiste,1
machiavélique,1
médecins,1
antillaise,1
réducteur,1
évolutions,1
accommodent,1
porté,1
volontairement,2
acheté,1
fixer,1
lignes,2
démentis,1
urgence,1
économiques,4
gêner,2
dernier,6
compare,1
défendez,1
wessel,1
électorale,19
évidence,3
justice,21
origine,7
réglé,1
désigné,1
admis,3
profondeur,1
définition,4
actions,3
participerais,2
mérite,18
négociations,1
resteront,1
œuvre,8
syndicats,7
éclatement,1
nobles,2
évaluent,1
hiérarchie,1
objectivement,1
inhibe,1
votez,7
inadmissible,1
acceptiez,1
hôpital,3
précisant,1
ambigüité,1
votes,1
voter,19
loyalement,1
réorchestré,1
accompliraient,1
permettrait,1
difficulté,2
cocus,1
dégager,5
référendaire,2
certaines,6
merveilleuses,1
colonna,1
déchainement,3
gardées,1
commissaire,5
visage,4
représente,5
décide,4
provisoire,1
quelles,1
neutre,1
déperdition,1
réduire,2
constitutionnel,5
redonner,1
croisé,1
nationaux,7
mitterrand,7
drapeau,1
gollnisch,2
positions,5
syndic,2
joueur,1
denis,2
simplement,10
roubaix,1
incidents,2
pègre,1
recourir,3
assume,1
prononcer,1
régularisé,2
puissent,1
limite,1
précédentes,1
locaux,1
extrémisme,4
présidentialiserais,1
minus,2
efforcer,1
traditionnel,4
maçonnique,1
ramasser,1
philosophie,5
désigne,2
privilèges,2
berlin,1
arrive,13
diminue,3
discuté,1
combattue,1
ferai,1
prospérité,5
convoi,1
souhaitaient,1
guérir,1
vulgaire,1
présidence,19
parlent,4
patriotique,2
affaire,16
solidarités,1
réduit,3
impressionnent,1
passionnée,1
constitutionnelles,1
espérance,3
céder,2
souris,1
durée,2
pardonner,1
manufacturés,1
grimper,1
sodomisés,1
citoyens,23
sevran,1
1986,1
discipline,3
rééducation,1
exemple,45
contribuables,2
vient,10
viens,7
inexact,2
brouiller,1
souvient,1
interdiction,2
financières,1
savons,2
fréquenté,1
piégé,1
soumis,1
messieurs,1
processus,7
arabe,3
conseils,1
tiens,4
lutte,7
tient,5
conduite,2
exacts,1
anticonstitutionnelle,1
aillent,1
anormal,2
doute,14
régner,1
différencier,1
fondée,1
capable,6
poisson,2
alcool,3
diagnostics,2
soutenant,1
industries,1
signature,2
soustraites,1
halphen,1
beaux,1
phrase,2
connaissez,2
demandeurs,1
putsch,2
organismes,2
mauvais,3
concierge,2
pose,5
règne,1
soviétique,5
travaillé,1
sujets,4
internationaux,1
critère,1
abaisser,1
paradoxe,1
principales,4
sortes,3
agissait,2
ministère,10
contestations,1
agression,4
navale,1
centrée,1
boiteux,1
mondialiste,3
délités,1
vérifiée,1
maintient,1
permis,8
bande,1
lance,3
mentir,3
soit,75
sois,7
soir,5
course,4
paquebot,1
conseillers,1
remette,1
refusé,6
hésitent,3
gouvernements,13
douze,1
maréchal,1
attacher,1
maginot,3
diabolisés,1
laetitia,1
caisses,4
brochure,2
soja,1
verdict,2
passerai,1
direction,5
schroeder,4
espérais,1
exerçaient,1
maître,2
humaine,4
expliciter,1
facilement,1
mener,2
déplorable,2
monseigneur,1
grecs,1
garderais,4
universitaire,1
rien,23
tranche,1
parlera,1
hélas,4
constitution,15
supranational,1
ouvrir,2
minorité,2
retrouvé,1
triple,1
commerce,2
minutes,1
espagne,1
caractéristique,2
réflexion,1
passionnelles,1
dépenser,2
réservée,1
démagogiques,2
donnée,3
rolande,1
duels,3
illustre,1
éclater,1
moralement,1
cocotier,1
parlerait,1
êtres,1
mensonge,5
borne,1
mule,2
rejoint,1
sélection,2
posé,4
injurient,2
abattions,1
soixante,1
comptabilité,1
disparition,2
astuce,1
démonstration,2
universel,2
inclut,1
flic,1
faciliter,1
traditions,1
remboursement,1
intégrer,8
banques,1
passion,1
avaient,26
proclamation,1
récurrente,1
contrôles,2
commencé,1
lancé,1
complot,1
système,17
rues,4
malle,1
personnels,1
sept,6
détruit,4
volet,1
défi,1
réserves,2
possibilité,2
trublions,2
imbéciles,1
démocratique,13
chiraquienne,1
conception,2
ruine,3
directrice,1
concevez,1
exerce,1
adjuvant,1
rappelant,2
porto,1
rétablissement,1
devait,4
david,6
danger,8
devais,1
mélangé,1
construisent,1
identifiés,1
politiciens,12
liaison,1
pardon,2
ancien,11
critique,5
rendu,12
déléguées,1
suicidés,1
avons,65
contredire,1
étranglement,6
écrasé,1
réunissent,1
incarner,2
quelque,56
plateaux,1
rudes,1
bruxelles,6
personnalité,3
pensez,9
fixé,1
révélateur,1
orly,1
durcir,1
scission,2
extérieur,1
algérien,1
chiffre,9
pression,6
influence,6
sentimentales,1
porte,9
style,2
change,4
sauvant,1
agrandis,1
scandalise,1
particulièrement,6
suffrages,2
zéro,1
précautions,4
reprendrait,1
janvier,1
somme,11
benêt,3
autorisation,1
sérieuse,4
subissent,1
coalitions,1
sienne,2
veulent,24
désaccord,5
secrétariats,1
invasion,2
virgules,1
prévention,8
proportionnels,2
sauront,3
tchécoslovaquie,1
directs,1
gens,127
précises,2
préciser,1
secrète,2
déindustrialisée,1
remportait,1
plaçant,2
extrémiste,4
pensait,5
robert,1
toujours,29
sournoise,2
majors,2
méthodes,2
unité,3
utilité,1
direz,2
siècles,4
écœurés,1
tirs,2
samedi,1
stipendié,1
statuts,1
unique,7
sent,4
relativement,7
présence,5
ouverture,3
acceptait,1
ethnique,1
vivre,1
définitif,2
choix,9
exécutant,1
estiment,1
déclenché,2
énorme,6
fonder,1
entraver,1
interdisant,1
delà,2
pétrole,3
réinvestir,1
dires,1
dominé,1
danemark,5
précédé,4
demanderais,1
agressés,2
influencé,1
religieux,2
contradictions,3
départementale,2
artisanales,1
sens,5
provoquer,1
gaspillage,1
bénéficiant,1
sortie,2
subvention,2
donnons,3
quitter,2
madelin,3
conseiller,4
devient,1
rassemble,1
changé,6
bâtisse,1
flatteur,1
engagements,4
détournements,2
déterminent,1
attendus,1
commencement,2
fouet,1
dénoncé,4
souffrance,1
conjonctions,1
pitoyable,4
pensais,4
inutiles,2
enseignement,4
ménage,1
dangereux,2
quatrième,2
francophile,1
admiration,1
désolé,1
dernière,10
enchaîné,3
prendra,1
fabriquent,1
nation,17
préjuge,1
charge,4
agressée,1
subit,2
véritables,1
rétablissons,1
professionnelles,1
néfaste,1
supprimant,1
consenties,1
service,10
farine,2
puissance,1
autrefois,2
dure,3
jamais,52
téléphone,3
succès,12
préserver,2
tiré,4
déjà,36
marins,1
solidaire,2
répression,7
adaptées,1
contestable,1
madena,1
kansas,3
durs,1
balladur,3
respectent,1
raison,17
décourage,1
guigou,1
politiques,29
pudeur,1
tournent,1
délinquante,3
baisser,6
centre,5
transformé,2
méthode,2
passera,2
hargnes,2
organisateur,1
suffrage,4
partisan,11
parlé,3
corée,1
décidé,4
dispersion,1
horst,1
établir,3
établis,1
congrès,3
établit,2
commerçants,3
réunions,1
armée,9
entourage,1
violente,1
avoir,1
présidentiel,1
donner,21
serais,7
serait,37
eglise,3
sagement,1
donnez,1
voterai,2
déloyale,1
montrer,2
immigrateur,1
réunionnais,1
favorable,3
réduction,2
prétend,1
souffert,2
grands,8
répondez,1
naissance,1
caillasser,1
agissent,1
portera,1
mettions,1
gauchistes,2
oubliées,1
appropriation,1
entiers,2
souvent,14
compatriotes,10
préoccupation,2
toutes,35
policier,1
disponibilité,1
engagés,3
brigands,1
déclarations,4
dévouement,3
vraisemblable,1
fonctionnaires,4
recevoir,5
francs,7
contradiction,2
regrette,3
corruptions,1
interne,1
finances,1
plait,1
france,137
assister,4
excès,2
valeurs,7
ouvrières,2
tuyaux,1
remplies,1
histoires,1
showbiz,1
féliciter,3
mari,1
boutique,1
assimilés,1
désir,1
britanniques,1
palestiniens,4
inquiétant,1
saura,1
prévenu,1
délicats,1
pédagogie,1
collier,1
entrent,4
parle,13
terminée,1
présidentielles,5
monté,4
giberne,1
afghanistan,1
niveaux,2
fier,2
obligés,5
bête,2
mépris,2
donné,13
grandes,5
gaullien,3
comprendrez,1
décider,5
endroits,1
terre,1
allez,3
dépendent,2
oublie,1
contribué,5
leçon,4
sang,2
aller,4
mathématique,1
phoning,1
représentativité,1
bureaux,1
usage,1
patiemment,1
industrielles,2
mains,8
déboucher,2
remplacé,1
extraordinaires,2
glorieux,1
passent,2
roulants,1
complexe,3
cible,4
arène,1
rameute,1
offres,1
fissure,1
venions,1
giscard,6
défende,1
victimes,6
direct,2
voix,39
canton,1
déclarent,1
voit,8
interethniques,1
revenu,14
comptent,1
groupés,1
vois,11
ambition,3
différent,3
passant,1
rejet,3
vitesse,1
bougie,2
arracher,1
reçu,5
laisserais,2
devrais,4
meilleures,1
argument,1
intellectuels,3
aperçoit,5
soutenir,3
déborde,1
défendent,2
notables,1
comportement,2
terme,2
criminels,4
totalité,2
nécessaire,6
démontre,3
démocrate,7
américain,4
démographique,2
perdent,3
pouvais,1
survie,3
avoue,2
mesure,10
côtes,1
personnalités,5
pouvait,7
chasse,3
interroge,1
savon,1
poserait,1
chevallier,1
battue,1
courage,3
touchent,2
intégrationniste,1
regarde,2
extravagante,1
lesquelles,2
excluant,2
témoignages,5
économique,16
largement,5
concurrencer,1
fondamental,1
baudruche,1
battus,1
impossibilité,1
malade,3
cessaient,1
dérivée,1
plaintes,2
essayer,15
russie,2
demi,3
loisir,1
entourages,1
tribunaux,2
hostilité,2
finit,3
défend,1
charger,2
feint,1
extravagant,4
nombreux,1
grève,3
froid,1
retournez,2
sciences,1
contester,1
école,12
rugby,2
permet,6
longueur,1
radiophoniques,2
ceci,19
canards,1
relevé,2
fondamentales,2
bats,2
redeviendra,1
journalistes,3
vivants,2
passés,7
civisme,1
comprends,1
acquis,2
autrement,15
essayez,2
nuisibles,1
passée,5
coup,5
frontière,3
charme,1
admirateur,1
élever,2
respect,6
arletty,1
naturellement,3
jusque,1
parlement,5
remarquer,4
dois,26
remets,1
blesser,1
aurions,5
répond,2
reviendra,2
traditionnelle,2
intensif,1
dilemme,2
bourbon,1
provoquées,2
démontré,2
race,1
super,9
efforcent,2
applaudis,1
naturalisations,1
bâton,1
décourager,3
nôtres,5
crains,2
préfecture,1
interrogé,4
agit,25
faim,2
patron,2
agis,1
agir,1
forces,6
forcer,1
connaitre,1
productions,3
rigoureusement,1
premièrement,1
livre,2
obligation,4
uniquement,2
trouver,7
lucidité,1
étroitement,1
sépare,1
touriste,1
directement,9
impôts,8
payer,7
terrible,2
vertigineuse,2
hollande,3
lire,2
historiquement,1
durable,2
récompensés,1
former,2
langue,5
piliers,2
tony,1
franchement,4
proposé,7
redevenir,2
image,1
violences,5
population,4
décidés,1
lancer,2
personnelle,7
reich,2
préopinent,1
agissions,1
utile,5
camp,5
légale,2
reconnu,4
alliés,4
serai,9
lycéens,4
intereuropéens,1
domaine,14
satisfaire,1
escroc,1
radiophonique,1
parents,6
descendante,1
finir,1
gravement,2
créés,2
jouer,5
filles,4
morts,6
vérité,11
attal,2
serve,1
adverse,1
ruinés,2
mondialistes,1
démarche,1
mise,1
compromettre,3
premières,3
souhaiterais,3
servi,1
aéroport,2
confesse,1
désavouée,2
frontières,24
naïf,3
laborieux,1
consommation,2
adversités,1
vacances,1
emporter,1
intellectuelle,2
pendant,39
émises,1
1914,1
désavoués,2
énergies,1
apparemment,1
associations,1
attendent,4
correspondantes,1
citer,1
argent,12
circonstances,6
progressivement,7
continuerais,1
histoire,6
entends,1
entendu,10
maroc,1
continuerons,1
annonce,5
entité,2
forts,1
machine,2
camps,4
coûtent,3
protectionnisme,1
intérêts,12
vindicte,1
convaincu,3
incontrôlée,1
lionel,1
ambigüe,1
illettrés,1
automobile,3
misère,4
migratoire,2
territoire,1
traitres,1
grâce,6
permettaient,1
rassembleur,1
mobiliser,2
coûts,1
moment,34
tissu,1
gaulliste,1
attendait,2
inquiet,2
torrent,4
voilà,36
détournée,1
serrer,1
étais,37
intimider,1
assumer,4
secret,7
était,96
rendement,1
enfuient,1
jusqu,16
critiques,2
schengen,1
passeront,1
embêtante,1
fille,4
honnêtement,2
instant,8
ministre,33
recouvrais,1
fantastique,2
ruinées,1
libertés,1
manière,21
honte,1
divergences,4
verrons,2
incapables,5
résistance,1
pirouette,1
contrairement,8
démocratiquement,1
utilisant,1
compétitions,2
loges,2
voyage,1
vieillie,1
cadre,11
destiné,1
indivisible,2
javier,1
retourné,3
thérapeutique,2
match,5
présenter,12
pauses,1
notamment,1
concurrents,7
désapprouver,1
matériel,1
algérie,8
révélée,1
permettre,14
nouvelle,3
paralysant,1
étudiants,5
recrutent,1
hallali,2
engrenage,1
plaisants,1
inhibition,1
truand,1
intentions,1
irakiens,1
imaginons,3
lourd,1
quoique,2
débat,7
cherche,1
opéra,2
preuve,12
caleçon,1
gazettes,1
empêche,6
assemblée,10
dira,1
particulier,28
compris,24
gérer,4
bavarder,1
dieu,13
humilité,1
enseignée,1
martiniquais,2
résistant,2
euros,4
règle,4
nature,3
drôle,1
menacées,1
slovaquie,2
sortir,10
conjonction,1
organisation,3
télévisé,2
delors,3
ensuite,8
mouvements,1
douzième,1
principe,11
parcourt,1
germano,1
cohabitation,10
chabaniser,1
voyez,17
trahissent,1
découvrir,2
balle,3
derniers,1
aucune,11
poids,3
transmettre,1
gênerait,2
démocrates,1
démontrer,2
menacent,3
départementaux,1
manières,1
réaction,1
deuxième,47
sacrifices,1
réservé,2
perdra,1
montent,1
perdre,1
disponibilités,1
vaut,1
encadrement,1
reconquiert,1
donnerons,1
restent,3
effet,35
apprentis,3
essentiel,7
ministères,2
cortèges,3
suisse,3
nommer,1
festivité,1
aligner,1
gâteau,2
rompu,1
fauteuil,1
sonora,1
rase,1
formation,11
remplir,7
matérialisme,1
remplit,5
objectif,6
persécutés,2
électoral,2
venais,1
donneur,1
portugais,1
distinguez,1
convenus,1
européens,18
détruits,1
existé,3
soumettre,1
expérience,4
phénomène,9
bélier,1
bien,312
désisteront,1
réciprocité,1
douanières,4
enfermés,1
evidemment,1
attachent,1
mille,3
correspond,5
ouverte,1
bastonner,1
signification,2
renégocie,2
fragile,2
duel,3
donnerait,2
changiez,1
rassemblement,6
dispenser,1
oisifs,1
portefeuille,1
briques,1
devoir,8
immigrée,2
constatent,1
impitoyable,1
proposent,1
arabes,1
immigrés,22
responsable,14
monstrueuse,1
interdite,1
secrètes,1
félicite,4
exporter,5
paca,4
regrouper,1
souverain,2
institutionnellement,1
faisons,7
populaires,1
verbale,1
réserve,2
mots,1
soyons,3
oukase,1
retiré,1
présentées,1
doctrinaire,1
imaginer,2
exécrations,1
côté,3
coulisses,1
démissionner,2
quartiers,4
appliquer,3
asseyait,1
golfe,1
avenir,12
dresser,1
aussi,1
apprend,2
maintien,1
mentent,1
dérisoires,2
accusation,2
sympathie,1
viennent,11
étudié,1
disant,6
écarter,5
traumatisme,1
existe,5
arrivé,1
redynamisation,1
libérer,3
cerveaux,1
anciens,2
véritable,10
élaborer,3
certain,60
nôtre,8
tournée,2
féroce,1
désintéressions,1
accession,2
football,5
proposons,1
élire,17
confié,3
vendre,1
encaisser,1
coupables,3
sursauts,2
dépassent,2
réformer,2
juges,7
émissaires,1
plané,1
valaient,1
baron,1
diminuerais,4
transit,1
option,1
formel,1
mégret,9
mesures,15
demandons,1
amoralisme,1
venaient,1
existaient,1
rappelle,15
chômeurs,5
données,1
exemplaires,1
transiger,1
pratique,3
inouïe,2
nombre,52
inconnu,1
éventuels,1
taupe,1
commerciales,2
parce,26
injustice,3
antenne,3
télévisés,1
seulement,1
négro,1
inscrits,1
nécessaires,5
reconquérir,1
pêcheurs,3
poursuit,1
attendrai,1
suspense,2
xvième,2
délibérée,3
probabilités,1
enfance,1
naturalise,1
déteste,3
parallèles,1
étrangère,10
combattre,1
abuse,1
film,1
paysage,1
hiver,1
continuait,1
justement,18
couverts,1
exclut,3
exactement,16
voire,6
tant,22
acceptant,1
enfant,2
détermineront,1
contribuable,1
respectable,3
justicier,1
parité,3
découvert,6
battre,9
réciproques,1
subordonné,1
accord,21
lever,1
insuffisantes,1
fils,2
affichaient,2
important,6
trouvons,3
poursuites,2
bonheur,2
soutient,1
hauts,1
photo,2
contraires,2
réalités,1
extermine,1
visiblement,3
ânes,1
gesticulations,1
extérieurs,1
majoritairement,1
septentrional,1
apte,1
troubles,2
malversations,1
lancés,1
fidélité,2
devenir,1
oukases,1
dures,1
administration,5
souhaitions,2
profit,1
attribuées,1
devront,3
année,6
opération,12
réélu,2
imité,1
parisien,2
ragots,1
paroles,1
devenons,1
fiers,1
européiste,2
long,1
naturalisé,1
mourir,5
appelons,2
fâchent,1
marin,2
désespérerait,1
calculant,1
valoir,1
tourne,4
estimions,1
marie,17
reprochant,1
réglée,1
partager,6
angleterre,7
reviendrai,1
permanent,1
paysans,2
considère,9
honorables,1
avion,3
espace,5
abusé,1
accuse,1
profonde,2
rappelé,1
charnière,1
appartiendrait,2
décideront,1
regrettais,1
candidatures,1
sommes,50
révélés,1
aurons,2
auront,7
importons,1
sommet,1
pendules,1
civil,1
communication,1
campagne,33
condamnation,2
appliquées,1
inférieurs,2
voulait,3
virage,1
démographie,1
désaveu,2
voulons,4
supranationale,3
événements,3
attaqué,7
solution,5
défaite,3
date,4
détestable,7
parrainage,1
racistes,3
bataille,3
dégagée,1
officiellement,1
jugerai,1
tonnerre,1
moral,4
bafouées,1
strictement,2
défendues,3
vague,3
télévision,7
propres,6
produits,5
joué,3
idéologie,1
considéré,1
construire,4
redistribution,1
ramené,1
obligée,1
produite,2
envoyer,1
tesson,2
fermer,2
places,7
souhaitée,1
municipales,1
êtes,20
louables,1
géré,2
industrie,1
accompagner,2
bourses,1
juppé,1
benêts,2
discussion,1
horreurs,1
pertes,1
ressources,2
transporter,1
sincère,2
nier,2
sociaux,5
dirige,2
attaqués,2
croient,6
infligées,1
bras,3
ecole,1
rectifier,1
ukrainien,1
attirer,1
américains,12
heureux,2
environnement,1
bity,2
faveur,2
siècle,4
désigner,1
saurait,1
certainement,8
fête,9
faute,3
regard,2
nuancer,1
absolue,2
informations,1
attaque,3
messier,2
popularité,1
rire,4
discutable,1
régional,3
secrètement,1
elle,19
servitude,2
arrivais,1
parenthèses,1
paraissait,1
barthélemy,2
temps,37
avortement,1
cesserons,1
apercevoir,3
écrouler,2
désordre,1
viendront,2
massivement,1
attendant,1
amenait,1
consomment,2
dire,188
reproduise,1
pensées,1
principal,3
bandes,3
digne,4
turques,2
dessin,1
inquiète,1
dispositif,2
injustement,1
déclenche,2
subi,1
évoluerons,2
million,2
amenés,2
dirigent,1
musique,1
préparées,1
excellent,1
suppressions,1
révéler,2
abord,70
soutiens,1
commercial,1
monsieur,27
structures,1
réponse,1
telle,1
relancer,4
réceptacles,1
mémoire,1
conforme,1
prise,4
maintenant,1
juste,1
descends,1
souveraineté,5
constatons,1
pèse,1
assassinés,1
législation,3
souhait,1
ores,2
démocratie,13
naître,1
chienlit,2
équipe,9
boucs,1
oser,1
affirmation,3
ramollino,1
gentil,1
afrique,5
adaptation,1
indique,1
routes,1
accepter,5
récemment,2
naitre,1
officiels,1
causes,6
incapable,1
avec,3
blois,1
opprobres,1
lancées,1
rend,2
souligné,1
financière,1
2002,3
précisé,1
massu,2
occurrence,7
complémentarité,1
inondation,1
manifester,1
médicale,1
créées,1
enjeu,1
solenna,2
zinedine,1
aujourd,37
oppose,3
crime,7
patrimoines,1
faudrait,28
tentation,2
brusquement,7
collection,1
sénégal,1
millions,42
kurdes,1
budget,1
rentrée,2
entrepreneurs,2
accompagnait,1
évêques,3
papier,3
septennat,4
différente,5
entamé,2
tort,4
rétiaires,1
trahison,4
naturalisée,1
axée,1
auriez,2
marée,1
mayotte,1
fabrique,1
prendrais,1
provoqué,1
différents,6
considérons,2
nicolas,1
motos,1
éloge,1
château,2
resté,1
politisation,1
proprio,1
trouvent,5
parlerai,1
familles,3
unanimisme,3
savent,5
étudiant,2
référendum,3
cause,18
cohérente,1
apportés,1
scandaleux,2
convenu,1
moscou,1
santé,6
différence,8
rameurs,1
sélecteur,1
concrets,1
commettre,1
racine,1
bénéfice,3
dérisoirement,1
socialiste,13
pupille,1
attends,2
autant,14
inquiétude,2
lyon,1
record,2
rhône,1
immigration,45
arnaque,1
lehideux,1
métropolitains,1
déterminer,2
précise,1
iran,2
orienter,1
pénibilité,1
méprisant,1
irak,2
ville,3
volonté,20
confrères,1
envoyé,1
agresseurs,1
distribue,1
fiscale,3
rendus,1
jeux,1
modeste,2
italiens,1
gagnera,1
revenus,3
honnêteté,2
hélices,1
agricoles,6
jouait,1
crimes,3
pratiquement,20
habitants,4
auraient,6
empêchait,1
détachent,1
organiser,2
renforcement,1
vecteurs,1
déroule,2
maastricht,6
points,14
espérant,1
marseille,7
large,2
vème,1
recrutaient,1
religions,6
celles,5
représentent,3
ailleurs,125
fabriqué,1
alger,2
conditions,5
démissionné,2
barbarie,1
fermement,1
formule,2
méritait,2
reculer,2
littéral,1
reste,16
sirius,2
précisément,3
roosevelt,1
jégu,2
sanctionner,1
salaire,3
réticence,1
dépasseront,1
moderne,1
bonne,13
morales,2
prends,6
appliqua,1
résolu,3
obligez,1
expression,3
avant,2
continuerai,2
assurer,5
quatre,12
miteux,1
leurre,4
analyse,7
pasqua,6
constamment,1
bovins,1
patriote,3
micro,1
tremplin,1
stratagème,2
réponses,3
officiel,3
amené,7
pinacle,2
officier,2
fallait,8
vieilli,2
souhaitable,1
pouvant,1
aboutirait,3
notez,2
actuel,1
mandela,1
sortant,8
menacé,4
performante,2
meurent,3
immorale,2
remplacement,1
conduit,5
dérapé,2
périple,1
volé,1
modifier,2
entretenir,2
enfermer,1
journal,7
tabous,1
protéger,4
socialement,1
épouse,1
sortirions,1
saint,8
laden,1
moule,1
syndicaux,4
tapé,1
assure,1
voudrait,3
encourageant,4
menacer,1
menaces,6
surprend,2
variées,1
voudrais,27
pierres,1
modo,3
sentiments,5
rapprochement,2
espèce,19
exige,3
concrètes,2
renoncé,1
cinquième,2
combattants,2
mode,3
servir,4
centrale,1
vérifié,1
dessous,2
redoutable,2
considérant,1
méchet,1
financier,1
noir,2
policiers,3
élan,3
euphorie,1
démanteler,1
respirent,1
doivent,12
lynchage,2
sanctionnés,1
prérogatives,5
monter,3
apportée,2
insuffisant,1
imiter,1
considérable,1
hérite,3
tirer,2
nuls,1
arranger,1
misérables,2
payant,1
chef,30
mondial,3
ensemble,11
2000,1
2001,2
éclairé,1
députation,3
2004,1
bourgeois,1
chez,30
fondamentaux,3
quiconque,3
résolues,1
ouvre,1
pêche,7
cher,19
obtenus,1
publics,2
jeune,5
régions,6
soutien,5
sincères,1
interdisent,1
mission,7
accueillir,1
chirac,172
informés,1
dissoudre,1
fraternellement,1
perron,2
tenir,6
communautaire,1
minable,1
séché,1
opinion,14
assurerai,1
décidées,2
manque,1
adversaire,11
marine,4
assuré,3
reconnaitre,1
exerceront,2
usine,2
alliot,1
énormément,1
bâtiment,3
élections,44
années,20
équilibrée,1
déçu,1
nazisme,1
culturelle,1
chacun,3
occupe,1
législations,1
sondage,8
leçons,8
rassembler,5
honnête,1
traiterai,2
vagues,1
remplacent,1
général,16
membre,1
protégés,1
sage,1
nécessité,2
présidente,1
témoins,1
diverses,4
convenable,1
publicité,2
étrangers,17
réfléchi,2
attendront,1
candidats,35
inconciliables,1
reçoivent,2
toucher,1
croiraient,1
innocente,1
occupait,1
premiers,5
inconnus,1
trahit,2
invité,3
trahir,1
trafics,2
mécontents,1
calomnies,2
humaines,1
récupère,3
candidate,3
inverse,5
voyons,7
gouvernants,4
prennent,4
confondre,3
illégale,2
agressons,2
manipulation,1
allègre,1
revue,1
fond,8
métiers,3
disque,2
second,4
déçues,1
engagent,2
renforcer,2
tampon,1
dissoute,1
mobilisation,1
maurice,2
contrôlé,1
anglo,1
principale,8
crée,4
désistement,2
enquêtes,1
descendait,1
taux,1
morale,12
goliath,4
poste,3
fassent,3
continuera,1
quant,2
présidents,1
grèce,3
égalité,7
citoyennes,1
peine,13
auditeurs,4
toute,40
prochain,5
noirs,2
seules,1
renforcées,1
contents,4
bureaucratie,3
mêmes,23
résultat,8
plutôt,24
enlever,1
étendus,1
intégrés,2
bouche,3
mettant,1
échelon,2
manquer,1
stratégie,2
continuer,5
opimes,1
cent,1
formait,1
jeunesse,14
votés,1
sagesse,1
amérique,6
prétextant,1
destin,1
référence,3
intéressantes,1
chine,2
xxième,1
marchands,1
espérer,1
dépouilles,1
drogue,2
instrument,2
légalement,1
protestation,1
prévoit,1
produise,2
mélanger,1
fraternité,2
pauvres,4
kilomètres,1
dangereuse,1
accompli,1
barrer,2
sentir,2
mauvaises,1
revenant,1
manipulés,2
refus,2
votait,2
convient,2
vieillissant,1
accidents,1
contrôle,5
riposter,1
écoutes,2
fournir,3
soustraire,2
militaire,5
écoutez,36
attaquées,3
triangulaire,1
comprend,1
remboursées,1
dénonçait,1
cinq,24
migrations,1
opposé,1
prémisses,1
entretien,1
déjeuner,1
telles,1
trotskystes,2
seyer,1
systématique,2
celui,47
bockel,1
exercent,1
dames,1
sans,1
quelconque,1
connu,5
finni,1
allier,1
persécution,2
minoritaires,1
affirme,5
substance,2
polonais,1
encouragés,2
totale,1
moutons,1
dufour,2
saupoudrée,1
national,93
chars,1
souhaite,14
syndicalisme,2
rare,2
euromondialiste,2
questions,3
girouette,1
consiste,4
internet,1
dépénalisation,1
délinquant,1
autres,77
demande,18
toits,2
gagnent,3
établies,1
résumer,1
dirigée,1
identité,1
vecchio,1
amnistie,2
continuent,2
forcée,2
virils,1
défendue,1
peiner,1
prenez,1
députés,3
conduira,1
abstentionnisme,1
empereurs,1
dignes,1
quinquennat,6
offensive,1
installer,1
étant,13
juin,1
intolérable,2
bayrou,2
sport,1
avait,86
éléments,8
lourde,1
intellos,1
paix,1
adaptations,1
seraient,9
apercevez,2
commercer,1
mieux,12
indépendants,4
libanisation,1
15ème,1
tract,1
milliard,4
provoque,1
intermission,1
crié,1
choisissait,1
sports,1
sondeur,1
concéder,3
incapacité,1
arrondissement,2
sera,21
heure,12
régionale,1
issu,1
cabinet,1
travailler,17
sélections,1
vastes,1
profondes,2
diaboliser,1
restés,1
importations,3
immoral,5
aurez,1
rapports,4
soldat,1
souhaitent,3
manifestants,5
consisté,2
otan,3
votaient,1
échec,3
disait,15
repérés,1
souhaité,2
générale,2
sachez,2
escroquerie,1
correspondre,1
révélées,1
admettons,1
condamnées,1
demandé,5
interprétée,1
supprimé,1
espéraient,2
importe,8
pugnace,1
couvreurs,1
rendre,22
période,7
elysée,1
commandent,1
trentenaires,1
traitements,3
mondialisme,3
appui,2
conduisent,2
débarquer,2
rectifie,1
vœux,2
européistes,3
longtemps,6
salariales,3
espagnols,1
potentielles,2
emblématique,1
collaborateurs,1
intitulé,1
session,1
auparavant,1
passionné,1
cour,7
baratin,1
mines,3
spécialiste,1
invite,1
tenues,1
clémenceau,1
décrit,1
réveil,2
apportent,2
1999,2
verts,4
couper,1
déguisé,2
absent,1
recueil,1
ligne,7
croire,13
apporté,3
féodalité,1
communiste,24
intrinsèque,1
programme,24
officiers,2
leaders,2
reportées,1
investi,2
réveillés,1
titré,2
première,22
chassons,1
rôle,15
bilan,7
réduisions,2
reposait,1
défenseur,2
mondialisation,1
dangers,1
exigée,1
véhémentement,2
proportionnelle,2
lang,1
privés,1
siège,2
richesses,9
éradiqué,1
confond,2
sachent,1
hydre,2
voiture,2
retourneront,1
salle,1
remède,1
contrôler,1
opposer,6
recul,2
embuscades,1
pédophilie,1
extrêmement,9
reprochées,1
emprunter,1
pieds,3
major,1
baskets,1
rémanences,1
dérobade,2
parti,27
moque,3
subventionner,1
sellière,2
terroriste,2
reprochés,1
feriez,1
poser,5
commis,5
casse,1
péremptoire,1
coin,1
fonctionnement,1
dictatorial,1
introduise,1
insécurité,39
mythe,1
initiateur,1
pourront,3
remis,2
obtient,5
difficultés,3
exercé,1
alentours,1
grosso,3
voudra,2
clinquant,1
vraies,1
crainte,1
constitutionnels,2
préparé,2
bruit,1
trouvait,1
traité,1
sauvera,1
détail,2
pour,22
nord,3
corps,3
casser,2
estaing,6
suffisante,1
nourriture,1
ressortez,1
rencontres,3
titre,4
savez,45
grosse,2
choqués,1
vise,3
martinez,8
cours,5
contribuer,1
respecte,1
rendront,1
titres,2
indépendant,2
foot,1
intéressant,2
consent,1
dénoncer,1
exporté,1
détenais,1
grecque,1
indépendance,32
considérais,1
marchait,1
lutteurs,1
nulle,1
tueur,2
armes,2
réuni,3
libre,11
printanières,1
fermées,1
nations,5
trois,21
accusés,1
beau,1
francophonie,1
plafonné,2
déformées,1
cassé,2
pensent,5
africain,1
préfère,2
difficiles,1
investissement,1
apportera,1
tortionnaires,1
obtuse,1
ciel,1
prend,5
légèreté,1
modifiées,1
exclusive,1
articulés,2
sait,37
poche,2
traités,4
possession,1
sais,37
contrôleurs,1
relations,3
occupent,1
préventive,1
société,9
présent,5
victoire,7
rédacteur,1
semblant,2
abandonnent,1
paieront,4
verbalement,1
traite,1
gardien,1
formules,2
forte,2
prépare,1
exagérons,1
faits,9
éplucherait,1
attend,1
plaisantez,6
exclu,1
commencée,1
scrutin,5
formalisée,1
témoignant,2
parler,13
homogénéité,1
issus,1
avis,14
félicitent,1
promettant,1
allégeait,1
adopter,1
fabriquée,2
accorde,1
grand,31
matches,1
comment,14
travaillons,1
rencontre,4
souci,1
contredisais,1
conçu,1
battrai,1
étonne,2
supporté,1
tenons,1
connait,6
connais,3
faibles,2
tiers,12
mesurerait,1
choisir,4
respecter,3
poing,1
chevalier,4
copains,2
soldats,1
cravates,1
violentes,1
porteraient,1
attristé,1
entrainés,2
apothéose,1
résultats,7
chasser,1
existence,1
rendez,1
dixième,2
mineure,1
gloire,1
avantages,2
secondaires,1
casaque,1
interchangeables,1
apocalypse,1
piègera,1
améliore,1
pourvu,1
appelait,6
investissements,1
mineurs,4
adresser,2
aime,4
refléter,1
mutuel,1
tombe,2
malheurs,1
lescure,1
monstrueux,1
consentement,1
menti,2
régionales,2
briser,1
voileux,1
abandonné,1
vont,1
juridiques,1
pages,5
dirigeant,1
appliqué,1
recopié,1
éternelle,1
secteur,1
complices,2
francophones,1
cependant,3
importer,3
oklahoma,3
conviction,2
floue,1
menottes,1
refuse,1
considérables,3
paraitre,1
loin,4
nationaliste,1
mirobolant,1
couverture,1
lois,10
message,2
commence,2
front,67
rencontré,9
diffamation,3
dispense,2
terroristes,5
accordé,2
très,1
perspective,1
dispositions,1
dramatiquement,1
exacte,1
politicienne,2
symbolique,1
emploi,4
supporte,1
amour,2
difficile,4
panurge,1
complaisance,1
concession,1
préfèrent,1
formidable,8
autorisés,1
attaques,5
attaquer,3
travailleurs,26
trouvez,1
décisions,1
dernières,6
outil,1
décadence,4
ayons,1
organisée,2
menaçante,1
arrivent,1
arvor,2
téléspectateurs,4
joue,3
aimé,1
désastreuse,2
traversé,1
agressé,1
soulèvement,1
violeurs,1
tenants,1
chose,37
impossible,2
tracts,1
organisés,1
volontariste,1
abhorre,1
quoiqu,1
mensongère,1
blair,6
mineur,1
condition,10
tombent,1
rompre,2
spécifiques,1
pourrait,15
suite,10
rentrer,1
tombé,2
survivre,1
outrageante,1
pourrai,1
dimensions,2
ayant,7
applique,2
reprendre,2
quand,20
économies,1
exercée,1
chausse,1
venu,1
confondez,6
entreprises,15
gangster,1
menées,1
question,15
décadent,1
accès,1
rester,1
émettaient,1
responsables,11
neuf,2
composantes,3
regroupement,1
prélever,2
communes,1
réunir,2
insensibles,1
terminé,1
vent,1
parait,9
adapter,1
programmes,3
privé,2
connus,1
délimitées,1
laissés,1
province,1
pêché,1
dorée,3
patrie,15
1995,4
concitoyens,4
revienne,1
remarque,1
publier,2
fureur,1
noter,2
international,3
septembre,1
secrétaire,3
purgatoire,1
arrivant,1
étonnamment,1
hystérie,4
devise,3
confiance,11
serions,4
disent,12
court,3
dommage,1
thème,2
premier,56
réel,2
arbitres,1
jeter,1
commissions,2
eloi,2
calculé,1
meetings,4
renaître,1
partagez,1
erreurs,1
nafissa,1
préalable,2
abstiennent,1
ridicules,1
circonstance,5
résidents,1
courageux,2
baissaient,1
propriété,3
vignancour,1
saurais,1
arbitrer,1
demander,5
hautes,1
baisse,5
averti,2
frappée,1
impôt,27
place,20
imposent,1
eurosceptique,1
pourrais,4
prêté,2
agite,2
couvrir,1
justifie,1
communistes,7
1970,3
saints,4
considérés,1
bout,5
bruno,5
termine,1
alain,1
cités,2
perd,1
solidarité,8
dreux,3
char,1
remplacer,4
diminution,1
éradiquer,3
boue,1
répartir,2
battu,12
pouvaient,1
sources,1
diversion,1
décomposition,2
fronde,2
trafiquants,1
carte,2
assassins,4
élus,9
comparer,2
travail,47
envoyés,1
israélien,1
slogans,2
syndicaliste,1
marginaliser,1
république,113
laisse,4
coopération,2
irons,1
stéphane,2
exécuter,4
distorsion,1
constituent,1
chanteurs,1
téléphoniques,1
genoux,1
prébende,1
distribution,1
interlocuteurs,1
position,16
déclaré,5
plafonne,2
abrazo,1
apologie,2
faiblesses,1
apporte,1
directeurs,1
moyens,19
laxisme,3
portait,2
arguments,3
viol,1
déclencher,2
ferait,6
meure,1
prêts,6
botte,1
arrivait,3
actuelles,1
moitié,3
trotskoïde,1
intervenir,1
prête,2
placé,1
quitus,2
évident,15
subalterne,1
suis,148
craignait,1
termes,1
agricole,1
légal,1
avouez,1
massive,7
retraits,1
laissé,1
bancale,1
savais,1
défenseurs,2
béret,1
hein,19
disqualifié,2
exercice,2
prudence,1
idées,8
publiques,7
confidence,1
reçois,1
tenus,1
rêver,1
républicaine,4
progressive,2
voté,6
généraux,1
trouvais,1
soucieuse,1
liste,2
bercés,1
commencent,1
lieux,4
succession,1
procédures,1
office,1
criminel,7
dictature,1
poussés,1
candidat,52
cesse,3
endiguer,2
gratis,1
choc,4
sèchement,1
borné,1
établissements,1
plusieurs,13
abstenus,3
peser,7
localisation,1
découverts,1
totalitarismes,1
joueurs,3
salut,2
nauséabondes,1
guadeloupéens,1
inondations,1
pourraient,5
constaté,1
déposés,1
gentils,1
strasbourg,2
quotidien,1
égale,3
démantelée,1
capitule,1
passé,9
israël,3
propos,2
optique,1
préfèrerais,2
souhaiteraient,1
assimilation,1
droits,4
totalitaires,2
travaillais,3
violer,1
déclaration,8
savoir,27
foncé,1
tortures,2
consentis,1
pris,13
timone,2
chante,1
affirmations,1
goulot,3
mettent,1
certes,1
prix,18
discrète,1
jean,17
prie,1
devenue,4
maisons,5
prendrai,1
affaires,14
université,1
jardin,2
troisième,5
couple,1
aile,2
soient,27
étonnante,1
appelez,1
exceptionnelle,4
emparer,1
vote,10
préparer,5
appeler,5
prison,19
discrimination,1
inconstitutionnalité,2
drapé,1
idée,5
bois,2
complémentaire,1
efface,1
liées,4
craindrais,1
travailleront,1
télécom,1
époque,2
criminalité,3
mantes,1
sales,3
propagande,3
exposé,2
réaliser,1
rétablie,1
diagnostic,9
futurs,2
domaines,7
militants,7
taxe,2
étonnant,9
condamnerais,1
constate,13
essaye,6
préoccupante,1
confiture,1
détriment,1
respectueux,1
rétablir,6
remerciement,1
personnel,4
douane,4
laïque,1
trouble,1
sachiez,1
néfastes,1
assises,1
avenue,1
additionnait,1
naturelle,1
anti,2
probablement,8
redise,2
rêvais,1
posait,1
communisme,9
pertinente,1
gestion,2
quelle,1
importait,1
champion,1
animaux,1
professais,1
villages,1
conseil,7
entrer,8
prélèvement,2
suivantes,1
midi,1
enlève,2
définitivement,1
chance,5
intendance,1
assimiler,1
sale,1
gagner,5
revêtir,1
excluais,1
artisans,2
visé,1
réélire,1
envahissent,1
récupérer,3
manuels,15
hasard,2
immunité,3
lancera,1
apporter,8
octobre,1
populations,3
prêt,7
majoritaire,4
familiale,1
découvrait,1
avions,14
fondamentale,1
pauvreté,3
fierté,2
budgets,2
urss,3
triste,2
renvoyer,1
chers,8
vivons,1
laisserai,2
halieutiques,1
rang,7
progressé,1
défiler,1
priorité,2
baissé,6
différencie,1
dénoncent,3
garçon,2
réalité,11
instrumentalise,1
retrouver,1
équipes,4
sanglante,2
rendent,8
insinuations,1
magma,1
plier,1
matignon,1
suscite,1
montre,1
métier,2
attirés,1
refait,1
religion,8
sanglants,2
failli,1
ecoutez,48
travers,7
néanmoins,2
exporte,1
passe,10
écartée,1
pont,2
ultra,1
commerciale,2
actualité,1
neufs,1
durafour,2
adieu,1
élaborée,1
publiquement,2
dass,2
alors,57
puisqu,16
déception,1
disparaissent,1
poncif,1
signatures,23
personnelles,3
prétexte,1
étrangères,2
papiers,2
réellement,2
circulation,3
pourtant,4
affirmait,1
mondiale,5
hurler,2
pans,3
susceptible,2
export,2
fatiguée,1
antisémite,3
lendemain,7
chevènement,22
solutions,4
cheval,1
habitude,7
professionnelle,3
progresse,1
égard,10
ministres,2
r2publique,1
gravissime,1
prisonniers,1
classement,1
réjouis,2
décembre,1
jacques,52
progresser,2
promis,2
pinet,1
nécessités,2
permettent,1
sûrs,1
juifs,3
offre,1
montré,2
trentaine,1
procédure,1
considéreriez,1
dossiers,1
1981,4
signifiait,1
sacrifice,1
forme,4
1987,1
précarité,1
quarante,1
beaucoup,98
soutenons,1
vendeurs,2
initiative,3
social,1
anticommuniste,1
prouve,8
commentateurs,1
silence,1
euphémismes,1
communiquées,1
seillière,5
libéral,1
préventifs,1
dépenses,11
huit,7
outragé,1
gendarmes,1
suggestives,1
assisté,1
cheftaine,1
certains,12
lucides,2
reproché,2
épreuve,1
exception,1
cohérence,1
zone,5
spécialisés,1
publie,1
serviteurs,1
rémunérations,3
monnaie,25
certaine,4
franchi,2
angélisme,1
déchirés,1
abandons,1
lumineux,1
veux,11
yeux,5
parrainages,8
sévèrement,2
carrière,3
bouchant,1
consigne,4
marquer,1
plie,1
piégeant,1
effort,5
agriculteurs,2
moratoire,2
sérieux,3
femmes,3
revanche,15
intérieures,3
désisteraient,1
librairie,1
personnellement,12
habitant,3
évêque,3
imposer,1
politiser,1
supplémentaire,5
directes,1
liberté,10
éliminés,1
cadeau,6
adversaires,12
contacts,1
tenter,1
laquelle,17
procès,3
milliards,20
pouvez,8
sauvage,1
agriculture,6
parfois,1
opposition,9
équivoque,2
piéger,2
amuse,1
plateau,1
appliquant,1
occasion,4
géographie,1
allemagne,3
cessé,3
palestinien,1
véritablement,1
prélèvements,8
connaissance,7
jolie,1
portés,3
norme,1
chiraquiens,3
gêne,3
unef,1
bulletins,1
amende,1
reconquerrais,1
compétition,4
beur,1
alimentaire,1
unes,1
valse,1
occuper,2
portée,2
socialistes,8
méfier,1
banlieusards,1
sortent,2
atteint,3
chalutier,1
balayé,1
prononcé,2
problème,69
terrain,11
risquer,1
risques,2
flux,1
employer,1
peux,17
sondages,5
délits,2
peut,4
ministresses,1
malgré,5
peur,15
invoquais,1
correctionnels,1
délinquants,4
déversé,1
consensus,1
prendrons,3
rejeté,5
minoritaire,2
inefficacement,1
proférée,1
capacité,2
malbouffe,1
menace,10
submergés,4
importé,1
précédents,1
submersion,3
principaux,2
unis,23
directe,6
événement,2
respectée,2
individuelle,1
désolait,1
submerger,1
bonnes,7
disparaitre,5
bulles,1
déposées,1
américaine,5
méfions,2
discret,1
remettre,3
face,12
alternative,1
bourgeoise,1
accepte,3
dise,1
substituer,2
signé,2
agira,1
indécent,1
voulaient,5
amputé,1
grande,20
radios,2
hauteur,1
pantins,2
agressions,1
invitants,1
riches,1
déficit,2
éliminer,3
vaste,3
leader,1
changer,7
ouvertes,3
déraisonnable,1
choisissent,2
attachement,2
amicale,1
encombrent,1
piédestal,1
plaise,2
talent,2
hostiles,1
tennis,1
régaliennes,5
pantomime,2
dilution,1
totalitaire,3
hommes,22
escroqué,1
père,5
soupçonné,1
eues,2
ainsi,11
repartir,1
mettraient,1
capitulant,1
précède,5
rompant,2
républicains,2
retraite,8
doter,1
dépend,5
méchants,1
mériterais,1
polytechnique,1
distances,1
suspecte,1
écurie,1
rapporter,2
matin,6
résume,1
importation,1
conflit,3
maladroitement,1
assommé,2
appartiendra,1
préventions,1
parcouru,1
travaillisme,1
endroit,6
landernau,1
rupture,2
semaine,4
torturé,3
entreprise,9
fonctions,14
déroulement,1
aimer,2
envers,3
innocent,1
cyrus,1
parfaite,1
relativité,1
pencher,1
bulletin,2
dissolution,1
restera,3
chaud,1
montée,5
attirées,1
diabolisé,1
algérienne,1
meurtre,1
confrère,2
vivres,1
télévisuels,1
mais,178
artisanaux,1
séparent,1
noms,1
sorte,32
drogues,4
ordre,9
télévisions,2
républicain,8
détenus,2
féminine,1
brigand,1
maîtres,3
bonaparte,1
devaient,2
sinécures,1
extraordinaire,9
gèrent,1
sortira,2
obtenir,7
modification,1
déçus,2
attire,1
propose,8
affinités,1
éviter,4
rangs,1
demandant,1
avancée,1
adolescence,1
nationalité,3
amicaux,1
intelligent,2
désengager,2
groupes,3
réincarnation,2
normal,5
légitimité,2
auditoires,1
peuvent,13
proche,7
lettre,1
tenez,3
feraient,5
ostracisme,2
pouvons,5
jouera,4
sert,1
entrepris,1
masses,2
aider,2
aides,3
liban,2
répondre,2
roumanie,1
incroyable,1
arrêtés,2
scolaire,1
succéderait,1
téléphoner,1
ralliés,2
pompidou,6
suppression,10
verra,11
opposerait,1
efforce,2
faisant,3
apparences,4
fera,8
parlais,1
colonel,1
occuperai,1
intéresse,7
charles,3
présenté,3
soutiennent,1
mène,1
infirmières,2
espérances,1
créeraient,1
waffen,2
dusse,1
censés,1
destruction,1
bœuf,1
dissidents,1
cumul,1
appareil,2
essayé,2
graves,2
interprétez,1
innocents,2
prises,1
police,14
milieu,1
analyser,1
maintenu,2
licencier,1
vitalité,1
bâtiments,1
hypothèse,8
victoires,1
violents,3
rencontrer,2
rêvé,1
grenouille,1
foutez,1
calme,3
reconfieriez,1
savait,3
diplomatie,6
courant,2
échapper,4
zidane,3
honteux,1
accorder,1
démenti,1
réfuter,4
choquant,2
allument,1
essentiellement,1
propositions,1
outrecuidance,1
passerane,1
quasi,1
curieusement,3
aiment,1
contente,1
conduits,1
aligne,1
commencer,2
vive,2
suivante,2
salops,2
délirants,1
moindre,2
constitue,5
nationale,44
collèges,1
excuserez,1
restreint,2
algériennes,1
naisse,1
dettes,2
suffirait,1
intelligente,1
effrontément,1
défends,4
dissuasive,1
impunité,6
conscience,5
défendu,1
mauvaise,1
circonscription,2
principalement,5
caution,1
viendra,1
drastiques,4
clairement,4
amis,15
contours,1
salvatrice,1
pluralité,1
présente,3
poncifs,1
libres,2
liquidation,1
vigipirate,1
deuxièmement,2
scandaleusement,1
héros,1
surcroît,1
occupation,5
poivre,2
leurs,31
filtres,2
confortablement,1
créera,1
dissolvant,1
dizaines,10
dûment,2
gauchiste,1
bilatéral,1
verrez,1
jospin,93
produire,3
création,3
remèdes,1
ridicule,2
carl,1
bénéficié,1
rêve,2
panage,2
différences,3
cara,1
commun,2
disposition,3
détermine,2
gagne,6
marxisme,1
montage,2
sorcières,1
miennes,1
outre,2
bidon,5
intérieur,11
solliciter,1
débarrassée,1
sort,4
indifférente,1
meurt,1
formulaire,2
maximum,1
selon,12
marasme,1
encore,5
matière,4
établissement,3
capables,4
indulgence,3
alliance,3
déterminée,1
fonction,5
retirer,3
chantage,2
concédant,1
délocaliser,4
volontaire,2
fermeté,1
aperçu,2
révolte,2
puisse,11
accroche,2
régionaux,1
ferais,6
déterminés,2
poli,1
attendues,3
exprimée,1
perdue,2
clair,5
mets,1
cochon,1
quitterait,1
militaires,1
suggestions,1
manipuler,1
incendiaires,1
dents,1
quitté,2
derrière,5
blocus,1
consenti,2
déséquilibrant,1
corruption,4
entière,2
cultivons,1
spirituel,1
parmi,2
poussée,2
défilés,2
regretterez,1
réputation,2
pourquoi,18
liens,1
exprimeront,2
garder,4
exact,2
touche,4
trahissant,1
lèvres,1
subventionnant,1
baudruches,1
gauche,85
donnera,3
trompe,4
gouvernerais,1
souhaitons,2
nixon,1
anarchie,4
lens,1
appel,6
globaliser,1
bénéficie,1
harcèlement,1
carlier,1
normaliser,1
excusez,3
adéquates,1
lointaines,1
envisager,1
soupçon,1
attendaient,2
interdit,1
arguer,1
dans,8
prostitution,1
surcroit,3
meilleur,5
dupe,1
public,8
présentés,1
tixier,1
médias,4
perpétuation,1
centaine,1
inutile,1
obtenu,5
bénéfique,1
candidature,7
erronée,1
réduite,1
explique,5
simple,6
rapport,10
désormais,3
solides,1
ordres,4
prouvent,1
éliminatoire,1
importante,5
suffit,11
tête,20
précipitent,1
balance,1
soirée,3
turquie,4
cuir,1
empêcherait,1
élaboré,2
puis,1
vendions,1
importants,2
fort,1
décrivais,1
portant,2
évidemment,66
délégués,2
extraits,3
explosion,4
métalos,1
vérités,1
commercions,1
pleine,3
fracture,3
visiter,1
pêcheur,1
volets,1
débarquant,1
crise,2
fuient,1
trompé,1
entièrement,1
banlieues,6
analyses,3
créancier,1
victimisation,1
portent,4
étape,3
fantaisiste,1
considèrerais,2
échanges,4
juive,1
libération,7
touchée,1
jeanne,6
historique,4
religieuses,1
provocateurs,2
censitaire,1
barre,6
défini,2
renvoie,2
visite,1
autonome,1
référer,1
sympathique,1
flatté,1
passif,1
attendu,3
surprise,5
conserveront,1
moyen,12
efforts,1
plan,6
spécial,1
répandu,1
armements,2
roms,1
invités,2
souffre,3
exceptionnel,1
néonazis,2
velléitaire,1
effrayer,2
expliqué,3
échanger,2
apprendre,1
grandissant,1
appartient,1
juridique,1
supérieur,2
