word,raw_frequency
lieu,2
sortir,3
emparer,1
organisation,1
marche,1
cache,1
raté,1
insee,2
principe,1
dynamique,1
euro,2
seize,3
spécialistes,1
voyez,5
tribunal,3
balle,1
condamnait,1
responsabilités,2
militantes,1
démontrer,1
courtois,2
convenaient,1
plateau,1
conjecture,1
encontre,1
sexuels,1
réaction,1
deuxième,6
voudrez,1
lequel,3
ailes,1
jouir,2
effet,4
essentiel,3
etats,1
clandestins,1
contremanifestations,1
retire,1
bertrand,1
vacances,1
pratiquez,1
recueillons,1
exposer,2
remplir,1
dette,1
annoncé,1
objectif,1
débouté,1
électoral,1
observateurs,2
tragiques,1
classe,2
européens,1
sorcier,1
évoqué,1
prenons,1
accorde,1
bien,72
structure,3
citoyens,3
asiatique,1
devons,1
généralement,1
ouverte,2
islam,1
élargissement,1
estimez,2
illusionniste,1
marché,2
caché,1
connu,1
étoile,1
succulent,1
cœur,2
chasseurs,1
vingt,2
belle,2
habite,1
arrêter,1
fondez,1
dénatalité,1
immigrés,9
responsable,3
désapprouve,1
manifestation,2
minier,1
fusse,1
reconnait,1
éjecté,1
venir,6
estrosi,1
devant,6
civile,1
croyez,4
suite,2
européenne,2
médaille,1
milliers,2
mots,3
jours,2
détention,1
assuré,1
extrême,1
côté,3
proverbe,1
1947,1
1940,1
appliquer,2
merci,1
semaine,1
devenu,2
raffarin,5
comporte,1
décision,1
saddam,2
sympathie,2
viennent,6
puisque,13
ayons,1
paille,1
tiers,3
monde,16
mêlez,1
inefficacité,1
trente,5
targuer,2
véritable,2
élaborer,1
train,1
nôtre,1
grâce,3
rappeler,1
gaspillé,1
secteurs,1
subir,1
adhérents,1
subit,1
dirais,5
constat,2
revêt,1
crier,3
échapper,1
réformes,1
frappe,2
législatives,1
faux,1
enfoncer,1
exemplaire,1
mégret,4
mesures,2
irakien,2
douze,1
camarades,1
rappelle,2
chômeurs,3
ponts,1
interprétons,1
expliquer,1
pratique,1
inouïe,1
choquerait,1
nombre,16
niquent,2
organisme,2
processus,2
illégal,1
risquent,1
parce,8
injustice,1
mois,11
laissant,1
nécessaires,2
injure,2
émue,1
marié,1
sacrifices,1
groupe,1
chiffres,6
enfance,1
chargé,1
déplaire,1
étrangère,1
combattre,1
faut,14
démonisation,1
justement,4
perds,1
pompes,2
disons,2
voire,5
tant,3
désignais,1
enfant,3
faussé,1
écrit,1
mette,1
président,9
indonésiens,1
quadruples,1
enterre,1
sympathisants,1
entier,1
travaillant,1
pompe,1
vivent,2
venus,1
stratégie,1
attribuant,2
éliminés,1
frappé,2
important,4
trouvons,1
explosé,1
diminuant,1
comprendre,3
marre,2
surement,1
souffrent,3
efficace,3
vietnamiens,1
pointent,1
avancé,1
populo,1
tentations,1
prochaine,2
annoncer,1
trainée,1
comité,1
cocktail,1
souhaitions,1
perceptible,1
pratiqué,1
mérites,2
année,3
témoigné,1
anti,4
opération,1
près,5
autorisera,1
capable,1
queue,1
dégager,3
distribué,1
représentés,1
long,2
bukowski,1
autour,1
terribles,1
muet,2
sensibilité,1
perte,1
faillite,1
observation,2
essentielle,2
philippe,2
pense,6
vite,1
déclin,2
considère,1
espace,1
écornez,1
quelles,1
profonde,1
enfin,7
fausse,1
sommes,5
incitation,1
escargots,1
auront,4
sièges,1
semaines,3
française,7
communication,4
sept,1
syrie,1
assassin,1
tripes,1
crochet,1
événements,3
penser,3
attaqué,1
solution,2
aimerais,1
budgétaires,1
diplomatique,4
fussent,1
jacques,6
brûlé,1
pouvait,1
conseiller,1
révolution,1
économie,3
connaissais,1
intervention,1
veuve,1
articulation,1
voudront,1
nettement,1
idéologie,2
assaillis,1
quelqu,5
phrases,1
condamné,1
aurais,2
tendre,1
entrer,2
aurait,12
orgueilleux,1
affiche,1
êtes,11
difficultés,2
cagouillard,1
industrie,1
semble,5
bureau,6
endosser,1
ressources,1
sévère,1
gendarme,1
différentes,1
faire,33
sociaux,2
aggravation,1
calais,1
compte,10
bras,1
défense,1
lève,1
choisie,1
pose,1
appétence,1
américains,3
fais,7
niveau,1
aller,8
environnement,1
marxiste,2
faveur,2
série,1
américaine,2
certainement,1
conseille,1
faute,3
regard,2
attaque,2
voyous,1
apparaitre,1
bravo,1
sauf,2
elle,8
fiscalisme,1
fleurs,2
condamnée,1
temps,10
action,2
primes,1
hussein,2
désordre,1
développement,1
employées,1
contre,5
entrée,1
dire,49
citation,1
mouvement,6
départ,1
coloniales,1
poêle,1
prenne,2
épisodes,1
correspond,2
chrétienne,1
dérisoire,1
réprobation,1
paca,3
chargera,1
acceptent,1
entendre,1
commerces,1
xxème,1
désormais,1
soutiens,1
monsieur,8
symptômes,1
négligeable,1
coincident,1
modernisation,1
prise,1
sonde,1
citoyen,3
législation,3
dures,1
salaires,2
bruts,1
liste,3
arrivée,2
afrique,1
attribuer,1
récemment,1
municipales,1
causes,4
causer,1
incapable,2
faudra,1
quelques,12
rend,2
activité,1
outragé,1
occurrence,2
écoutez,9
suivrait,1
discours,2
intellectuel,1
justifient,1
aujourd,8
crime,3
finissez,1
faudrait,3
agréable,1
brusquement,1
populations,1
millions,17
kurdes,1
toutefois,1
limitation,1
tenait,1
ennemis,1
sorties,1
terrorisme,1
harki,2
targue,2
vendu,1
disposés,1
trahison,2
dramatique,1
auriez,2
relatif,1
visaient,1
différents,1
familiale,1
occupez,1
immigrée,1
délits,2
retenu,2
château,1
resté,1
trompés,1
jeunes,5
lois,2
savent,1
référendum,1
cause,4
publique,1
hérite,1
scandaleux,2
contremanifester,1
demanderaient,1
application,1
pompidou,1
otages,2
observateur,1
socialiste,4
sondage,4
illégales,1
présidente,1
populaire,1
implique,1
empêcher,3
émerge,1
immigration,12
arnaque,1
normalement,1
entre,9
désenchantement,1
médias,3
iran,1
celui,7
prochaines,3
irak,5
retraites,1
parlait,1
volonté,5
bois,1
opposé,1
tiendrait,1
offensive,1
modeste,1
%...,1
gagnera,1
revenus,1
édification,1
répandues,1
souvient,1
indépendants,1
habitants,3
etat,2
auraient,1
modesties,1
colossaux,1
changement,3
antional,1
visas,1
seine,1
maastricht,1
gouverner,1
même,1
majorité,2
dilapidé,1
ailleurs,31
échelons,1
malheureusement,2
partagé,1
acte,1
interviews,1
écho,1
trimestre,1
député,2
reste,3
articulée,1
précisément,1
parlementaires,1
sanctionner,1
immeuble,1
presses,1
situations,1
emprunté,1
grand,2
condamnez,1
serez,1
donnent,1
surpris,2
résolu,1
régime,1
investir,1
croître,1
difficile,1
leurre,1
sécurité,4
naissance,1
mondialisation,1
disposaient,1
mentale,1
opprobre,1
sentiment,4
supplémentaires,1
soutenir,1
officiel,1
haïssable,1
officier,1
fallait,2
établissement,1
dissuasion,1
réconciliera,1
commerçants,1
naturalisation,1
désaccord,1
sortant,1
internationale,1
dignité,1
1960,1
sincèrement,1
tendance,1
conduit,1
totalitaires,1
performants,1
élections,10
escargot,1
inéligibilité,1
importance,3
optimistes,1
plongés,1
fruits,1
avoué,1
suffisait,1
après,2
rentrer,1
représentons,1
affaiblissement,1
assure,2
campagne,1
manqué,1
électorales,1
voulez,3
espèce,3
renoncé,1
cinquième,1
réservait,1
mode,1
répondent,1
divers,1
créer,1
payent,1
noir,1
policiers,1
élan,1
soumise,1
doivent,1
précise,1
interlocuteurs,2
représentante,1
vouloir,2
convictions,1
mettre,2
protestante,1
proposition,4
piteusement,1
passionne,2
centaines,1
revenir,2
social,2
chef,2
réfugié,1
ensemble,2
2000,1
2001,4
2002,2
pouvoir,8
jambes,1
chez,12
quiconque,1
graver,1
accusation,1
cher,3
osait,1
jeune,11
quartiers,1
maire,1
facile,7
prétendument,1
soutien,2
malgré,5
menace,1
accueillis,1
mené,2
chirac,13
accepte,1
mobilise,1
allant,1
autres,15
plus,56
touche,2
contraint,1
existants,1
mari,1
opinion,8
clôt,1
avez,20
hostile,1
décoré,1
petit,7
désarme,1
poussé,1
condamner,1
enfants,5
vous,26
efforce,1
années,13
électeurs,5
tromper,1
financiers,1
prises,2
évalué,1
gros,1
posaient,2
obligatoires,2
allemands,1
éteindre,1
compenser,1
sinon,1
général,7
membre,1
protégés,1
exécutés,1
invitent,4
jospin,3
nécessité,1
autant,5
témoins,2
diverses,1
convenable,1
écraser,1
étrangers,2
regarde,1
candidats,1
maman,1
celles,3
éclatante,2
bombes,1
allons,2
venant,2
faiblesse,1
substitution,1
maintenir,1
rapatriement,1
calomnies,2
disant,2
région,3
fondamentalement,1
inverse,1
gouvernants,1
tiennent,1
note,2
fond,1
opinions,1
langage,2
communicant,1
reproche,3
doux,1
brillante,1
agriculture,1
tout,5
pourront,1
tour,6
anglo,1
principale,3
aimons,1
communisation,1
avril,3
noire,1
fondamental,1
morale,7
pratiquement,3
poste,2
union,2
inciter,1
prendra,1
bilans,1
invective,1
égalité,1
politique,34
peine,5
racheté,1
toute,10
vais,7
noirs,1
composition,1
pseudo,1
mêmes,7
manifestations,3
résultat,1
pays,32
votée,1
perdu,1
vers,3
adversité,1
fleur,1
bouche,2
jambe,1
attaché,1
front,37
officielle,2
florès,1
cent,1
illégalement,1
votent,1
publiquement,1
jeunesse,1
parentale,1
noté,3
excusaient,1
amérique,2
racisme,5
pouvoirs,2
chine,1
mépris,1
véritablement,1
pakistanais,1
prévoir,2
novembre,2
gouvernent,1
forcément,1
sentis,1
applique,1
comptes,1
mauvaises,2
pour,4
objet,1
base,1
régler,2
autorité,2
symbole,1
shiites,2
essaieront,1
déclinés,1
fournir,1
marie,4
point,5
militaire,3
contraire,3
conforme,4
petites,2
cinq,4
absolument,6
effrayant,1
fortement,1
pourquoi,4
politico,2
sociale,3
pourtant,1
impôts,1
qualifiez,1
kamikazés,1
essentielles,1
budgétaire,1
perspective,1
persécution,1
voulons,1
rediscussion,1
identiques,2
impression,4
polonais,1
maîtriser,1
totale,2
ayez,1
prévisions,1
astuces,1
celle,9
souhaite,3
juif,1
rare,2
questions,2
accord,4
garde,2
médiatique,3
vôtres,1
bruit,1
lire,1
demande,7
supprime,1
membres,1
défendus,1
juges,1
mort,7
jupe,1
ouvriers,1
notant,1
empereur,1
prévu,2
peines,2
présidentielle,3
plumes,1
battant,1
genre,2
prouver,1
perseverare,1
avais,6
avait,31
éléments,2
route,1
crimes,4
inexpliquée,1
pétrolières,1
refilé,1
ceci,1
seriez,1
chrétiennes,1
bombe,2
insurrectionnel,1
illégaux,1
européen,2
milliard,1
invitant,1
théâtralement,1
conseillers,1
soulagés,1
heure,3
précis,3
rendent,1
décennies,1
travailler,3
réformettes,1
affinité,1
verrait,1
chômage,5
rues,1
votre,3
voudrais,2
exécutif,2
souhaitent,2
rendus,1
services,2
disait,4
recommençait,1
apparait,1
correct,1
sachez,1
sienne,1
turcs,2
demandé,1
militant,1
supprimé,1
serons,3
saviez,1
trahi,1
crainte,1
rendra,1
logement,1
insupporte,1
informé,1
appartement,2
déroule,1
longtemps,2
continent,1
fantastique,1
pourra,1
génération,1
ramener,1
leviers,2
sorti,1
familial,1
allégés,1
cour,4
sorte,11
débarrasser,1
paris,3
adversaire,2
démagogique,1
clémenceau,1
tâche,1
tolérance,1
annonçaient,1
mieux,7
couper,1
aboutir,2
navrant,1
pédagogique,1
garder,2
complicité,2
communiste,5
électrices,1
programme,7
cadavres,1
russie,1
théorie,1
première,8
vraiment,2
rôle,1
aura,1
petite,4
permettez,4
autorisé,1
jetée,1
vivra,1
exprimer,1
trouve,6
fiscalité,1
lang,1
privés,1
départemental,1
joueront,1
petits,4
moyenne,1
évolué,1
allemagne,1
sachent,1
constater,1
nucléaire,1
conséquences,3
rares,1
semblant,1
divisé,1
dois,4
extrêmement,2
actuelle,1
opposez,1
pieds,1
musulman,1
inclus,1
parti,3
posez,1
nous,3
invectivé,1
ajoute,2
commis,1
nuisible,1
limite,1
réussi,2
semblent,1
parfaitement,2
attitude,3
combien,3
participer,1
sondent,1
famille,3
argent,2
antenne,1
suivies,1
raisons,3
fortunés,1
europe,20
carence,1
peuples,1
émeutes,1
appellent,1
faisais,1
permis,1
réussir,1
sens,2
provisions,2
empêché,2
dernière,1
officiers,1
relation,1
économisés,1
traité,2
raison,2
nord,1
citations,1
publiés,1
pourcentages,1
rencontrer,1
orwell,1
titre,1
savez,20
émettons,1
martinez,1
disent,3
impotents,1
reportage,2
trouvé,3
brûlait,1
moitié,1
mathusalem,1
intéressant,1
pardon,4
villes,2
concerne,1
indépendance,1
surcroît,1
modifiée,1
adopté,1
dispose,1
possibilités,1
malheureux,1
mandats,1
évidemment,13
étrangères,1
esprit,1
trois,7
trouvaient,1
sûrement,4
aspirantes,2
fils,1
arbitre,1
central,1
attribue,1
aurions,2
pensent,3
esprits,1
dont,15
rigoureusement,1
judiciairo,1
prend,3
pakistan,1
jeter,1
sait,6
décembre,2
traités,1
coram,1
ulcérée,1
sais,4
citer,3
gouvernementaux,1
société,1
citez,1
indicible,1
déficits,2
raciste,3
formules,3
présenter,1
considèrent,1
représentative,1
contexte,4
faits,4
tours,1
téléphone,1
scrutin,1
seront,2
sèchement,1
parler,5
appliquent,1
elles,1
allait,1
avis,3
parlez,4
chassé,3
prétendons,1
bonne,3
extrayez,1
inéligible,2
dégradation,1
mazerolle,1
justice,1
souci,1
importe,2
tombée,1
cornes,1
successeur,2
34ème,1
produire,1
attachent,1
connais,1
insulte,1
expansion,1
création,1
insuffisants,1
respecter,1
réels,1
nombreuses,1
exactement,4
guerre,5
préférence,2
pendre,1
problèmes,11
incurables,1
chasser,2
comportementaux,1
élection,3
avantages,2
chassez,1
augmenté,1
pourvu,1
réussissent,2
propres,1
connaitre,1
tombe,1
mirobolantes,1
totalement,1
régionales,1
avortement,3
province,1
sorman,1
églises,1
indous,1
cependant,1
entrent,1
chèques,1
triste,1
venu,1
toulon,1
aide,1
ferme,1
loin,4
remettez,1
cessent,1
possible,4
commencer,1
transformé,1
abandonnés,2
rarement,1
limité,1
pire,2
provisoirement,1
planning,1
accordé,1
morituri,1
besoin,9
remonter,2
appellerais,1
gagnons,1
femme,4
culpa,2
échelle,1
quatre,4
buffet,2
balançant,1
personnage,1
devrions,1
conduire,1
inexplicable,1
décline,2
partir,3
partis,3
travailleurs,3
vécue,1
succombe,1
présentation,1
grave,1
darmon,2
brulante,1
organisée,1
librement,1
corse,3
allemande,1
attendez,1
mien,2
aimé,1
composé,1
réforme,3
avocat,5
chose,6
peulvast,1
impossible,1
gazettes,1
illégale,2
résoudre,2
chinois,2
condition,1
tombent,1
pantalon,1
répondu,1
plaint,1
gouvernement,19
reproches,1
reprocher,3
réponds,1
ayant,4
plein,3
exploiter,1
quand,4
demander,1
bonsoir,4
tenu,7
brahim,1
entreprises,1
user,1
durable,1
laissez,2
cela,2
accès,1
majoritaires,2
rester,1
responsables,1
laisser,2
neuf,1
promesses,1
plaire,1
certain,18
échec,3
accorderez,1
marchandise,2
jeté,2
privé,1
adresse,1
islamistes,2
responsabilité,3
contention,1
apporté,1
concitoyens,1
jazy,1
monopolisés,1
actuellement,3
restauration,1
septembre,1
secrétaire,1
visa,1
arrivant,1
réquisitoire,1
assassiné,2
devise,1
confiance,1
arriver,3
français,41
dommage,1
premier,6
ciel,1
clore,1
cesser,1
cage,1
prospérité,1
seconde,1
enclenchée,1
manquent,1
commentaire,1
défi,2
filmé,1
capables,1
continué,1
élément,1
courageux,1
rennes,1
interdis,1
surtout,4
bref,1
heurter,1
élimine,2
interdit,1
jaillit,1
interlocuteur,1
désignera,1
commission,1
sunnites,1
impôt,5
place,4
imposent,1
égaré,1
pourrait,3
cachés,1
honneur,2
exprimés,1
1970,1
unanimité,3
appareils,1
françaises,3
tuer,1
personnellement,4
naissent,1
apte,1
répète,1
vaincu,2
exprimée,1
demandez,2
écoles,1
battu,1
pouvaient,1
fabuleux,1
secrètent,1
avance,3
utiliser,1
slabolepszy,1
pensée,3
travail,3
interprétation,1
exprimé,2
principes,2
précédentes,2
dites,4
république,5
pourraient,2
collègues,1
pompée,1
élue,1
constituent,1
inscrit,1
aperçu,1
démarche,1
conséquent,18
interrogés,1
étudier,1
position,3
juridiction,1
déclaré,1
delanoë,3
juge,3
moyens,3
prêt,1
dépendra,1
reins,1
éliminé,1
aspirante,1
ferais,3
mémoire,1
depuis,1
continue,4
servirait,1
mortel,1
morceaux,1
laquelle,2
placé,1
optimiste,1
évident,5
élus,4
suis,29
chaque,1
posés,2
massive,1
accordées,1
panache,1
tenue,1
suspension,1
savait,1
développe,1
milliards,7
compare,1
idées,1
électorale,3
territoire,1
origine,1
réglé,1
tenus,1
judiciaires,1
national,33
définition,1
dialectique,1
capacité,2
mérite,5
progressive,1
voté,1
habitent,1
œuvre,1
cité,2
désindustrialisation,1
mets,2
commencent,1
objectivement,1
secours,1
trouvent,3
dictature,1
hôpital,1
candidat,5
limités,1
dossier,1
autorise,1
difficulté,1
légitimes,1
permettrais,1
triples,1
intervenir,2
bout,2
cautères,1
approuver,1
laisse,1
statutairement,1
concrètement,1
réduire,1
approuvez,2
équilibre,1
dégâts,1
malveillant,1
nationaux,2
bavrez,1
drapeau,2
gollnisch,4
optique,1
incident,1
célibataire,1
simplement,4
cris,1
incidents,1
droits,1
auquel,1
fonction,1
régionaux,2
savoir,6
parlant,1
vivant,1
devenus,1
pris,1
gauche,11
espère,9
poitou,1
hypothèses,1
certes,1
raccrocher,1
jean,4
griefs,1
arrive,4
comprennent,2
remportés,1
affaires,1
infaisable,1
préoccupants,1
troisième,1
abominable,1
soient,4
présidence,1
élevé,2
affaire,5
écrire,1
sentent,2
reparlerons,1
prison,2
siège,1
dépassée,1
idée,1
pardonner,1
corde,1
crié,1
quinze,2
époque,2
ennui,1
mantes,1
propagande,2
minutes,1
bilger,2
réaliser,1
exemple,11
vient,2
adultérée,1
tourne,1
punie,1
étonnant,1
terrorisée,1
constate,4
essaye,4
vivre,2
paraitre,1
détriment,1
piégée,1
terrains,1
mère,2
stèle,2
appelle,2
conseils,1
tiens,3
paraitra,1
sang,1
tient,2
rhétorique,1
anormal,1
doute,5
station,1
exploser,1
probablement,3
heurterez,1
partager,1
diabolicum,1
cagouilles,1
subjectivement,1
militante,1
phrase,2
conseil,1
pareil,1
affection,1
putsch,1
passé,3
antennes,1
mauvais,1
heures,2
midi,1
règne,1
chance,2
soviétique,2
sujets,7
criais,2
phénomènes,1
langes,1
indicibles,1
retourne,1
ministère,4
doubles,1
sortez,2
manuels,2
accident,2
prudent,1
marshall,1
soit,15
sois,1
soir,3
majoritaire,1
rafale,1
humain,1
avions,1
valoir,1
apaches,1
gouvernements,3
détersif,1
crois,31
vivons,1
excuse,2
lepénisation,1
collectif,1
revaloriser,1
1991,1
réalité,6
botter,1
rien,10
vice,1
ramené,1
choses,6
arrière,1
approbation,1
constitution,1
sarkozy,10
tourner,1
montre,1
contrebande,1
classes,1
failli,1
ecoutez,5
travers,1
cruel,1
hexagone,1
passe,2
question,6
mandat,3
levier,1
rentre,1
revient,1
migratoire,1
alors,6
puisqu,6
résultats,1
siens,1
circonstances,2
travaille,1
sondeurs,1
personnelles,1
prétexte,1
perçoit,1
approuvaient,1
rmistes,1
injustes,1
démonstration,1
universel,1
mondiale,1
aurez,1
plusieurs,2
ordonner,1
avaient,2
peuple,3
bouarram,2
complot,1
système,3
échappé,1
habitude,1
professionnelle,1
égard,5
penchait,2
prisonniers,1
démocratique,3
rebours,1
importaient,1
paras,1
considérée,1
trouille,1
permettent,3
montré,1
pacte,1
représentant,1
concrète,1
dossiers,2
1983,1
1984,2
forme,3
catégorie,3
quarante,1
beaucoup,25
allusion,2
qualités,3
priver,1
instance,2
avons,8
prouve,2
retrouve,2
apercevraient,1
quelque,12
huit,6
bruxelles,2
partout,1
pensez,4
assisté,3
assez,7
scission,1
civisme,1
patronat,1
chiffre,4
pression,1
imposer,1
porte,2
monnaie,1
certaine,1
style,1
porté,1
particulièrement,4
substance,1
dirigeants,1
partant,1
veut,6
métal,1
écart,2
reconnaissent,1
somme,4
agriculteurs,1
insultés,1
intervient,1
femmes,5
insécurité,7
lesquels,2
ouest,1
demain,1
sauront,1
supplémentaire,2
maxima,1
liberté,4
gens,29
précises,1
branches,1
retenir,1
quoiqu,1
adversaires,8
précautions,1
prétendu,1
procès,1
dernier,1
toujours,9
pouvez,1
remis,1
consultation,1
opposition,3
mitterrand,1
piéger,1
occasion,3
identités,1
relativement,1
cessé,2
obtenu,2
contribue,2
respecte,1
prélèvements,2
jolie,1
code,2
fréminet,1
presque,2
délinquants,1
dieu,5
apprendre,1
dires,1
donnant,1
efforçant,1
unes,2
contradictions,1
arrivé,3
socialistes,2
immigrants,1
soixante,1
sortent,1
rentrent,1
obélix,1
paru,1
problème,6
verbaux,1
terrain,2
officiels,1
devient,1
changé,1
cœurs,1
employer,1
berlin,1
peux,8
sondages,3
commencement,1
ipsos,1
strictement,4
unique,2
antinomique,1
agressés,1
retard,1
voitures,2
prendre,5
pourrez,1
diminuer,1
actions,1
voiture,2
compromis,2
nation,3
charge,1
adhérentes,1
excellez,1
approuve,1
dispersion,1
convaincu,1
éteint,1
bruno,4
grands,3
marine,8
rapport,6
détenu,1
dure,2
jamais,8
alternative,3
anormale,1
succès,5
diminue,1
substituer,1
déjà,6
marins,1
solidaire,1
répression,1
grande,7
cesse,2
direct,1
agressions,2
déficit,2
foyer,1
éliminer,2
politiques,7
capitulés,1
changer,1
directe,1
méthode,1
passera,2
talent,3
dérapages,3
parlé,3
intéressent,2
individuelle,1
tête,4
européennes,2
prospérer,1
congrès,4
acceptation,1
hommes,2
succession,1
donne,2
libéraux,1
armée,2
lance,1
serais,2
serait,11
eglise,2
protectorat,1
jusqu,7
derrière,2
médicales,1
donnez,2
turquie,1
méchantes,1
canicule,1
ubiquité,1
1928,1
sans,1
résistance,1
commandé,1
obsession,1
interdise,1
autorisent,1
dépendait,2
entretenue,1
souvent,4
compatriotes,6
propriétés,1
toutes,3
débats,2
parcours,1
biologique,2
déclarations,1
langues,1
formation,2
décidées,1
arraché,1
marocain,1
redéveloppement,1
manque,2
regrette,1
finances,1
france,28
valeurs,1
double,1
héroïque,1
histoires,1
suffrage,1
indignation,4
option,1
occupé,1
chercher,1
venez,2
mais,41
autoritaires,1
existe,1
auxquels,1
ordre,3
télévisions,1
républicain,1
parle,2
présidentielles,2
écrasants,1
fier,1
tiré,1
obligés,1
avantage,1
cérémonie,2
donné,3
propose,1
certaines,2
détestable,1
nationalité,3
allez,1
épargne,1
joue,1
leçon,1
illusion,3
heureux,2
atteignons,1
proche,2
lettre,1
tenez,1
commande,1
déboucher,1
ostracisme,2
harvard,1
duprat,2
obéissance,1
aider,2
négatif,1
répondre,2
arrêtés,1
victimes,1
voix,8
contentés,1
voit,4
différence,5
suppression,1
revenu,2
banlieues,3
vois,5
faisant,2
oppositions,2
fera,1
charentes,1
asphyxie,1
combat,1
intéresse,1
maghrébins,1
unis,1
posent,2
conformer,1
réponses,1
analyses,1
minorisées,1
rendu,1
criminels,3
démocrate,1
américain,1
pouvais,1
mesure,8
graves,1
prendront,1
chasse,2
police,2
chevallier,2
courage,2
chacun,4
suicidaire,1
constitutionnel,1
pensé,1
augmentation,1
lesquelles,6
excluant,1
économique,1
complet,1
taux,3
armement,1
battus,2
courant,3
exposé,1
délit,1
essayer,2
anglaise,1
demi,4
procureur,2
admiratif,1
commencé,1
actualité,1
août,4
immorales,1
nuée,1
lynché,1
préférons,1
suivez,1
école,2
constitue,1
nationale,6
échelon,1
ronde,1
londres,1
sera,5
clou,1
étiez,1
journalistes,3
escroquerie,1
définie,1
acquis,1
autrement,6
prévalait,1
mauvaise,2
reconnaître,1
service,1
formule,1
parias,1
élever,1
clairement,2
respect,1
perletto,1
plutôt,3
parlement,3
militairement,1
analysé,1
divergentes,1
mentalité,1
règle,2
répond,1
traditionnelle,1
expulser,1
judiciaire,2
façon,4
salutant,1
démontré,1
fenêtre,1
disparaitraient,1
leurs,10
education,1
goût,1
prononcé,1
dénigrement,1
carl,1
agit,2
agir,3
rêve,1
formes,2
homme,10
regardé,1
inexpulsables,1
livre,2
trouver,2
lucidité,1
directement,1
formidable,2
intérieur,6
paralysée,1
sort,1
classement,1
franchement,1
selon,1
proposé,2
encore,2
donc,1
image,2
violences,1
erreurs,1
indulgence,2
période,1
tiendraient,1
personnelle,1
constitué,1
satisfaits,1
abord,6
légale,1
reconnu,1
hôtel,1
serai,2
puisse,2
domaine,4
arrivait,1
parents,3
abandonnons,1
finir,2
clair,3
condamnés,1
filles,2
morts,5
vérité,2
fondateur,1
détruites,1
tend,1
involontairement,1
corruption,2
mise,2
reconnaitre,1
morte,1
plait,2
servi,1
habitudes,1
autrefois,1
tentative,1
frontières,2
planète,1
vietnam,1
démocratie,2
emporter,2
exact,2
pendant,6
mondialiste,1
apercevrez,1
touchés,1
attraper,1
précaution,1
trompe,1
obsolète,1
ainsi,2
anarchie,1
appel,4
fortune,1
tenté,2
proposer,1
histoire,1
entendu,1
envoyé,1
tergiverse,1
détrompez,2
machine,1
hélas,3
dans,2
efficaces,1
secrètement,1
barrage,1
situation,7
propre,2
intermittent,1
physiques,1
estimé,1
quoique,1
planétaire,1
arrivions,1
osaient,1
abriter,1
resservir,1
cités,1
moment,14
avocats,1
représentation,1
nommée,1
hypothèse,1
voilà,5
confient,1
étais,4
manifester,2
francs,1
suffit,2
offert,1
était,29
soirée,1
critiques,1
arrête,1
dépend,3
profondément,1
fille,1
meurtrier,1
regression,1
meurtre,1
fort,1
instant,3
ministre,15
nouvel,1
quitte,1
précisé,1
libertés,1
assemblée,4
démocratiquement,2
crise,3
améliorations,1
cadre,5
trompé,1
vagissais,1
sourire,1
analyser,1
conscience,2
portent,1
amis,3
milieu,1
empruntés,1
concurrents,3
absence,1
douzaine,1
dizaines,4
algérie,1
lancer,1
permettre,2
incompétent,1
conserverai,1
barre,1
sottise,1
visite,1
matérialisée,1
lumière,1
parmi,1
sympathique,1
travailleur,2
personne,1
surprise,2
irakiens,1
moyen,2
réfère,1
profession,1
débat,3
zones,2
invités,1
preuve,3
duhamel,3
estime,1
censeurs,2
mérité,1
particulier,3
filiation,1
frappés,1
arbre,1
incursions,1
supérieur,2
