word,raw_frequency
amener,3
grossit,1
soumission,2
grossir,1
conquerront,1
marche,4
cache,1
raté,2
prétendent,2
complémentaire,4
présidentielle,6
euro,4
fiscaux,2
qualité,8
qualificative,1
croyez,1
parlementaire,3
attaches,1
rives,1
réussite,1
tour,14
vendue,1
redistribuer,1
approchent,1
annoncé,3
rassure,1
obtenues,1
lequel,4
honoré,1
chefs,1
déséquilibres,1
choisi,2
choque,2
progression,3
etats,7
clandestins,1
embarquée,1
pérouse,2
bonnes,3
vingt,1
abordé,1
corde,1
rapprocher,1
concourt,1
contrat,1
preuves,5
idéaux,1
restera,1
quinzaine,1
triplement,1
urgence,2
allusion,1
difficultés,8
remords,1
classe,4
résout,1
religieuse,3
tolérer,1
cochet,1
convoi,1
imprudemment,1
devons,4
manger,1
généralement,10
figure,3
raisonnement,1
exerce,2
culture,2
travaux,3
finesse,1
contrôlera,1
orléans,2
nationales,3
caché,1
pressentiment,1
municipal,1
étoile,1
menteur,1
épuisante,1
immanente,1
belle,1
apprend,2
arrêter,2
gamme,1
fixer,1
boomerang,3
révolutionner,1
exercer,1
domicilié,1
obéit,1
sonner,1
allaient,2
pénitentiaire,1
découvrir,1
venir,5
électorales,4
maître,1
devant,7
grilles,1
fneca,1
exemple,18
25ans,1
rassuré,2
milliers,2
jours,6
plaindre,1
mélange,1
casquette,1
extrême,1
salon,1
aucune,10
1944,1
roses,2
1940,1
règlement,2
1942,1
avaler,1
merci,4
délivre,1
devenu,2
saddam,2
bienveillante,1
ganelon,1
puisque,29
entendant,1
bonnet,2
restaurer,1
accordée,1
monde,55
courageuses,1
trouvions,1
toute,21
rapidement,2
taxe,1
officielle,2
train,5
elysée,1
sauter,1
rappeler,2
produit,3
trait,1
culturellement,1
dirait,2
arracher,1
dirais,4
talon,1
tandis,1
pitié,1
engage,2
méritait,1
frappe,2
pseudo,2
évolution,3
flagrante,1
apercevront,1
réglementairement,1
tolérable,1
soigneusement,1
communautés,1
détriment,1
irakien,1
lorsque,8
imprégnés,1
béart,1
proportionnel,1
camarades,2
loué,1
dépassé,1
invitation,1
messieurs,1
panique,1
pays,44
rivalités,1
porions,1
balayé,1
participer,3
mois,10
agissait,2
travaille,1
arrivé,1
embranchement,1
groupe,5
successives,1
frappaient,1
comptable,1
allongeait,1
xénophobie,1
lozère,1
exorbitant,1
adversité,2
patati,1
pensé,2
implantation,1
parisienne,5
silence,1
veuille,4
concurrence,3
assaut,3
retenons,1
suffisant,2
écrit,1
plaine,1
libéralisme,1
président,17
électeur,1
impression,1
cuisse,1
réforme,11
plaint,2
venus,5
ferme,2
continuer,3
flambeau,1
engagé,5
comprendre,1
paradis,1
1200,2
répartition,1
oblige,1
signale,5
fractures,1
élèves,2
emporte,1
collègues,1
comme,10
convenaient,1
viaducs,1
héroïque,1
organisé,1
statut,1
aggravante,1
geôles,1
abstenant,1
préférât,1
capable,1
sanction,2
générique,1
représentés,3
violence,4
promènent,1
cultivées,1
balayés,1
perte,3
faillite,5
seuls,2
institutionnalisé,1
amies,1
philippe,1
dauphin,2
échecs,1
déclic,2
exhorter,1
déclin,1
rabatteurs,1
nouveau,1
production,1
algériens,1
mettaient,2
logo,2
enfin,16
fausse,1
jouvenceaux,1
menacée,1
circonvenu,1
française,23
code,3
physique,3
incivilité,1
battu,6
enlevez,1
pensez,2
souhaitais,1
appelé,1
servent,3
inscription,1
demanderai,2
bandés,1
moisis,1
penser,3
croyance,1
gagné,3
exclusivement,3
conserver,1
accueilli,2
épargner,2
économie,9
voitures,1
dette,4
financement,1
aînée,1
voisin,1
nuire,1
courants,2
quelqu,3
condamné,1
gilles,1
aurais,7
formations,3
unisse,1
aurait,10
spécialement,2
alternativement,1
niveaux,1
préféré,3
techniques,2
grave,4
inattendu,1
semble,10
recrutements,1
famines,1
passé,5
imprimeur,1
bureau,12
combat,1
devrais,2
gasperi,1
faire,69
persécutions,1
compte,12
défense,8
attendre,1
créneau,1
chargés,1
bedford,1
parias,2
militants,2
niveau,7
supprimer,2
rome,4
express,1
répulsion,1
extrémistes,1
sociales,8
euromondialisme,1
chance,11
maudits,2
puissant,1
interdirait,1
condamnés,3
naguère,1
campagnes,2
déclaré,1
prenons,2
pèserait,1
technologique,1
fêtons,2
sauf,5
profitant,1
fiscalisme,1
condamnée,1
boostée,1
action,5
mamère,2
développement,5
contre,34
entrée,3
opposons,1
castellane,1
trahissent,1
océans,1
départ,3
puissions,1
troupes,2
imprégné,1
condamne,1
iniquité,1
entrés,2
gâteau,3
dérisoire,2
paca,20
chassés,2
bendit,1
préférer,3
désormais,5
incarne,2
cotisations,2
jugement,2
emblématiques,1
défilé,1
pupille,1
sollicité,1
circonlocutions,1
honorer,1
collectivité,2
réalisation,1
délires,1
contestée,1
honorable,1
citoyen,2
réalités,1
berlines,1
perçu,1
sociologues,1
autorisation,1
correspondent,2
liste,22
arrivée,6
bonnets,2
perdez,1
voulait,4
alpes,3
suppressions,1
coins,1
affronter,3
faisaient,2
municipales,1
interdire,1
faudra,4
usines,2
quelques,30
indispensable,1
déferlante,1
répare,1
servitude,1
estimez,1
bande,1
nage,1
marché,5
conteste,2
discours,1
coûteuse,1
catastrophiques,2
tenait,1
essentiels,1
martin,1
sorciers,1
soir,5
terrorisme,5
modéré,5
constatation,2
majoritaire,2
taille,1
organiser,5
élaboré,2
relatif,2
offrant,1
phénomènes,1
guère,1
perruque,1
compatible,1
promets,2
trompés,3
jeunes,18
piété,1
écrasant,3
jeudi,1
publique,5
anationaux,1
pénale,1
désertifier,1
identité,2
prévenir,1
verte,1
otages,6
délégations,1
sondage,1
héritage,3
populaire,2
mendier,1
empêcher,6
geste,2
vertigineux,2
impôts,6
entre,13
planétisent,1
triste,1
vides,1
lemarc,2
retour,3
celui,19
gouvernent,2
opération,3
mètres,1
bois,1
lieu,2
décennie,1
démontrerait,1
valoriser,1
pierres,2
étudiées,1
souhaiter,1
bricolage,1
zappatero,1
évoquez,1
targué,1
européen,8
etat,11
farinae,1
changement,2
budgétaire,2
magistrats,5
essayant,1
obéissent,2
réciproquement,1
gogos,1
trimestre,1
majorité,7
dommages,1
légitime,2
conseiller,4
malheureusement,9
feront,1
houdin,1
acte,4
irruption,2
ferons,2
grosse,2
bompard,1
titres,1
radicalement,1
continu,1
trappes,1
content,1
printemps,1
immeuble,1
hostiles,1
défis,1
agitée,1
circulaire,2
maréchal,1
exceptionnels,1
donnent,3
armées,1
allié,2
semaines,2
devraient,1
sécurité,12
polonais,1
disposaient,1
hémerdingé,1
estimons,1
considéré,1
décisive,2
supplémentaires,2
trouveront,1
totale,1
gazza,1
scène,1
défendre,9
insertion,1
injuste,1
nairobi,1
naturalisation,2
honnêtes,1
internationale,2
dépôt,1
repartons,1
dignité,2
politico,1
delphes,1
géographique,1
durant,1
courte,1
meilleurs,2
conséquence,4
européenne,21
rendent,3
puni,1
compréhensible,1
wanadoo,1
importance,2
rigueur,2
dépouillent,1
enthousiasme,2
connaissent,3
trouveraient,1
travaillent,1
rouge,1
redevient,1
bombardés,1
voulez,5
organisations,1
fondement,1
portera,1
islamique,2
engagement,1
réputé,1
vendredi,1
horreur,1
menée,5
galopante,1
montesquieu,1
audit,2
fondamentale,4
emprunte,1
sanctions,2
voyez,4
vouloir,2
colonisés,1
mettre,5
proximité,3
régional,14
proportion,2
berger,1
epargne,1
centaines,4
sûrs,1
passait,2
richemont,1
médiatique,3
banque,1
dévaluations,1
shanghai,1
évité,1
remue,1
appliquent,2
dessein,1
pouvoir,26
majoration,1
suffi,1
même,2
démissionner,1
libérale,1
proprement,1
leader,2
maire,1
prétendument,1
malgré,4
souvenir,1
mené,2
accepte,1
changements,1
docteur,1
autres,42
plus,145
travers,1
courir,1
infâme,3
appuyer,1
avez,12
brésil,1
demeurant,1
table,1
productivité,1
immoralisés,1
culturelles,1
électricité,2
copropriété,1
étranger,1
programmée,1
remercie,1
héroïsme,1
vous,18
trous,1
caracole,1
électeurs,24
financiers,3
militez,1
fisc,1
européisme,2
repères,1
démographique,3
chances,1
esprit,2
pensons,5
contentieuse,2
pont,2
sinon,4
fatras,1
amènent,2
normale,1
jospin,3
homme,5
gagne,3
occupaient,1
1429,1
activement,1
embauché,1
viennent,7
bombes,1
allons,12
venant,1
substitution,1
écot,1
maintenir,1
éblouissante,1
excellente,1
région,38
fondamentalement,1
récentes,1
comptons,2
score,2
pressions,1
succédés,2
déclare,1
bide,1
orbites,1
reproche,2
tout,12
intégré,1
lycéens,1
ironisait,2
marges,3
disaient,1
abandonner,1
avril,3
verticalement,1
attendais,2
bons,1
union,7
ultime,1
regret,2
confondons,1
politique,82
raffarin,13
vais,14
unit,1
faux,6
absorberons,1
manifestations,7
unir,1
unis,5
perdu,4
éloigné,1
faut,45
affranchir,1
paye,2
concédé,2
attaché,1
front,91
antan,1
illégalement,1
votent,4
planétarisée,1
mérites,1
vannes,1
embauche,1
précipice,1
pouvoirs,1
prétexte,1
accordés,1
frais,2
bouches,1
boucher,1
chéquiers,1
pleuré,1
oxygéner,1
malhonnêteté,1
neutralité,3
forcément,1
votant,2
unedr,1
comptes,1
compter,1
fronts,1
base,4
distance,1
autorité,3
coups,2
passées,2
repose,1
proposons,4
athéniens,1
remplissais,1
haine,2
essaierons,1
gageons,1
bûcher,3
contraire,7
josé,1
document,3
conrart,1
petites,5
approuvé,1
erronées,1
absolument,7
socialo,11
retenu,1
pourquoi,3
holeindre,1
sociale,21
normalement,1
essentielles,1
sport,1
apprentissage,3
tensions,2
prudents,1
1951,1
1957,1
1956,1
allés,1
apprentis,1
anglais,7
italien,1
celle,11
défendra,1
remarquable,3
caserio,1
annonçait,1
toléré,1
crier,1
garde,3
meilleure,1
réels,1
fiscal,1
amplification,1
suffisamment,4
anthony,1
réformer,1
masquant,1
stupide,1
régler,3
hulot,1
jason,1
carcérale,1
terroristes,1
ouvriers,2
involontaire,1
empoisonné,1
sympathie,1
erreur,9
éducation,4
prévu,1
délibérément,3
électoraux,1
constituer,1
près,12
paraît,2
intention,4
ristournes,1
peuple,11
genre,3
siffler,1
prouver,1
régression,2
jurer,1
trempée,1
détourné,1
route,5
passeur,1
éminemment,1
multiplient,2
vaucouleurs,1
kadhafi,1
calcul,2
fabriquent,1
licite,1
servante,1
cadeaux,2
1886,1
quoi,1
prestations,3
complot,3
croyant,1
atteinte,1
reconstruire,1
désaffection,1
décennies,6
loubards,1
mégret,5
chômage,14
votre,1
exécution,1
syndicat,5
commémoration,1
marches,1
marcher,1
souliers,1
services,7
émission,1
voués,1
rubrique,1
villes,2
hésite,1
obligé,1
contraint,2
muselier,7
prétention,2
turcs,1
manifestées,1
militant,1
seront,5
serons,2
éternité,1
sras,1
établissement,2
sévèrement,3
correspondre,1
naturel,1
virtuelle,1
apporter,1
prévues,1
pousser,1
réalisme,1
assistances,1
attirer,1
livrée,1
prisons,6
épaules,1
expliquez,1
attache,1
impuissance,1
extension,1
défendent,2
nostalgie,1
promesses,2
point,3
sorcellerie,1
regarder,2
noisettes,1
généralisés,1
italie,1
visage,1
aboutir,1
dévoyés,1
législative,1
truqué,1
massives,1
rêvée,2
électrices,1
reposant,2
âmes,1
passer,5
générer,1
habits,1
énergie,1
métallos,1
vraiment,3
submersion,1
anéantir,1
aura,15
petite,4
jacques,1
errements,1
continentale,1
fruits,1
hier,4
exprimer,1
trouve,14
fiscalité,3
souvenez,1
claires,1
ratification,1
petits,3
partagées,1
financières,1
restés,1
vente,1
découragés,1
constater,2
conséquences,4
modifie,1
rares,1
semblant,1
cohortes,1
filières,1
cité,1
sarkozy,19
vitaliser,1
espérait,1
harmonieux,1
achètent,1
dépourvu,1
nous,28
fermée,1
marques,1
planétisée,1
garantie,3
espagnol,1
réussi,5
parfaitement,8
politiciens,3
attitude,1
charbon,2
entendus,1
argent,14
exécutif,4
vienne,2
planétisés,1
abject,1
raisons,9
désastre,1
europe,42
écoles,3
agressifs,1
rendus,1
interprétation,1
temple,1
experts,1
sens,6
nouvelles,5
fera,2
battrais,2
venait,1
primaire,1
relation,1
modèle,7
truands,1
évènements,1
nécessaires,5
remous,1
gardé,1
chômée,1
angoissées,1
macé,1
projet,6
réticents,1
supprimant,2
factures,3
touchait,2
licencient,1
forme,4
renversé,1
trouvé,1
azur,3
vers,6
sang,2
pardon,2
péril,2
sublime,1
concerne,2
apparait,1
dispose,1
envoie,1
enlèveront,1
emplois,8
rappelons,2
cite,1
disparaît,1
professionnel,1
affichant,1
supermarché,2
chiffres,6
dalil,3
paires,1
façon,6
décerveler,1
vestimentaire,1
hollande,1
donc,2
voulu,2
épizootie,1
redressement,2
modèles,1
partage,3
répartissent,1
situation,18
émis,1
allemand,2
franche,1
1430,1
1431,2
montrer,3
garantissons,1
considèrent,1
représentative,1
étapes,1
royaume,1
statistiques,1
tours,2
tribu,1
crises,1
carcan,1
responsabilités,2
conquérir,2
elles,3
allait,4
chaque,2
culminera,1
plainte,1
voleurs,1
mentales,1
inefficace,1
assiette,1
trahi,2
cohérent,2
justement,14
bruxelles,8
fourmies,1
construction,2
suffisait,1
décision,3
dela,1
viager,3
bornés,1
texas,1
oeuvrent,1
nombreuses,2
trades,1
maires,3
guerre,17
entier,1
faisabilité,1
problèmes,12
prochaine,1
extinction,1
avisé,1
portés,1
accusations,1
élection,11
soutiendra,1
augmenté,2
drapeaux,1
aspiration,1
traiter,3
eurosceptique,1
comète,1
gratuitement,1
gloire,3
lobbies,2
délai,1
comptée,1
louis,2
croient,2
casquettes,1
totalement,3
excessive,2
aviv,1
vanté,1
seigneur,1
mondialisme,3
embêter,1
venue,1
type,2
complètement,1
ressort,3
succédé,1
quittances,1
contribuable,1
attribuer,1
mondialistes,1
venu,3
vent,1
masse,8
aide,3
continuant,1
tort,2
faites,1
paroles,1
possible,7
annuler,1
échoué,3
patrimoine,1
liés,1
approchait,1
désintégration,1
pire,5
outre,1
appellerait,1
accouchement,1
rémunérations,2
champions,1
féodaux,1
utiles,1
gagnons,1
journaux,3
femme,5
épée,1
partie,11
convaincre,1
cote,1
engager,2
personnage,1
nécessitent,1
conduire,3
inexplicable,1
baleinier,1
partir,4
folle,2
vécue,1
côtés,1
audacieuse,1
redressé,1
hôpitaux,1
hargne,1
charges,1
charger,1
attendez,4
érosion,1
hostile,2
recherches,1
fermant,1
gros,2
avocat,1
arrêterais,1
port,4
résoudre,1
considérer,1
compensé,1
livrés,1
répondu,1
battra,2
féroces,1
yeux,3
reprocher,1
conférence,2
règles,2
désintéressent,2
3ème,1
poings,1
bases,1
qualification,1
migrations,1
tenu,2
batailles,1
irrépressible,1
bonne,10
chars,1
coulant,1
regardez,1
baptisés,1
députés,2
investissent,1
sorte,17
poker,1
clients,1
rival,1
2ème,1
héritière,1
délais,2
échec,2
secondes,2
actif,1
professionnels,2
intact,1
adresse,1
responsabilité,4
absent,2
commande,1
paris,6
chargé,1
important,4
souche,1
tentant,1
york,1
actuellement,1
matériellement,1
représenter,3
démagogique,1
laissent,1
arriver,4
français,73
livrer,1
exaltée,1
politiquement,1
tranquille,1
crimes,6
tino,2
prospérité,5
jugé,1
pince,1
pompidou,1
presse,6
auprès,3
nationalisé,1
eugénie,1
autorisée,1
élément,2
fiscalement,1
criminelle,1
renaissance,1
présence,1
surtout,10
abstention,7
abri,2
babel,1
élimine,1
fonds,1
commission,2
imprimer,2
négativement,1
honneur,3
éreinte,1
efficacité,1
atypique,1
françaises,6
tuer,1
gourmands,1
1870,2
jeter,1
rassembler,1
démotivant,1
demander,3
tentée,1
culturelle,1
évêque,1
demandez,1
haute,2
dites,9
croyait,1
mrap,1
miracle,1
littoral,1
avance,2
grandes,7
pensée,4
frustré,1
ouvrir,1
principes,1
tapie,1
dessus,2
doté,2
instituant,1
invoquer,1
anciennes,1
donremy,1
auquel,2
mœurs,1
inscrit,8
conséquent,30
intervenu,1
buts,1
férir,1
faisait,1
juge,4
cadeau,1
communiquer,1
dépendra,1
raisonnable,1
éliminé,3
transparence,1
cherchons,1
nourries,1
mémoire,1
depuis,1
continue,1
numériques,1
injustes,1
prévaloir,1
sauver,2
procès,3
incident,2
économiques,2
gênes,1
pouvez,1
admirable,1
limites,1
électorale,19
justice,7
origine,6
réglé,1
judiciaires,1
pointes,1
actions,1
attention,4
mérite,3
bombardements,1
intérieure,3
œuvre,2
exécutifs,2
désindustrialisation,2
répondit,1
hiérarchie,2
noires,1
superbe,2
précisant,1
voter,9
alternance,1
deniers,1
sncf,1
affiches,1
dossier,10
tulle,1
certaines,1
parlons,2
autorisé,1
fous,1
unité,3
étudiera,1
représente,2
pastourelle,1
approuver,1
cauchon,1
arrivera,2
inventé,2
réduire,4
équilibre,3
marchandisation,1
ocde,1
voynet,1
nationaux,2
remontaient,1
délégation,1
drapeau,3
long,2
viendra,1
inter,1
simplement,2
incidents,1
commun,4
rayons,1
considérable,2
wagon,2
bourgeois,2
fonction,1
puissent,4
précédentes,1
entré,1
allocations,1
gauche,26
efforcer,2
espère,8
lanterner,1
antisémites,1
récompensant,1
arrive,3
comprennent,1
rapides,1
ferai,4
gibraltar,2
souhaitaient,1
confiscation,1
privés,1
claire,1
frontalière,1
patriotique,2
affaire,14
écrire,1
réduit,3
timeo,1
compromissions,2
espérance,2
comprenez,2
jugée,2
diplôme,1
cheveux,1
technologies,1
administrations,1
citoyens,7
diriger,1
discipline,2
suite,6
contribuables,2
vient,7
viens,1
inexact,1
maigre,1
interdiction,1
équilibré,1
savons,1
salaires,3
médicale,1
exclusion,3
cieux,1
utopie,1
processus,1
appelle,6
pense,30
tiens,3
lutte,7
tient,1
renier,1
doute,7
enfer,1
abysses,1
cosa,1
étonnerait,1
2010,1
doigt,1
juriste,1
désinsérés,1
brahamnes,1
refaire,2
xixème,1
exactions,1
villiers,1
distribuez,1
phrase,1
territoriaux,1
organismes,3
mauvais,4
pose,4
marxiste,1
parties,1
passerait,1
sujets,6
borné,1
étriqués,1
pèsent,1
ressac,2
principales,1
foire,2
ministère,2
fédération,1
agression,1
crédit,1
intrigants,1
maintiens,1
lorraine,1
trachelle,1
péchiney,1
lance,1
laxisme,3
soit,25
messe,1
praticiens,1
course,2
porter,3
conseillers,4
foetale,1
gouvernements,8
sage,1
saga,1
profonde,1
caisses,1
réclament,1
innocence,1
triomphalement,1
rivalité,1
basées,1
extrêmement,4
instrument,1
explicites,1
eldorado,1
facilement,1
pourrait,3
déplorable,1
entrepreneur,1
bretagne,1
mort,3
rien,18
allé,3
parlera,1
hélas,5
constitution,5
pieds,4
immigrations,1
existait,1
promesse,1
écrase,1
génère,1
réservée,2
mégrétiste,2
donnée,3
question,12
mécanismes,1
soigner,1
jette,1
bouté,1
lice,1
continuons,1
posez,1
cocotier,1
loyers,1
suivi,1
mensonge,1
racisme,2
sacrifice,1
posé,2
scepticisme,1
dits,1
soixante,1
rmistes,1
orientation,1
universel,3
aurez,1
utilise,1
ordonner,2
passion,2
avaient,7
original,1
barrage,1
publics,4
système,5
rues,2
frustrés,1
persécuté,2
fusée,1
possibilité,6
urgentistes,1
démocratique,2
conception,1
ruine,3
routiers,1
concussion,1
péremptoire,1
redondance,1
devait,3
rende,1
pacte,1
danger,2
devais,1
environne,1
sociétés,5
rappelant,1
catégorie,1
résultats,4
critique,2
rendu,2
giron,1
chaleur,2
avons,36
incarnant,1
associations,2
constructions,1
quelque,20
rudes,1
combien,1
partout,14
rais,1
lourdement,4
cellule,3
élans,1
exil,1
creutzwald,1
chiffre,8
famille,4
rester,4
formation,5
islamiques,1
allongement,4
monopolisation,1
particulièrement,2
vizier,1
circonvolutions,1
efforts,1
janvier,1
somme,3
fournier,1
subissent,1
placer,1
veulent,5
désaccord,1
objection,1
moyens,9
subis,1
latrèche,1
engagent,1
rédempteurs,1
décrypter,1
organisent,2
préfère,1
solo,1
andalousie,1
robert,1
toujours,12
riches,6
croyaient,1
peuples,3
méthodes,1
félonne,1
effets,1
siècles,3
séparer,2
intérêt,5
permanente,1
relativement,3
mini,1
ouverture,3
ethnique,1
vivre,3
achevant,1
désordres,1
enseignement,3
direction,4
direz,1
presque,8
delà,5
pétrole,1
régulière,1
familiale,3
isabeau,1
conquérante,1
religieux,2
départementale,1
partagé,2
freins,1
bétonnées,1
sanctionnée,1
diminué,1
construite,1
empêché,3
souviendra,1
essayera,1
changé,1
hanovre,1
porte,7
basée,1
pillage,1
organise,1
situant,1
roger,2
termes,1
commencement,1
longue,1
pensait,1
souffrance,1
utilité,3
ministérielle,1
énorme,2
diminuer,1
dangereux,1
quatrième,3
diversion,1
logement,2
prendre,10
pitoyable,2
crainte,1
4ème,2
prendra,1
déposer,3
nation,22
charge,5
avertis,1
routier,1
respectés,1
regardent,1
spirituelles,1
assemblées,1
service,5
appartenance,1
provocations,1
jamais,17
artificielles,1
estrades,1
prestigieux,1
déjà,27
dynamiser,1
respecté,1
aboulique,1
avoué,1
pour,13
guigou,1
politiques,14
déconvenues,1
privations,1
déçu,1
argumentation,1
californie,4
véritables,1
quête,1
centre,2
sciences,4
vérifierai,1
cinq,3
lorraines,1
monte,4
dérapages,2
partisan,2
parlé,4
corée,1
crains,2
européennes,6
historiquement,2
slips,1
établit,1
serai,8
proclamer,1
réunions,1
armée,2
déposons,1
successeur,1
donner,11
serais,2
serait,16
eglise,2
poitiers,1
succèdent,1
voterai,1
donne,5
professoral,1
héritiers,2
favorable,1
modestes,1
prétend,2
suprême,1
dopée,1
juridiques,1
perfectionner,1
alençon,1
marine,5
regrettions,1
pyrénées,2
souvent,4
compatriotes,3
toutes,16
engagés,2
rémunérés,1
fonctionnaires,12
recevoir,1
francs,3
dangereuses,2
locales,2
regrette,3
mafias,1
financer,1
france,100
mare,2
excès,2
valeurs,6
ouvrières,1
suffrage,2
visa,1
fouets,1
fréquentables,1
scandales,1
greenpeace,1
postes,1
demanderont,1
succès,6
décide,2
parle,8
terminée,1
présidentielles,7
monté,2
lycées,1
élémentaire,1
fuite,1
témoigner,1
écoute,1
troyen,1
trônent,1
muette,1
quels,2
décider,1
fenêtres,1
allez,2
géré,1
draguer,1
troyes,1
illusion,1
heureux,1
éducative,1
verbal,1
dispersés,1
milliards,9
usage,1
répression,1
mains,2
demie,2
talent,1
mécanisme,2
stable,2
cantonales,1
complexe,1
cible,1
célébration,1
offres,1
domicile,4
victimes,2
prendrais,5
nicolas,1
illettrés,1
soldat,1
scandaleux,4
revenu,8
comptent,2
affirmations,2
vois,5
roulement,1
dédiaboliser,1
oppositions,2
passant,3
seine,1
ressources,2
verrez,1
champs,1
reçu,1
dangereuse,1
obéi,1
analyse,1
soutenir,2
préoccupait,1
aval,1
terme,1
attaquer,1
nécessaire,11
démocrate,1
visite,1
saxon,2
pouvais,1
survie,1
bassorah,1
effort,3
bobos,1
pouvait,4
anticipons,1
pénibles,2
chevallier,1
juillet,1
ardente,1
courage,5
regarde,1
lesquelles,3
économique,8
largement,1
devaient,2
pénal,1
taux,1
minorer,1
malade,1
plaintes,4
essayer,8
russie,1
demi,5
barrer,4
abyssaux,1
tribunaux,1
commencé,2
chrétien,1
cadavre,1
actualité,2
inégalité,1
nombreux,4
achète,1
méthode,1
déclenchent,1
vulgairement,2
permet,3
reconnus,1
prononcer,1
seraient,2
ceci,4
prébende,1
attesté,1
ceca,1
passés,1
comprends,6
acquis,2
autrement,2
blasés,1
cour,2
coup,5
justification,1
compris,16
élever,1
meeting,1
naturellement,2
parlement,3
dois,13
cassé,2
neutraliste,1
fais,6
servilité,1
sectorielles,1
infâmes,1
privation,1
psychologues,1
reims,1
démontré,1
constante,1
craint,2
décourager,1
nôtres,2
fabius,1
gênés,1
dont,39
préfecture,1
conditions,8
évader,1
agit,6
raclée,1
abaissant,1
agir,1
forces,5
forcer,1
alcan,1
productions,1
flèches,1
regardé,1
livre,1
obligation,1
changerait,1
trouver,3
versée,1
assassinat,1
formidable,3
payer,5
terrible,2
souffrir,1
posaient,1
cléments,1
couter,1
souvenirs,1
biodiversité,1
langue,2
américaine,3
fable,1
prend,3
violences,1
avisés,1
promoteurs,1
lancer,1
dona,1
utile,3
camp,1
chanson,1
comment,5
sièges,1
alliés,1
écouté,1
domaine,12
matériels,1
ubuesque,1
parents,1
résumé,1
dormir,1
demandaient,1
jouer,1
morts,1
vérité,8
naïveté,1
poutre,1
lorsqu,1
attire,1
sait,10
jean,7
plait,1
grisou,1
créée,1
détruire,1
tentative,1
frontières,11
maximum,3
chiffrent,1
fourni,3
mondialisée,1
démocratie,1
bail,8
fusées,1
pendant,17
fidèles,2
1914,1
solide,1
oublié,1
excepte,1
obsolète,1
opprobre,1
sacré,2
minée,1
circonstances,2
progressivement,2
histoire,4
entends,2
repartir,2
entendu,1
cautère,1
envoyé,1
cynique,1
copains,1
schröder,1
intérêts,3
dérobés,1
1939,1
aspirions,1
patience,1
société,3
attrape,1
misère,1
acquiert,1
outils,1
planétaire,1
grâce,1
bâtard,1
mobiliser,2
coûts,1
moment,20
avocats,1
représentation,1
tissu,1
attendait,3
caractères,1
inusables,1
voilà,13
satisfaisantes,1
hugo,1
étais,15
était,60
enfuient,1
jusqu,8
abstentionnistes,1
vitrolles,1
annoncent,1
redevable,1
attaquaient,1
tickets,1
ministre,12
nouvel,2
libertés,3
inquiétudes,2
amène,1
sites,1
coalisé,1
résistance,1
contrairement,8
hussein,2
cadre,14
têtes,2
macédoine,1
sourire,1
lumières,1
déclaraient,1
bailleur,2
méthodique,1
concurrents,1
absence,1
compliment,1
algérie,1
journée,2
permettre,5
nouvelle,3
alliance,1
couloirs,1
désert,1
viendront,1
expression,2
kenya,1
dresser,1
signifié,1
débat,1
coûtera,1
lumière,1
preuve,7
enseignés,1
blocs,1
empêche,3
assemblée,8
dira,1
particulier,11
échanges,1
échanger,1
dieu,9
désagréments,1
euros,7
nature,3
drôle,1
sortir,2
basses,2
organisation,10
dire,75
accordent,1
compassée,1
ensuite,5
mouvements,3
cortège,1
principe,4
ferions,1
sortie,1
autour,5
lien,1
tribunal,5
justifier,1
derniers,2
tragédie,1
poids,3
compiègne,1
recherche,3
rigolo,1
familiales,1
timi,1
baux,1
préparation,1
maison,2
deuxième,12
sacrifices,1
réservé,2
fille,4
semelle,1
jouir,1
couleur,2
rupture,1
restent,1
effet,21
pacifique,1
essentiel,3
côte,1
nobel,3
détournements,1
latente,1
dimension,5
bateaux,1
rase,1
formulation,1
verrons,2
francesa,1
oubliée,1
objectif,6
mars,1
électoral,5
missionnée,1
pause,1
calais,2
européens,4
exsangues,1
expérience,2
accorde,2
découragent,1
bien,137
alignée,1
victorieux,1
qualifiée,1
institutionnel,1
électorat,1
mille,2
fasse,2
reviennent,1
ouverte,1
élargissement,2
automatiquement,2
melbourne,1
harmonie,3
désastreuse,1
rassemblement,1
psychologique,1
dégradation,1
devoir,7
syriens,1
immigrée,1
peintes,1
précédemment,1
studieuse,1
immigrés,7
responsable,2
faisant,5
mouroirs,1
cinquante,1
fusse,3
chemin,2
universelle,1
reconnait,2
contrainte,2
mélangé,1
rose,2
duquel,1
club,1
trésors,1
faisons,2
imagination,1
angoisse,1
figaro,1
coiffures,2
gens,40
pierre,1
frémont,1
retiré,1
présentées,1
entendre,2
imaginer,1
muguet,2
côté,2
insee,1
plaît,1
intempéries,1
appliquer,1
avenir,5
crèvera,1
semaine,4
aussi,1
psychologiques,1
défiance,1
mentent,1
prévenus,1
abord,22
immédiat,1
couronnée,1
comédien,1
disant,8
écarter,2
paille,1
existe,5
espérions,1
preneur,1
aviaire,2
véritable,5
acquittés,1
certain,22
nôtre,1
résisté,1
possibles,1
levés,1
élire,3
cachent,1
suggestions,2
idéal,2
coupables,1
moderniser,2
nantes,1
bouffée,1
échapper,2
juges,1
infatigable,1
formes,2
législatives,8
luxe,1
investissements,1
moments,1
inoubliable,1
pièges,2
mesures,2
affaiblir,1
milieux,1
konrad,1
sonnèrent,1
rappelle,13
continent,4
démesure,1
données,1
blessée,2
expliquer,1
maitresse,1
nombre,28
documentaire,1
baraque,1
manuel,3
menaces,1
organisme,1
instance,1
parce,7
blessés,1
raymond,1
heures,5
katowice,1
pêcheurs,2
constituant,1
incarnée,1
watteau,1
montagnes,1
fils,1
étrangère,5
combattre,1
dissuader,1
fourniture,1
génie,1
exclus,2
ordre,9
disons,5
doublé,1
voire,3
tant,6
islamiste,1
postule,1
auditoire,1
1970,1
étrange,1
signifient,2
aménagement,1
hiver,1
mette,2
désagréable,1
renseignement,1
découvert,1
comte,1
réinsertion,1
préférence,1
accord,10
varsovie,1
finance,1
assurance,3
mettez,1
islamistes,1
mesdames,1
trouvons,2
bonheur,2
budapest,1
cinéma,1
efficace,2
exactement,4
suspendus,1
septentrional,1
universités,1
candidates,1
devenir,1
pléthore,1
dures,1
administration,16
considérablement,1
évidentes,1
chasser,1
capital,1
sauveur,1
devront,1
année,10
battent,2
désinformation,3
décrits,1
arriverez,1
croisé,1
radio,3
stérilisante,1
terribles,2
contradiction,2
privilèges,1
perverti,1
patronne,1
détroit,2
marie,5
conseils,2
vite,2
cherche,2
paysans,3
abaisser,1
avion,1
espace,4
1700,3
donné,7
aggravés,2
mener,2
candidatures,1
sommes,26
aurons,2
vante,1
auront,3
sommet,1
heureusement,1
communication,2
campagne,41
comté,1
virage,1
commerçants,1
irais,1
tomber,1
parodie,1
amoncelé,1
repart,1
solution,4
défaite,2
date,5
abattus,1
bataille,4
printanière,2
parlait,2
brûlée,1
moral,2
strictement,1
signifiée,1
ménages,1
défendues,1
délimité,1
février,1
nationalité,2
télévision,6
propres,5
injustices,1
produits,5
honnie,1
raciale,1
adresser,3
démonstration,1
construire,5
restons,1
élégance,1
places,1
oubliant,1
guerres,1
êtes,11
collègue,1
attaquée,1
supposons,1
industrie,1
consulter,1
juppé,7
égalisation,1
glauques,1
malnutritions,1
abonnement,1
enseigné,1
transporter,1
sots,2
nier,1
désespérés,1
sociaux,3
bové,1
attaqués,2
tard,2
infligées,1
rectifier,2
pratiquent,1
claqué,1
américains,5
aller,4
environnement,1
libérer,5
éclairer,1
faveur,8
siècle,11
contestation,3
condition,5
actifs,1
certainement,4
fête,10
faute,1
peuvent,8
absolue,2
support,1
bureaux,1
apparemment,1
attendent,1
romans,1
frileuse,1
elle,15
calédonie,1
noble,1
temps,26
sentez,1
encre,1
apercevoir,1
rationnement,1
paradoxalement,2
attendant,1
germanophilie,1
renoncerai,1
enseignants,2
coûte,3
principal,2
bandes,2
hitler,1
dizaine,1
vacances,2
prochain,1
balançait,1
inquiète,1
bourricot,1
gouvernementales,1
réparer,2
million,4
musique,1
démotivants,1
xxème,1
aperçu,3
monsieur,5
structures,2
marginales,1
désisterait,1
positive,3
relancer,3
bénéficier,1
indignes,1
prise,6
bourreau,1
ordinairement,1
länder,1
souveraineté,4
pèse,2
littéralement,1
fiscales,1
abolies,1
trompent,2
anarchistes,1
imperturbablement,1
rejoignent,1
humblement,1
pourrai,1
afrique,1
apporté,1
specialement,1
accepter,3
récemment,2
officiels,3
causes,3
mitée,1
incapable,1
rend,1
rentrés,1
précisé,1
bavière,1
intellectuel,2
pneumonie,1
rendant,1
aujourd,23
délirant,1
faudrait,4
tentation,1
brusquement,7
indice,2
patrimoines,1
dunois,1
millions,21
érigé,1
fourvoyées,1
eurofédéralistes,1
entrepreneurs,1
ennemis,1
ossa,1
masquer,1
foulards,1
peurs,1
trahison,1
budget,6
série,1
considère,2
pointe,1
mayotte,1
différents,2
soubresauts,2
quitte,1
apercevra,1
performance,2
impuissants,1
savent,6
référendum,2
cause,9
poursuivaient,1
impuissante,1
désenclavement,1
franchir,1
santé,1
voteraient,2
breton,1
antillais,1
tragique,2
bénéfice,2
socialiste,7
différente,1
attendu,1
négative,1
unissait,1
autant,7
rhône,3
immigration,27
tutelle,1
considèreront,1
abandonnées,3
profs,1
irak,6
ville,4
volonté,6
réelle,3
petit,6
inscrire,1
bodin,1
fiscale,8
commerce,3
ignorent,1
modeste,5
méditerranée,2
columbia,1
pandémies,3
favoriser,2
trahisons,3
auraient,1
besoin,24
absente,1
brahmanes,1
critères,1
visas,1
scaron,1
guerriers,1
maastricht,1
points,3
agricoles,2
marseille,4
vème,1
rejet,1
proportionnelle,5
dilapidé,2
ailleurs,46
1990,1
gêner,1
occuper,1
accusée,1
intéresse,1
interviews,1
formule,2
prophétie,1
casser,2
diminution,2
reste,17
duettistes,1
libre,1
prague,1
proclamé,1
roosevelt,1
oublions,1
parlementaires,1
sanctionner,3
sante,1
charles,2
moderne,1
grand,16
révélée,1
obliger,1
prends,1
résolu,1
garant,1
assurer,2
quatre,3
pression,1
diffamation,1
culturel,1
réservons,1
mondialisation,8
ouvrent,1
patriote,2
silicium,1
tremplin,1
unions,2
amenés,1
disperser,2
officiel,1
éclairé,1
amené,4
fallait,9
suicide,1
arrêt,2
menacé,2
soignés,1
performante,1
dénoncés,1
longues,1
aspirantes,1
sanctionnés,1
logements,1
conduis,1
habitation,1
journal,1
inéligibilité,2
stabilité,1
perpétuée,1
urgente,1
antilles,1
racket,1
sauvegarde,1
saint,1
laden,1
maritime,2
égale,1
tapé,2
assure,2
parapluies,1
évidente,1
galet,1
familles,1
sans,1
voudrais,8
rwanda,1
morales,2
glas,1
bronze,1
combattants,2
mode,3
frein,1
saura,1
dessous,1
villages,1
solidarités,2
cherchent,1
noir,1
représentants,2
élan,2
démanteler,1
compagnons,3
fournissons,1
dinosaure,1
monter,4
convictions,2
refuser,1
surclasse,1
tirer,2
concurrencés,1
19ème,2
identique,1
imminence,2
anniversaire,1
social,3
chef,3
mondial,2
froide,1
ensemble,11
2000,1
solidarité,2
2003,4
2004,2
euromondialistes,1
frimas,1
2007,3
fondamentaux,1
quiconque,2
maintiendra,2
cher,7
catastrophe,2
jeune,3
supprimée,1
régions,21
facile,1
désigner,2
soutien,2
emmanuelli,1
mission,3
corse,5
chirac,14
gouvernementale,1
dissoudre,1
tenir,3
pologne,1
soleil,3
quelle,2
opinion,5
décidées,1
manque,1
adversaire,3
cette,5
délocalisations,2
péréquation,1
entraînés,1
affiliation,1
manœuvre,1
malheur,1
protester,1
disproportionnée,1
bâtiment,1
tendrait,1
élections,33
années,14
imposer,2
redoutable,1
inlassablement,1
contente,1
obligatoires,2
aiment,1
entraîner,2
allemands,1
général,6
membre,1
attends,4
nécessité,4
courbe,2
diverses,2
souriants,1
décidés,1
étrangers,7
timidement,1
candidats,12
montante,1
reçoivent,2
celles,5
tracts,1
réputation,1
livré,1
patay,1
trafics,2
calomnies,1
inverse,5
voyons,6
cavalier,1
multicolore,1
prennent,4
chevalements,1
attentats,4
associés,1
fond,8
métiers,3
filet,1
second,2
chapitres,1
agissant,1
treize,1
anglo,3
principale,2
territoire,3
progrès,2
crée,4
perfect,1
énoncerai,1
noire,1
demandent,2
morale,1
poursuivis,1
achat,1
poste,2
fassent,2
continuera,1
spécifiques,1
sida,1
grèce,1
peine,5
dépendent,1
heureuse,1
poursuivie,1
seules,1
écart,2
diplomatie,1
participé,1
mêmes,4
résultat,2
plutôt,14
enlever,1
aggraver,1
washington,1
présidais,1
durée,1
imparable,1
bouche,1
cotisants,1
intelligence,1
manquer,1
ajouter,1
prudence,1
cent,1
jeunesse,13
chevaux,2
août,2
énormes,1
amérique,1
vide,1
destin,4
chine,3
xxième,3
créant,1
lépreux,1
prévoit,2
holocauste,1
pauvres,7
kilomètres,3
belarus,1
unissent,1
prisonnière,1
applique,2
mauvaises,2
revenant,1
dépasse,1
libérateur,1
nice,4
symbole,1
convient,1
lendemain,2
soutenu,1
stupéfaction,1
contrôle,2
fournir,7
procédure,1
écoutez,9
triangulaire,1
comprend,1
salarié,1
attractivité,1
autorités,1
bats,2
dépose,1
créé,1
démographiques,1
dames,1
connu,1
chiffrée,1
catholiques,1
persécution,1
réconcilié,1
minoritaires,1
affirme,2
syndicales,1
déporter,1
ayez,1
national,103
souhaite,3
rare,2
restez,1
couronne,1
questions,1
bédier,1
consiste,4
rattachez,1
uniquement,2
%...,1
ejusdem,1
internet,3
projeté,1
assistés,2
bruit,1
lire,1
demande,8
dite,1
supprime,1
membres,1
défendus,1
cela,1
efficaces,1
sacco,1
clientélisme,1
amnistie,1
école,6
décisions,3
souverainisme,1
écheveau,1
diabolisation,1
peines,1
instances,3
paysages,1
institutionnalisée,1
aperçoivent,1
musulmans,2
installer,2
étant,3
juin,5
bayrou,1
avais,14
avait,28
éléments,3
lourde,1
évanoui,1
magouille,1
courent,1
apercevez,1
gagés,1
affectif,1
violé,2
apport,1
milliard,5
provoque,1
illégaux,2
partagés,1
rémunération,1
handicaps,1
incapacité,1
sacrifier,1
heure,5
régionale,7
précis,2
fondamentales,1
payés,1
travailler,2
père,1
visent,1
reconduire,1
méfier,1
tournait,1
affirmé,1
souhaitent,1
manifestants,1
consisté,1
otan,2
désagriculturisation,2
disait,3
trompée,2
accélérer,1
générale,2
sachez,1
sibériens,1
annuelle,1
dégraisser,1
brûler,1
demandé,2
esprits,2
élites,1
importe,2
rendre,4
commune,4
combattez,1
projets,3
redire,1
appui,1
listes,12
descente,1
débarquer,1
européistes,2
longtemps,5
vierge,2
espagnols,1
offrir,5
ramener,2
spécifique,1
marignane,2
crise,3
provocation,1
pompes,1
chinon,1
théologique,1
tenues,1
réveil,2
provoqué,1
verts,1
caution,1
viole,1
négligé,1
ligne,2
croire,3
résignation,1
féodalité,1
communiste,4
fronton,1
imperméable,1
programme,8
préfet,15
investi,1
première,12
rôle,2
horizon,1
trahis,1
bilan,1
roland,1
internationaux,2
privée,1
1992,2
saisons,1
dangers,2
exigée,1
mettait,2
niémen,1
siège,1
communes,3
manière,7
pavés,1
superflues,1
dumas,1
incorrects,1
promouvoir,1
contrôles,1
obligeant,1
habitations,1
notariale,1
médiatiques,2
affrontement,1
pavée,1
3000,1
témoin,2
parti,20
moque,1
subsistera,1
terroriste,1
oublier,1
poser,2
commis,2
nuisible,1
limite,1
règle,2
paysanne,3
hérité,1
carreau,1
sembler,1
égorgèrent,1
reconnaissent,4
oxygène,2
insécurité,9
attente,1
falouja,3
sept,2
choix,7
grosso,1
retirée,2
dernière,5
appliquera,1
municipalités,1
bush,1
traité,4
fourvoyer,1
détail,2
raison,17
nord,5
corps,2
reculer,1
humble,1
appelaient,1
garantissaient,1
rencontrer,3
hésiteront,1
titre,6
savez,19
député,2
représentatifs,1
martinez,1
sanitaires,1
cancun,3
indignation,2
hasardeuse,1
champ,1
indépendant,1
livres,2
paraissent,1
boubakeur,3
paiements,1
indépendance,4
patatafafa,1
sarajevo,1
nulle,2
armes,2
suicidaire,2
fermées,1
nations,13
trois,13
précisément,1
téléviseurs,1
beau,1
maghrébine,1
arbitre,1
nobody,1
malthus,1
échange,1
pensent,6
éditorial,1
appauvrissement,3
explication,2
actionné,1
collégien,1
ciel,2
noeud,1
préopinent,1
durablement,1
démarche,6
sais,17
martyre,4
relations,1
forts,2
croiser,1
acier,1
présent,4
victoire,7
sous,1
education,1
faite,1
reconnaît,1
paieront,1
déficits,2
traite,1
formules,2
présentes,1
présenter,8
prépare,2
dizaines,2
jetait,1
faits,2
attend,1
matérielle,1
retraites,4
scrutin,8
refusé,1
parler,14
gracieux,1
issus,1
avis,2
souhaitée,1
devienne,2
adopter,1
récente,2
rappelé,1
institutions,1
climatiques,1
exposent,1
rencontre,1
souci,1
mouches,1
arbalète,1
battrai,1
étonne,2
notre,4
plan,2
connais,2
faibles,3
tiers,3
bipolarisation,3
choisir,2
respecter,5
natal,1
entrons,2
chômeurs,6
inscrits,3
faciles,1
chaleurs,1
patron,1
intermittents,1
planétaires,2
travaillant,2
études,1
prouvaient,2
figurais,1
réélu,3
résonance,1
dépouillé,1
locataire,1
adressez,3
traverse,3
prêté,1
appelait,4
théâtre,1
mineurs,5
scandale,2
aime,1
islamisation,1
jettent,1
nuances,3
régionales,15
partager,1
convaincus,1
démantèlement,2
abandonné,1
sagesse,1
pages,2
dirigeant,1
éternelle,2
grippe,2
cependant,4
lutter,3
entrent,1
justes,2
bref,1
conviction,1
toulon,1
refuse,1
tribune,1
loin,10
cessent,1
juristes,1
lois,7
message,3
étonné,1
activité,1
rencontré,4
obérée,1
baisse,2
italiens,1
accordé,5
pratiquement,3
jugera,3
dispositions,4
placés,2
1400,2
politicienne,2
antimusulman,2
monopole,1
emploi,7
frappait,1
amour,4
difficile,2
connétable,1
absurde,1
préfèrent,1
servira,1
décline,1
attaques,1
pasqua,1
travailleurs,11
traitre,2
dernières,3
outil,1
décadence,2
ayons,3
organisée,1
qualifiés,2
communiqués,1
chaussures,1
ouvert,1
magique,1
joue,1
composé,1
caisse,3
faussaires,1
christ,1
détiennent,1
chose,7
homosexualité,1
impossible,1
entendent,1
premiers,3
intermédiaires,1
intérieur,9
cessons,1
propre,1
péjoratif,1
quant,1
vieillissante,1
acropolis,1
ignoré,1
dimensions,2
ayant,7
plein,3
schuman,1
quand,5
impunément,1
mettrais,1
doigts,2
chausse,1
aviateur,1
oppression,1
entreprises,11
local,2
ubiquité,1
créatures,1
arrivons,1
vinaigre,1
cheminots,1
responsables,1
adenauer,1
réunir,2
tolérée,1
terminé,1
parait,6
empêchés,1
interocéanique,1
privé,2
jungle,2
prétéritions,1
emmêlé,1
1999,2
1998,4
1997,2
patrie,8
reportées,1
concitoyens,2
honteux,1
confiera,1
montagne,1
bout,1
excellent,2
arrogant,1
international,1
septembre,2
consultation,1
désignent,1
retraités,2
réquisitoire,1
soulier,1
dorés,1
confiance,3
loyer,1
disent,4
rendront,1
augmenter,4
recoller,1
abandon,2
semée,1
premier,8
évidemment,16
jaurès,2
comporte,1
ordres,2
grande,13
tournées,1
financière,2
voiles,1
connaître,2
idéologiques,1
canonnades,1
population,5
existence,1
davos,1
circonstance,2
courageux,2
pain,2
botté,2
vraie,1
hautes,1
marginalisation,1
éclatante,1
pair,1
impôt,10
place,11
accoucher,2
blair,1
paix,4
invité,3
navette,1
terriens,1
ultra,1
communistes,9
programmes,1
unanimité,4
préfets,1
chemise,1
alain,1
5ème,1
constitué,2
sainte,3
douleur,1
répète,1
contraventions,1
remplacer,1
éligible,1
nationalisée,1
rossi,2
répartis,1
clientèles,2
humanité,4
universalité,2
importantes,3
échafaud,1
côtes,1
passionnent,1
utiliser,1
élus,26
manoeuvre,1
travail,21
imbéciles,2
xvème,1
tendance,2
technique,2
claironne,1
détruit,2
jésus,2
république,9
laisse,2
bienveillance,1
planétisation,1
reconnu,1
constituent,1
favorisation,1
mécanique,1
excentrée,1
démoralisé,1
dommageable,1
position,9
pesé,1
crédits,3
annoncée,1
dieux,1
commandements,1
artisans,1
collectivités,1
portait,2
arguments,1
légiférer,1
contenteraient,1
réflexion,1
épidémies,1
botte,2
directeur,2
posée,1
mortel,1
ressorti,1
placé,1
attendiez,1
égard,5
suis,45
embrassé,1
cuisantes,1
agricole,1
légal,2
massive,1
craque,1
tenue,1
poignant,1
hein,2
tabous,2
infliger,1
connaissance,2
expliqué,1
vanzetti,1
tenus,1
vorace,1
reçoit,2
nuisance,1
clair,2
voté,1
habitent,1
généraux,1
attrait,1
décompte,1
lieux,1
secours,1
pèle,1
office,1
accepté,1
humaine,4
tonnages,1
patriotes,3
choc,1
risquaient,1
plusieurs,12
touristique,1
abstenus,1
rendez,1
alimente,1
appartiendrait,1
laissés,1
lesquels,1
pourraient,3
constaté,2
essayé,2
strasbourg,1
amitié,1
commencer,2
développer,2
israël,1
débrouiller,1
churchill,1
préfèrerais,3
danaos,1
zola,1
seattle,3
droits,2
ruineux,1
totalitaires,1
élue,1
mariage,1
terriblement,1
régionaux,6
savoir,16
madame,3
extérieur,2
devenus,1
pris,5
manuels,2
expatrier,1
monstre,1
certes,5
prix,7
stand,1
prie,1
étudiez,1
terres,1
madrid,2
fort,1
troisième,5
combattent,1
massif,1
soient,14
basse,1
fleuve,1
exceptionnelle,1
élevé,1
modo,1
censeur,1
vote,8
préparer,1
appeler,2
prison,4
discrimination,2
acceptés,1
idée,4
paroisse,1
demandera,1
espèce,2
futures,1
époque,3
criminalité,1
esquiver,2
propagande,3
exposé,2
épargné,1
réaliser,2
bribes,1
futurs,1
piégés,1
domaines,3
achèvera,1
constate,4
essaye,4
matamoresques,1
appliquerons,1
lèvent,1
modifications,1
mère,2
rétablir,1
présenterai,1
encouragé,1
saurait,1
infondée,1
servir,2
morbihan,1
anti,2
probablement,3
intervention,1
aborder,1
communisme,1
atomique,1
gestion,3
guillemets,1
néolithique,1
intégration,2
défilait,1
conseil,8
cailloux,1
entrer,6
lundi,4
midi,5
abstenir,2
grenouille,2
créer,3
gagner,3
intellectuelle,1
payent,3
alarme,1
motivés,1
visé,1
passoires,1
puissants,3
messagère,1
adapté,1
fidèle,1
policiers,1
gare,3
sacrer,1
prudent,2
populations,1
prêt,1
proposer,2
asile,1
humain,1
avions,3
falco,1
urss,1
crois,67
gracieuse,1
chers,4
croix,1
politiciennes,1
lepénisation,2
rang,3
priorité,1
bananière,1
doivent,5
ristournait,2
recours,2
réalité,1
sanglante,1
retrouver,1
instants,1
ramené,3
choses,12
affaiblissement,1
impératrice,1
craintes,1
décadente,1
métier,3
mesuré,1
luxembourg,1
classes,2
jambes,2
positifs,1
avatars,1
espoir,6
néanmoins,3
mexique,2
cohn,1
fondamental,1
passe,4
rêves,1
sceptique,1
pourrons,1
adieu,1
pourront,2
thèse,1
alors,29
puisqu,19
rémunérées,1
vicié,1
connait,1
stages,1
signatures,2
personnelles,1
bénéficie,1
répondrait,1
favorisé,1
perben,3
critère,1
pourtant,5
marchés,1
mondiale,2
changent,2
faillites,1
poursuite,1
susceptible,1
complexes,1
antisémite,1
désignés,1
provence,1
ferentes,1
solutions,3
cheval,2
habitude,5
professionnelle,1
évident,14
parquet,1
ministres,3
enseignant,1
garer,1
après,15
bali,1
permettez,3
progresser,2
qaïda,1
bord,1
nues,1
offre,1
grief,2
connaît,1
promise,1
camaraderie,1
attendaient,1
1986,2
plates,1
beaucoup,23
étrangères,1
qualités,1
dynamiques,1
prioritaire,1
radicale,1
fardeau,1
souffrances,1
ignobles,1
souveraine,1
dépenses,2
priori,1
amsterdam,2
assez,9
lucides,3
partent,1
potable,1
dossiers,1
surcroit,1
bourdin,1
critiquerai,1
monnaie,1
francfort,1
franchi,1
meilleur,3
abandons,1
victor,1
veux,3
gouvernement,22
dirigeants,7
partant,1
veut,16
2002,1
deux,1
mythifié,1
agriculteurs,2
entendais,1
sérieux,1
femmes,4
revanche,7
personnellement,6
ennemi,1
chez,18
demain,14
supplémentaire,1
humaines,2
liberté,11
exaltant,1
adversaires,8
tenter,1
laquelle,3
2009,1
dernier,11
clinquante,1
religion,4
sauvage,1
agriculture,3
parfois,1
opposition,9
gueules,1
normandie,1
dispute,1
piéger,1
occasion,4
allemagne,2
historiens,1
cessé,1
prélèvements,3
objectifs,2
investissement,1
changer,3
race,3
privant,1
apprendre,1
publiques,2
ukraine,1
fédéralisme,1
disposant,3
façonnèrent,1
information,1
mondialisées,1
fiers,3
siens,1
sortent,1
atteint,2
subversion,1
galibots,1
problème,26
prébendes,1
terrain,4
risques,2
poésie,1
laïcité,4
flux,3
entamée,1
sanitaire,1
provoquée,1
peux,3
ecoutez,8
sondages,2
délits,7
unique,4
peur,1
amusant,1
puissance,2
allongé,1
minoritaire,1
capacité,1
pachydermique,1
menace,2
séjour,2
desquelles,1
torrent,1
respectée,2
individuelle,1
accueillir,1
convaincu,1
distribuons,1
sociologique,1
grands,10
humiliations,1
lecteur,1
attirera,1
clef,1
éclairera,1
remettre,1
face,7
alternative,2
dise,1
substituer,1
prisonniers,1
soins,1
pensant,1
syndicats,4
mobilise,1
cesse,3
mantilles,1
automatique,1
déficit,2
éliminer,6
jusque,2
alcide,1
prouvent,1
préparé,1
golgotha,1
explosions,1
inscrites,1
débarquement,1
toison,1
pièces,4
restrictives,1
attentat,1
tête,16
isolés,1
franges,1
hommes,12
islam,4
inconvénients,1
adit,1
voix,21
stratosphériques,1
risque,4
ainsi,6
rangé,1
isolée,1
quotidiennement,1
coûtent,1
précède,1
turquie,7
défenseurs,1
retraite,3
dépend,2
administratif,1
bureaucratique,1
hérétique,1
matin,2
schengen,1
falloir,1
candidat,10
rassurez,2
déclinante,1
prétendait,1
parcouru,1
puits,2
gambie,1
pateras,1
zélande,1
entreprise,2
fonctions,1
mères,2
aimer,1
prenait,1
coupera,1
fortes,1
licencier,1
aimez,1
réglementer,1
partis,14
globalisation,1
double,1
montée,3
irrésistiblement,1
rediscutions,1
unifié,1
adresserais,1
demandons,2
pilotés,1
chercher,1
mais,63
vérifiez,1
civilisation,2
écrasante,1
solennité,1
pardonne,1
drogues,1
terre,11
instant,2
opposés,1
maîtres,3
échappés,1
épopée,1
extraordinaire,4
obtenir,1
voit,5
sueur,1
propose,3
voulons,4
détestable,1
utopistes,1
logique,3
immortelle,1
usine,1
épisode,1
normal,5
légitimité,1
persistons,1
marxistes,2
brouette,1
feraient,2
attentive,1
ostracisme,2
commando,1
enfants,3
aider,2
répondre,10
léger,1
incroyable,1
dirons,1
budgets,2
diront,1
spectacle,2
différence,1
suppression,2
banlieues,1
fini,1
zone,2
apparences,1
contrôlables,1
déraper,1
épines,1
remonte,1
avec,7
comédiens,1
finira,1
présenté,3
soubassement,1
mène,3
figurant,1
cotisation,2
documents,4
revêtir,1
hausse,1
analyses,2
bévue,2
destruction,1
affectueuse,1
interposée,1
corrompue,1
graves,1
prendront,1
réveillé,1
prises,4
police,3
mesure,11
élimination,1
chacun,5
hypothèse,3
critiquée,1
défenseur,2
promet,1
consistance,1
savait,1
géographiquement,3
courant,1
commise,2
délit,3
ancêtres,1
espérer,3
léotard,1
bidon,1
choquant,1
essentiellement,2
propositions,1
rapide,1
belgique,1
conduits,1
licencié,1
vive,3
espagnole,2
nationale,22
insuccès,1
londres,2
accueil,1
sera,28
dramatique,1
constituées,1
suffirait,1
bientôt,4
ébranler,1
défends,4
touché,1
défendu,1
positions,3
allégrement,1
principalement,2
éclatant,1
ceux,3
clairement,1
pauvre,2
doublés,1
exclusive,1
opposer,2
présente,1
briser,3
libres,2
parfait,1
mettant,1
protégés,1
présents,2
couronnes,1
surcroît,2
occupation,2
associer,2
leurs,21
démocratiques,1
essaie,1
salue,2
enseignaient,1
goût,2
slogan,1
éclairait,1
payé,1
produire,2
création,1
produira,2
développées,1
salut,3
bénéficié,2
maladie,2
rêve,4
socialistes,3
chrétienté,1
prime,5
institution,2
tranchées,1
prendrai,1
mètre,1
ecureuil,1
marxisme,2
victime,3
tenta,1
quoiqu,2
élargissez,1
sort,1
alléluia,1
formulaire,2
selon,2
encore,2
matière,3
laissées,1
amenons,1
adapter,1
retirer,1
perd,1
staline,1
humainement,1
permanence,3
favorisant,1
puisse,6
ferait,1
ferais,1
disposition,3
humour,1
violettes,1
perdue,2
dépassée,4
mets,1
pauvreté,4
autonome,1
babouches,1
solidaires,1
quitté,3
leitmotiv,1
derrière,5
légale,2
corruption,4
trainer,1
reconnaitre,3
neiges,1
parmi,1
promotion,1
poussée,1
aptes,1
planète,2
travailleur,1
souverainiste,1
exact,2
barrages,1
touche,5
apercevrez,1
lèvres,1
générations,2
boucherie,1
nouvellement,1
chicago,1
minute,1
complices,3
civique,1
appauvrissant,1
remise,1
appel,1
fortune,1
tenté,1
retenue,1
relance,2
coût,2
directive,1
abrite,1
vauzelle,6
interdit,1
satisfait,3
dans,6
gravitent,1
furent,2
faible,3
entrerait,2
orbite,1
public,7
réformes,3
physiques,1
médias,7
obtenu,1
souscrire,1
candidature,3
mouvement,12
ecclésiastiques,1
incomparable,1
extérieures,4
gouvernés,1
simple,5
rapport,5
voulaient,2
camouflet,1
mandat,1
götteborg,1
importante,3
suffit,1
offert,3
gouvernants,1
mieux,5
handicap,1
boeuf,1
retoqué,1
insultes,1
affaires,1
vocation,1
ecosse,1
estime,1
croissance,2
pléthorique,2
mises,4
thaïlande,1
voisine,1
incompatibles,1
comparaison,1
partageant,1
inquiètent,1
coeur,4
verra,2
inadaptée,1
conscience,5
portent,2
amis,9
fraudes,1
royales,1
voies,1
picrocholines,1
libération,2
jeanne,15
déplorables,1
historique,2
religieuses,1
conquêtes,1
grèves,1
dantzig,1
barre,2
préparez,1
publié,1
déroulera,1
rétracter,1
ouma,1
présidence,1
matelas,1
veille,1
fantaisie,1
moyen,4
cadres,2
barbier,2
subventionné,1
bénéfique,2
antinationaux,1
trompe,1
défensifs,1
rouen,3
précèdera,1
pleine,4
renoncement,1
entièrement,1
voile,6
fanatique,7
certains,5
imprimerie,1
promotions,1
créatrices,1
appartient,2
juridique,2
cercle,1
réduits,1
