first,second,likelihood_ratio
grand,meeting,43.277407886033025
rôle,important,29.912827435057416
réformes,nécessaires,35.63319904270955
conseil,administration,58.0433667591614
conseil,régional,43.07565073748928
assez,normal,25.489352998706206
économiques,sociales,41.717072568003545
pose,question,50.37397897335561
élection,présidentielle,80.29281471601352
trouve,scandaleux,27.882415325332246
trouve,assez,24.97674196925676
jean,paul,54.53290576679592
sécurité,sociale,51.68178823108322
balle,camp,41.717072568003545
petits,groupes,44.972192300984986
autres,pays,35.206873130249065
hommes,politiques,42.327137465147416
gouvernement,français,14.697395973384822
veut,dire,15.788330533606214
nombre,gens,22.635242778953835
nombre,autres,14.392663546755383
deuxième,tour,75.83117263131922
dois,dire,63.53515274632412
autant,plus,15.016309203885971
guerre,civile,46.85709823107247
millions,étrangers,26.940662881341773
millions,voix,20.75285149639167
millions,électeurs,20.29434899026857
gouvernements,français,19.764572799290058
crois,peur,15.696380323503853
crois,savoir,10.644745479877958
crois,crois,9.99804370079183
crois,déjà,8.122415969011357
crois,faut,7.134085910460615
etats,unis,115.3784113164511
premier,rang,36.540024079637604
premier,ministre,30.461067076130057
avais,deviné,55.98807611208259
milliards,francs,43.30451733538273
faire,club,28.159428660902197
faire,réformes,17.66490124947842
faire,europe,5.457165639949037
mois,après,27.762059524084634
europe,plus,19.925180858550323
europe,bien,5.721419834837275
constitution,européenne,31.40082414322416
sera,plus,16.268348334717977
européens,bien,11.70874316775495
voudrais,dire,15.049920240984274
bien,évident,30.04796557593116
bien,évidemment,12.924741258662397
bien,crois,7.838502854209695
bien,faut,5.831750453905392
bien,dire,0.8155765881271795
président,république,138.088116354964
pense,français,6.7620184663614005
santé,président,26.154935298804837
politique,française,30.789730731679832
cancer,prostate,50.03422460984545
réponse,peuple,21.79437575403881
voilà,crois,10.644745479877958
toute,série,41.6419481641178
vais,dire,26.403755317886116
parlement,européen,29.650804784446063
était,villiers,15.079207769609463
pays,européens,34.15253895050786
mais,écoutez,27.30240503019188
mais,savez,10.714071006037251
mais,pense,7.568600976705568
mais,crois,5.043560971286366
mais,bien,3.8699747489002396
secrétaire,général,58.0433667591614
français,crois,1.9342085241171625
sans,doute,55.132335098837714
immigration,massive,33.81709360253221
faut,dire,32.79968220443862
faut,savoir,31.24634385265314
faut,faire,24.18277381846785
faut,bien,17.173160755951095
jusqu,présent,35.633199042709556
nous,sommes,90.4794680873244
nous,avons,38.22499209353347
front,national,359.70764536742706
mettre,place,24.44657402643578
services,publics,60.400831375439225
temps,temps,31.341160044743727
voulez,bien,12.95482966543123
voulez,faire,10.978004135600667
zone,euro,54.315114972482306
présidence,république,35.936293454428395
france,alors,12.461364333732941
france,plus,2.97682658419029
dire,monsieur,13.739751400672297
dire,était,8.488174433730492
dire,suis,6.755896361938098
pouvoir,faire,12.210818018083557
peuple,français,74.2718862843585
partir,moment,29.96995163226579
partis,politiques,30.58527926850247
gens,banlieues,26.023483308901245
dont,voyons,30.58527926850247
problème,bien,9.172938913212956
homme,politique,20.6870561060185
après,guerre,21.51570620213085
monsieur,villiers,83.7352118192504
monsieur,schröder,35.464918172403195
jacques,chirac,198.96961811994316
sait,bien,8.850378049599758
plus,grand,26.828757538582465
plus,enfonce,26.325246344880902
plus,grave,25.645889861731586
plus,suis,3.0949114890237643
plus,plus,1.101501343439475
paris,espace,39.45023644556784
espace,charenton,50.03422460984545
sais,rien,45.59564629402028
place,opéra,37.308020398678394
économique,social,37.219824683475274
certain,nombre,330.98957249466486
assemblée,nationale,34.915107832909435
beaucoup,mieux,22.06648362973189
beaucoup,plus,16.268348334717977
campagne,électorale,39.520833060650276
grande,partie,41.30206050860352
moment,donné,26.046917340911058
suis,présent,19.07722275694123
vous,savez,100.55527801632232
élections,présidentielles,37.14490509274553
élections,européennes,31.065128459083404
quelque,sorte,259.824958037859
quelque,chose,85.06717645609886
