word,raw_frequency
brest,1
palliatifs,1
lieu,1
participe,1
cache,1
désirés,1
unification,1
complémentaire,1
impressionnant,1
euro,8
spécialistes,1
qualité,2
centrales,1
consortium,1
parlementaire,4
grenade,2
lieutenants,1
cessait,2
apprécié,1
ironisait,1
magistrature,2
dénoncées,1
rassure,2
lequel,8
implantation,1
marges,1
prompteur,1
choisi,2
maîtriser,2
etats,7
clandestins,2
joli,1
transports,2
crée,1
preuves,1
porteront,1
restera,2
fédérale,1
risquer,1
émissions,1
classe,2
immédiatement,2
prenons,1
relever,1
abusif,1
arrière,3
manipulations,1
voyageurs,1
devons,4
généralement,4
figure,1
raisonnement,1
exerce,3
prononcer,1
participé,2
marché,1
caché,1
gouverneur,3
menteur,1
royal,2
arrêter,4
rats,1
retour,2
sensibilités,1
égaux,1
allaient,1
effacement,1
venir,3
ironiques,1
électorales,1
devant,6
civile,5
croyez,1
suite,6
européenne,11
bond,1
milliers,9
jours,8
appartiennent,1
extrême,1
bébé,1
montrera,1
règlement,2
1942,1
choqué,4
merci,4
gaulle,1
disparition,2
deviné,4
billes,1
puisque,15
énervés,1
villepin,2
monde,36
courageuses,1
toute,11
crains,2
train,5
sauter,2
rappeler,3
produit,1
culturellement,1
dirait,1
rappelez,1
dirais,10
vendée,2
repris,1
sympathisants,1
engage,1
bile,1
manipulé,2
incendiaire,2
apercevront,1
commentaires,1
communautés,1
concède,1
obligé,2
cohabiteur,1
culot,1
résultat,2
participation,1
barrières,1
pays,66
avertissement,2
désillusions,1
violent,1
parfaitement,1
participer,4
mois,7
contact,2
antilégale,1
appelle,10
fonctionnaire,2
groupe,3
éventuellement,3
combats,3
xénophobie,2
réclame,1
destinés,1
montré,1
illusion,1
descendre,2
tardera,1
veuille,3
droiture,1
plombier,1
écrit,1
vraie,1
président,27
trottoirs,2
finir,2
réforme,1
censure,1
tactique,1
fragilise,1
approche,1
ferme,3
engagé,3
comprendre,1
effet,15
élèves,2
polluer,1
emporte,1
collègues,1
comme,1
marmorisation,1
métaphore,1
statut,1
étonnerait,1
réfléchir,1
majeur,1
représentés,1
amérique,1
perte,2
faillite,1
seuls,3
pacificatrices,1
philippe,2
pense,45
déclin,1
attaquant,1
production,2
panne,1
voyait,1
maître,1
enfin,15
menacés,1
astuce,2
française,21
entrainer,1
anticonstitutionnelle,1
manichéenne,1
physique,1
amoureux,1
pensez,3
correctionnelle,1
mortelle,2
penser,6
malte,1
migratoires,2
véritablement,1
exclusivement,5
germains,1
sénat,1
colonisation,1
économie,2
intervention,2
servant,1
français,93
nuire,2
courants,1
remplace,2
attirent,1
condamné,5
aurais,5
décident,1
aurait,13
sauvés,1
bleus,1
niveaux,1
observateurs,1
préféré,1
techniques,1
grave,7
semble,12
lundi,1
bureau,1
condamnations,1
combat,7
devrais,1
gasperi,1
impressionnait,1
suisses,2
faire,91
persécutions,1
compte,8
délèguent,1
défense,1
pose,9
chargés,2
parias,1
observe,1
fais,8
vendre,1
occupez,1
rome,1
faim,1
déportations,1
meurtriers,1
démonté,1
série,3
gaulois,1
gendarmerie,1
apparaitre,1
annonce,3
convaincu,3
profitant,1
territoire,3
invitez,6
abstentionnistes,1
action,6
égyptienne,1
grade,1
assénées,1
contre,13
entrée,3
aurai,1
tribunal,1
sympathiques,1
autorité,6
prenne,1
elue,1
estimais,2
remplacé,1
chrétienne,1
dérisoire,2
soif,1
disparaitrons,1
entendre,2
désormais,6
evidemment,1
entend,2
cotisations,1
coupables,1
débloquer,1
venaient,1
raciales,1
honorable,1
citoyen,2
courantes,1
réalités,1
arrivés,1
raffarineries,1
correspondent,1
dominée,1
cherche,1
voulait,2
désaveu,1
coins,1
impasse,5
torrents,3
duplicator,1
législatifs,1
juvénile,1
faudra,5
quelques,18
activité,1
choquante,1
étude,1
entré,2
rédigé,1
nationales,1
rachète,1
discours,1
révèle,1
irréversible,3
aspect,1
prolonger,1
mairie,2
punitions,1
commerce,1
enverra,1
organiser,2
occuper,1
phénomènes,2
employé,1
devais,2
réservons,1
fidèles,1
imposé,1
compatible,1
prémisses,1
jeunes,6
drame,1
choisis,1
publique,1
trouvés,1
craignent,1
identité,3
couler,1
apathie,1
sondage,2
présidente,1
populaire,3
cruellement,1
favorablement,1
empêcher,3
humains,1
normalement,2
entre,18
présidents,1
visages,1
boomerang,1
confiant,1
prochaines,1
apprêtaient,1
mètres,2
indépendante,2
pierres,1
souhaiter,1
diabolisation,3
souhaitez,1
interdite,1
européen,19
cruche,1
changement,2
connu,4
apparence,1
magistrats,2
essayant,1
obéissent,1
impose,3
singulièrement,1
procédé,2
direction,3
majorité,13
obéir,1
légitime,1
rabattre,1
industrielle,1
malheureusement,5
feront,1
ferons,1
essayent,1
agités,2
reporté,1
grosse,3
bompard,1
surprendre,1
rappel,1
immeuble,1
souvenir,1
situations,3
serez,1
matérialistes,1
grandiose,1
conjoint,1
théâtre,1
ballon,1
semaines,3
1957,2
souverain,3
sécurité,6
avancer,1
emprisonnement,1
considéré,2
opprobre,1
sentiment,6
réitérée,1
faiblesses,1
amasse,1
sortent,1
fallacieux,1
certitude,1
multilatéraux,1
dignité,2
sincèrement,2
tendance,1
géographique,1
conséquence,2
adoptée,1
mobilisé,1
spectaculaire,2
figaro,1
connaissent,1
souhaite,9
après,21
hélas,1
échappons,1
menés,1
rouge,1
entreposées,1
voulez,22
paralysées,1
remercié,1
engagement,1
pierre,1
vendredi,1
généralisé,1
créer,1
conflits,1
molotov,1
récusé,2
légion,1
vouloir,2
mettre,11
proximité,1
proposait,1
proposition,1
pied,1
signer,1
centaines,4
revenir,3
diable,2
dévaluations,1
évité,3
appliquent,2
écart,2
pouvoir,18
constituait,1
suffi,1
représailles,2
contenterait,1
proprement,2
précédent,2
leader,6
maire,1
fréquentaient,1
forme,5
malgré,6
décisif,1
mené,2
accepte,4
bruit,3
veil,1
obligations,1
autres,37
plus,123
établi,1
courir,1
vérifier,2
frères,1
françois,2
aveu,4
rassurer,1
culturelles,1
barrot,1
électricité,2
étranger,2
enfants,8
héroïsme,1
vous,26
électeurs,15
tromper,1
confondus,1
mort,6
solennel,1
déguisé,2
chances,5
propositions,4
médecin,2
amour,1
note,4
sinon,1
ceux,1
normale,1
écrite,1
payé,1
homme,9
employés,1
gagne,2
barroso,2
secours,1
bombes,1
allons,7
revendique,2
maintenir,2
conduisait,1
excellente,3
région,1
cuillère,1
échappe,1
vichy,1
rugbymen,1
décidera,1
opinions,3
endormissement,1
reproche,1
tout,9
tour,10
tous,3
modernité,1
indifférent,2
déluge,1
marchent,1
avril,1
fallu,3
consenties,1
humanitaires,1
union,6
franc,1
politique,48
raffarin,3
vais,15
retrouvons,1
faux,2
manifestations,4
tomber,1
perdu,1
seniors,1
faut,58
attaché,2
front,28
bataillon,2
médiocre,1
notais,1
votent,2
noté,2
vannes,1
critiquent,1
précipice,4
pouvoirs,8
profite,1
irrégulière,1
disparaissais,1
disparaissait,1
forcément,3
vacciné,1
compter,1
tromblons,1
distance,2
terreur,1
troupes,5
pleut,1
inhumaine,1
passées,1
solana,3
point,12
contraire,6
petites,1
absolument,22
fortement,1
pourquoi,5
politico,1
sociale,8
impôts,1
cacher,1
choisie,1
essentielles,1
avais,11
apprentissage,1
votons,2
impliquer,2
identiques,2
attribuée,1
racines,3
1956,1
industriels,1
défendre,5
anglais,6
lourde,2
celle,20
meilleurs,1
remarquable,1
murs,1
fusionnés,1
annonçait,1
lester,1
colis,1
spécial,1
médiatique,2
suffisamment,1
échapper,1
mémère,1
commissaires,2
auxquels,3
informe,1
divorcé,1
notant,1
erreur,2
transformer,1
prévu,1
accords,2
constituer,1
présidentielle,8
intention,1
guillotine,1
original,1
genre,4
régression,1
route,1
tchéquie,1
sauté,1
alimentaire,1
proches,1
bombe,1
prestations,1
duplex,2
impuissance,3
reconstruire,1
redonner,1
rendent,1
décennies,4
porté,1
chômage,5
ressenties,1
mesures,2
syndicat,1
rendus,1
services,5
émission,2
marque,1
sûrement,2
prétention,2
effort,4
turcs,3
civilisé,1
seront,5
serons,1
ampleur,1
habitué,1
agonie,1
races,1
naturel,1
virtuelle,1
loyauté,3
angoissé,1
informé,4
radio,2
attirer,1
décomptés,1
musée,1
améliorer,1
mienne,1
défendent,2
sorte,23
paris,8
regarder,2
deals,2
catastrophique,2
visage,1
pourrions,1
saute,1
tabassé,1
législative,2
poux,1
garder,3
complicité,1
passez,2
généralisée,1
aperçoit,2
passer,6
énergie,1
vraiment,3
excellentes,1
aura,17
petite,7
exister,2
passait,2
électorale,3
martyr,1
hier,1
exprimer,5
trouve,25
jetés,3
souvenez,1
petits,7
moyenne,2
texte,2
vieux,1
communauté,3
conséquences,5
rares,1
porter,4
aplomb,1
cité,2
sarkozy,13
nous,21
pigeonnés,1
devait,1
garantie,1
militaires,1
palais,1
espagnol,2
jean,3
politiciens,1
dirigeons,1
famille,1
traductrice,1
vienne,1
représentant,4
raisons,11
coué,1
europe,59
esquivé,1
importance,5
fogiel,1
intérêt,9
adoption,3
appréhendons,1
nouvelles,1
empêché,2
courtoisie,1
synthèse,2
aviez,1
relation,1
étonner,1
modèle,2
marteau,1
heures,1
coordination,2
hésité,1
osent,2
considération,3
reconnaitront,1
inspirera,1
rivière,1
troubles,1
devraient,1
enclenché,1
pardon,4
excuserez,1
quarante,2
souple,1
insultant,1
malheureux,3
obéissance,1
rappelons,2
trouvaient,1
professionnel,1
espaces,1
meurent,1
meeting,8
façon,8
judiciaire,1
invective,1
hollande,2
donc,3
voulu,3
révélées,1
particulièrement,1
prendrez,1
citer,1
partage,1
situation,22
ariane,1
immédiate,1
ornière,1
barnier,1
considèrent,1
cachaient,1
chassera,1
tours,1
empêche,1
détourner,2
alphabétique,1
autour,3
responsabilités,3
turcophobes,1
elles,1
allait,3
agitation,1
roule,1
angoissés,1
irlande,1
plainte,1
millimètre,2
audiovisuel,1
cochons,1
ambiance,1
revient,2
penseront,1
semaine,3
décision,3
massacre,2
disparaissiez,1
turque,2
football,1
texas,1
nombreuses,1
promis,1
maires,8
guerre,17
adhésion,1
entier,1
problèmes,4
prochaine,2
élection,9
régulariser,2
augmenté,2
aigreurs,1
drapeaux,1
revendiquer,1
manœuvres,1
traiter,2
divorce,1
vision,2
concocté,1
délai,2
inacceptable,2
échouait,1
tard,1
piteuses,1
totalement,3
diminuées,1
casuiste,1
justes,1
venue,1
type,1
dirigent,1
journaliste,1
aurions,1
exécution,1
beurre,1
venu,4
masse,1
aide,1
grenades,1
cohérente,1
européiste,3
pire,9
agricoles,1
besoin,5
assurée,1
journaux,2
partie,14
convaincre,1
assurés,1
personnage,1
conduire,1
partir,7
partis,5
présentation,1
porc,1
hôpitaux,1
impression,1
corse,3
allemande,5
attendez,4
hostile,3
rechercher,1
gros,1
allemands,3
lancent,1
augmente,2
agissant,2
caricaturale,1
soupçonne,1
gouvernement,12
reprocher,1
conférence,3
règles,1
parrainages,1
dominante,1
qualifier,1
sorti,2
autorités,1
tenu,3
prévoient,1
bonne,9
internes,1
bousculer,1
héroïques,1
cela,4
prononce,1
députés,2
bloc,1
laisser,2
képi,1
promesses,1
curieux,1
parsèment,1
2ème,1
échec,7
catholique,1
bouteilles,1
essayait,1
tâches,1
adresse,2
translucide,1
responsabilité,10
absent,1
justifiait,1
actuellement,4
géopolitiquement,1
pape,4
capitulé,1
reçus,1
bonheur,2
représentez,1
nourrir,1
arriver,6
régler,2
livres,1
tâche,2
correction,1
croissance,4
politiquement,1
connaissance,2
cesser,1
formules,2
voleur,2
vengeance,1
défi,2
contrat,1
auprès,2
études,1
féérique,1
compétiteur,1
pages,1
tribune,2
babel,1
activités,1
insistance,1
commission,3
jouant,1
dramatiques,1
espoirs,1
honneur,1
regroupement,1
doctrine,1
assistantes,1
françaises,4
embarrassé,1
abandon,3
jeter,2
demander,1
rude,1
incontournable,1
demandez,1
abstraire,1
dites,5
croyait,1
pirouette,1
avance,5
arguments,1
mensonges,2
impressionné,1
transfixer,1
exprimé,1
culottes,1
occupés,1
artères,2
gouverné,2
protéger,3
auquel,1
acceptable,1
conséquent,33
programme,3
pères,1
cartes,1
faisait,4
dépendre,1
éliminé,1
transparence,1
dits,1
depuis,2
continue,4
parachutiste,1
fondé,1
médecins,1
participants,1
procès,2
incident,3
économiques,4
pouvez,1
milliards,5
compare,1
devrons,1
gêne,1
probable,2
origine,8
réglé,1
passivité,1
désigné,2
admis,1
flambée,1
capacité,1
mérite,2
négociations,2
œuvre,1
exécutifs,1
désindustrialisation,1
évaluent,1
hôpital,1
voter,4
malhonnêtes,1
sncf,1
adverses,1
permettrait,1
mails,2
postaux,1
certaines,3
bateau,1
coutumes,1
alsace,1
gardées,1
commissaire,3
construit,1
représente,1
neutre,1
duré,1
compassion,1
constitutionnel,2
mensuellement,1
incidente,1
nationaux,2
siècles,2
délégation,1
drapeau,1
gollnisch,1
positions,5
lutté,1
flashballs,1
simplement,4
ancien,4
commun,5
russe,1
tristes,1
borel,1
défendable,2
plongé,1
puissent,2
lâcher,1
borrel,1
gauche,5
efforcer,1
espère,4
arrive,2
obscures,1
gêné,1
ferai,1
jugés,1
présidence,3
parlent,2
lecat,1
affaire,9
remporté,1
réduit,1
appoint,1
souris,1
sourit,1
diplôme,1
perpignan,1
options,1
traduit,1
citoyens,3
recommencer,1
présentable,1
discipline,1
exemple,11
vient,8
viens,3
inhibé,1
placement,1
affirmez,1
savons,1
piégé,1
refusons,1
processus,8
arabe,1
tiens,3
lutte,2
envoi,2
exacts,1
doute,12
exportations,1
protection,1
capable,3
2013,1
sharon,1
estiment,1
exacte,1
signature,2
villiers,18
singe,1
pareil,2
répondrais,2
mauvais,1
essence,1
constater,2
permettez,3
travaillé,1
sujets,5
critère,1
sortes,1
agissait,1
ministère,1
grappiller,1
soin,2
gagneront,1
soit,29
soir,3
confidentiels,1
semblant,1
abusé,1
valoir,1
moderne,1
douze,1
débriefé,1
trimaran,1
verdict,1
rivalité,1
régularisés,2
facilement,1
surpris,1
mener,2
ruiné,1
rien,17
vice,1
mécaniques,1
seconde,2
constitution,34
ouvrir,1
rigoureux,2
mondiaux,1
pateline,1
espagne,4
cancer,4
souche,1
franchise,1
donnée,3
soigner,1
posez,3
commentaire,2
bouleversement,2
êtres,2
mensonge,2
donnés,1
mise,3
racisme,2
posé,3
déserté,1
oussekine,1
énarque,1
démonstration,1
irakienne,1
avaient,6
gestapo,1
peuple,29
publics,5
système,3
échappé,2
stations,1
moscovici,1
réserver,1
possibilité,4
démocratique,4
casse,1
récent,1
danger,4
délégué,1
tirent,1
liaison,1
catégorie,2
envoie,1
négocier,1
opération,4
avons,24
rituelle,1
incarner,1
quelque,34
bruxelles,3
partout,3
risque,2
braves,1
extérieur,1
géographie,1
chiffre,1
pression,2
influence,1
style,1
change,3
rocard,1
valu,1
constant,2
zéro,1
précautions,1
engageant,1
janvier,1
somme,1
événements,11
veulent,4
désaccord,2
organisé,1
engagent,1
gens,73
préciser,1
brûlés,1
utilité,2
huns,1
chargé,5
toujours,13
interprétées,1
peuples,4
méthodes,1
ferroviaire,1
tardive,1
mitterrand,3
émeutes,2
philosophie,1
article,3
relativement,2
dévoués,1
faible,2
respecte,3
conviendra,1
tire,1
régner,1
tortue,1
contribuent,1
respectent,1
presque,3
delà,1
régulière,1
inespérées,1
allé,1
précédé,1
demanderait,1
soixante,2
paru,2
informations,1
quitter,1
devient,2
changé,4
porte,2
informelle,1
organise,1
longue,1
parrains,1
strictement,3
promeuvent,1
pensais,1
manque,1
avertie,1
dangereux,1
anecdote,1
voitures,2
prendre,17
désolé,1
crainte,3
4ème,1
nation,8
véritables,1
même,2
spirituelles,2
bruno,1
assemblées,1
service,3
connaissons,1
raffarendum,1
bush,1
succès,1
préserver,1
tiré,1
déjà,26
marins,1
respecté,1
répression,1
avoué,1
direct,4
préoccupe,1
raison,17
shows,1
politiques,21
façade,1
baisser,2
centre,1
méthode,4
passera,1
partisan,1
parlé,4
craint,2
décidé,2
établir,1
congrès,4
donne,3
millier,1
présidentiel,1
donner,9
quelqu,7
serait,26
eglise,1
inopinément,1
donnez,1
armés,1
montrer,1
favorable,2
sans,4
résistance,4
creuser,1
marine,6
vache,1
boursier,1
constitue,2
souvent,6
compatriotes,2
toutes,9
policier,1
prostate,3
engagés,3
aimable,1
langues,2
fonctionnaires,1
aboutira,1
vertigineux,1
francs,4
aînés,1
pesante,1
regrette,2
tirais,1
france,74
assister,1
jamais,16
comparables,1
islamisme,1
passerais,1
certain,36
féliciter,1
sérieuses,3
venez,2
postes,1
délibérée,1
décide,1
parle,12
promu,1
trouvé,2
présidentielles,4
monté,2
dise,1
signal,1
armurerie,1
mourir,1
donné,12
signé,1
vers,2
décider,5
endroits,1
prisonnier,1
fermes,1
allez,4
leçon,3
intéressant,1
aller,12
émissaire,1
globalement,1
grande,9
pilon,1
positive,1
complexe,1
officiels,1
déficitaires,1
transparent,2
exécutants,1
étend,1
interprétariat,1
giscard,1
victimes,3
tantôt,3
nicolas,1
vôtre,1
concerne,1
comptent,1
vois,2
pressenti,1
ambition,3
différent,1
oppositions,1
seine,1
verrez,3
incertitude,1
arracher,3
reçu,4
abandonner,2
aperçois,1
argument,2
concurrence,4
proportions,1
confirmé,1
absorbée,1
exigence,1
terme,2
criminels,3
attaquer,1
différentes,2
démocrate,1
démographique,1
survie,1
dispositif,2
bercé,1
personnalités,1
sociaux,1
battue,1
redoutable,1
emplois,2
touchent,2
confions,1
lesquelles,2
rapatrie,1
témoignages,1
économique,8
largement,2
fédérations,1
évidement,1
auditeurs,2
essayer,7
demi,2
barrer,1
tribunaux,2
commencé,2
défend,1
retourner,1
regrouper,1
extravagant,1
clarifie,1
grève,1
sciences,1
école,3
permet,1
reconnus,1
seraient,4
besancenot,2
etat,1
engageait,1
fondamentales,1
bats,3
journalistes,2
otan,1
passés,2
autrement,6
prestige,1
définissent,1
cour,1
coup,1
frontière,1
senti,1
compris,5
élever,1
frotte,1
respect,1
naturellement,3
parlement,6
remarques,1
dois,7
ajoute,1
règle,2
répond,1
avez,11
valait,1
niveau,4
résignés,1
conclusion,2
démontré,2
super,2
retrait,1
personnellement,5
bâton,1
nôtres,1
préalablement,1
obligent,1
dont,21
désintéressés,1
conditions,6
agit,5
urbanisme,1
patron,1
forces,3
forcer,1
administratives,1
livre,7
obligation,1
européennes,8
trouver,7
commence,1
moquent,1
directement,3
formidable,1
payer,1
sociales,6
rompre,2
poire,1
historiquement,1
ratiocinons,1
contestation,1
langue,5
américaine,1
hommes,6
image,1
violences,1
dispersées,1
promoteurs,1
lancer,1
personnelle,2
utile,2
vécu,1
comment,7
reconnu,1
alliés,2
serai,7
privatisés,1
impliquera,1
monoparentales,1
matériels,1
relative,1
parents,2
jouer,4
miens,2
morts,4
vérité,8
armée,5
tuyaux,1
près,3
malik,1
sait,19
empire,1
plait,1
servi,3
créée,1
détruire,1
coopérer,1
avare,1
démocratie,2
bain,1
intellectuelle,1
pendant,10
trouverais,1
serais,1
1913,1
vecteur,1
partirais,1
dispositifs,1
partagent,1
argent,2
circonstances,4
histoire,8
entends,2
entrainement,1
bravo,1
combien,4
schröder,3
intérêts,6
sauf,3
incontrôlée,2
sine,1
propre,4
misère,1
madame,3
traitres,1
grâce,3
envahissement,2
aveugle,1
mobiliser,2
coûts,1
moment,15
inquiet,1
torrent,1
voilà,17
disqualifier,1
apportiez,1
enchainements,1
secret,4
était,56
censés,1
réponds,2
jusqu,6
critiquer,1
schengen,1
passeront,2
fille,2
prétend,1
disons,1
instant,6
ministre,8
déficits,1
libertés,1
manière,3
12ème,1
inviter,2
incapables,2
euros,5
réussit,1
contrairement,1
interrompe,1
loger,1
vladivostok,1
cadre,4
javier,2
présenter,4
leur,1
bandits,1
matériel,1
gagnent,3
amenée,2
acculer,1
nouvelle,2
désert,1
viendront,1
expression,1
recroquevillée,1
personne,1
moubarak,2
débat,10
preuve,5
profondément,1
petit,11
assemblée,5
particulier,8
arrachera,1
martiniquais,1
gérez,1
nature,3
drôle,3
sortir,3
conjonction,1
organisation,1
ensuite,1
mouvements,1
barrière,2
principe,5
sortie,1
pontage,2
voyez,11
mouvement,7
justifier,3
balle,4
aucune,3
poids,5
rigolo,1
douleur,2
compensant,1
débats,4
manières,1
cibles,1
deuxième,9
contrarié,1
appelés,1
perdre,2
vaut,1
couleur,1
turcophones,2
essentiel,7
dizaine,1
expliquera,2
dévouement,2
vacances,2
interprétations,1
guéri,2
promettant,1
fonctions,1
annoncé,1
objectif,4
européens,12
ouverts,1
expérience,3
phénomène,3
bien,155
optimiser,1
structure,4
bénéfiques,1
électorat,1
mille,1
fasse,2
ouverte,3
noyaux,1
fragile,2
rassemblement,1
négligeables,1
interdits,1
devoir,3
carcan,1
sacrifier,1
proposent,1
arabes,1
immigrés,7
responsable,4
comité,1
manifestation,1
compagnie,1
démission,2
sentais,2
félicite,3
vieilles,2
neutralistes,1
reconnais,3
détient,2
club,3
terreau,1
faisons,2
causera,1
disciplinés,1
réserve,1
mots,3
soyons,2
innombrables,2
cuisine,1
côté,3
quartiers,1
appliquer,2
avenir,8
feuilles,1
aussi,1
psychologiques,1
poursuivi,1
dérisoires,1
accusation,1
sympathie,1
viennent,5
disant,4
pressions,1
expansion,1
existe,5
laissait,1
trente,4
anciens,3
véritable,8
élaborer,1
showbiz,1
camp,6
accession,1
possibles,1
éduquer,1
élire,1
élira,1
jugement,3
juger,1
réformes,8
législatives,1
reconnaitrez,1
pièges,1
géographiquement,1
milieux,1
rappelle,10
chômeurs,1
apercevrait,1
données,1
correctionnels,1
expliquer,2
cohabité,1
pluie,1
nombre,30
agricultures,1
parce,10
antenne,4
télévisés,1
blessés,1
termes,2
nécessaires,6
projet,3
partagé,2
montagnes,1
fils,3
déteste,2
scolarité,1
étrangère,4
combattre,3
maintenant,1
paysage,1
justement,10
ailes,1
file,2
devez,1
exactement,4
bloquent,1
tant,10
ingénieur,1
respectable,2
salles,1
versons,2
heureusement,3
battre,3
insuffisante,1
accord,6
assurance,1
important,8
trouvons,1
occasions,1
ronronnait,1
photo,1
passage,1
efficace,2
visiblement,1
gesticulations,2
apte,1
lâcheté,2
haute,2
trainé,1
devenir,6
cocktail,1
douloureuses,1
administration,4
pratiqué,1
sauveur,1
devront,4
année,2
limites,1
réintégrer,1
revoir,1
veiller,1
banlieue,2
long,6
concurrentielle,1
département,1
terribles,1
marin,1
justesse,1
domaine,2
remaniements,1
voulais,3
partager,1
angleterre,2
considère,2
honorables,1
espace,4
mettons,1
profonde,1
bénéficiaires,2
capital,5
sommes,30
aurons,1
dispensent,1
auront,2
civil,1
communication,1
campagne,15
irait,1
aérien,1
comiques,1
rangs,2
solution,2
défaite,3
remplacée,2
bataille,3
finlande,1
fâché,1
superficiel,2
moral,1
causez,1
février,1
boréal,1
télévision,7
signifie,2
prononceront,1
produits,1
joué,5
idéologie,1
proposer,2
patrimoine,1
nuisait,1
places,1
placer,1
êtes,10
financier,1
schumann,1
déboucher,1
points,1
nécessaire,3
psychologiquement,1
dirige,2
croient,2
empêchera,1
bras,2
faiblesse,4
rasent,1
charme,1
contenter,1
américains,1
heureux,1
oradour,2
marginal,1
faveur,10
réfléchissons,1
désigner,1
franchement,4
certainement,4
fête,1
faute,2
champagne,1
apparemment,1
lucides,1
fondateurs,2
elle,14
précisé,2
temps,19
zapatero,2
apercevoir,2
mousse,1
massivement,2
atout,2
perpétuer,2
sera,34
dire,108
inquiétudes,1
principal,2
bandes,1
contradictoire,1
torpille,2
progressif,1
dessin,1
inquiète,1
facteur,1
conserve,1
million,1
préoccupés,1
révéler,2
abord,11
soutiens,1
monsieur,28
structures,1
bourget,1
bénéficier,1
tollé,1
prise,2
bourreau,1
souveraineté,1
rabatteur,1
pèse,2
rendant,1
législation,1
soigné,2
convention,2
fusion,1
humblement,1
affirmation,2
gentil,1
traduire,2
impliqué,2
redistribuées,1
accepter,3
répondre,10
incapable,1
avec,3
rend,1
rentrés,1
réorganiser,1
occurrence,3
intellectuel,1
bouleversé,1
assassinés,1
aujourd,15
crime,2
faudrait,4
tentation,1
publiait,1
millions,29
budget,2
ennemis,2
violer,1
unissons,1
loin,5
dramatique,1
presse,9
mince,1
différents,3
probablement,7
voix,14
possible,8
resté,2
impuissants,1
intéressez,2
savent,5
référendum,11
cause,5
démissionne,1
voit,6
franchir,1
franchit,1
penseriez,1
pompidou,2
gouvernementale,1
tragique,2
bénéfice,2
socialiste,1
différente,1
attendu,1
négative,2
autant,9
implique,3
quadruple,2
disparaître,1
immigration,18
tutelle,1
verra,1
achat,1
syndrome,1
irak,1
politologue,1
lendemain,4
flotteur,2
taille,1
commencerais,1
généraliseront,1
%...,1
vôtres,1
aperçoivent,2
pratiquement,3
métropole,1
habitants,2
auraient,2
michelin,1
statuts,1
maastricht,5
éclater,1
marseille,1
large,4
urgence,1
séduction,1
incliner,1
contenterais,1
ailleurs,65
interviews,1
formule,3
reste,8
pompiers,1
suggéré,1
grand,13
garant,2
régime,1
confier,1
assurer,3
difficile,6
ressortissants,1
diffamation,1
culturel,1
mondialisation,1
débarque,1
mentale,1
patriote,4
enfermez,1
payons,1
salvatrices,1
documents,2
virginie,1
amené,2
notes,1
officier,1
fallait,3
souhaitable,1
avoisinent,1
notez,2
perdante,1
actuel,2
sortant,1
considérés,1
physiquement,1
comparer,2
conduit,1
refait,1
distribution,1
excessif,1
dénoncée,1
oublié,1
entretenir,1
journal,2
exercice,3
rentrer,2
égale,1
assure,1
évidente,3
étroits,1
sections,1
voudrais,10
morales,1
saine,1
espèce,10
exige,1
défendraient,1
combattants,2
servir,3
saura,2
considérant,3
cherchent,1
noir,1
hasard,1
doivent,5
interlocuteurs,1
prérogatives,1
monter,3
bretonnes,1
tirer,2
induits,1
arranger,1
obtenue,1
chef,13
mondial,1
ensemble,10
2002,1
députation,1
chez,7
quiconque,2
cher,2
catastrophe,1
régions,1
santé,7
facile,1
informée,1
lois,5
menace,2
accueillir,1
chirac,37
galois,1
média,2
soleil,1
opinion,10
recueillir,1
chagrin,1
tape,1
délocalisations,2
capuche,1
manœuvre,1
malheur,1
élections,11
années,9
déçu,1
prises,1
citerai,1
émeutier,1
pupille,1
aiment,1
rassembler,2
accueil,2
attachera,1
général,9
engagions,1
protégés,1
rédigés,3
hypothèse,4
sage,1
nécessité,2
censées,1
suivis,1
écraser,1
étrangers,6
regarde,2
candidats,3
arrêterait,1
reçoivent,1
toucher,1
celles,6
augmentation,2
réputation,2
incendiaires,2
invité,8
inverse,2
voyons,5
résolutions,2
prennent,1
maison,3
méchoui,1
dépassé,1
manipulation,1
artificielle,1
fond,4
sympathique,2
second,1
déçues,1
chinois,1
mobilisation,3
treize,1
lucide,1
homogénéité,1
habituelles,1
morale,1
succédés,1
poste,5
qualifié,2
baignent,1
égalité,2
peine,6
stirbois,1
culture,1
félicitent,1
mêmes,9
parlerai,1
plutôt,8
enlever,1
présidais,1
bouche,1
cotisants,1
nécessite,1
stratégie,1
prudence,1
cent,2
jeunesse,2
sagesse,1
enfonce,3
avant,1
scandaleux,6
référence,3
3ème,1
chine,2
dirai,1
temporaire,1
prévoit,1
ordre,6
pauvres,4
disposer,3
nice,3
refus,1
votait,2
convient,1
volonté,5
contrôle,1
écouter,1
effondrera,1
fesses,1
abouti,3
militaire,4
écoutez,18
intellectuelles,1
comprend,1
adjectif,1
cinq,1
dépendante,1
aimerais,3
aimerait,1
celui,6
budgétaire,1
catholiques,1
poussé,1
affectueuses,1
ayez,1
national,32
trouveraient,1
questions,6
consiste,1
existante,1
abusons,1
minimum,2
déportation,1
demande,9
rivaux,1
membres,1
consommateurs,2
assez,30
disiez,1
augure,1
commet,1
décisions,3
finirait,1
douaniers,1
domination,1
sérieusement,1
servitudes,1
musulmans,4
installer,1
étant,7
bayrou,1
sport,2
avait,33
éléments,1
plaisir,1
musulmane,3
acceptez,1
affectif,1
ceci,5
chrétiennes,2
milliard,1
positives,1
justifié,2
concéder,1
incapacité,1
négocie,1
heure,3
tricolore,1
porterai,1
changera,1
payés,1
travailler,2
éclatant,1
profondes,2
importations,1
méfier,1
préside,1
souhaitent,2
privilégiés,1
votaient,1
disait,3
péril,1
souhaité,2
générale,2
sachez,1
correspondre,1
communs,1
demandé,3
esprits,2
élites,3
tournerait,1
importe,3
signale,4
familles,1
commune,1
logement,1
interprétation,2
listes,1
européistes,2
longtemps,6
mauvaise,1
offrir,1
unilatéral,1
entrainerait,1
ambitions,3
familial,1
passée,1
trinité,1
potasser,1
détermination,1
invite,2
abritent,1
coupez,1
corrigions,1
crin,1
chaque,1
impact,1
ligne,3
conscient,1
croire,2
émeutiers,2
communiste,1
spéciaux,1
imperméable,1
pesc,1
leaders,2
existera,1
première,6
impulsion,1
rôle,13
bilan,1
substitue,1
concertée,1
right,2
démobilisé,1
concoctés,1
communes,1
soumis,1
réservés,1
sachent,2
réservistes,1
promouvoir,1
nucléaire,1
salle,1
souffle,1
admettent,1
extrêmement,7
machin,1
laissé,1
parti,7
moralement,1
suivi,2
représenter,1
sociologie,1
intégrer,1
charenton,3
poser,1
nuisible,4
conception,7
tsunami,1
lourdement,2
reconnaissent,2
insécurité,3
remis,3
difficultés,1
choix,3
obtenons,1
convainc,1
opéré,1
vendanges,1
dernière,4
trouvais,1
autosuffisance,1
traité,4
pour,6
appelais,1
corps,1
estaing,1
suffisante,2
rencontrer,2
savez,26
député,3
vise,1
martinez,2
disent,11
indignation,1
avantage,1
indépendant,3
suffisants,1
bloquer,1
indépendance,13
nulle,1
troie,2
armes,6
libre,3
stupidité,1
nations,8
trois,8
capacités,4
arbitre,6
ressemblent,1
échange,3
pensent,3
minces,1
préfère,3
difficiles,2
prend,3
démarche,1
traités,3
sais,38
démocratiques,1
relations,3
occupent,2
société,4
présent,8
victoire,8
rédacteur,1
footballeurs,1
escopettes,1
intermédiaire,1
nouvel,1
forte,2
théoriquement,2
contexte,1
faits,3
opéra,3
plaisantez,1
exclu,1
scrutin,2
refusé,3
parler,15
avis,13
parlez,3
adopter,1
récente,1
institutions,6
avancerait,1
interrogé,2
répété,1
déséquilibre,2
souci,1
battrai,1
connait,4
connais,1
faibles,1
tiers,2
choisir,1
verse,1
fonctionnement,1
oligarques,2
inscrits,3
séances,1
revenait,1
travaillant,1
gardais,1
résultats,1
dixième,1
dépouillé,1
avantages,2
préserve,1
moraux,1
appelait,2
propres,9
adresser,1
aime,8
mutuel,1
tombe,1
islamisation,1
consentement,1
menti,1
jettent,2
nuances,1
surtout,17
réponse,12
sièges,1
ores,2
cependant,1
doigts,1
conviction,1
refuse,3
abri,2
trahison,1
détonateur,1
étonné,1
rencontré,1
interdit,2
tardives,1
terroristes,3
très,1
dispositions,4
concédés,1
emploi,2
échelle,1
quatre,1
reprend,2
placée,1
absurde,1
devrions,1
russie,2
travailleurs,1
compétences,1
douloureuse,1
dernières,1
décadence,2
ouvert,2
magique,1
téléspectateurs,1
joue,2
aimé,1
désastreuse,1
mœurs,1
tenants,1
chose,23
impossible,1
réticences,1
premiers,2
intérieur,3
dignes,1
agriculture,1
regimber,1
révélation,1
ayant,2
applique,2
quand,9
économies,1
avisera,1
confondez,1
entreprises,1
entourent,1
triplait,1
question,21
accès,2
rester,6
responsables,3
intervienne,1
fuit,2
décrivant,1
parait,8
courage,7
province,3
circuits,1
patrie,1
1992,1
attirons,2
excellent,3
connue,1
international,4
secrétaire,4
conduisent,1
fable,1
devise,1
confiance,5
cours,3
court,2
augmenter,1
adopté,3
libres,1
premier,12
ciel,2
antisémitisme,1
incongru,1
connaître,1
population,5
espèrent,2
circonstance,2
courageux,5
adhésions,1
baisse,1
averti,2
intervenue,1
place,21
imposent,1
pourrait,9
géopolitique,1
1975,1
ultra,1
communistes,2
intervenus,1
unanimité,1
bout,4
bondy,1
cités,3
démontrer,1
unissez,1
glace,1
remplacer,1
éligible,1
termine,1
retournement,1
fabius,2
battu,1
bouc,1
poussée,1
importantes,1
smic,1
carte,3
utiliser,2
conjointes,1
aphatie,1
travail,10
envoyés,1
désespère,1
république,26
laisse,3
coopération,2
planétisation,1
élue,1
profiteurs,1
acceptera,1
cambuse,1
millénaires,1
position,7
apportez,1
historiques,2
glorieuse,1
moyens,5
interrogée,1
apporter,2
prêt,1
grandes,2
remettent,1
ferait,1
prêts,2
posée,1
actuelles,2
prête,1
mortel,3
placé,2
diplomate,1
évident,15
exercées,1
suis,72
pensée,4
cultures,1
massive,4
resterons,1
africaine,2
tenue,2
terrible,3
savait,2
hein,5
compassionnelle,1
votres,1
idées,5
publiques,2
reçois,3
souveraine,1
reçoit,2
précédents,1
voté,5
habitent,1
cousins,1
mets,2
liste,2
décompte,1
pauvreté,3
perdons,1
trouvent,3
candidat,6
appartiendra,1
rabattu,1
patriotes,2
choc,1
atmosphère,1
plusieurs,5
éviter,1
peser,2
remettons,1
proportionnellement,1
contrôlables,1
pourraient,3
constaté,2
essayé,2
strasbourg,2
édifice,1
anciennes,1
invitées,1
propos,3
encadrer,1
rivières,1
droits,1
copie,1
savoir,17
pris,6
plaire,1
attentif,1
prix,4
inutile,1
prie,1
ordres,2
affaires,6
nocives,1
caractère,2
soient,6
souhaiterais,4
appelez,1
exceptionnelle,1
élevé,2
vote,8
appeler,6
pollué,1
idée,3
futures,1
époque,1
particulière,1
propagande,1
minutes,2
exercices,1
opérations,1
piégés,1
domaines,4
riche,1
étonnant,1
bouquet,1
constate,4
essaye,1
frontières,1
retrancherais,1
mère,3
pinaillez,1
personnel,6
brutalement,1
contentent,1
vivent,2
morbihan,1
bavure,1
priori,1
accumulent,1
indignité,1
atomique,1
guillemets,2
quelle,3
intégration,1
omnisport,1
animaux,1
conseil,9
méduse,1
entrer,6
venant,3
passé,4
vivant,1
midi,1
militants,6
définitivement,1
grenouille,1
danemark,1
gagner,4
seuil,1
payent,1
bordeaux,1
applaudirais,1
fidèle,2
policiers,5
accident,1
bataillons,1
octobre,1
populations,2
majoritaire,2
avions,1
ressentent,1
fierté,1
crois,127
croit,1
suarez,2
lepénisation,1
rang,4
frustrations,1
réalité,2
devenu,1
résolution,1
choses,17
magma,1
refusez,1
montre,1
métier,3
pénible,2
ecoutez,26
docteur,2
bouleverser,1
émouvoir,2
passe,2
démagogie,1
bilatéraux,1
pourrons,2
cochin,2
nulles,1
alors,21
puisqu,11
photos,1
signatures,4
douloureux,1
remontants,1
chevau,1
pourtant,3
quelquefois,1
mondiale,2
changent,1
proportion,2
rayonnement,1
provence,2
cheval,1
traitait,1
égard,4
entendu,4
ministres,3
zorro,3
prononçaient,1
mieux,10
décembre,1
jacques,17
mouche,1
bord,1
permettent,1
offre,1
contrefacteur,1
contagion,1
réagissant,1
battent,1
1986,1
habilement,1
sensibles,3
beaucoup,34
allusion,1
qualités,2
initiative,4
social,5
prouve,3
commentateurs,1
retombera,1
statistiques,1
expédient,1
huit,1
ramadan,1
gendarmes,2
amsterdam,2
certains,3
posent,2
épreuve,1
exception,1
situe,1
adoration,1
monnaie,4
certaine,1
aberrations,1
intrusion,1
anxieux,2
veux,4
yeux,4
dirigeants,2
sévèrement,1
veut,9
puisse,8
tournera,1
sceau,1
bouton,1
agriculteurs,5
inhumaines,1
sérieux,2
femmes,3
revanche,5
public,4
redonne,1
contraignez,1
lesquels,2
apparue,1
demain,9
défenseurs,2
liberté,11
extraordinaire,2
préparés,1
adversaires,8
contacts,1
apprenaient,1
laquelle,11
inscrive,1
dernier,2
taire,2
consultation,2
opposition,2
piéger,1
occasion,6
allemagne,7
objectifs,1
régional,3
partons,2
changer,6
désignation,1
dessous,1
dieu,4
apprendre,1
paul,3
affirment,1
information,3
arrivé,2
socialistes,1
appliquons,1
paternelle,1
barrage,1
problème,18
terrain,3
tennismen,1
risques,1
botter,1
veuillent,1
flux,1
judiciaires,1
soutien,1
suivons,1
peux,5
sondages,7
gendarme,2
peut,3
définition,1
cohabiter,1
unique,1
peur,19
détenir,1
délinquants,2
amusant,1
repli,1
puissance,6
admiration,2
voiture,1
submergés,1
autrefois,3
tenter,1
disparaitre,1
amenant,1
événement,1
respectée,1
détendre,1
décris,1
bonnes,2
emploient,1
sens,3
connaitrez,1
remettre,3
face,6
alternative,4
signés,1
protégeait,1
lire,1
18h30,1
soins,1
cavalerie,1
substituez,1
hauteur,1
cesse,1
grandi,1
automatique,1
précipiter,1
insensible,1
étais,8
dénonçant,1
ouvertes,1
tenir,3
grosseur,1
intéressent,2
désindustrialisations,1
annoncer,1
isolés,1
toutank,1
professionnellement,1
badauds,1
inconvénients,1
téléguidés,1
père,6
mordus,1
ainsi,3
éthiques,1
repartir,1
taureau,1
retraite,2
dépend,2
répondaient,1
transformation,1
intègre,2
apparaissait,1
marquent,1
slovaquie,2
trouvera,1
habillé,1
wehrmacht,1
parcours,1
entreprise,2
formation,2
riposte,1
oiseau,1
aimer,1
savions,2
compétence,1
risée,1
éditorialistes,1
double,3
montée,4
maintien,1
mayoral,1
algérienne,1
mâché,1
reprenant,2
option,2
chercher,3
mais,80
risquent,1
civilisation,1
noms,2
nucléaires,1
terre,1
télévisions,1
difficulté,3
corrobore,1
soutient,1
intenable,1
obtenir,1
chat,2
propose,6
carré,1
détestable,2
nationalité,3
intelligent,1
groupes,3
renseigne,1
discussion,1
normal,7
constitutionnalisant,1
peuvent,3
proche,1
lettre,1
tenez,2
glisse,1
pouvons,4
jouera,2
prestation,1
trainer,1
remercie,2
aides,1
permanente,1
léger,1
debré,1
spectacle,1
épisode,1
différence,2
suppression,1
banlieues,10
aristo,1
zone,5
finit,1
fera,1
parlais,1
intéresse,1
procuré,1
gouvernements,6
présenté,1
soutiennent,1
fièvre,1
unis,7
préserverait,1
réponses,2
corrompus,1
bœuf,1
appareil,1
démocratiquement,1
prendront,1
police,4
mesure,5
interpréter,1
chacun,6
bâtiments,2
invitent,1
indéfiniment,1
violents,1
défenseur,2
calme,2
généreux,1
diplomatie,1
courant,2
durée,1
ressenti,1
espérer,1
léotard,4
déterminé,1
considérable,2
divergents,1
essentiellement,1
nationalités,1
outrecuidance,1
leçons,1
contente,2
conduits,1
licencié,1
enjeux,1
vive,1
suivante,1
salops,1
entendront,1
brûlées,2
nationale,11
villes,1
définir,1
définis,1
commisération,1
bientôt,1
seringue,1
psychologique,1
escroquerie,1
impunité,1
espagnols,1
reconnaître,2
sert,2
clairement,3
disparaisse,2
partisans,3
olivier,1
présente,1
pseudopode,1
rédacteurs,1
volume,1
surcroît,1
occupation,5
concurrents,2
leurs,9
suspendues,1
essaie,2
5ème,1
dizaines,2
slogan,1
gauchiste,1
jospin,2
produire,2
création,1
proposé,2
députée,1
décrété,1
maladie,1
aristocrates,1
renvoyez,1
orphelin,1
victime,1
permettre,4
quoiqu,1
humide,1
sort,5
selon,7
encore,1
confidentiel,2
capables,1
indulgence,2
découvre,1
fonction,2
retirer,1
perd,2
aperçu,3
servait,1
étoffe,1
ferais,2
disposition,2
intimiderait,1
clair,3
parlant,1
cochon,1
poussés,2
derrière,5
légale,1
conjugale,1
pitoyable,1
excuser,1
liquidé,1
parmi,2
vérités,1
transport,1
accepté,1
larme,1
exact,1
touche,1
honorabilité,1
donnera,1
minute,1
civiles,1
réformer,1
appel,5
tenté,1
plat,1
coût,1
satisfait,2
dans,4
grain,1
surcroit,2
meilleur,3
ordonne,1
étrangères,2
échanges,3
physiques,2
médias,7
profession,1
obtenu,1
candidature,2
indicateurs,1
agréablement,1
ralliés,1
explique,1
simple,3
rapport,4
voulaient,2
importante,2
suffit,2
tête,7
turquie,11
scandaleuse,1
arrête,2
sécession,1
insulter,1
importants,2
rendre,5
estime,3
évidemment,10
mises,1
notamment,1
réfugier,1
pleine,1
stupéfait,1
crise,3
piège,1
voisins,2
choquant,4
admirable,1
inspire,1
conscience,1
portent,3
amis,3
voies,1
globale,1
historique,2
grèves,1
barre,1
moyen,1
efforts,1
bénéfique,1
zones,2
invités,3
superpose,1
molle,1
juridique,3
écrire,1
roues,1
fidélité,1
expliqué,1
exceptions,1
plan,10
soutenir,2
moindre,1
