word,raw_frequency
continents,1
actes,1
vraie,1
nature,2
contributions,1
gageure,1
marche,3
cache,1
marier,1
insee,2
exportent,1
saines,1
relever,1
effondrement,4
culture,4
britanniques,1
décontractée,1
relevez,1
village,1
qualité,4
centrales,1
clases,1
daguin,1
vieillesse,1
multinationales,1
immigrées,1
wall,1
tandis,1
apprécié,2
notoriété,1
sexuels,2
regroupent,1
rassure,1
obtenues,1
lequel,4
tambour,1
chefs,4
serai,1
arriverait,1
choisi,1
offre,1
etats,10
clandestins,2
chaussons,1
joli,1
aventure,1
moins,1
concours,2
preuves,1
idéaux,1
exposer,1
existent,2
dette,6
fédérale,3
difficultés,3
classe,6
immédiatement,3
encadraient,1
bosnie,1
sortie,1
parallèlement,1
conduisit,2
noire,2
arrière,1
labouré,1
syndicale,2
louis,2
manger,1
généralement,5
figure,2
affairisme,1
euro,7
mineur,1
orléans,2
marché,10
réclamer,1
gouverneur,2
mondialisé,1
instituteur,1
royal,1
desquels,1
belle,2
grandeur,1
poste,2
squatters,1
retour,7
harmonieuse,1
lien,1
joint,1
procédé,1
réfléchiront,1
sidérurgie,1
électorales,2
superficielles,1
devant,6
civile,1
auquel,1
retrouvez,1
suite,4
européenne,37
document,1
travaillent,4
constitutionnelle,3
jours,13
vieillards,1
parlementaire,2
cracherai,1
extrême,4
effets,1
falloir,1
1945,1
saisissait,1
1940,1
règlement,2
hypocrisie,2
peste,1
merci,7
gaulle,5
disparition,2
devenu,2
billes,1
états,2
poursuivies,1
énoncé,1
réagir,2
puisque,24
embellie,1
accordée,2
prenant,1
monde,26
caduc,2
rapidement,2
officielle,4
train,6
grâce,4
oligarchique,1
produit,2
démocrates,1
musicien,1
adhérents,2
1898,1
emblématique,3
vendue,1
pitié,1
explose,1
composition,2
scott,1
frappe,1
prolongement,1
flagrante,1
florentin,1
cfdt,1
mêmes,6
communautés,3
détriment,1
édition,1
lorsque,2
prénom,1
camarades,2
croient,1
hiatus,1
messieurs,5
ponts,1
participation,1
cachait,1
unis,6
contrecoup,1
représenté,1
trahison,3
cosignée,1
perdu,7
coûteux,1
participer,1
mois,15
tâche,1
laissant,1
contact,1
appelle,6
bolkestein,1
fonctionnaire,1
groupe,1
successives,1
éventuellement,2
combats,1
douane,2
gouvernance,2
tait,1
engagées,1
héroïne,1
pompes,1
implantation,2
écoutent,1
parisienne,1
combat,1
concurrence,5
plombier,1
écrit,2
immense,6
libéralisme,2
semblait,1
capronnier,1
artificiels,1
vaut,2
librement,2
réforme,7
plains,1
aimablement,1
encouragent,1
venus,3
séduisante,1
voisin,2
couleur,1
anormal,1
combattif,1
agriculture,3
retrouvée,2
nazi,2
comprendre,1
nordiste,1
usines,1
frapper,2
signale,1
élèves,1
opposants,1
émouvante,1
comme,6
énarques,1
énergique,1
afin,1
cluses,1
servons,1
représentée,1
minorités,1
saintes,1
contrats,1
gravir,1
arrivent,2
sein,1
majeur,3
surprenants,1
improvise,1
enseignants,1
respectivement,1
attractives,1
perte,1
faillite,4
seuls,1
salaires,4
dauphin,1
célébrer,1
rondent,1
odieux,1
déclin,2
production,6
réclamé,1
multiplier,1
pourrais,1
régularisés,4
enfin,14
fausse,1
énorme,1
yeux,1
folie,1
astuce,1
utilise,1
française,30
physique,1
guillemets,1
amoureux,1
mémoires,2
commandité,1
risque,6
établissant,1
géographie,1
souhaitait,1
consacré,2
beauté,1
penser,5
sculpture,1
humiliante,1
irrégulière,1
exclusivement,1
participais,1
conserver,1
contradictoires,1
réussissait,1
sénat,1
colonisation,1
économie,5
voitures,1
signées,1
scandaleuses,1
républicain,1
bâtir,1
policiers,1
quelqu,7
traversé,2
célèbre,1
miroiter,1
rétablies,1
aurais,6
progression,1
aurait,7
affiche,1
niveaux,1
bide,1
techniques,2
grave,6
semble,5
syndicalistes,1
ratifications,1
environ,1
marseillaise,1
bureau,4
endosser,1
rédhibitoires,1
vivant,3
coïncidé,1
excuse,1
différentes,4
nanterre,1
faire,66
viol,1
restreignent,1
actionnaires,1
calais,1
compte,15
défense,8
attendre,4
tchèques,1
observe,2
fais,5
famine,1
enraciné,1
supprimer,2
rome,1
faim,3
dépression,1
sociales,5
batailles,1
série,2
équilibrer,2
puissant,1
1939,1
condamnés,4
opposant,1
basée,1
sauvegarder,1
conditionne,1
1931,1
religieuse,2
consacre,2
1932,1
annonce,4
phénomène,2
peloton,1
madame,4
concrètement,1
côtoyés,1
condamnée,2
auxquelles,1
action,2
honte,1
paysan,2
supérieurs,3
saurions,1
base,2
grade,1
développement,1
humeur,1
bénéficie,2
contre,16
entrée,6
aurai,1
tribunal,1
sympathiques,1
troupes,1
prenne,1
imprégné,1
estimait,1
condamne,4
refus,3
précédés,2
black,1
comparaison,2
dérisoire,1
décor,1
vieilles,1
imprudemment,1
partielles,1
désormais,2
incarne,1
entend,4
découvrent,1
jugement,2
berce,1
devons,2
défilé,1
rouages,1
scandale,3
ardoises,1
probables,1
honorer,1
interaction,1
réalisation,1
orthodoxe,1
intellectuelle,1
puissants,2
outing,1
réalités,2
perçu,1
traiterait,1
performances,1
quinzaine,1
turbulences,1
alourdir,1
correspondent,1
revoter,2
cherche,2
verser,1
dérives,1
signification,1
camper,1
lamentable,1
affronter,1
hersang,1
municipales,2
interdire,2
musulmanes,1
faudra,2
quelques,16
canonique,2
tradition,2
intéressé,2
enchanté,1
bande,1
entré,3
appartenais,1
remplacera,1
flatulences,1
dérivé,1
indiscutable,1
équivalent,1
conteste,2
manifesté,1
alliant,1
pâtit,1
discours,3
choisira,1
irréversible,1
violons,1
abyssale,1
catastrophiques,1
psychiatrique,1
bienfaiteurs,1
essentiels,1
litière,1
martin,1
conventions,1
mairie,2
distributeur,1
taille,1
organiser,1
intention,1
horaires,1
relatif,2
offrant,1
agressif,1
phénomènes,2
devais,1
guère,1
imposé,2
révélateur,1
héritier,2
admettre,2
pourquoi,2
jeunes,8
drame,3
vertu,4
catégories,1
publique,10
abrogation,1
sauve,1
commençait,1
pénale,1
focalisée,1
application,1
aimerais,1
identité,6
préparons,1
globe,1
sondage,1
animaux,1
populaire,1
dogmes,1
geste,1
réels,1
entre,36
triste,2
vides,1
systématique,1
remonte,1
confiant,1
croit,5
celui,24
assèche,1
gouvernent,2
retraites,2
parangons,2
bois,1
espère,4
vieillard,1
oasis,1
procédures,1
évoquer,1
souhaiter,2
broderie,1
diabolisation,1
vengent,1
demanderaient,1
indépendants,2
européen,14
etat,15
méchancetés,1
feignons,1
changement,2
connu,10
déliter,1
médiatiques,1
brièvement,1
philosophies,1
répondrons,1
peoplisme,1
impose,5
impact,3
direction,5
prière,1
majorité,12
légitime,2
disions,1
malheureusement,7
grossi,1
acte,4
irruption,1
supérieur,1
salan,1
remercier,3
essayent,1
passions,1
député,6
commune,3
printemps,3
possession,1
hostiles,1
souvenir,2
situations,1
emprunté,4
donnent,2
souhaitables,1
hyènes,1
écroulera,1
échelle,1
allié,1
occupé,1
semaines,1
attitude,2
racines,1
citoyennes,1
symbolique,2
choisisse,1
personnel,4
syndicales,3
surréaliste,1
offenser,1
réalité,8
implications,1
bénéficient,1
sentiment,4
supplémentaires,3
trouveront,1
voulez,7
confiance,3
musulman,2
établissement,1
dame,1
numéro,1
lettres,2
injuste,1
habituel,2
quasiment,1
modestie,1
1965,1
1962,1
dignité,2
persévérance,1
tendance,3
machines,1
géographique,1
durant,6
totalitaires,1
amok,1
adoptée,2
rôle,9
compréhensible,1
amputées,1
parlera,2
balayant,1
connaissent,1
après,28
milliers,1
essayé,1
seconde,2
syndicalisme,2
rouge,1
contraints,1
organisations,6
remercié,1
ouvrir,5
résolus,2
proie,1
soyons,1
vendredi,1
disparait,1
menée,2
divers,1
conflits,2
citoyen,1
contournée,1
avancer,1
sanctions,1
légion,1
vouloir,3
mettre,13
jouissons,1
riant,1
pied,4
ventes,1
proportion,1
sarkozisme,1
centaines,2
revenir,4
sûrs,1
richemont,1
timidité,1
banque,4
sauter,1
régularisations,5
dessein,1
pouvoir,21
pénurie,5
incontestable,1
disgracié,1
contenterais,1
apparentements,1
candidature,1
libérale,1
prouvé,2
proprement,1
précédent,2
thaumaturge,1
combatte,1
possibilités,1
témoigner,1
malgré,2
etrangères,1
servir,1
changements,1
vaste,1
tempérament,1
barque,1
autres,25
plus,177
établi,1
travers,2
foudres,1
privilège,2
courir,1
infâme,1
appuyer,1
avez,6
françois,3
aveu,2
mobilisé,1
rassurer,1
nette,1
brillant,1
restrictif,1
orient,2
critères,3
ténacité,1
[...],1
enfants,7
aussi,2
vous,20
marécages,1
retournements,1
disponibles,1
financiers,2
vaclav,1
solennel,1
préférences,1
chances,2
propositions,4
magistralement,1
compenser,1
sinon,3
ceux,1
source,1
internationales,1
normale,1
endetté,1
venons,1
payé,1
homme,14
bureaucratisation,1
1422,1
quel,1
trébuche,1
1429,1
viennent,3
allons,8
démarche,2
beethov,4
civique,1
employée,1
.....,1
trimestre,1
budgétaires,1
disant,3
subtile,1
lecture,1
exclamation,1
fièrement,1
viens,1
pactise,1
caractère,2
croche,1
opinions,5
héraut,1
eurocrates,1
reproche,2
automne,1
continuent,3
éclaté,1
mortifères,1
tout,13
tour,7
tous,5
vain,1
classique,1
avril,1
accordés,1
approuve,2
carrières,1
sursaut,1
largeur,1
union,22
inciter,1
regret,1
revenait,1
politique,81
tonne,1
remarqué,2
schwarzenegger,2
vais,7
introductions,1
peines,7
faux,4
manifestations,1
pays,55
remontons,1
fumigène,1
faut,39
fleur,1
poursuivre,1
présidentielle,8
front,56
américaines,1
médiocre,2
votent,2
payés,1
héroïque,1
intellectuellement,1
embauche,2
échecs,1
pouvoirs,9
terrifiante,1
tournée,3
comptant,1
décharge,1
insupportable,1
toléré,1
gagné,2
bagatelle,1
rejoindre,1
rappeler,2
fillon,3
novembre,4
genoux,1
revendiqué,1
comptes,3
compter,1
résistance,3
fronts,1
scientologie,1
nonobstant,1
terreur,1
autorité,4
coups,2
haine,1
point,3
bûcher,2
contraire,7
josé,1
conforme,2
petites,1
choisit,1
ingérence,2
absolument,4
inventions,1
choisir,5
juridiques,1
francophilie,1
sociale,10
atténuantes,1
impôts,4
poissons,1
choisie,1
circuit,1
vertueuses,1
dirais,15
énonce,1
appliqué,2
indigènes,1
tensions,2
identiques,2
xxème,1
1957,2
1956,1
1955,4
industriels,2
défendre,5
anglais,7
1958,2
celle,20
trouvent,1
remarquable,2
vécu,4
annonçait,2
généralisé,2
ends,1
progressistes,1
meilleure,1
médiatique,2
engage,1
suffisamment,3
survivre,1
réformes,4
mort,14
mesurettes,1
ouvriers,6
traduirait,1
empoisonné,2
proposerai,1
erreur,2
transformer,1
prévu,1
inquiétant,1
prestidigitateur,2
constantes,1
trente,1
près,13
déplaisant,1
subsistance,1
rockets,1
régulièrement,1
genre,2
régression,1
contredit,1
évolution,2
route,1
ravagent,1
socialisation,1
pragmatique,1
vaucouleurs,1
optimisme,1
antiracisme,1
rejette,1
amendement,1
1884,1
alimentaire,2
sortait,1
prestations,1
chapitre,2
atteints,2
publics,8
croyant,1
monétaire,3
impuissance,1
rendent,2
secrets,1
décennies,5
réformettes,1
accueille,1
chômage,8
rendue,2
votre,1
désamour,1
mesures,1
finisse,1
syndicat,3
marches,1
services,2
émission,2
lâchetés,1
marque,1
apparait,2
accueilli,1
contraint,4
majorités,1
prétention,1
turcs,1
milieux,1
militant,1
seront,8
impotent,1
regagnant,1
éternité,1
monuments,1
fermeture,1
naturel,2
signifiera,1
pousser,1
municipalités,2
communautaire,1
attirer,1
visibles,1
jouent,1
musée,1
concorde,1
génération,1
livrés,1
boire,1
jadis,1
extension,1
gaston,2
promesses,4
paris,9
quand,3
regarder,4
masque,2
catastrophique,2
italie,1
ouvrière,1
prisonniers,1
aboutir,1
données,1
législative,1
curée,1
massives,2
fouquet,1
complicité,2
mont,1
passer,4
poètes,1
délits,1
tribun,1
patronales,2
origine,4
submersion,3
aura,8
petite,6
enregistrées,1
jacques,1
hier,2
exprimer,1
trouve,9
intéressante,1
appuis,1
claires,3
ratification,1
tactiques,1
petits,3
moyenne,2
financières,4
constatez,1
texte,4
vieux,6
importations,1
spectateur,4
constater,2
conséquences,6
rares,1
semblant,3
portes,2
dument,1
organisme,1
regrettent,1
concrète,1
sarkozy,73
fortes,1
harmonieux,1
nous,23
chute,1
1989,1
financées,1
prétendront,1
restauré,1
jean,4
réussi,4
parfaitement,1
marquée,1
étudiante,1
charbon,2
dudit,1
garantit,1
allure,2
argent,3
exécutif,3
attaché,1
souplesse,1
danger,1
raisons,4
19ème,1
europe,47
cruelle,4
intérêt,4
appellent,1
interprétation,1
chevalerie,1
mignons,1
sens,8
nouvelles,1
empêché,2
étonnez,1
adéquation,1
issues,1
modèle,4
naïfs,1
évènements,1
autorise,1
pudeur,2
majesté,1
active,1
exigent,1
bernard,2
nuage,1
rétabli,1
pêcheurs,2
durable,2
capitalisme,2
promis,1
sérieuses,1
trouvé,4
vers,9
sang,2
villes,5
quarante,2
interdis,2
venté,1
beaucoup,32
disais,1
gouvernementale,2
emplois,6
inacceptables,1
cite,2
macabres,1
18ème,1
affichant,1
contemporaine,1
chiffres,1
promenoir,1
continuerai,1
umps,2
façon,10
étonnera,1
dont,27
boulimique,1
sillon,1
composite,1
hollande,1
crispé,1
sexe,1
donc,1
voulu,5
anticrise,1
noué,1
marquerait,1
rachinel,1
déplacer,1
partage,1
nouvelle,7
pyramides,2
kouchner,1
1431,2
appliquent,1
barnier,2
pendu,1
considèrent,3
journée,3
discutée,1
royaume,2
tours,2
éléphant,1
autour,1
aidé,2
responsabilités,5
conquérir,1
elles,1
allait,2
2020,1
chaque,1
ampleur,1
irlande,4
appris,1
dégradation,1
thèmes,1
revient,2
remonteraient,1
construction,7
plume,2
semaine,2
prévenus,1
personnalité,1
turque,2
pensé,2
blum,1
balayer,1
frégates,1
physiques,2
réintégration,1
nombreuses,5
exactement,3
maires,2
guerre,14
adhésion,6
légitimement,1
copain,2
préférence,10
rallié,1
rompt,1
problèmes,8
concessions,1
éternel,1
élection,11
30ème,1
régulariser,1
augmenté,3
mécaniquement,1
manœuvres,1
herriot,1
orchestre,1
dakar,1
discriminations,2
gloire,4
lobbies,3
oubliant,1
projections,1
mien,1
irresponsable,2
totalement,5
proportionnel,1
collective,1
foulent,1
constructiviste,1
excluait,1
type,1
sportive,1
désobligeant,1
inéquitable,1
patronat,7
salle,3
emprisonnée,1
brynner,1
abandonnée,1
venu,4
vent,1
masse,4
aide,1
fasse,2
tort,1
medef,1
possible,2
médiatiquement,1
distances,1
patrimoine,3
liés,2
disposent,1
lisbonne,6
pire,2
requise,1
outre,1
besoin,9
remonter,1
féodaux,1
diplomatiques,1
maléfique,1
journaux,1
livrée,1
blessés,1
partie,9
convaincre,2
assurés,1
personnage,11
engendrer,1
robert,1
supérieures,1
partir,4
rentrer,1
vécue,1
classes,1
cassation,1
brillamment,1
impression,1
allemande,2
attendez,6
érosion,1
battre,3
caboche,1
poussé,1
toujours,17
entier,3
allemands,1
soja,1
gazettes,1
illégale,2
disproportion,1
résoudre,2
agissant,1
particulièrement,6
orgueilleux,1
suscitée,1
répondu,1
compétitive,1
gouvernement,19
illégitime,1
conférence,2
local,1
connivence,2
poings,2
tactique,1
spéculative,1
exploiter,1
cristallisons,1
qualification,1
migrations,1
tenu,9
carrière,3
quelconque,1
fâchés,1
bonne,3
fusées,1
volontiers,1
cela,4
diplômé,1
députés,7
laisser,4
décevoir,1
sorte,18
curieux,1
jugerez,1
conseillé,1
échec,8
réguler,1
supermarchés,2
catholique,2
professionnels,2
bradent,1
recrutement,1
adresse,3
responsabilité,11
apporté,2
devoirs,2
prêtent,1
gagnons,1
parvenue,1
actuellement,6
naturiste,1
pape,1
créatrice,1
tsunamis,1
dénonce,2
arriver,2
français,101
conscience,1
dilatoires,1
croissance,10
politiquement,3
chansons,1
cesser,1
impérissable,1
veulent,5
prospérité,7
jugé,1
revers,1
défi,2
presse,4
auprès,1
études,2
statistique,1
élément,1
paradis,1
méritent,1
surtout,14
bref,5
babel,1
coopérations,1
audace,1
idéale,1
commission,5
stigmatiser,1
dramatiques,1
acquise,1
honneur,1
richesse,1
prévention,1
efficacité,1
doctrine,1
savamment,1
bâti,2
françaises,3
menhirs,1
abandon,1
arme,1
fascisme,1
demander,4
hypothèses,1
ligne,5
culturelle,1
ennemi,1
demandez,1
garder,2
corridor,1
entièrement,1
blanc,1
chauffeur,1
miracle,1
avance,1
grandes,7
irremplaçable,1
myopes,1
reconnaissance,1
termes,2
gaullistes,1
exprimé,4
principes,4
dessus,1
atmosphère,1
importance,2
absurde,1
protéger,2
envie,1
fronton,1
azincourt,1
oukases,1
inscrit,4
démagogues,1
lendemains,1
rétablissent,1
conséquent,37
privilégier,2
cartel,1
magnifique,1
cartes,1
alchimie,1
taïwan,1
paille,1
faurisson,1
terrassé,1
milieu,1
dépendra,2
cannes,1
prépare,1
transparence,1
introduction,1
inopérante,1
mémoire,3
depuis,1
continue,7
stade,1
photos,2
sauver,2
1905,2
estime,1
écho,1
démentielle,1
déplaisante,3
intéressants,1
procès,1
incident,1
économiques,5
pouvez,1
alignement,1
dernier,3
flottants,1
sévères,1
ironique,2
limites,1
électorale,5
fédéraliste,2
justice,2
arrivé,5
atteint,5
forfaiture,2
judiciaires,2
lindbergh,3
atteindront,1
diane,1
etre,1
attention,3
mérite,3
négociations,1
intérieure,1
œuvre,1
exécutifs,2
désindustrialisation,1
prévalu,1
noires,1
idiots,1
partenaires,3
cimetière,1
clientèles,1
queue,1
limités,1
voter,9
100000,1
légitimes,1
inspirent,1
certaines,5
mises,1
totalitarisme,1
merveilleux,1
commissaire,1
communie,1
approuver,2
neutre,3
cauchon,1
métallurgistes,1
consolé,1
constitutionnel,9
équilibre,4
sensibiliser,1
dégâts,2
banlieue,1
nationaux,5
siècles,4
gollnisch,2
prévert,1
couronner,1
simplement,10
apparences,1
commun,1
considérable,1
assume,1
aliot,1
fonction,7
sincérité,1
précédentes,2
présence,1
appel,4
contradiction,1
mènerai,1
arrive,1
diminue,1
délégués,1
ferai,1
daladier,1
souhaitaient,2
jugés,1
présidence,16
rythme,2
affaire,4
écrire,2
réduit,1
relativement,7
espérance,1
assassinats,1
mini,1
jugée,1
corde,1
rendrai,1
capitalistes,1
citoyens,10
diriger,1
panacée,1
orchestrée,1
mobilisés,1
exemple,13
contribuables,1
vient,4
montrera,1
chauds,1
interdiction,1
calmé,1
rejetée,1
marie,3
utopie,1
livre,8
processus,4
choix,5
arabe,2
pense,25
recommandée,1
lutte,2
permanents,1
trouverai,1
arabo,1
vente,3
doute,5
enfer,2
exportations,1
protection,1
surintendant,1
capable,2
soutenue,1
2012,3
assumé,1
2010,2
doigt,1
idéologique,1
dévalorise,1
industries,1
xixème,1
villiers,3
indéniable,1
antipathie,1
infranchissables,1
pareil,1
demandeurs,1
1986,1
organismes,2
distribuer,1
antennes,1
mauvais,6
pose,2
tempête,1
règne,1
subit,1
sujets,9
sectes,4
melting,1
principales,2
cents,1
sarkosceptiques,1
claude,1
reparle,1
crédit,2
numériquement,1
soin,1
lorraine,2
fameuse,1
lance,1
jetant,1
mesurant,1
soit,35
sois,1
soir,2
2014,1
course,1
porter,1
klaus,1
conseillers,2
affirmé,2
moderne,5
sage,1
dope,1
saga,1
réunions,1
réciproque,1
abolition,1
scandalisent,1
régional,1
essayais,1
populaires,1
maître,2
humaine,2
facilement,1
économico,1
rattachement,1
mener,1
faramineux,1
isabeau,1
universitaire,1
rien,20
vice,5
rétroactivité,1
calmer,1
supranationales,1
constitution,14
supranational,2
pieds,5
rigoureux,1
tricolores,3
promesse,1
espagne,1
écrase,2
ruine,1
souche,1
réalisées,1
critiqué,1
religieux,1
pacifique,1
donnée,2
vigueur,1
jette,1
caisse,1
causée,1
auront,3
fiers,2
kazakhstan,1
joie,1
résultats,3
importation,1
rejoint,1
racisme,1
posé,1
enquête,1
pompé,1
gouvernant,1
vêtir,1
rmistes,1
infondé,1
prédateurs,1
universel,1
amandla,1
laisse,4
avaient,6
peuple,20
lancé,2
aggraver,2
système,8
interdit,1
ouvrirait,1
sept,2
problème,4
ensembles,1
liquider,1
réserves,1
possibilité,2
montrons,1
démocratique,3
limite,1
élevaient,1
directrice,1
chambres,1
tient,2
malfaisants,1
gaudin,1
rétablissement,1
consultés,1
week,1
pacte,3
pratiquant,1
délégué,1
magouilles,1
pardon,4
jeux,5
lâché,2
avons,24
contredire,1
écrasé,1
radios,1
quelque,30
évaluer,1
rudes,1
bruxelles,2
partout,2
annoncé,2
extérieur,2
bonneton,1
chiffre,3
famille,3
influence,2
engagements,1
revendication,2
style,1
change,2
nationalisme,3
porté,5
valu,2
dirigeantes,1
zéro,3
collectifs,1
moeurs,1
sensiblerie,1
laver,1
partis,1
événements,2
vendre,1
fournier,1
subissent,1
intervient,1
désaccord,1
invasion,2
objection,1
éteints,1
organisé,1
interrompent,1
douala,1
solution,2
engagent,2
reine,1
désastre,1
bains,1
gens,37
déchirent,1
perspective,3
complice,1
extrémiste,1
pensait,1
chargé,1
évidence,2
fuirai,1
croyaient,1
écoles,4
mâts,1
mitterrand,3
ressent,1
1452,1
visée,1
récent,2
rebondir,1
philosophie,2
parution,1
centriste,1
ouverture,2
défavoriser,1
impersonnelle,1
faible,1
contribue,2
vivre,3
salarial,1
rattaché,1
adoption,1
estiment,1
enseignement,2
contribuent,1
entraver,1
presque,4
delà,1
pétrole,6
caisses,2
chape,1
flanqués,1
allé,1
subprime,1
demanderait,1
politicien,1
puissance,2
appréciation,1
bénéficiant,1
bouclier,1
donnons,1
situés,1
devient,1
changé,1
bisouter,1
porte,4
roger,1
commencement,1
longue,3
rejetant,1
pari,1
article,2
pensais,1
définitif,1
grandir,1
diminuer,1
dangereux,1
quatrième,2
francophile,1
nostalgique,1
prendre,8
consacrent,1
dernière,4
nation,7
charge,4
véritables,1
andré,1
même,1
redevenir,1
regardent,1
spirituelles,1
service,7
destructrice,2
appartenance,1
sentimental,1
dure,1
jamais,19
dura,1
succès,3
condition,2
préserver,1
prestigieux,1
déjà,13
subprimes,2
marins,1
respecté,2
marchés,2
avoué,1
caire,1
responsables,1
balladur,3
raison,10
officielles,3
déshumanisée,1
excès,2
rectification,1
méthode,2
souhait,1
organisateur,1
intégrés,1
débattent,1
partisan,1
parlé,3
obligé,2
courant,3
naufrage,1
européennes,12
inévitable,1
congrès,1
poujadiste,1
brut,1
modestement,1
armée,2
1210,1
ridicule,1
donner,7
serais,2
serait,10
eglise,1
dirigé,1
dieudonné,3
eurofédéralisme,1
déloyale,1
rencontrer,1
humiliation,2
héritiers,2
favorable,3
modestes,1
prétend,1
suprême,1
inspirer,1
grands,7
engagée,1
condamné,5
déplorait,1
suppléant,1
mettions,1
gardée,1
souvent,7
compatriotes,10
toutes,19
débats,1
23ème,1
déclarations,2
mart,1
fonctionnaires,2
mars,2
vertigineux,1
francs,2
dangereuses,2
discret,1
regrette,1
consentir,1
finances,7
france,77
assister,1
montais,1
rigueur,3
ouvrières,1
consentie,1
franco,1
certain,35
suivre,2
rigoureuse,2
désir,1
aideront,1
rehn,1
spectateurs,3
inopiné,1
décide,1
indochine,1
etant,1
décida,1
parle,17
illustres,1
gagnée,1
afghanistan,1
élémentaire,1
fier,1
rattache,1
obligés,3
avantage,2
paysans,3
donné,9
suédois,1
survital,1
quels,1
structurelles,2
décider,1
endroits,1
soins,2
terre,3
repentance,1
leçon,1
devraient,1
aller,7
enrichi,1
bureaux,1
pékin,1
mains,4
grande,8
assentiment,1
positive,2
gardien,1
cantonales,8
célébration,1
protections,1
purement,1
hôtellerie,1
structurellement,1
victimes,4
direct,1
nicolas,14
chambre,1
scandaleux,3
dogmatisme,1
revenu,1
comptent,1
vois,4
indépendance,6
différent,5
univers,1
oppositions,1
passant,1
asphyxie,1
merkel,1
rejet,1
verrez,2
clientèle,1
reçu,2
laisserais,1
sévère,1
meilleures,2
8000,1
obéi,1
intellectuels,2
complaisances,1
mundi,1
défile,1
criminel,2
terme,6
criminels,4
démontre,1
debout,1
américain,2
démographique,2
dispositif,1
effort,1
personnalités,1
retenue,1
prompte,1
dumping,1
inviter,1
juillet,1
barreau,1
courage,2
suicidaire,1
haïti,1
médicaments,2
approuverais,1
lesquelles,1
obligatoire,3
économique,22
largement,4
pénal,1
taux,6
fédérations,1
battus,1
écrivent,1
magicien,1
malade,1
mariée,2
michel,2
essayer,5
demi,5
barrer,1
tribunaux,1
hostilité,1
défend,1
coubertin,1
discrète,1
feint,1
extravagant,1
nombreux,1
grève,3
sciences,1
contester,2
capacités,2
école,1
espaces,1
prononcer,1
appuyée,1
ceci,4
otan,3
passés,2
acquis,3
autrement,4
trompé,2
blasés,1
cour,7
coup,2
frontière,2
estivale,1
compris,3
respect,2
naturellement,1
parlement,7
talents,1
remarquer,3
analysé,1
dois,6
aurions,2
reviendra,1
symboliquement,1
néerlandais,3
assortir,1
égide,2
arbitrage,1
légende,1
reims,1
démontré,1
africain,1
retrait,1
albanie,2
remplaceront,1
nôtres,2
exagérons,1
judiciaire,3
laissons,1
chassé,1
conditions,3
égoïste,1
agit,7
cantonale,2
obsède,1
patron,1
vraiment,1
déportés,1
tendances,2
connaitre,2
laquais,2
coudenhove,1
faveur,4
obligation,2
uniquement,1
trouver,7
commence,3
sépare,1
orange,1
directement,5
formidable,1
défendons,2
vertigineuse,2
posaient,1
fortiori,1
kalergi,1
hortefeux,4
aisément,1
langue,2
américaine,5
proposé,1
présidé,1
réel,2
exploitations,1
population,2
obsédé,1
piètres,1
lances,1
lancer,1
personnelle,3
équilibres,1
réservées,1
camp,1
décorum,1
comment,2
reconnu,1
donne,6
publication,3
assortie,1
salvatrices,1
matériels,1
blindée,1
ubuesque,1
parents,2
value,1
climatique,2
normalité,1
jouer,5
morts,1
vérité,18
père,7
offerte,1
poutre,2
lorsqu,3
stagflation,1
monstre,1
mise,2
impulsions,1
olympiques,3
blasphèmes,1
camouflée,1
confesse,1
tentative,1
frontières,7
campagnes,1
vietnam,1
énergétique,1
foulée,1
monnaie,3
peur,1
pendant,12
mondialiste,2
1914,1
sais,14
énergies,1
apparaitre,1
exploite,1
fondent,1
gageons,1
utopiques,1
edouard,3
justifiera,1
témoin,1
italiennes,1
restera,2
circonstances,2
progressivement,1
fédéralistes,1
histoire,12
entends,2
funestes,1
entendu,3
uimm,5
envoyé,1
apparaitra,1
croatie,1
force,1
crédible,1
intérêts,9
sauf,3
situation,21
branches,1
estimé,2
consistait,2
présent,2
territoire,1
biens,1
souffrons,1
sécurité,10
déplaise,2
moment,14
représentation,1
exigerais,1
arbitral,1
exaspération,1
voilà,15
serrer,3
contredite,1
étais,12
péril,3
assumer,4
secret,1
était,60
chèrement,1
promiscuité,1
jusqu,8
critiques,1
beaumont,1
socialisante,1
dépendant,1
fille,8
surpris,1
reno,1
honnêtement,2
ralentissement,1
attiré,1
nazis,1
déficits,3
libertés,1
légitimité,1
indiquer,1
vautre,1
écroule,1
réussit,2
contrairement,5
immigrationnistes,1
cadre,5
trajet,1
emblématiques,1
sourire,1
deuxième,6
forte,3
bonimenteur,1
creuses,2
pression,2
concurrents,1
jargeau,1
permettra,1
théoriquement,1
permettre,2
prud,1
aventurisme,1
davantage,1
étudiants,1
habitués,1
désert,1
discrets,1
expression,5
personne,1
extérieure,1
orfraie,1
lourd,1
lâcheté,1
attend,2
preuve,8
profondément,1
empêche,3
assemblée,6
assumant,1
particulier,12
coûté,1
intuition,1
styles,1
martiniquais,1
niveau,3
euros,8
lieu,6
évoqué,1
sortir,1
lier,1
scrutin,2
organisation,5
télévisé,1
mignon,1
médiocrité,1
ensuite,4
mouvements,4
principe,5
économistes,4
cohabitation,4
voyez,5
mouvement,12
justifier,1
chantages,1
républiques,1
aucune,6
compiègne,1
ladite,1
démontrer,2
menacent,1
atteindre,1
manières,2
réaction,1
conseiller,2
grossistes,1
collusion,1
habile,1
perdre,2
tombés,2
jouir,1
approche,2
restent,1
effet,25
comprise,1
essentiel,5
ministères,2
protectrice,1
vacances,1
bateaux,1
rase,1
fonctions,2
remplir,1
pratiquer,1
oubliée,1
objectif,6
électoral,3
eglises,1
moyennant,1
convenus,1
européens,13
fictifs,1
exsangues,1
ouverts,1
expérience,2
continent,4
rebaptisée,1
bien,103
réciprocité,1
fernand,1
entrés,1
reviennent,1
ouverte,2
élargissement,2
allègrement,1
duel,1
ratifier,2
rassemblement,1
devoir,8
vingt,1
intime,1
philosophe,1
impitoyable,2
financer,1
répressive,2
prégnante,1
arabes,3
immigrés,11
responsable,7
désolé,1
faisant,1
comité,1
prétextes,1
secrètes,1
étatique,1
ravager,1
estrosi,1
souverain,2
faisons,1
angoisse,1
industriel,1
funeste,1
pierre,3
accompagnement,1
logements,1
côté,6
tenons,1
double,2
imaginez,1
appliquer,1
avenir,11
suffisait,1
catherine,1
vergogne,1
vêture,1
comporte,1
dérisoires,1
combattu,2
consécutive,1
maux,1
agisse,2
gamal,1
boîte,1
existe,4
franc,1
laissait,1
espérions,2
libérer,1
anciens,3
véritable,6
nôtre,1
fétides,1
locataires,1
insuffisants,1
proposons,2
élire,2
salariés,4
originaires,1
idéal,3
dépassent,1
échapper,2
juges,2
exposés,1
législatives,7
jugez,2
régner,1
lucre,1
relis,1
mégret,1
prévisible,3
risqueraient,2
douze,1
fasciste,1
rappelle,7
chômeurs,4
exprimons,1
titulaires,2
quotas,1
blessée,1
expliquer,2
agréables,1
télévisée,1
pluie,1
nombre,39
mais,55
manuel,1
importuns,1
risquent,1
parce,3
injustice,1
spirituel,1
volontaire,1
spéciaux,1
subventionnés,1
heures,1
projet,5
sentimentalement,1
amplifiée,1
camerounais,1
quitte,1
enfance,1
revendications,2
zoologie,1
scolarité,1
étrangère,4
combattre,2
bourreau,2
film,3
kosovo,3
combattra,1
péché,2
justement,6
endiguer,3
3éme,1
disons,2
prédestiné,1
tant,18
enfant,1
contribuable,2
instant,5
sordide,1
sport,1
visées,1
contestées,1
enterre,1
notamment,2
bornée,1
accord,3
pèse,3
astreint,1
finance,1
propriétaires,1
mesdames,5
trouvons,1
ordonnance,1
bonheur,2
arrangements,1
passage,1
visiblement,2
majoritairement,2
présidentielles,6
franchises,1
devenir,2
éveillé,1
souffert,1
boon,2
administration,2
évidentes,3
systémique,1
devront,1
année,18
embête,1
désinformation,1
vague,1
bling,2
culte,1
dégager,2
commodes,1
distribué,1
verbe,1
européiste,3
long,3
appelons,2
marin,1
cigogne,1
domaine,10
piste,1
brouiller,1
frémiet,1
liste,3
vite,2
angleterre,2
petit,12
considère,4
concrets,1
profonde,3
bénéficiaires,1
orthodoxie,1
sommes,22
aurons,4
houillères,1
sanctionné,1
illusions,1
sommet,1
changeront,1
civil,1
campagne,16
propose,3
irait,1
entrait,1
démographie,1
soixante,1
marseillaises,1
tomber,3
supranationale,1
relégué,1
carré,2
attaqué,1
belles,2
défaite,2
avérées,1
miraculeux,1
institué,1
ministre,18
parlait,2
communauté,2
brûlée,1
moral,3
strictement,1
fonds,1
ménages,1
négatives,1
février,2
attendons,2
télévision,2
vision,2
injustices,1
produits,2
creuse,1
juridiquement,1
idéologie,3
démonstration,2
conservé,1
frais,1
sarkozyien,1
obligée,1
pousse,1
permettrez,1
secrétaires,1
places,2
applique,1
guerres,2
êtes,8
groupes,1
industrie,1
contrepartie,1
assistanat,1
pertes,1
ressources,1
sacrifié,1
sincère,1
nécessaire,4
sociaux,8
troyes,1
tard,6
empêchera,1
défaut,1
bras,2
faiblesse,3
important,5
exiger,2
appétence,1
américains,2
relirai,1
démonstratif,1
dettes,1
employeur,1
internationaliste,1
désastreuses,1
siècle,5
désigner,1
saurait,2
remboursés,1
temporel,1
désolidarise,1
fête,2
faute,3
regard,1
absolue,1
attaque,1
apparemment,1
rire,2
discutable,1
secrètement,1
elle,20
prose,1
temps,6
usage,1
cinglante,1
démantèlement,1
apercevoir,1
mousse,2
massivement,1
écrasantes,1
adressant,1
perpétuer,1
dire,79
dollars,3
principal,3
progressif,3
américanisation,1
inquiète,1
moindre,1
gouvernementales,2
subi,3
chapelle,1
million,2
musique,1
scientifique,1
affrontent,2
préoccupés,2
abord,26
aperçu,1
épithète,1
monsieur,7
accidents,1
exploit,1
relancer,1
laïc,1
députation,1
prise,2
maintenant,2
souveraineté,9
constatons,1
accéder,1
législation,1
littéralement,2
déportation,1
poitrine,1
trompent,2
équipe,1
rejoignent,1
affirmation,2
afrique,2
futur,1
impliqué,1
accepter,4
ordinaires,1
récemment,2
causes,2
acceptez,1
lancées,1
éclairer,1
précisé,1
occurrence,8
accepteront,1
beurre,3
conformiste,1
admettez,1
intellectuel,1
enjeu,1
aujourd,15
faudrait,2
millions,27
gisements,1
budget,3
eurofédéralistes,2
commettre,1
différente,1
masquer,1
pyramide,1
décrites,1
débordés,1
souveraines,1
dramatique,1
compréhension,1
étudient,1
seraient,1
politologues,1
prendrais,1
defferre,1
différents,1
probablement,4
considérons,1
voix,15
hospitalière,1
resté,1
erratiques,1
familles,1
initié,1
savent,4
référendum,8
cause,4
clandestinement,1
deferre,1
bulgarie,1
abandonnés,1
breton,3
préoccupations,2
patriotiques,1
comportements,2
cette,7
bénéfice,4
socialiste,6
pupille,3
attends,1
autant,5
espérons,1
implique,2
record,1
disparaître,1
immigration,22
disques,1
achat,6
referendum,1
fini,1
sonnerait,1
passagère,1
céleste,2
irai,2
irak,1
ville,4
volonté,5
global,1
fiscale,1
commerce,5
commencerais,1
aides,2
méditerranée,2
terrestre,2
édification,1
guadeloupéens,1
agricoles,3
prodigieux,1
favoriser,2
crimes,3
habitants,3
nationales,4
auraient,5
solidité,1
véhicules,1
parlons,1
seine,1
maastricht,1
points,2
espérant,1
marseille,2
large,1
vème,1
religions,3
incliner,1
observerai,1
proportionnelle,1
ailleurs,43
causé,1
méfie,1
défavorise,1
formule,1
reste,8
libre,7
proclamé,1
salaire,4
marguerite,1
grand,17
rafraîchir,1
institutions,6
jouyet,2
charme,1
obliger,1
prends,3
radicalisation,1
aperçois,1
régime,3
centralisation,1
amicales,1
assurer,2
difficile,3
contactez,1
aperçoit,2
mentale,1
priés,1
officiel,1
drames,2
appellation,1
officier,2
fallait,6
naturaliste,1
souhaitable,1
manifestation,1
puis,1
arrêt,3
kilos,1
menacé,1
corrompus,1
immorale,2
comparer,1
intégrité,1
cyniquement,1
appréciez,1
conduire,1
distribution,1
excessif,1
comportement,1
oublié,2
félicité,1
journal,2
débarrasser,1
stabilité,1
socialement,1
collèges,2
trompés,2
saint,1
ignoble,1
syndicaux,3
établir,2
travailleurs,9
paternelle,1
voudrais,7
déranger,1
compare,2
démocrate,1
espèce,1
exige,3
cinquième,2
mode,3
cachot,1
asservit,1
centrale,4
vérifié,1
redoutable,1
renseignements,2
lèguerons,1
voudraient,1
noir,2
représentants,1
individus,1
euphorie,1
démanteler,2
compagnons,1
doivent,5
dinosaure,1
décadence,1
convictions,1
fausses,1
papiers,2
tirer,1
trêve,6
anniversaire,1
bousculée,1
social,5
chef,13
mondial,5
subreptice,1
tamoul,1
ensemble,3
2002,8
âgés,2
2004,1
2005,5
chez,7
2007,15
2008,14
2009,4
pouvait,1
pêche,3
cher,2
désertifier,1
secrétariat,1
jeune,5
négociation,1
facile,3
patronale,2
1100,1
régissent,1
stupéfaits,1
japon,1
menace,4
exigence,2
institutionnelle,3
parangon,1
adoptées,1
tenir,1
totalitaire,2
soleil,1
rodomontade,1
opinion,12
doublement,1
utopies,2
hostile,2
objectives,2
marine,7
délocalisations,2
soucis,1
incarnée,1
sueur,2
manœuvre,2
lors,1
malheur,2
réalisme,2
accueillante,1
affreux,1
élections,28
années,10
imposer,3
remontés,1
ultra,4
verts,1
inlassablement,1
représentées,1
leçons,2
rééquilibrage,1
avocat,1
nourrisson,1
général,12
membre,3
protégés,1
financés,1
redressons,1
divine,1
nécessité,1
différences,1
meurt,1
étrangers,3
regarde,3
candidats,10
présentent,1
souscriptions,1
celles,5
surévaluation,1
premiers,1
significatif,1
lyon,1
invité,5
patay,1
suivie,1
calomnies,1
masochisme,2
festins,1
inverse,5
gouvernants,2
marmite,1
oligarchiques,2
fané,1
altérée,1
dépassé,3
facteurs,1
revue,1
fond,6
métiers,1
sympathique,2
désarkozysé,1
chapitres,3
arroger,1
travaux,1
....,1
treize,1
biais,3
disciplines,1
principale,1
champêtre,1
progrès,2
crée,1
enquêtes,1
scolaire,1
demandent,1
morale,5
remboursé,1
agents,1
fassent,1
continuera,1
échangiste,1
présidents,1
égalité,1
lépine,1
peine,14
victimisation,1
toute,13
fonctionne,1
noirs,2
bureaucratie,1
monnet,1
arsenal,1
résultat,4
plutôt,8
votée,1
impensable,1
profit,1
inquiètes,1
refusant,1
avatar,1
manquer,1
stratégie,1
continuer,2
traitent,1
cent,3
tapons,1
étendue,2
jeunesse,2
iran,2
août,1
sagesse,1
amérique,1
admission,1
destin,3
référence,1
évocation,1
chine,2
fils,2
dirai,2
musiciens,1
aimer,1
officiellement,1
instrument,2
effectuent,1
mélanger,1
inventée,1
pauvres,1
dangereuse,1
procureur,2
oeuvre,5
tintin,1
mauvaises,2
revenant,1
dépasse,1
nécessairement,1
nice,1
symbole,1
tonitruant,1
soutenu,1
dissimuler,1
contrôle,2
riposter,1
fournir,1
cruise,1
abouti,1
militaire,4
écoutez,16
alibi,1
orée,1
cinq,6
instruits,1
telles,1
intangibilité,1
dépose,1
créé,2
exercent,1
intervenant,1
transmis,1
budgétaire,1
économies,1
persécution,1
chypre,1
affirme,1
parvenir,1
polonais,1
totale,1
prévisions,2
donnait,1
national,65
fumée,1
souhaite,4
créneaux,1
rare,1
sortiront,1
modeste,2
électoralement,1
consiste,1
vénération,1
tendue,1
minimum,4
lire,1
demande,6
dite,1
bénéfices,1
membres,2
détachement,1
défendus,2
bercail,1
exagération,1
proportionnalité,1
reprises,2
composante,1
dallas,1
promoteur,1
augure,2
affaiblissent,1
décisions,2
prochaine,5
instances,1
prenez,1
étroites,1
endormir,1
maçonnerie,2
quinquennat,1
musulmans,2
étant,7
juin,6
humanistes,1
bayrou,1
avais,5
avait,41
éléments,4
musulmane,1
forcené,1
courent,1
conférés,1
prises,1
affectif,1
15ème,1
commerces,1
milliard,1
shrapnel,1
parisiens,1
veulemans,1
antiraciste,2
incapacité,1
probabilité,1
sera,22
heure,4
régionale,1
énergie,1
extravagante,1
cabinet,2
travailler,1
simples,1
profondes,1
diaboliser,1
restés,1
parisot,1
confessionnels,1
principaux,1
rapports,1
souhaitent,1
catalogue,1
patient,1
déflagration,1
disait,4
emprunter,1
accélérer,2
générale,5
défends,2
coutière,1
rajeunit,1
demandé,3
élites,1
intervenu,1
pugnace,1
agenda,1
rendre,4
période,4
clinton,1
elysée,2
projets,5
traitements,1
mondialisme,6
conduisent,1
listes,1
statuts,1
motif,1
européistes,1
longtemps,7
suscités,1
désavoué,1
demain,1
montrent,1
collaborateurs,1
marignane,1
exprime,2
auparavant,1
passée,1
chinon,1
spécialiste,1
invite,1
crie,1
assistons,1
abstention,1
déguisé,1
développer,1
singulièrement,2
prononcée,1
couche,1
croire,10
aspire,1
communiste,3
cris,1
programme,4
entrainant,1
durera,1
tracé,1
bonfield,1
investi,1
clairement,6
première,6
encourir,1
horizon,2
illégitimes,1
attali,1
présentation,1
exigée,2
sarkozienne,1
siège,3
programmée,1
vigoureuse,1
alerter,1
qualifient,1
sachent,1
quarts,1
voiture,1
démontrons,1
autochtones,1
remède,1
bombardements,1
recul,1
extrêmement,3
commandement,1
attentivement,1
médicales,1
laissé,4
révoltes,1
parti,16
moralement,1
suivi,3
conjoncture,1
suspendre,1
intégrer,1
oublier,4
poser,1
voyants,1
commis,1
conception,2
règle,3
amateurs,1
paysanne,2
inflation,3
tsunami,2
sénateurs,1
irréaliste,1
semblez,1
insécurité,8
serons,3
coincée,1
gauche,11
permis,1
grosso,1
préoccuper,1
convainc,1
cécilia,1
consacrer,2
conformément,5
taper,1
bush,2
traité,18
pandore,1
pour,8
nord,2
corps,2
réformatrice,1
présidentiel,2
montrer,4
",...).",1
relève,1
titre,1
savez,18
lobbys,1
soudards,1
martinez,1
cours,6
smicard,1
600ème,1
autodénigrement,1
moitié,2
connait,1
indépendant,1
intéressant,2
paraissent,1
dénoncer,3
provoquées,1
combines,2
secrète,1
piqués,1
nulle,1
grotesque,1
armes,2
mouture,1
majeures,1
suggéré,1
nations,9
trois,8
installation,1
beau,1
titanic,1
dirige,1
ressemblent,1
central,1
échange,1
réhabilitation,1
pensent,4
fenêtre,1
restaurants,1
appauvrissement,1
collectives,1
prend,1
considèreraient,1
proposera,2
ecclésiastique,1
sait,20
solide,1
martyre,3
relations,6
immenses,1
acier,2
entendre,1
victoire,3
avocats,2
nouvel,1
exonère,1
traite,1
quoique,1
formules,1
présenter,5
réductions,1
goût,1
contexte,1
faits,4
opéra,1
défenses,1
basses,1
asie,1
parler,5
spectacle,2
hitler,1
résilierai,1
issus,3
avis,4
parlez,1
adopter,2
récente,3
talentueux,2
climatiques,1
répété,1
rencontre,4
cordiales,1
récession,1
notre,1
dynamique,1
dresser,1
connais,1
faibles,1
tiers,1
contribuer,1
respecter,6
entrepreneur,1
étonné,1
contrat,1
triomphe,1
absolu,1
certainement,5
subventions,1
personnages,4
jouaient,1
bloquerais,1
couvert,1
écouter,1
forces,6
rêve,1
appelait,1
mineurs,2
adresser,1
aime,2
privations,1
individuel,2
menti,1
profond,1
vives,1
régionales,1
briser,1
édicter,1
abandonné,2
assise,1
réponse,2
rajeunir,1
éternelle,1
secteur,1
ores,1
cependant,2
importer,1
rigoler,1
chair,1
incarnation,2
bavière,1
refuse,3
scores,1
considérables,1
loin,7
préambule,1
menhir,1
lois,8
message,3
pétrolier,1
rencontré,1
activités,1
pratiquement,2
médaillés,1
phonographique,1
faiblarde,1
relevés,2
monopole,2
emploi,9
amour,5
quatre,8
reprend,1
connétable,1
complaisance,1
levure,1
aveux,1
mondialisation,2
évidente,2
molière,1
bébés,1
dernières,2
evoquons,1
monter,1
ayons,1
groupusculaire,1
bradée,1
régimes,1
bidasse,1
joue,4
aimé,4
illégaux,2
inégalés,1
christ,1
chose,14
impossible,3
perpétuelle,3
chaînes,2
quoiqu,1
cessons,3
propre,6
péjoratif,1
tombent,1
quant,6
pourrait,3
révélation,1
fulgurant,1
devriez,1
ayant,4
mitterrandienne,1
reprendre,2
présentant,1
image,3
contournées,1
abandonne,2
slovène,1
aviateur,1
bulle,1
déguisées,1
menées,2
question,6
accès,2
rester,1
paquebot,1
pourra,2
réunir,1
départis,1
aériens,1
terminé,1
parait,11
privé,2
connus,1
révélés,1
patrie,8
unanimité,1
revienne,1
reçoive,1
1990,1
cultivé,1
bénévole,1
artistes,1
connue,1
international,3
suggestions,1
bruno,2
scène,1
viendrait,1
ateliers,1
impressionné,1
serions,1
disent,5
court,3
couru,1
adopté,1
finira,1
premier,20
ciel,1
président,59
fondateur,1
cage,1
financière,6
minorative,1
propagera,1
inconséquence,1
hurlent,2
idéologiques,1
baptisées,1
davos,1
espèrent,1
circonstance,1
intérieurs,1
capitales,1
vignancour,1
énoncer,1
adhésions,1
retoquée,1
baisse,4
sympathie,2
actuel,1
place,8
imposent,1
boutera,1
paix,5
valeurs,2
1975,1
communistes,3
chaotique,1
1972,1
bout,5
secrétaire,4
chemise,1
alain,1
constitué,1
sainte,6
dreux,1
intervenue,1
géopolitique,2
diminution,1
finiront,1
emporté,1
boue,1
appointés,1
étendu,1
carences,1
battu,2
pouvaient,1
humanité,1
présidente,1
millénaires,1
carte,3
utiliser,2
élus,4
successifs,3
travail,14
prive,1
positions,1
abdel,1
planifiée,1
technique,3
parachutisme,1
favoritisme,2
promette,1
jésus,1
république,30
légale,2
coopération,1
plierai,1
rejettent,1
ferait,4
sinusoïdaux,1
citoyenneté,1
adopte,2
smic,1
position,3
souvienne,1
tchèque,2
historiques,1
glorieuse,1
portais,1
moyens,10
suggestion,1
collectivités,2
arguments,1
remettent,2
désignée,1
arrivais,1
retrouver,3
botte,1
actuelles,1
migratoire,2
offusquées,1
prête,2
placé,1
disposition,1
évident,13
inscrire,1
suis,53
pensée,8
agricole,5
posés,1
libéral,1
massive,7
cachan,1
tenue,4
humaines,1
assèchent,1
augmenterais,2
cœur,2
exercice,4
connaissance,2
publiques,4
instigation,1
souveraine,1
téléspectateur,1
rêver,1
emprunterai,1
obtus,1
adolf,1
précédents,3
gravement,2
voté,6
généraux,3
télévisions,1
attrait,1
commencent,1
secours,1
communautaristes,1
collégien,1
présidences,1
accepté,5
dictature,1
candidat,13
patriotes,2
choc,2
affidés,1
domineraient,1
établissements,1
plusieurs,4
abstenus,2
expose,1
épargne,1
localisation,1
promettait,1
brouhaha,1
joueurs,1
postérieures,1
accroître,1
laissés,1
dialogues,1
fameux,1
déposés,1
strasbourg,1
dégagé,1
égale,1
amitié,1
commencer,3
armagnacs,1
propos,5
assure,2
encourage,2
livré,1
locale,1
assimilation,1
droits,9
pensées,1
correspond,1
liée,3
déclaration,1
savoir,7
pris,5
avignon,1
domrémy,1
indicateur,1
visant,1
confortent,1
descendants,1
excusez,2
mettent,1
certes,3
prix,10
inutile,1
iiie,1
bauer,1
devenue,1
endettement,1
unification,1
affaires,8
société,5
troisième,5
soient,7
basse,1
acceptée,1
reclasser,1
débridée,1
modo,1
souhaiterait,1
vote,6
préparer,2
appeler,2
prison,7
discrimination,2
brutaux,1
thermomètre,1
idée,3
étonnants,1
demandera,1
futures,1
quinze,5
époque,3
mienne,2
hénin,1
critique,1
sarkozysme,2
minutes,2
épargné,2
réaliser,1
exercices,1
opérations,1
domaines,1
dévaluation,1
désarmement,1
libréchangiste,2
étonnant,4
constate,1
essaye,2
innocents,1
lèvent,1
terrains,1
mère,1
rétablir,6
présenterai,1
encouragé,1
qualifié,1
irlandais,7
servis,1
vivent,2
interdisons,1
assises,1
affirmer,1
date,2
rêvait,1
indien,1
anti,4
bavure,1
masqués,1
également,2
mensonge,1
posait,1
faisait,1
juge,1
quelle,1
intégration,2
démocratie,2
militante,1
évolué,2
conseil,11
emporter,1
entrer,5
passé,6
ercefuryl,1
malotrus,1
militants,1
définitivement,2
chance,4
gagner,2
seuil,1
cherchent,2
bordeaux,1
réélire,1
vogue,1
fidèle,1
redressement,3
sacrer,1
prudent,1
populations,3
proposer,2
baril,1
familiale,2
humain,1
eads,1
avions,6
fierté,2
réputés,1
dénie,1
crois,82
renvoyer,1
bavardais,1
chers,3
vivons,2
henri,3
libère,1
représentatif,1
priorité,1
chansonnier,2
recours,1
garçon,1
considéré,2
réflexion,1
concurrencer,1
contestataire,1
choses,15
1412,1
affaiblissement,1
apprête,1
tourner,1
souhaitons,1
luxembourg,1
présentons,2
religion,4
failli,1
ecoutez,21
avatars,1
espoir,1
néanmoins,1
peintre,2
mexique,1
passe,7
éblouissent,1
démagogie,1
commerciale,1
régularisation,3
ridicules,1
propres,3
thèse,1
alors,6
puisqu,18
déception,2
moloch,1
opportunité,1
neutralité,6
gloria,1
plomb,1
réellement,3
circulation,1
pourtant,9
venter,1
mondiale,11
confrontation,1
maïs,2
facilitait,1
susceptible,1
contestable,1
immémoriaux,1
désignés,1
cheval,1
habitude,5
professionnelle,3
effectué,1
égard,15
ministres,8
mieux,7
naviguer,1
rebours,1
maltraités,1
permettez,4
intéresse,4
contraindre,1
obama,3
bord,1
permettent,2
fossé,1
marquer,1
montré,4
contagion,1
dossiers,1
1981,2
entreprises,5
forme,6
habilement,1
précarité,3
sensibles,2
airbus,1
qualités,4
ignobles,1
défrayer,2
machine,3
saisi,1
silence,1
désespérément,1
indigents,1
dépenses,1
huit,1
assez,33
posent,1
patronal,1
entendrait,1
froide,1
épreuve,2
exception,2
zone,2
situe,1
chaos,1
slaves,1
certaine,4
volontairement,1
différenciées,1
abandons,2
veux,4
substance,2
dirigeants,12
voit,4
veut,15
personnellement,5
deux,2
2003,1
courageusement,1
agriculteurs,5
choqué,1
sérieux,3
femmes,3
revanche,2
aviation,2
summum,2
dirigeante,2
introduite,1
contemporain,1
éminent,3
lesquels,4
évêque,1
2006,2
asservi,1
tapie,5
défenseurs,3
liberté,17
rétablisse,1
outrager,1
fauves,2
cadeau,2
adversaires,4
fondamentaux,2
tenter,1
laquelle,8
bancaire,5
vital,1
milliards,8
combattons,1
salengro,1
orientale,1
transforme,1
suivent,1
opposition,6
normandie,1
planétaire,2
allemandes,1
occasion,10
déclarait,1
allemagne,3
interdisait,1
cessé,2
bouillir,1
véritablement,2
hein,4
renforcera,1
ouvrant,1
inéluctable,2
objectifs,2
idées,7
changer,4
dessous,2
défilerons,1
dieu,7
apprendre,1
probable,2
paul,1
compétition,2
lice,1
directeurs,1
immigrants,1
coûts,3
appliquons,1
banni,1
surrévaluation,1
prononcé,2
soudés,1
terrain,4
risques,2
désigné,1
laïcité,6
risquez,1
admis,3
soutien,1
suivons,1
peux,3
sondages,4
sincères,1
peut,4
rentrant,1
définition,1
unique,5
preneurs,1
délinquants,3
amusant,1
réjouissantes,1
épuiserait,1
peyrat,1
rejeté,2
pourrez,1
capacité,1
mission,2
séjour,1
autrefois,1
foule,1
républicaine,2
ignorance,1
duplicité,1
directe,1
événement,1
individuelle,1
mené,3
effectifs,1
chirac,3
gaza,1
réduction,3
exhalent,1
remettre,1
face,9
dise,1
préjugés,1
prisonnier,1
déontologie,1
syndicats,5
léon,1
hauteur,1
cesse,4
grandi,1
porterait,1
déficit,3
politiques,21
jusque,2
holocauste,1
capital,1
inventaire,1
appréhension,1
choisissent,1
attachement,1
allant,1
sorti,1
talent,5
prioritaires,1
servait,1
inquiéterais,1
rudiments,1
entouré,1
acceptation,1
hommes,8
succession,2
morceau,1
libéraux,1
octobre,1
dizaines,2
ainsi,10
protectorat,2
ruinée,1
inadmissible,1
accentuer,1
24ème,1
nantis,1
retraite,1
entretenus,1
frère,1
intègre,2
matin,2
apparaissait,1
conflit,1
internationaux,1
fossey,1
établira,1
votes,1
endroit,2
parcours,3
rupture,3
dîner,2
entreprise,3
formation,2
soumettre,1
manque,3
risée,1
testament,1
déluge,1
révèlent,1
poursuive,1
lents,1
montée,1
1415,1
reprenant,1
chercher,1
éventuels,1
lampions,1
civilisation,5
écrasante,1
maîtrise,1
ordre,1
daflon,1
indispensables,1
dassault,1
mobilisent,1
détenus,1
déteste,1
soutient,2
maîtres,1
considérablement,2
épopée,1
extraordinaire,1
hyper,1
restaurant,1
obtenir,2
tablions,1
déçus,2
doutent,1
évidemment,21
huile,1
voulons,2
réclame,1
demandant,1
rompant,1
entoure,1
nationalité,1
immortelle,1
écrivain,1
financier,4
concerto,1
dutroux,1
normal,4
manière,6
bombardement,1
flons,2
peuvent,4
proche,2
lettre,4
tenez,1
pétrolière,2
massifs,1
glisse,1
pouvons,4
prestation,1
proportionnellement,1
masses,1
remercie,2
aider,1
répondra,1
négatif,3
répondre,1
prédation,1
cynisme,3
heureusement,1
interdictions,1
budgets,1
diront,2
représente,2
différence,4
suppression,1
verra,1
fréquemment,1
efforce,1
remarquables,1
abandonnées,1
trahisons,1
fera,1
satisfait,1
réservés,1
électeurs,17
gouvernements,3
charles,3
présenté,3
procéder,1
mène,3
échappera,1
disparu,1
hausse,4
etablissement,1
ombre,1
peuples,11
appareil,1
lyonnais,1
sauvage,3
graves,1
prendront,1
expliquait,1
organisateurs,1
réduire,2
voeux,2
indispensable,3
police,1
crise,18
maintenu,2
chacun,6
bâtiments,2
définitifs,1
étonnante,1
augmentation,5
défenseur,2
calme,1
généreux,1
savait,3
diplomatie,1
conduite,1
amendements,1
élégantes,1
délit,1
ancêtres,1
espérer,2
écrits,1
inspecteurs,1
acceptait,1
suivants,1
essentiellement,1
esprit,14
intangible,2
quasi,1
dames,1
filigrane,1
vive,3
suivante,2
nationale,25
échelon,1
cordiale,1
israël,3
défende,2
ferrée,1
battant,1
bientôt,1
bourguignons,1
psychologique,3
escroquerie,1
banal,4
accroché,1
mauvaise,1
reconnaître,1
croissant,1
écrans,2
sert,1
blanchir,1
suivait,2
pyrrhus,1
amis,3
dépend,1
partisans,4
major,1
eisenhower,1
libres,4
conçoit,1
avec,2
analyses,1
exécutée,1
rédacteurs,1
hypothécaire,1
présents,4
surcroît,1
partisane,1
raréfaction,2
apercevront,1
leurs,16
démocratiques,1
essaie,1
education,1
illuminée,1
libération,1
nasser,1
prédécesseurs,1
jospin,1
produire,1
création,1
produira,1
vérités,1
salut,2
ancien,5
socialistes,3
mirobolantes,1
50000,1
dévastateur,1
prendrai,1
compté,1
détermine,1
sûrement,1
victime,2
cryptozoologie,1
intérieur,7
barroso,1
sort,2
sportif,1
contenté,1
selon,8
querelles,1
encore,3
matière,5
mystérieux,1
restrictive,1
erreurs,1
découvre,1
festival,3
purgée,1
perd,2
vidé,1
collège,1
permanence,1
favorisant,1
occupe,1
puisse,2
titanesques,1
spécifiques,1
cruellement,2
fuligineuses,1
ardeur,1
clair,4
mets,3
pauvreté,1
moulinets,1
impéritie,1
dynamisme,1
admonestation,1
empruntent,1
dents,2
démantelée,1
derrière,1
alika,1
entière,2
liquidé,2
parfum,1
gauchiste,1
consistent,2
patrons,1
concluait,1
nuances,1
actualité,3
lèvres,1
suffira,2
générations,5
ouvertement,1
tricheur,1
spéculation,1
trompe,1
minute,1
esclavage,3
légaux,1
incontournable,1
remise,2
traditionnel,2
tenté,1
précaire,1
relance,1
efforts,1
directive,2
inopinée,2
soupçon,1
attendaient,1
peoples,1
hélas,2
dans,4
furent,2
meilleur,2
dany,2
alimentaires,1
public,5
tixier,1
intéresser,2
médias,8
profession,1
sophisme,2
obtenu,2
accélération,1
promener,1
gouvernée,1
insérée,1
présentée,1
jugent,2
simple,1
rapport,8
pure,2
proportionnelles,1
siphonné,2
mandat,1
arrivants,2
suffit,1
tête,5
balance,1
turquie,13
accomplir,2
transit,1
insultes,1
importants,3
liquide,1
fort,2
vocation,2
capeluche,1
sanctuarisera,1
confondre,1
explosion,3
thaïlande,1
psychologie,1
qualifiez,1
pêcheur,1
perception,1
mesure,6
choquant,4
colombey,1
monnaies,1
rétablit,2
touché,1
principalement,1
étape,1
patent,1
messages,1
relancé,1
jeanne,10
historique,3
religieuses,1
archaïque,1
barre,1
poétique,1
civiques,2
vantardise,1
amie,1
condamnent,1
claire,1
résolument,1
moyen,6
cadres,1
patience,1
pourraient,1
élevé,2
zones,3
invités,1
souffre,1
rouen,4
demandais,1
débarqué,1
effrayer,1
convivial,1
exceptions,1
millième,1
certains,7
bourse,1
plan,12
appartient,1
juridique,1
réduits,3
