word,raw_frequency
écarte,1
actes,3
nature,3
marche,3
conversation,1
émettait,1
transport,1
insee,1
unification,1
relever,2
euro,4
élues,1
proglio,2
qualité,2
menteurs,1
centrales,1
parlementaire,2
coince,1
ouvreur,1
interrogeait,1
multinationales,5
immigrées,3
wall,1
vendue,1
ayme,1
cachant,1
comtois,1
journée,1
lequel,4
chefs,1
serai,3
choque,1
coincé,1
etats,12
clandestins,8
cabrette,1
vingt,5
2500,1
clandestine,1
transports,2
touristiques,1
déclarer,1
dette,1
ficelés,1
difficultés,4
classe,4
tolérez,1
définir,1
sorcier,3
religieuse,1
parallèlement,1
arrière,1
coupable,2
coté,1
oreille,1
demandent,1
louis,1
collectivité,2
figure,3
forfait,2
criminelles,1
islam,3
travaux,2
obsolescence,2
participé,1
orléans,1
marché,8
révèle,2
connu,6
corollaire,1
menteur,2
royal,3
obstacle,1
pompidou,1
belle,2
apprend,1
grandeur,1
arrêter,3
chef,6
retour,4
figurants,1
lien,1
habituelle,1
allaient,1
effacement,2
inciter,1
montrent,1
venir,7
discounteurs,1
sidérurgie,1
bons,2
urgent,2
devant,7
conquis,1
tonalité,1
suite,2
européenne,14
bond,1
milliers,9
jours,9
franc,1
petit,16
augmentations,1
extrême,2
gratifie,1
bébé,1
carrel,1
1986,1
règlement,2
parallélisme,1
catégories,2
richesses,2
gaulle,3
disparition,3
imbroglio,1
devenu,5
sanitaire,2
prolifération,2
corrompu,1
états,1
combler,2
réagir,2
puisque,16
monde,37
toute,10
exigeaient,1
jouissant,1
officielle,2
train,6
grâce,4
rappeler,3
débatte,1
trait,1
embellir,1
bafouent,1
étendard,4
dirais,9
vauclusienne,1
tandis,1
pitié,2
fermé,1
frappe,1
impuissants,1
faux,3
évolution,3
prophète,1
mêmes,9
communautés,1
rétablit,1
lorsque,5
imposture,1
camarades,9
arsenal,1
discriminations,1
ralenti,1
culot,1
résultat,1
italie,2
barrières,1
pays,62
dénationalisé,3
rivalités,1
modernes,1
enlever,1
particuliers,1
mythe,1
ancienne,1
parfaitement,4
participer,3
mois,14
incontournable,1
contact,2
compagnies,1
appelle,4
multipliées,1
fraternité,1
circonscriptions,1
groupe,2
éventuellement,1
combats,1
accoure,1
diversité,4
exsangue,2
halte,1
pompes,1
politicienne,2
reprises,1
parisienne,1
cellules,2
hurlé,1
concurrence,4
aisés,1
grognent,1
écrit,1
immense,3
président,26
vaut,1
ruinant,1
librement,1
entier,1
brève,1
encadrement,1
pompe,1
venus,4
supporter,1
textile,1
converti,2
ferme,2
retrouvée,1
comprendre,1
usines,2
voit,12
frapper,1
répartition,1
indignais,1
signale,2
élèves,1
naturelle,2
élitisme,1
ambassadeur,1
comme,3
propriétaire,1
férule,1
vitale,1
haut,1
représentée,1
chevaux,1
réfléchit,1
souris,1
capable,3
arrivent,3
antinomique,1
sein,1
majeur,1
poil,1
violence,5
boutin,3
injection,2
perte,3
faillite,1
seuls,4
salaires,5
proclamés,1
pense,15
enrichis,1
postuler,1
aménagé,1
réinventé,1
odieux,1
déclin,1
systématiquement,1
érigée,1
production,4
réclamé,1
panne,2
comparable,1
multiplier,1
régularisés,1
enfin,17
fausse,3
augmentant,1
évocation,1
décolonisation,1
mirages,1
utilise,1
française,20
réformé,1
donnent,2
camarde,1
syndicale,2
amoureux,1
besoins,3
annoncé,3
souhaitais,1
faudrait,1
servent,4
inscription,1
trésorerie,1
intégration,5
penser,1
malte,1
migratoires,1
hypertrophié,1
exclusivement,3
incendies,1
exceptionnelles,3
contradictoires,1
réussissait,1
épingle,1
colonisation,3
économie,11
voitures,1
remplis,1
beaux,1
radios,1
laitiers,1
patente,1
nettement,1
handicap,1
courants,1
bâtir,1
policiers,1
woerth,2
exigeons,1
rentrer,4
bâtit,1
condamné,1
aurais,1
formations,1
abusives,1
aurait,4
spécialement,1
domaine,5
affiche,1
niveaux,1
défendons,2
préféré,1
techniques,4
truqués,1
semble,7
abaissé,1
huma,1
marseillaise,1
condamnations,2
combat,4
emprisonnée,1
accordés,1
excuse,1
suisses,1
jobs,1
faire,39
monopoles,1
incarné,1
obligatoire,2
complet,1
compte,14
calcul,1
terminée,1
attendre,3
roms,1
chargés,2
bedford,1
spiritualité,1
entrave,1
reviendra,1
niveau,8
unissent,1
supprimer,4
rome,3
règne,1
dépression,2
distinction,1
sociales,5
euromondialisme,3
euphémisme,1
flamands,1
révoltant,1
puissant,1
chargée,1
observatoire,1
condamnés,2
opposant,2
naguère,1
campagnes,5
compter,1
apparaitre,1
supérieure,1
prosélytes,1
risqué,1
fêtons,2
sauf,4
territoire,5
quasi,1
structurelle,1
condamnée,1
parallèle,1
honte,3
inviter,1
base,1
développement,1
martinique,1
respecteront,1
contre,29
norvège,1
entrée,2
elus,1
explorateurs,1
tribunal,1
départ,2
nobel,1
précédés,1
chrétienne,1
dérisoire,1
violemment,1
métier,1
paca,4
acceptent,2
entendre,4
12697,1
ministère,5
désormais,8
entend,3
cotisations,1
récupération,1
devons,1
étendu,1
reconduites,2
douanes,2
colère,1
capables,1
généralement,2
péché,1
aménagement,1
citoyen,2
diffusion,1
réalités,2
réglés,1
arrivés,2
commission,6
apportées,2
sortez,1
liste,6
acquises,1
envers,1
roulant,1
carbone,3
alpes,1
nagy,1
impasse,1
préférentiellement,1
immunité,1
quelques,18
activité,2
servitude,1
surfeur,2
entré,1
scientifique,1
vigoureux,1
nationales,9
abstenus,1
manifesté,1
exerçaient,1
discours,4
occuperai,1
invitera,1
coûteuse,1
aspect,1
trouver,3
benoit,3
targui,1
notons,1
martin,4
faute,1
terrorisme,1
ténèbres,1
modéré,1
compétents,2
crédible,1
taille,1
moyennes,2
écarté,1
organiser,1
horaires,1
occuper,1
enlève,1
intégrale,1
paquebot,1
immigrée,1
imposé,2
forts,4
étoilée,1
défroque,1
trompés,1
jeunes,10
electricité,1
conseillers,1
vertu,3
400000,1
dividendes,1
sauve,1
couleurs,1
exécutées,2
emballement,1
territoires,3
identité,17
substance,2
humanisme,1
éloignement,1
atlantique,2
sondage,3
propre,4
étrangers,7
dogmes,3
empêcher,3
prospères,1
méritocratie,1
normalement,2
êtes,1
entre,22
répétées,1
crois,53
remonte,1
celui,14
prochaines,1
surenchère,1
retraites,1
manifeste,1
responsable,2
espère,3
dérive,1
clament,1
flagelle,1
prétendu,1
copenhague,1
diabolisation,2
aile,1
manifestation,2
européen,10
etat,11
homoncules,1
feignons,2
écouteur,1
oligarchie,2
changement,1
correct,2
médicales,1
carpentrassiens,1
apparence,1
magistrats,1
assuraient,1
impose,4
direction,2
trimestre,2
majorité,7
socio,1
malheureusement,4
feront,3
tests,2
acte,3
ferons,1
remercier,2
amiral,1
député,3
titres,1
parliez,1
diner,1
applaudissements,1
minoritaires,2
content,2
printemps,6
gâtée,1
immenses,1
souvenir,3
situations,3
emprunté,1
gentillesses,1
sarkosisme,1
absolu,1
intoxication,1
prendre,8
armées,1
échelle,1
allié,1
croître,1
semaines,3
rationnels,1
sécurité,12
avancer,1
naissance,1
emprisonnement,1
réalité,5
décisive,1
bénéficient,1
sentiment,9
croissant,4
supplémentaires,6
exigence,1
pricnipe,1
réflexe,2
scène,3
fallacieux,1
dénationalisée,3
certitude,1
injuste,3
habituel,2
naturalisation,3
internationale,2
dépôt,2
sources,1
durant,3
1968,1
julien,1
conséquence,4
empêchaient,1
choses,12
fatalité,1
importance,1
grippe,1
trotskiste,1
plongés,1
accepté,1
souhaite,5
travaillent,3
hélas,5
menés,1
diplômes,1
constitution,1
délitement,1
voulez,3
organisations,2
moitié,2
impérieux,1
engagement,1
pierre,2
disparait,1
menée,1
amicale,1
querelle,1
créer,2
effriter,1
générée,1
convoitent,1
relèvent,1
prêtres,1
voyez,3
vouloir,1
mettre,3
sécu,1
profiter,1
proposition,3
affirmait,1
garde,1
signer,1
responsabilité,1
retrouvé,1
représentants,3
centaines,5
revenir,9
sûrs,1
marginale,1
immigré,1
richemont,1
prioritaire,1
velléité,1
partent,1
hospitalier,2
consigne,2
pouvoir,18
suivre,3
débouchent,1
même,1
labeur,2
précédent,5
troupes,4
obsolète,1
maire,4
prétendument,3
discrédités,1
déferlement,1
etrangères,1
dupont,1
vaste,2
faille,1
allant,1
lire,1
plus,161
judiciairement,1
ébranlée,1
peste,1
rassurez,1
appuyer,1
avez,3
brésil,1
demeurant,1
aveu,2
productivité,1
bénéfices,4
barrot,1
reposer,1
électricité,1
étranger,3
enfants,13
aussi,1
roumanie,1
scientifiques,2
artisanat,1
avec,5
disparu,3
financiers,4
confondus,1
passe,12
européisme,1
auxquels,3
hémicycles,1
indiscutablement,1
disposent,1
esprit,3
concernant,7
note,2
compenser,2
circonscription,1
ceux,1
source,2
mesure,3
homme,11
1422,1
barroso,1
apparu,1
ambitieux,1
productif,1
défauts,1
réunit,1
comtadine,1
allons,3
venant,1
civique,2
adoucissement,1
maintenir,2
conduisait,1
alimentaires,1
disant,6
région,5
anges,1
croupion,1
bâillonne,1
visiter,1
caractère,3
armure,1
opinions,1
aveuglement,1
sociétés,2
reproche,1
oumma,1
consomment,1
délégué,1
tout,2
intégré,2
tour,7
tous,2
boîte,1
classique,1
éducation,2
pylônes,1
avril,2
église,1
pratiquement,6
étendre,1
claires,4
union,13
suivisme,1
conformément,3
strauss,1
politique,58
raffarin,2
forte,1
vais,3
composition,1
pseudo,2
plein,1
résultats,2
unis,9
troqué,1
perdu,5
françois,1
électriques,1
abrutir,1
artistique,2
faut,41
affranchir,1
près,11
front,64
populo,1
votent,5
publiquement,2
vannes,1
embauche,2
précipice,1
pouvoirs,3
insupportable,4
gagné,2
sympathisants,1
rejoindre,2
fillon,3
peuplement,3
héritage,2
profits,1
ruiner,2
atlanto,1
cagoule,1
indemnités,1
cambriolages,3
comptes,3
déclaré,2
objet,2
donnait,1
sinistrés,1
documents,1
autorité,2
inhumaine,1
passées,1
essaieront,1
haine,1
exponentiel,1
point,5
bûcher,1
contraire,4
super,1
petites,3
choisit,1
absolument,9
socialo,1
fameux,1
pourquoi,1
choisis,1
sociale,16
désir,1
sombre,1
impôts,3
poissons,1
choisie,2
circuit,1
réunions,2
solde,1
métissé,2
transféré,1
mayonnaise,1
horions,1
éléments,2
manie,1
1957,1
1956,1
industriels,1
défendre,9
anglais,5
1958,2
celle,9
meilleurs,1
hésité,1
passionnels,1
rempli,1
habituer,1
généralisé,1
cloisonnements,1
progressistes,1
bancaires,1
médiatique,7
fiscal,1
villers,1
survivre,1
juger,1
normales,1
stupide,1
avachissement,1
provocant,1
repères,1
alentours,1
corses,1
leva,1
sympathie,1
erreur,2
passion,1
transformer,1
antiracisme,1
prévu,1
délibérément,3
coulpe,3
constituer,1
présidentielle,4
trempés,1
languedoc,1
peuple,16
climat,1
empire,1
régression,1
luxe,1
ravagent,1
multiplient,2
carcérale,2
législation,1
évènement,1
électoraux,1
rejette,1
amendement,1
branle,1
cosmopolite,1
alimentaire,1
proches,2
cocteau,2
prestations,3
masqué,2
lucre,1
atteints,1
publics,4
dédié,1
dandy,1
invitant,1
monétaire,1
provoque,1
cheval,2
prolongé,1
décennies,4
hongrie,1
proposée,1
chômage,16
stations,1
concentre,1
prévisible,1
dominique,1
syndicat,1
dray,1
marcher,1
auxiliaires,1
services,3
émission,1
flux,2
lâchetés,1
villes,6
hésite,1
obligé,2
sûrement,3
muselier,8
indispensables,2
mobiliers,1
onze,1
gordon,1
militant,1
seront,11
gouvernance,1
papes,2
vouée,1
halal,1
établissement,1
sedan,1
fermeture,2
prêcher,1
naturel,1
fureurs,1
pousser,2
assistances,1
spirituelle,1
visibles,2
ardents,1
provenant,1
souffrent,1
améliorer,3
prisons,4
convaincu,1
intégrant,1
supposer,1
leviers,1
consultation,1
jadis,2
promesses,5
confirmation,1
paris,5
précis,1
regarder,2
masque,1
catastrophique,1
réclamant,1
participation,1
mieux,4
aboutir,1
grünen,2
fuir,1
garder,2
complicité,4
gouverner,1
célèbrent,1
positif,1
âmes,2
passer,2
soldatesque,1
théorie,3
h1f1,1
délits,3
énergie,1
épisode,2
submersion,1
aura,9
petite,3
enregistrées,1
permettez,2
éclate,1
affinité,1
jetée,1
inouïe,1
chronique,2
exprimer,3
trouve,5
fiscalité,1
catastrophistes,1
ajoutée,1
départemental,2
petits,4
disposé,1
financières,2
veolia,1
restés,1
texte,1
indument,1
vieux,1
soviétique,2
conséquences,2
semblant,4
portes,1
actuelle,2
retournerait,1
nous,26
chute,1
entraîne,1
garantie,1
combier,1
militaires,1
mise,5
affirmé,1
politiciens,4
attitude,1
charbon,1
famille,10
loto,1
rocard,1
quotidienne,1
antenne,2
homosexualiste,1
désastre,1
europe,35
pollution,1
maitre,1
renforcé,1
intérêt,4
fete,1
mécontentement,1
chevalerie,1
sens,8
nouvelles,3
empêché,1
remontée,1
enrichir,1
modèle,2
évènements,3
nécessaires,3
maintenu,3
exigent,1
socialisme,1
inconvénient,1
chômée,1
sans,6
pêcheurs,1
supprimant,6
capitalisme,1
tradition,1
indifférence,1
renversé,1
trouvé,2
azur,1
vert,2
vers,10
sang,3
catégorie,1
marque,2
concerne,6
désirs,1
critique,2
disais,2
malheureux,3
emplois,15
rappelons,3
régularisé,1
cite,2
modération,2
achète,1
contemporaine,2
fils,4
grève,3
opportunément,1
façon,11
dimanche,3
judiciaire,3
chuté,1
battants,1
arrivaient,1
piliers,1
donc,1
pistes,2
coram,1
associations,1
croirais,1
citer,2
anciennement,1
déplacer,1
partage,2
situation,23
kouchner,1
élevage,1
1431,1
baudet,1
raciste,1
demandé,3
étapes,1
royaume,1
tours,1
téléphone,1
entrées,1
participerai,2
esprits,2
autour,3
aidé,1
responsabilités,4
conquérir,2
elles,5
pelotons,1
agitation,1
producteurs,2
angoissés,1
régime,1
plainte,1
dégradation,3
iles,1
assumons,1
revient,1
genre,3
construction,5
semaine,3
décision,3
françoise,1
turque,2
pensé,1
jouets,1
révolutionnaires,2
existence,1
perfusion,2
exceptionnelle,1
nombreuses,3
disons,5
roumains,1
offusquer,1
guerre,12
adhésion,1
croupions,1
préférence,17
rallié,1
problèmes,7
franchises,1
aggravée,1
autochtone,1
activisme,1
élection,9
foncier,1
redevance,1
digues,2
drapeaux,1
cambriolage,1
aspiration,1
vêtements,1
traiter,1
eurosceptique,1
vision,1
guyane,2
gloire,2
lobbies,1
descoings,1
inacceptable,1
tard,8
totalement,4
précédé,2
rapières,1
extérieur,3
acquisition,2
mondialisme,6
débridé,1
complètement,3
adhérents,2
suffisant,1
formidables,1
radio,2
barre,1
liée,3
venu,5
vent,2
masse,3
aide,3
mémorial,1
écoles,2
possible,3
kahn,1
patrimoine,4
liés,1
pire,4
vœux,1
caricature,1
outre,5
complément,1
virés,1
triomphent,1
féodaux,2
oublions,1
marquent,1
vagues,1
tuant,1
banal,1
image,1
engager,1
brogli,1
personnage,2
style,1
conduire,3
partir,7
folle,1
technologiques,1
raboter,1
présentation,2
satisfecit,1
dégainez,1
porc,1
hôpitaux,1
survivrait,1
impression,1
charges,2
allemande,2
notamment,3
caboche,1
rechercher,1
partiel,2
gros,3
allemands,1
augmente,2
floués,1
collabos,1
concepts,1
résoudre,1
considérer,1
constant,1
accord,4
prochain,4
remontrance,1
congé,1
noyé,1
conférence,1
fraichement,1
poings,1
utilisé,1
limites,1
piquant,1
doive,1
migrations,1
tenu,1
carrière,2
ravi,1
2006,2
bonne,5
internes,1
cachots,1
internet,1
images,1
cela,2
majoritaires,1
députés,5
forcé,1
laisser,2
cuistres,1
sorte,18
permettra,1
trompettes,1
intervenants,1
2ème,2
tipp,1
délais,1
échec,2
révoque,1
puissances,2
incontestablement,1
marchandise,1
missions,1
adresse,1
frappé,2
parvenus,1
absent,1
mesdames,13
tentant,1
chili,1
créature,1
actuellement,1
pape,3
occasions,1
combien,1
tartufferie,1
affirmons,4
marchandises,2
français,79
livrer,1
site,1
croissance,2
politiquement,2
cesser,1
impérissable,1
travailliste,1
prospérité,2
voleur,1
philippe,1
femmes,7
amener,1
passage,1
défi,1
oiseaux,1
presse,2
auprès,2
élément,2
multicolores,1
renaissance,1
méritent,1
surtout,8
bref,4
tribune,1
babel,1
activités,4
1200,1
confié,1
fonde,1
consistait,1
franciliens,1
fraises,1
honneur,7
archétypiquement,1
gagnants,2
doctrine,1
diamètre,1
avignonnais,1
bâti,1
françaises,11
yazid,1
abandon,2
comporte,3
appauvris,1
appauvrir,1
vraie,3
appauvrie,1
évêque,2
revenons,1
laïcisme,1
apporta,1
science,2
avance,1
grandes,9
mensonges,2
détonateur,2
rééditer,1
balayera,1
termes,1
gaullistes,3
allouer,1
ouvrir,1
principes,3
culottes,1
dessus,1
doté,1
occupés,1
instituant,1
prône,1
auquel,2
azincourt,2
risques,4
inscrit,1
films,1
conséquent,25
caves,1
charmante,1
gardé,1
pères,2
entrainant,1
cartes,1
juge,2
banales,1
dénigre,1
cadeau,1
besoin,2
milieu,1
dépendra,1
répéter,1
raisonnable,2
éliminé,1
aspirante,1
hebdomadaires,1
licra,2
mandat,1
depuis,4
continue,6
folkloriques,1
injustes,1
recule,1
sauver,4
fondé,1
1906,1
1909,1
admises,1
placées,1
ouen,1
principales,1
volontairement,1
participants,1
métaphore,1
incident,2
exaltant,1
autrui,1
alignement,2
dernier,4
tenaient,1
désinformation,1
électorale,5
origine,7
atteint,3
remèdes,1
judiciaires,2
écologiste,1
excellentes,1
capacité,1
attention,1
mérite,4
œuvre,4
syndicats,9
violentées,1
coeurs,1
partenaires,1
expirants,1
précisant,1
débuts,2
décisives,1
sncf,1
journalisme,1
100000,1
légitimes,1
circuler,1
successifs,2
coutumes,1
alsace,1
multiplié,1
commissaire,3
vaine,1
visage,1
représente,3
cautères,1
cauchon,2
contraintes,1
pigeons,1
réduire,1
procèderons,1
équilibre,2
électoraliste,1
banlieue,1
nationaux,6
siècles,6
constituées,1
gollnisch,2
positions,2
troupeau,1
stérilisante,1
roboratif,1
simplement,5
amitié,1
ancien,6
spectacles,1
redémarrage,1
considérable,3
tristes,1
fonction,3
plongé,1
parlant,1
précédentes,1
locaux,3
allocations,3
prince,1
moteur,1
présence,6
emeutes,1
hypothèses,1
exacerbée,1
2050,1
arrive,1
offert,1
scandaleuse,2
marin,1
permettait,1
emportée,1
attribution,2
présidence,2
rythme,1
patriotique,4
affaire,6
écrire,1
réduit,1
rajouter,1
pénitencier,1
comprenez,1
clairs,1
bouvines,2
jugée,1
technologies,1
vague,2
citoyens,4
vengeurs,1
canonisation,1
punis,1
discipline,1
conformes,1
exemple,10
contribuables,1
vient,10
viens,3
inexact,1
reconnaissance,1
interdiction,1
secteurs,4
courez,1
monarchique,1
messieurs,15
processus,2
stèle,1
arabe,1
dauphin,1
tiens,1
lutte,4
tient,3
trouverai,1
tire,1
humaniste,1
doute,5
protection,8
monclar,1
changeait,1
permanente,2
soutenue,2
2011,3
2010,3
doigt,1
investissement,1
idéologique,1
mexicaine,1
délices,1
villiers,4
boute,1
infranchissables,1
saoudite,1
exemples,3
organismes,2
chantent,1
antennes,1
bouts,1
essence,1
multiplicité,1
picards,1
logés,1
sujets,1
sectes,1
démontrons,1
réduisant,2
pèsent,1
assiste,2
sortes,1
agissait,1
claude,1
valise,1
navale,1
crédit,1
intrigants,1
races,1
lorraine,2
bande,1
lance,2
dissuadés,1
soit,30
sois,1
finissait,1
course,1
porter,1
quatorze,1
ininterrompue,1
valoir,1
gouvernements,6
douze,2
antagonistes,1
dettes,1
légères,1
brochure,1
7000,2
abolition,1
découvrant,1
humidité,1
populaires,1
fonds,2
humaine,5
facilement,1
mener,2
paisiblement,1
garderais,1
bretagne,1
mort,3
rien,16
vice,1
suffit,4
parlera,1
seconde,2
ferrée,1
médiatiques,1
symptomatiques,1
agent,1
existait,1
passeport,1
promesse,1
envisage,3
écrase,1
génère,1
souche,2
guadeloupe,1
cruel,1
donnée,1
marigots,1
intenterait,1
proclament,1
1000,1
rancie,1
egrenez,1
tiennent,3
accentue,2
géographiques,1
raciaux,1
fiers,1
joie,1
mensonge,1
immédiatement,1
essentiel,3
berlusconi,4
apporterons,1
prédateurs,3
voudrais,3
traditions,2
banques,5
puriste,1
irrégulière,1
avaient,3
obstacles,1
azimuts,1
quels,1
commencé,1
forcément,1
aggraver,2
système,17
régularisée,1
bienvenus,1
rues,2
crises,1
antarctique,1
réserver,1
torrent,2
démocratique,1
limite,1
ruine,5
réussi,1
rappelant,1
buridan,1
devait,2
pacte,1
danger,2
concrète,2
mythique,1
dissuade,1
régulièrement,2
populiste,1
déploient,1
liaison,3
pardon,1
prémices,1
rendu,3
rends,2
opération,3
avons,22
marginaliser,1
écrasé,1
acculant,1
malsaine,1
quelque,24
perspectives,1
bruxelles,4
vaincus,1
trafic,1
oeil,1
bourgogne,1
changeant,1
inconstitutionnellement,1
justes,2
immobiliers,1
féministe,1
chiffre,5
pression,4
influence,1
décideront,2
notion,2
aubry,2
resigner,1
change,1
hôtels,1
divers,7
consacré,1
particulièrement,9
appliquées,1
précautions,1
décrire,1
somme,1
vendre,1
subissent,1
veulent,8
invasion,6
marge,1
organisé,1
réelles,1
raisons,4
solution,1
sondages,2
reine,1
vainqueurs,1
gens,29
déchirent,1
longue,1
complice,1
plaçant,1
toujours,20
sournoise,1
croyaient,1
gonfle,1
unité,1
ferroviaire,1
effets,1
mitterrand,3
séparer,1
1453,1
américaines,2
tomates,1
statuts,1
scrupules,1
relativement,3
ouverture,6
peur,3
contribue,2
vivre,6
suit,3
cérémonies,1
iraniennes,1
désordres,2
code,1
fonder,1
contribuent,1
respectent,1
presque,6
delà,4
pétrole,1
dires,1
chape,1
isabeau,2
allé,2
contrôlée,2
océan,2
doyen,1
religieux,4
fonctionner,1
soixante,2
paru,1
doutent,2
quitter,1
construite,1
passée,2
devient,4
tibet,1
changé,4
porte,4
communier,1
répondait,1
fruit,2
fellagha,1
dénoncé,1
souffrance,1
sommé,1
darty,1
inutiles,1
enseignement,1
quatrième,3
diversion,1
dominicaine,1
inaliénable,1
adultération,1
piscines,1
déséquilibre,1
modulables,1
déposer,1
compromis,1
nation,8
charge,5
néfaste,1
bruno,1
aiguë,1
service,5
appartenance,2
provocations,1
dure,1
jamais,14
succès,1
diminue,3
traité,6
tiré,1
suédois,1
comités,1
marchés,1
absolution,1
corollaires,1
abolir,1
préoccupe,1
raison,15
politiques,12
autorisé,1
voisin,1
refiler,1
centre,4
passera,1
quelqu,3
organisateur,1
nécessairement,1
monte,2
parlé,2
craint,1
décidé,1
payés,1
européennes,8
accru,1
congrès,5
donne,4
proclamer,1
modestement,1
armée,4
reiss,1
suffisante,1
difficulté,1
brun,1
serait,9
eglise,3
établie,2
prière,2
construire,3
automobile,1
comptaient,1
héritiers,1
rodomontades,1
fuel,1
1929,1
éditorialiste,2
résistance,2
préservée,1
comble,1
empoignez,1
gauchistes,1
supplémentaire,1
souvent,5
compatriotes,11
toutes,13
débats,2
dévouement,1
destinées,1
fonctionnaires,3
mars,2
vise,1
décident,1
locales,1
connaitrez,1
mafias,1
financer,1
finances,1
universelle,2
assister,2
excès,2
valeurs,11
liquidée,1
islamisme,2
certain,16
fille,3
halde,3
piscine,1
aideront,1
scandales,1
postes,2
demanderont,1
occasionnés,1
sarko,2
indochine,2
complaire,2
parle,13
promu,1
régularise,2
alexis,1
gagnée,1
restait,1
prix,8
alternatives,1
suspend,1
mourir,1
obligés,2
bête,1
mépris,3
donné,4
déjà,17
queue,1
convaincant,1
médicaments,1
allez,3
provinces,1
inquiétante,2
repentance,2
troyes,3
illusion,2
aller,9
enrichi,1
résilier,1
outing,1
mains,3
impétrants,1
ressentent,1
positive,2
michael,1
cantonales,1
complexe,1
foot,1
honorent,1
cible,1
officiels,4
burqa,4
purement,3
giscard,1
mère,1
victimes,2
nicolas,2
correctement,1
publique,8
scandaleux,2
revenu,2
modifiant,1
affirmations,1
vois,3
billets,1
surfant,1
reculait,1
oppositions,1
passant,1
espagne,2
vitesse,1
clientèle,1
arracher,1
reçu,1
devrais,2
rentrés,1
intellectuels,1
proportions,1
soutenir,1
article,1
légions,1
aval,1
béats,1
criminels,2
différentes,4
vauclusiennes,1
américain,3
démographique,2
perdent,4
madame,7
conclure,1
effort,2
pouvait,2
chasse,1
traquées,1
gèle,1
ultra,6
croirait,1
sinon,1
livré,3
actionnaires,1
économique,20
largement,4
eurostar,1
concurrences,1
fondamental,2
brown,1
malade,2
michel,3
islamistes,1
essayer,3
demi,2
patronyme,1
séjour,1
tribunaux,1
hostilité,1
finit,1
défend,1
retourner,2
défense,4
rescousse,1
nombreux,3
volontaires,2
murées,1
préparent,1
contester,1
difficiles,1
école,2
permet,2
réglé,2
beau,1
prononcer,3
ronde,1
ceci,7
aspirantes,1
fondamentales,1
déclarées,1
journalistes,1
otan,3
thierry,1
acquis,2
viande,1
autrement,3
trompé,1
remédier,1
cour,4
coup,3
frontière,4
compris,5
élever,1
respect,3
naturellement,2
plutôt,2
parlement,8
disparus,1
dois,1
ajoute,2
règle,3
concept,1
traditionnelle,2
papeterie,1
famine,2
répréhensibles,1
légende,1
autoproclame,1
reims,1
démontré,1
sons,1
séparation,2
vivier,1
transfert,1
intéressent,1
personnellement,1
ifop,2
nôtres,2
préalablement,1
apport,1
dont,30
préfecture,1
conditions,5
schweitzer,1
agit,7
consultations,2
patron,3
vraiment,2
intégrée,1
forces,8
bagne,1
exposés,1
promettent,1
éternelle,3
obligation,3
établir,1
lancastre,1
commence,2
siècle,5
orange,2
directement,3
terrible,1
traitée,1
rompre,3
hortefeux,5
langue,1
planter,1
dominant,1
hommes,11
présidé,1
réel,1
violences,4
population,12
promoteurs,2
personnelle,2
foire,2
équilibres,2
vécu,2
comment,4
reconnu,1
commerçants,2
laxisme,5
défaillances,1
scoop,1
relative,1
gagnent,2
ayrault,1
climatique,2
durablement,1
gravement,1
bretons,1
fera,1
jouer,1
filles,1
morts,2
vérité,7
donna,1
descendons,1
pollueurs,1
lorsqu,1
attire,1
attentif,1
jean,2
premières,2
compétent,2
créée,1
détruire,3
percuté,1
frontières,18
venez,1
apprenons,1
vagabondes,1
consommation,1
démocratie,2
donner,9
intellectuelle,2
pendant,12
mondialiste,5
serais,1
tumultes,1
préparée,1
oublié,3
renflouées,1
edouard,1
1919,1
sacré,2
incapable,1
argent,6
parachute,1
progressivement,2
histoire,9
entends,2
remplacera,1
entendu,1
annonce,4
tergiverse,1
quotidiennement,1
réécrit,1
aligne,1
efficaces,2
protectionnisme,2
intérêts,2
vindicte,1
stasi,1
incontrôlée,2
fregoli,1
archéo,1
découlent,2
misère,2
planétaire,2
inimaginable,1
contredits,1
aveugle,2
aident,1
coûts,2
moment,8
sciemment,1
représentation,1
tissu,1
gaulliste,2
caractères,2
coûte,2
voilà,19
épargnées,1
étais,2
kiosque,1
assumer,2
était,22
chèrement,1
jusqu,10
critiquer,2
électorales,1
schengen,1
annoncent,1
tentaculaire,1
honnêtement,1
instant,1
ministre,9
passerons,1
action,4
libertés,2
légitimité,1
xénophile,2
2200,1
habit,1
dénationalisation,1
macro,1
voltairien,1
climatisme,1
euros,14
malmenée,1
contrairement,3
rente,1
exportateur,1
cadre,2
têtes,1
apportaient,1
dominical,1
jeux,1
leur,1
méthodique,1
concurrents,1
jargeau,1
sacro,1
matériel,1
algérie,4
chic,1
permettre,5
trains,1
nouvelle,11
alliance,1
concédant,1
séculaire,2
chignon,1
désert,2
ecclésiastique,1
parmi,2
travailleur,2
personne,1
étouffe,1
attendant,1
familier,1
débat,12
cherche,1
régularisations,2
preuve,10
estime,1
assemblée,1
particulier,9
gardée,1
musiques,1
martiniquais,1
esquisse,1
opaque,1
lieu,6
présidentielles,3
sortir,2
diffamations,1
organisation,5
delors,1
ensuite,2
mouvements,1
cortège,3
principe,7
sortie,1
pourvu,1
expulser,1
mouvement,4
justifier,1
derniers,1
aucune,9
compiègne,1
transmettre,2
parler,7
iiième,1
familiales,4
huitième,1
maison,4
copieusement,1
deuxième,3
sacrifices,1
perdre,10
bannière,1
jouir,1
réforme,1
embrassa,1
restent,2
effet,20
pacifique,1
comité,1
afin,3
côte,2
fais,3
aligner,1
latente,1
vacances,1
parlez,3
régressives,1
remplir,2
matérialisme,1
objectif,4
aboutira,1
électoral,7
immédiate,1
missionnée,1
moyennant,1
calais,2
européens,3
exorbitants,1
révélé,1
expérience,3
poils,1
bien,69
réciprocité,2
ferveur,1
électorat,1
mille,1
fasse,4
reviennent,2
ouverte,1
signification,1
pesante,1
harmonie,1
rassemblement,1
phare,1
interdits,1
devoir,5
développent,1
serré,1
carlingue,1
normaux,1
immigrés,22
bois,2
faisant,1
glisser,1
prétextes,1
félicite,3
chemin,1
france,89
reconnait,1
surfé,1
contrainte,2
sacrée,1
resterai,2
supprimées,1
faites,1
imagination,1
verbale,1
permettront,2
angoisse,2
renseigner,1
réserve,5
contraints,1
soyons,2
trimaran,1
logements,4
imaginer,3
choisiront,1
côté,8
notre,1
sursaut,1
proverbe,1
quartiers,2
appliquer,4
basques,1
avenir,8
dresser,1
catherine,2
vergogne,1
instruction,1
dérisoires,1
combattu,1
viennent,4
maux,5
pressions,1
muée,1
expansion,1
existe,5
broïlle,1
libérer,1
anciens,4
véritable,6
opportuniste,1
nôtre,1
féroce,1
cumulés,1
subir,1
salariés,6
respecter,1
idéal,1
smic,1
nantes,1
dépassent,2
échapper,4
réformes,4
formes,2
législatives,6
jugez,2
attelage,1
effondrer,1
obsèques,1
asservir,1
réunion,2
mesures,7
affaiblir,1
mobilisation,3
milieux,1
rappelle,10
tabou,3
chômeurs,7
nocivité,1
blessée,1
expliquer,1
amplifié,1
renvoyé,1
fruits,3
nombre,24
priaient,1
béatification,1
commerciales,1
parce,3
injustice,1
spirituel,1
prébendiers,1
épreuves,1
heures,3
projet,4
écrasante,1
attendrai,1
pouvais,2
influences,1
chiffres,5
livrant,2
exceptionnel,1
encouragements,1
aménagés,1
étrangère,7
combattre,1
dissuader,1
biniou,1
paysage,1
dilection,1
doutaient,1
justement,3
terre,8
dogme,2
70000,1
requiem,1
tant,7
lune,1
vanté,1
enfant,3
étrange,1
contribuable,2
hiver,1
mette,1
sordide,1
souveraineté,4
boycott,1
battre,3
obligations,1
spéculatives,1
finance,2
propriétaires,2
1973,1
important,2
trouvons,1
fatuité,1
projecteurs,1
hauts,1
cinéma,2
efficace,1
partie,7
systèmes,1
bulgares,1
courant,1
voyaient,1
apte,1
prochaine,3
haute,2
méditons,1
errements,1
pratiqué,2
pures,1
année,13
maître,1
abolies,1
démesuré,1
limiter,1
potentiels,1
culte,1
résolus,1
extraordinaire,5
voient,1
instincts,1
convention,1
département,1
garantes,3
probité,1
alourdir,1
soeur,1
manipulateurs,1
82000,1
marie,2
voulais,1
vite,3
angleterre,6
permanent,1
paysans,2
abaisser,1
avion,1
séparé,1
écoute,1
accuse,2
profonde,1
bénéficiaires,2
sommes,18
acheteurs,2
excités,1
vante,1
auront,2
sommet,1
passionnantes,1
civil,1
campagne,10
pavillon,1
encadrer,1
dérives,2
tirent,1
électeurs,5
manœuvres,1
forgé,1
tomber,1
événements,1
attaqué,1
belles,1
forfaiture,1
date,5
miraculeux,1
montlouvrier,1
diffamatoire,1
bataille,5
parlait,1
communauté,1
remplacés,2
provoquer,1
brûlée,1
moral,2
bafouées,1
parlements,1
siège,1
consentent,1
nationalité,5
télévision,1
signifie,1
injustices,2
produits,3
creuse,1
scandale,5
idéologie,4
frais,1
maîtrisée,1
concilier,1
habituellement,2
places,3
guerres,1
cathédrales,2
couverture,2
instauré,1
attaquée,1
industrie,4
déboucher,1
plans,1
vaucluse,10
univers,1
ressources,2
disposait,1
nécessaire,5
devoirs,1
sociaux,8
aggravation,1
pénal,1
bras,2
solennelles,1
obsèdent,1
américains,3
gesticule,1
heureux,2
environnement,4
dérangerait,1
sépare,1
expulsions,1
américaine,4
temporel,1
continueront,1
fête,4
université,1
édifiée,1
champagne,1
absolue,2
attaque,1
apparemment,2
rire,1
présenteront,1
présenterons,1
extraordinairement,1
elle,14
étude,1
créations,1
historiques,3
temps,32
répression,1
exclusivité,1
expulsés,2
zapatero,2
laxiste,1
apercevoir,1
désordre,1
repos,2
occurrence,4
joindre,1
informatique,1
écrasantes,1
rapatriés,1
dire,51
bartolone,1
pensées,1
précisent,1
compétence,2
digne,1
gâteau,2
élisez,1
maximale,1
subi,1
réparer,1
million,2
violer,1
structurel,1
reconstitution,1
abord,19
surpopulation,3
monsieur,15
structures,2
accidents,1
capitaux,3
réputons,1
bénéficier,2
prise,2
maintenant,1
illustration,1
chouan,1
pèse,2
rangées,1
littéralement,1
ores,1
fiscales,1
poitrine,1
conseillé,1
installent,1
équipe,1
éditoriaux,1
sentons,1
permettant,1
soutiens,1
affirmation,1
afrique,1
routes,1
similitude,1
imprescriptible,1
récemment,3
retenu,1
causes,3
envergure,1
lancées,1
rend,2
surfaces,1
précisé,1
téléchargements,1
divisés,1
prioritairement,1
siffrein,4
séculier,1
résorber,1
aujourd,27
oppose,1
crime,2
affres,1
naturalisations,2
brusquement,1
assassinée,1
incompréhensible,1
millions,28
colères,1
rentrée,1
ennemis,1
papier,3
comportements,1
prosaïquement,1
opère,1
peurs,2
loin,5
dramatique,3
aggravait,1
périmées,1
pandémie,2
mayotte,1
veuves,1
correspondent,1
mince,1
sabeg,1
voix,15
ferroviaires,1
réellement,2
équitables,1
agressives,1
accroître,1
familles,6
initié,2
savent,4
référendum,2
cause,13
gamelles,1
bulgarie,1
pérennité,1
verdun,1
dissuasion,1
sémantique,1
préoccupations,3
replaçant,1
cette,2
bénéfice,2
socialiste,10
attendu,2
abandonnés,1
autant,4
tendu,1
croyez,1
record,1
disparaître,2
immigration,62
tambours,3
verra,2
salarié,1
gargariser,1
achat,1
déterminer,1
précise,1
céleste,1
pantelante,1
chacune,1
ville,6
lendemain,1
favorables,1
traditionnel,1
global,1
opposé,1
revenue,1
fiscale,2
fassions,1
commerce,2
levier,1
modeste,1
lignées,1
revenus,2
inquiétantes,1
guadeloupéens,1
prodigieux,1
aperçoivent,1
exagéré,1
crimes,4
relevé,1
rappellent,1
mosquée,5
habitants,5
auraient,3
détachent,1
discuter,1
clause,1
visas,1
occidentaux,1
potentiel,1
points,1
espérant,1
marseille,7
large,1
changera,1
religions,1
rejet,1
représentent,1
dilapidé,1
ailleurs,44
condamnables,1
bracelet,1
jugent,1
barbarie,1
suivant,1
formule,2
johnson,1
croupie,1
pôles,2
assurée,1
indicatif,1
reste,13
monstrueuse,1
taxes,3
libre,12
précisément,1
proclamé,1
irrite,1
salaire,2
marguerite,1
importunées,1
journaux,1
voulait,1
grand,15
dhimitude,1
obliger,1
aveuglés,1
british,2
cerise,1
investir,1
assurer,2
difficile,3
ressortissants,3
expatriation,1
partout,8
culturel,1
mondialisation,4
lointain,1
rockefeller,1
hygiène,1
patriote,1
micro,1
mercantiles,1
péremptoires,1
productives,1
perdants,1
perçoivent,1
officier,1
fallait,3
souhaitable,2
constituerait,1
trébuchantes,1
merci,4
décuplée,1
arrêt,1
sortant,1
corrompus,1
irak,1
meurent,1
comparer,1
longues,1
conduit,5
distribution,2
conduis,1
manquaient,1
terme,2
considérée,1
stabilité,1
karmiz,1
rester,5
adoptent,1
épouse,1
plateaux,1
saint,5
ignoble,2
maritime,1
mâles,1
sacrifiés,1
assure,1
encourageant,1
fallacieuses,1
surprend,2
compétences,1
désertées,1
vendu,1
espèce,1
exige,1
concrètes,1
renoncé,1
combattants,1
terrifiantes,1
immigrationniste,1
cachot,1
servir,4
etablissement,1
rétablirons,2
voudraient,1
noir,2
hasard,3
individus,1
achili,1
soumise,1
démanteler,1
extradition,2
compagnons,1
doivent,12
verts,1
sanctionnés,1
appareil,2
décadence,2
logis,1
refuser,2
papiers,3
merveilleux,1
borgne,1
cavaillon,2
impuissante,1
social,5
souffrances,1
mondial,5
débarqué,1
surfer,1
ensemble,6
2001,1
2002,3
2003,1
2005,1
chez,14
2007,8
2008,7
2009,8
ouvre,1
pêche,1
cher,2
application,3
catastrophe,3
jeune,5
régions,5
soutien,2
déremboursement,1
considérons,1
japon,3
gants,2
menace,6
accueillir,1
chirac,2
institutionnelle,2
élevés,1
dissoudre,1
vols,3
pactole,1
tenir,3
communautaire,1
réitérées,1
opinion,3
importateur,1
utopies,1
chagrin,2
marine,2
egalité,1
délocalisations,4
reconnaitre,1
délinquance,4
soucis,3
sueur,1
résout,1
poussé,1
malheur,3
élections,25
années,8
courage,2
prétendait,1
carpentras,7
amont,1
workers,1
leçons,2
bâtiments,1
avocat,1
touchent,1
esclaves,1
général,6
membre,2
attends,2
divine,1
nécessité,3
différences,1
diverses,1
meurt,1
populaire,2
candidats,4
entendent,1
celles,4
occupait,1
premiers,2
financièrement,1
invité,5
patay,1
trahis,2
calomnies,1
masochisme,2
généralisant,1
chérie,1
inverse,1
ecoles,1
gouvernants,1
encourager,1
marmite,1
alourdissent,1
illégale,3
manipulation,1
allègre,1
fond,4
second,1
tampon,1
agriculture,1
revus,1
raconte,1
natalité,1
biais,2
principale,2
progrès,2
crée,3
appendice,1
souveraine,1
taux,5
morale,4
invasions,1
poste,1
harmonieuse,1
échangiste,1
corresponde,1
refusent,1
égalité,2
peine,5
culture,2
seules,3
écart,1
contents,1
bureaucratie,1
monnet,1
souverainistes,1
blasphème,1
divisé,1
occupé,3
votée,1
déchets,1
panem,1
thermales,1
hommage,3
livrée,1
bouche,2
jambe,1
manquer,1
ajouter,2
cent,1
étendue,1
jeunesse,2
minorités,2
sagesse,1
vide,1
destin,2
référence,1
meurtris,1
déficitaire,1
anticipent,1
riverains,1
morcèle,1
officiellement,2
bondissant,1
prévoir,2
anxieux,1
pauvres,5
dangereuse,2
touchant,1
oeuvre,4
applique,2
illusionnisme,1
session,1
festival,1
mètres,3
manifestations,4
nice,1
volonté,6
soutenu,1
contrôle,8
fantasme,1
abouti,1
procédure,1
écoutez,15
martyres,1
cadence,2
comprend,2
périodes,3
comptabilisé,1
cinq,6
autorités,4
interchangeable,1
phénomène,5
nationaliste,1
telles,3
discerner,1
touraine,1
systématique,2
créé,3
fonctionné,1
culpabilisation,1
épargnants,1
cons,1
budgétaire,2
persécution,1
destiné,1
arrivée,1
affirme,3
préexistante,1
modifié,1
annonçait,1
totale,3
débattue,1
mortels,1
national,83
encouragée,1
tension,1
euromondialiste,5
mosquées,8
questions,1
compères,1
consiste,1
triché,2
20h00,1
fendre,1
métissage,3
lesquelles,2
autres,23
demande,4
dite,1
supprime,1
membres,1
consommateurs,1
handschutz,1
électronique,1
assez,7
cacophonie,1
éblouissante,2
retomberaient,1
continuent,2
active,2
ordinateurs,1
décisions,2
souverainisme,1
peines,3
paysages,1
domination,1
abstentionnisme,2
trempé,1
musulmans,4
installer,1
étant,3
juin,2
intolérable,1
bayrou,1
avais,5
avait,17
institutionnels,1
lourde,2
musulmane,1
seraient,1
assoiffées,1
neuf,1
15ème,1
chrétiennes,1
milliard,1
métropole,1
carcéraux,1
gouailleur,1
exigences,1
communautarisme,1
handicaps,1
titiller,1
incapacité,1
trace,1
battant,1
heure,7
régionale,2
issu,1
masquait,1
malaucène,1
travailler,6
cadres,1
simples,1
profondes,2
mortelles,1
écologistes,1
modifie,1
rapports,1
deviennent,1
préside,1
souhaitent,2
identifié,1
hostile,6
triche,1
téléphonique,1
disait,6
péril,2
octroi,1
accélérer,1
générale,3
dégradée,1
visant,1
céréaliers,1
élites,3
dissuasive,1
importe,5
rendre,3
période,4
commune,4
matraquage,2
maghreb,1
projets,1
allah,1
délocalisation,1
redécouvert,1
listes,2
solennelle,1
déroule,1
motif,1
longtemps,10
reçue,1
normands,1
mauvaise,1
prouverait,1
emblématique,1
marignane,1
usufruit,1
familial,3
provocation,1
mines,1
accents,1
chinon,1
invite,1
tenues,1
crif,1
crie,1
assistons,2
provoqué,4
couper,1
sert,2
égales,1
développer,1
catharsis,1
ligne,3
jamaïque,1
croire,6
mystère,1
communiste,3
bouleversent,1
programme,3
préfet,1
agitent,1
première,4
raccroche,2
rôle,5
fournissant,1
bilan,5
internationaux,3
renoncer,1
provençal,1
pauvre,1
amenèrent,1
annuel,1
exister,1
proportionnelle,2
hauteur,1
libérales,1
espérance,1
entreront,1
communes,1
soumis,3
lentement,1
vigoureuse,1
allemagne,1
légitime,3
sachent,1
promouvoir,1
nucléaire,4
souffle,1
contrôler,1
contrôles,4
savons,1
pathétique,1
mutation,1
extrêmement,2
pieds,3
trente,2
réservée,1
parti,4
moque,2
conjoncture,2
terroriste,1
intégrer,1
oublier,6
poser,1
commis,1
conception,2
sachant,2
émettre,1
sembler,1
tsunami,1
deal,1
fonctionnement,1
sidère,1
insécurité,10
vaincre,1
geneviève,1
fléaux,1
obtient,1
sept,2
permis,1
grosso,1
fraîche,1
valable,1
consacrer,2
dernière,3
naturalisé,1
taper,1
braves,1
pandore,1
détail,1
pour,13
courber,1
corps,4
expliquent,1
sanglantes,1
appelaient,1
2800,1
nourriture,2
montrer,1
épée,1
relève,1
titre,4
savez,11
ganley,2
soudards,1
protecteurs,1
cours,2
indignation,1
arras,1
avantage,3
champ,1
volume,1
relatives,1
indépendance,9
sifflets,1
tenants,1
nulle,1
armes,2
prompte,1
multiples,1
taxer,3
enterrent,1
nations,5
trois,7
surprendre,1
charters,4
feuilletons,1
passaient,1
échange,4
récent,2
efforcent,1
appauvrissement,1
préfère,1
état,1
collectives,1
modes,1
prend,7
modem,2
assortie,1
pontet,1
sarkoziste,1
sait,18
traités,2
mondiales,1
sais,11
contrôleurs,1
martyre,1
relations,1
occupent,1
société,2
présent,1
victoire,2
sous,1
disqualifier,1
abandonnent,1
nouvel,1
sites,1
discriminé,1
détruisant,1
présenter,1
prépare,2
martyrs,1
contexte,2
faits,8
opéra,1
plaisantez,2
dégoût,1
exclusif,4
naturels,2
basses,1
fermetures,1
accords,2
recherche,2
spectacle,2
radiations,1
avis,8
souhaitée,1
devienne,2
allure,1
accorde,1
institutions,2
climatiques,1
dépense,2
anonyme,1
rencontre,2
burquas,3
étonne,1
récession,1
infortune,1
fraternel,1
connait,1
confort,1
faibles,1
tiers,3
basculer,1
reformaté,1
combattent,1
géantes,1
déposé,1
étonné,1
chevalier,1
triomphe,2
soldats,2
dirait,1
remonté,1
certainement,2
racaille,1
paie,1
réélu,2
touché,1
avantages,2
inverser,2
regrettons,1
montfavet,1
conjoint,1
histrions,1
racistes,1
prêté,1
propres,1
joué,2
aime,2
malheurs,1
braderie,1
menti,1
prime,2
régionales,6
lever,1
remet,2
grandissant,1
abandonné,1
licenciements,1
pages,1
réponse,5
test,1
sièges,1
secteur,3
complices,2
cependant,3
entrent,1
plaidé,1
bavière,1
refuse,3
scores,1
considérables,1
trahison,3
anarchique,2
cessent,1
lois,3
modérée,1
antillais,1
rarement,1
iceberg,1
dépensé,1
audace,1
suspicion,1
occupant,1
1405,1
témoigner,1
versé,1
gratuites,1
glosent,1
emploi,9
amour,5
quatre,3
reprend,1
réchauffement,5
connétable,1
complaisance,3
g158,1
travailleurs,13
confisquer,1
douloureuse,1
dépouille,1
dernières,5
outil,1
monter,1
jeûne,1
aberrant,1
organisée,3
qualifiés,1
chaussures,1
ouvert,4
joue,1
illégaux,3
inégalés,1
récidives,1
christ,1
malgré,2
chose,15
bidon,2
présentent,2
gratuit,1
sournois,1
manceaux,1
chinois,2
condition,1
tombent,1
gascogne,1
quant,7
pourrait,4
abus,1
vocation,1
pentagone,2
allemand,1
ayant,5
absurdes,1
reprendre,2
quand,7
économies,2
producteur,1
amandiers,1
oppression,1
radical,1
menées,1
question,12
accès,1
délocalisent,2
responsables,5
commercer,1
pourra,1
regroupement,3
tricolore,1
street,1
carpette,1
différenciés,1
pyramides,1
parait,8
réalisé,2
pillant,1
aidée,1
douteux,1
hirch,1
saints,1
traîtres,1
afghanistan,7
échangisme,2
concitoyens,1
1990,1
artistes,2
international,3
septembre,1
démagogue,1
faurecia,1
arrangeront,1
confiance,2
lisbonne,2
dédiabolisé,1
disent,4
court,2
augmenter,6
sarkozy,37
thème,1
prononciation,1
premier,9
marchepied,2
ciel,3
cités,2
ordres,2
cage,1
financière,3
voiler,1
idéologiques,1
honorèrent,1
cloisonnement,1
accoutrements,1
sainte,2
espèrent,1
recruter,1
pain,1
demander,6
hautes,1
baisse,5
éclatante,1
impôt,1
place,7
moraux,1
risibles,1
1975,1
1974,1
intervenus,1
chaotique,1
bout,3
esquissent,1
abysses,1
doutes,1
douter,3
solidarité,2
éventuels,2
répète,1
remplacer,2
compromission,1
arabie,1
répartir,1
battu,1
dignité,1
importantes,1
produites,1
carte,2
utiliser,1
prennent,1
élus,4
racolage,1
travail,19
hésitez,1
accentuent,1
technique,5
décret,1
détruit,2
jésus,1
république,15
laisse,5
exigerait,1
urne,1
sanhedrin,1
mettent,1
citoyenneté,2
préfectures,3
départements,1
bluff,1
position,1
adoubé,1
crédits,1
annoncée,2
apporte,1
avoine,1
artisans,4
collectivités,2
oeuvrer,1
déclencher,1
baissé,1
réflexion,1
frappent,1
actuelles,2
migratoire,4
prête,3
mortel,1
fêtent,1
riches,1
égard,2
organisées,1
suis,38
fortunes,1
pensée,9
agricole,1
posés,2
confidences,1
massive,7
importent,1
laissé,2
habitant,1
humaines,1
hein,2
prive,1
idées,5
publiques,2
conquête,2
tenus,1
reçoit,1
africains,1
républicaine,1
voté,2
apparaître,1
trou,5
fêtes,1
ouvriers,2
lieux,1
secours,1
politicien,2
trouvent,3
dictature,1
candidat,4
cécile,1
endiguer,1
patriotes,2
paient,2
typiquement,1
établissements,1
plusieurs,4
touristique,1
éviter,5
rendez,2
épargne,2
excellent,1
galants,1
joueurs,1
communément,1
dissolution,2
laissés,1
promue,1
pourraient,4
réparation,1
strasbourg,1
quotidien,1
taxé,1
syndicaux,1
édifice,1
constater,2
espace,1
truqueurs,1
commencer,1
propos,7
ravager,1
encourage,1
limougeauds,1
bosca,1
derrière,3
droits,8
chaise,2
correspond,1
gelait,1
mariage,1
parents,2
régionaux,1
savoir,5
gâtés,1
devenus,1
excuser,2
avignon,3
domrémy,1
impuissant,1
léguer,1
déchirantes,1
excusez,1
rafistolage,1
certes,3
manquants,1
inutile,1
terres,1
savoie,1
affaires,6
procéderons,1
patrie,11
préservait,1
traditionnelles,1
massif,3
soient,8
agonisent,1
appelez,1
blancs,2
sortons,1
vote,3
préparer,3
prison,6
discrimination,2
acceptés,1
idée,4
légumes,1
dénationaliser,1
futures,2
particulière,1
propagande,3
épargné,1
rétablie,2
islamique,1
piégés,1
domaines,2
catholicisme,1
taxe,7
étonnant,2
licenciement,1
constate,4
essaye,1
gaudin,1
détriment,2
schulz,1
rétablis,2
rétablir,2
mode,2
palsambleu,1
néfastes,1
prospère,1
affirmer,1
frein,1
indien,1
anti,4
probablement,2
phase,1
également,4
singularité,1
populisme,3
mêlé,1
connais,1
nuées,1
militante,1
dimension,2
conseil,6
entrer,4
monarchoïde,1
passé,1
vivant,2
militants,4
définitivement,2
chance,5
plombe,1
chances,1
ascèses,1
gagner,3
seuil,1
institution,4
partiellement,1
bonimenteur,1
moyens,8
externes,1
prétend,1
clercs,1
puissants,2
récupérer,1
manuels,2
criant,1
couvre,1
fidèles,2
sacrer,1
apporter,1
populations,3
revendicatrices,1
embelli,1
proposer,1
familiale,2
avions,3
arrestation,1
agressive,1
froid,1
triste,1
croit,4
trompe,1
chers,10
henri,4
rang,3
matières,1
libère,2
effectuées,1
priorité,5
recours,2
vauclusiens,2
considéré,1
pose,2
retrouver,3
instants,1
houp,1
rendent,3
prêts,2
plier,1
craintes,1
décadente,1
contraignant,1
montre,4
dissuadant,1
1419,1
charia,1
religion,9
participent,2
exotique,1
ecoutez,13
réelle,5
docteur,2
travers,1
néanmoins,1
mexique,2
rézé,1
muet,1
mers,2
devenues,2
commerciale,3
luttes,2
clients,1
spécifiquement,2
roussillon,1
pourront,2
thèse,1
alors,17
puisqu,6
écartés,1
médecine,1
circonstances,4
personnelles,1
bénéficie,1
dissès,1
atrophié,1
plomb,1
injectés,1
circulation,4
pourtant,11
pied,3
terrestre,1
mondiale,14
changent,2
criants,1
rapprochent,1
basket,1
provence,3
auto,1
solutions,4
13000,1
habitude,4
professionnelle,2
litham,1
évident,2
révisions,1
fort,6
ministres,1
déchéance,1
analysait,1
après,18
bergère,1
jacques,2
qaïda,1
obama,2
supporteraient,1
permettent,1
imaginé,1
génial,1
1989,1
persuader,1
contagion,1
représentant,1
connaît,1
dossiers,1
anniversaire,1
entreprises,20
battent,1
forme,3
drastiques,1
matérialiste,2
quarante,1
beaucoup,22
étrangères,3
qualités,5
prouve,3
fardeau,1
craignait,2
silence,5
professions,1
statistiques,2
auvergnats,1
voleurs,1
ramadan,3
approvisionnements,1
gendarmes,1
amsterdam,1
certains,4
innovation,1
chère,1
patronat,2
ambitions,1
situe,1
chaos,2
abominable,1
monnaie,4
certaine,2
meilleur,2
abandons,1
deum,1
veux,3
gouvernement,31
dirigeants,1
partant,1
veut,11
éclairé,2
deux,1
prononcées,1
agriculteurs,1
enflamme,1
revanche,5
public,7
dirigeante,1
conquises,1
lesquels,2
ennemi,2
imposer,5
demain,4
tapie,1
défenseurs,2
liberté,9
physiques,1
économiques,5
adversaires,2
laquelle,5
bancaire,1
pouvant,1
milliards,13
finira,2
agisse,1
parfois,3
clairvoyance,1
serviles,1
opposition,5
normandie,1
vaille,1
1519,1
occasion,7
biens,1
prédit,1
cessé,1
bouillir,1
véritablement,1
préconiser,1
apprenti,3
objectifs,2
régional,3
changes,1
dessous,1
ruptures,1
dieu,6
amende,1
corriger,1
compétition,1
dien,1
pronostic,1
bernadette,1
arrivé,3
socialistes,4
poisson,1
démonstration,2
banni,1
rentrent,1
afghans,3
prononcé,1
problème,9
prébendes,1
terrain,9
provençales,1
laïcité,5
cotisent,1
concert,1
précieux,1
admis,1
provoquée,1
peux,2
automne,2
veste,1
peut,2
flambée,1
unique,5
dévalorisés,1
délinquants,4
viie,1
puissance,1
minoritaire,1
actions,3
mission,3
assemblées,3
inquiet,1
foule,1
principaux,1
joies,1
directe,1
événement,2
individuelle,1
préparera,1
ralliés,1
milliardaire,2
attente,1
effectifs,1
grands,12
bulles,1
amusé,1
divisions,1
salutaires,1
face,4
alternative,1
héroïnes,1
signé,2
grande,14
léon,1
flotteur,1
cesse,5
automatique,1
consommateur,2
déficit,3
éliminer,2
éloigné,1
lindsey,1
empressent,1
ouvertes,1
servile,1
métallurgie,1
poursuivre,1
talent,2
média,3
tennis,1
commencent,1
proposé,2
succession,1
morceau,1
octobre,1
ainsi,13
repartir,1
télé,1
polanski,3
cynique,1
immobilier,1
amorce,1
retraite,2
dépend,1
cuir,1
administratif,1
bureaucratique,1
privilège,1
peser,2
fameuse,1
matin,2
infâme,2
femme,2
cercueil,1
appartiendra,1
parcourt,1
établira,1
dame,1
parcours,1
rupture,5
besson,7
entreprise,3
mères,2
usent,1
soumettre,2
manque,2
licencier,1
possession,1
partis,5
restera,2
table,1
montée,1
irrésistiblement,1
algérienne,1
recevront,1
inch,1
autarcie,1
chercher,2
accroissent,2
mais,52
risquent,1
civilisation,3
saccagé,1
longuement,1
nucléaires,1
ordre,5
maffias,1
repli,1
écologie,3
mobilisent,1
brillant,1
réservées,1
maîtres,2
cocus,1
considérablement,1
européiste,1
obtenir,1
indignations,1
déçus,1
traders,1
propose,5
certaines,4
rangs,1
accumule,1
avancée,1
réveillez,1
logique,1
immortelle,1
groupes,1
normal,6
manière,1
modo,1
peuvent,9
antiracistes,1
imprévisibles,1
commande,2
heriot,1
jouera,1
tranquillement,1
remercie,1
aider,5
aides,1
territoriales,1
incroyable,1
dirons,1
vous,10
dramatiques,1
bannières,2
compétitrices,1
différence,1
suppression,6
finissent,1
banlieues,4
fini,1
zone,3
abandonnées,1
trahisons,2
comprends,2
arrêtée,2
réservés,1
existantes,2
intéresse,2
coupure,1
charles,1
agitateurs,1
échappera,1
réponses,2
émis,1
hausse,1
chinoise,2
redoutent,1
ombre,2
destruction,3
tertiaire,1
peuples,5
tabac,1
affectueuse,2
graves,2
figurent,1
organisateurs,2
manipule,1
prises,3
police,5
crise,26
appuie,1
évasion,1
fisc,1
chacun,6
choix,3
hypothèse,1
pensants,1
réponds,1
augmentation,2
promet,2
assuré,2
länder,1
submerge,1
amusement,1
diplomatie,2
conduite,1
profit,3
avatar,2
artiste,1
ancêtres,2
remarquablement,1
consécutif,1
crêpages,1
essentiellement,1
propositions,1
outrecuidance,1
cybernétique,1
maroc,1
conduits,1
enjeux,1
vive,6
falsification,1
nationale,43
verdisme,1
protestation,1
majoritairement,1
sera,14
drapeau,2
suffirait,1
lobby,1
bourguignons,1
escroquerie,2
définie,1
marchand,1
impunité,2
artois,1
espagnols,1
yeux,4
écrans,1
principalement,1
extrêmes,1
docilité,1
enrage,1
clairement,2
étape,2
empoisonnés,1
violée,1
axes,1
déployées,1
opposer,1
présente,1
réfutent,1
régler,1
effectuer,1
libres,2
parfait,1
racailles,1
conciliation,1
scandaleusement,2
tournure,1
réseau,1
héros,1
surcroît,2
occupation,2
sauront,1
prolifèrent,1
leurs,33
filtres,1
absence,4
dizaines,3
dûment,2
gauchiste,2
produire,4
création,6
minaret,1
ridicule,2
jeanne,17
maladie,2
annihilant,1
fiscalistes,1
constituée,1
cohorte,1
sonnantes,1
bêtes,1
gagne,2
religieuses,1
total,2
prolio,1
intérieur,10
records,1
visible,1
sort,2
nées,2
surface,1
gêne,1
selon,6
encore,1
matière,5
mystérieux,1
possédaient,1
erreurs,1
multiplication,1
découvre,1
déterminée,1
retirer,3
justifie,1
espèces,1
perd,1
satisfaits,1
arctique,1
permanence,2
révolte,2
puisse,8
ferait,3
gratuite,1
cruellement,1
dites,2
clair,2
pauvreté,2
vertes,1
hébergement,1
dynamisme,1
réclame,1
dents,1
quitté,1
aligné,1
perdus,1
légale,1
corruption,2
entière,3
pris,8
liquidé,2
expression,2
promotion,1
émeuvent,1
planète,4
apportant,1
effectivement,1
liens,1
patrons,3
renie,1
barrages,1
touche,2
suffira,1
générations,4
gauche,19
donnera,1
surprise,1
esclavage,2
légaux,2
lutter,3
remise,1
généralisation,1
fortune,1
prétexte,2
semblants,1
déchirée,1
servilement,1
carton,1
interdit,6
ignobles,1
dans,14
prostitution,1
surcroit,1
furent,2
décharge,1
terroirs,1
inévitable,1
paternelle,1
médias,7
quoique,2
obtenu,2
acheteur,1
endettés,1
candidature,1
agréablement,1
flamme,1
cousin,1
candidate,3
invités,1
extérieures,1
explique,2
simple,2
rapport,4
pure,2
effondrés,1
devenue,2
cricenses,1
tête,7
balance,2
aignan,1
turquie,3
accomplir,1
insulter,1
insultes,1
importants,2
duflot,1
rejeté,1
rapprochement,1
capeluche,1
évidemment,11
jouhaux,1
explosion,2
contribution,1
combattue,1
bobo,1
fracture,1
confrontés,1
parchemin,1
observent,1
troisième,2
comparaison,1
emparés,1
coeur,3
filiation,1
moonwalk,1
anonymes,1
conscience,2
portent,3
amis,6
ethniques,1
nuit,1
libération,1
tente,1
traverser,1
historique,2
qualificatif,1
spirale,1
défini,2
intransigeance,5
sers,1
érigé,1
veille,1
touchés,1
parlent,1
moyen,6
efforts,3
plan,17
mariani,1
bénéfique,3
zones,5
réduite,1
vulgaire,2
molle,2
rouen,2
pleine,1
provoquent,2
eurocrates,1
entièrement,2
cathédrale,3
exceptions,1
aquatiques,1
patriotisme,1
maintenus,1
créatrices,1
tourbillon,1
