first,second,likelihood_ratio
regroupement,familial,55.3879900800097
parlement,européen,80.00044161754174
allocations,familiales,50.88930892305923
mesdames,messieurs,190.09808741234784
mais,crois,9.828478754883323
français,abord,13.520901198539057
français,français,5.400833159452713
français,plus,2.1914289131170426
national,bien,5.8389872530748
immigration,massive,32.35617663713073
immigration,peuplement,31.364418447301897
immigration,immigration,18.258956536983675
faut,dire,11.429019442620978
quelques,mois,24.648868769072052
crois,crois,15.252469708750102
front,national,638.210058275641
élections,européennes,51.609701668239495
élections,régionales,41.93464029298022
nationale,réponse,26.910918287490464
apprenti,sorcier,55.3879900800097
sécurité,sociale,26.470249746308976
faire,perdre,22.062742939120632
économie,mondiale,27.964428228303532
leurs,enfants,41.849092117526055
centaines,milliers,54.18039701648681
chers,camarades,95.6230565672147
tiers,monde,34.56425395024474
france,plus,6.486923942219297
pensée,unique,37.20274887334688
pays,europe,11.225263597268778
crise,précédent,30.06943415598454
crise,économique,29.270531214641572
millions,pauvres,29.59877036453484
millions,euros,21.820651557570102
millions,immigrés,18.878956502022547
économique,sociale,23.076419418410964
forces,ordre,38.07463693118807
crimes,délits,50.88930892305923
taux,chômage,33.22000882688612
europe,bruxelles,30.41940375879839
système,électoral,43.444840121215776
préférence,nationale,130.6467706856991
préférence,étrangère,29.993248592943694
lutter,contre,36.09752564991993
nous,avons,95.61221895997093
nous,sommes,63.06460239795066
circonstances,exceptionnelles,50.88930892305923
etats,unis,110.44988168171712
gens,veulent,37.2072472856431
ministère,intérieur,36.4430730540206
travailleurs,français,15.968463634111897
taxe,carbone,45.82727661420309
veut,dire,39.378249036502474
monsieur,besson,44.59653425344466
monsieur,sarkozy,19.62474043838805
peuple,france,13.906939736557364
milliards,euros,65.40031022284374
plus,tard,42.26536860883294
plus,plus,32.96273263523635
plus,millions,17.007096220849277
choses,crois,18.915052920212727
puisque,sommes,23.75995575024086
saint,siffrein,66.54481768993612
lutte,contre,31.603464458602687
propre,pays,41.88592229207541
sentiment,national,27.189480872565714
monde,travail,18.086848393555453
intérêt,général,42.57207528496726
parle,parle,27.315138245047248
service,public,39.098580146506286
familles,françaises,34.1835278636173
certain,nombre,121.52984607626335
union,européenne,95.56515193358669
président,république,121.68465328138942
président,front,12.822562157786816
beaucoup,plus,8.558991177651688
intransigeance,nationale,26.910918287490464
ouverture,gauche,44.359180453716036
droits,homme,31.919123885867148
campagne,électorale,36.44307305402061
politique,ouverture,23.486518286849996
identité,nationale,56.1961202657066
printemps,2011,47.070223913290356
faits,divers,35.245815782511436
vous,savez,43.67546860159011
protection,contre,37.2072472856431
honneur,jeanne,29.993248592943694
quelque,sorte,218.1702411495283
quelque,chose,67.69587376886193
