word,raw_frequency
nature,1
alpins,1
sortir,4
témoigner,1
organisation,4
apparaissent,1
mouvements,1
désirés,1
principe,3
sortie,1
culture,1
souvent,2
fixer,1
voyez,4
qualité,3
balle,1
croyez,3
burqas,1
responsabilités,5
sélectionné,1
tour,2
contributions,1
deuxième,4
rassure,1
objective,1
chefs,1
perdre,3
issus,1
jouir,1
schisme,1
effet,9
pacifique,2
reconduit,1
incroyables,1
côte,2
bonnes,1
retire,2
ribéry,2
tireurs,1
rapprocher,1
concourt,1
étonnements,1
porteront,1
tunisie,1
remplir,1
essence,1
objectif,4
persécutés,2
électoral,1
inquiète,1
classe,1
immédiatement,1
affubler,1
exorbitants,1
francs,1
expérience,2
phénomène,3
bien,38
coupable,1
citoyens,5
vendent,1
devons,2
mille,2
précédés,1
tatoué,2
islam,4
pattes,1
duel,1
harmonie,1
marché,2
rassemblement,1
intervient,1
renseignement,1
devoir,3
immigrée,2
admettre,1
belle,1
impitoyable,1
apprend,1
grandeur,3
pencher,1
arabes,1
immigrés,4
aimez,1
mirobolante,1
manifestation,1
voulue,1
union,1
primaires,1
niveleur,1
france,29
notation,1
issue,1
venir,2
électorales,1
reconnais,1
devant,1
club,1
faisons,1
cornes,1
origine,1
suite,1
milliers,3
mots,1
jours,1
pierre,2
émeute,1
embastille,1
instaure,1
pacha,3
côté,5
blanche,1
quartiers,1
appliquer,1
catégories,1
avenir,2
gaulle,2
disparition,2
miens,1
devenu,1
islamisme,2
souffrir,1
quel,1
exploration,1
viennent,8
puisque,8
milan,2
monde,7
émoustillante,1
envisagés,1
morcellement,1
expriment,1
radical,1
véritable,1
dépasser,1
primordial,1
grâce,2
minarets,2
insuffisants,1
dirait,2
élire,3
adhérents,3
suggestions,1
chrétiens,1
dirais,3
tranchée,1
engage,1
leva,1
insupportables,1
législatives,1
constatent,1
affaiblie,1
effondrer,1
fatigué,1
communautés,2
mesures,3
milieux,1
brutalité,1
affaiblit,1
ruses,1
autobus,1
cachait,1
pays,37
récit,1
écrirai,1
nombre,6
parce,7
participer,1
spéciaux,1
travaille,2
appelle,2
projet,1
sentimentalement,1
sacrifices,1
marasme,1
chroniques,1
chiffres,3
umps,1
tiens,2
hommage,1
intacte,1
chars,1
génie,2
exclus,1
terre,1
devez,4
promis,2
parisienne,1
tant,9
concurrence,2
ingénieur,1
rapport,2
écrit,2
immense,2
sordide,1
président,17
écologie,1
découvert,1
gorge,1
comte,1
notamment,2
échappe,1
exigée,1
accord,6
aillent,1
assurance,1
unités,1
important,1
coran,1
lancée,2
racisme,2
passage,1
efficace,1
usines,1
présidence,2
gesticulations,1
oblige,2
présidentielles,1
prêchant,1
comme,4
présidentiels,1
énergique,1
martiales,1
afin,1
devront,2
année,1
implosion,1
marins,1
traversées,1
contrats,1
activistes,1
sein,1
banlieue,1
long,1
violence,1
boutih,2
perte,1
seuls,1
tourne,1
essentielle,1
marie,8
brisent,1
échecs,1
partages,1
subrepticement,1
érigée,2
démographe,1
espace,4
pouvoirs,1
hymne,1
enfin,3
menacés,1
sommes,7
discute,1
transports,4
traditionnel,1
utilise,1
française,4
communication,2
campagne,6
ultraviolents,1
amoureux,1
mémoires,1
comprendront,1
rase,1
risque,1
algérien,3
servent,1
traiter,3
mortelle,1
événements,1
penser,2
approfondis,1
adresser,1
chante,1
exclusivement,1
retisser,1
incendies,1
maintiendrai,1
raide,1
moral,1
révolution,2
colonisation,1
strictement,1
débiles,1
décider,1
pallier,1
dérouler,1
français,31
baïonnettes,1
woerth,1
construire,2
aime,1
condamné,3
courante,1
envoyer,6
gendarmerie,1
aurait,9
démarchage,1
spécialement,1
affiche,1
êtes,1
niveaux,1
techniques,2
grave,1
roumains,1
semble,2
découvrir,1
passé,2
marseillaise,1
combat,3
regretter,1
normal,2
nécessaire,1
faire,32
massacrés,1
libérales,1
calais,1
compte,7
bras,2
réalisée,1
attendre,1
coureur,1
acceptons,1
chargés,1
ridiculisait,1
européens,2
américains,1
abstenir,1
niveau,2
aller,3
supprimer,5
prêcheront,1
démentira,1
faveur,2
siècle,3
terrible,1
désigner,1
condition,2
puissant,1
revivre,1
concevoir,1
interdirait,1
condamnés,2
meurtres,1
imaginer,1
inévitables,1
déclaré,1
publics,1
forge,1
annonce,2
extraordinairement,2
territoire,4
fleurs,1
traqués,1
lequel,3
temps,5
action,4
honte,1
saut,1
base,1
empare,1
débordements,1
massivement,1
attendant,1
contre,8
entrée,3
dire,34
mouvement,4
départ,1
effraie,1
bandes,2
troupes,2
vieillit,1
nausée,1
fasse,2
gouvernementales,1
chrétienne,1
pouvons,2
violemment,1
paca,1
entreraient,1
institutionnel,1
abord,3
clarté,1
occupé,1
monsieur,1
réponse,3
enseigne,1
casques,1
défilé,2
énergies,1
députation,2
complicité,1
généralement,3
artificiel,1
passent,1
souveraineté,3
citoyen,1
attacherai,1
durer,1
emmènent,1
complexe,1
équipe,5
postures,2
liste,3
vertus,1
formidables,1
apporté,1
voulait,1
irriguer,1
causes,1
musulmanes,1
quelques,6
lancées,1
éclairer,1
multipliera,1
servitude,1
occurrence,1
saluer,2
écoutez,3
régnait,1
séculier,1
canular,1
indignes,1
aujourd,7
toulon,2
partie,1
faudrait,5
discours,2
masse,1
soit,12
aspect,2
millions,9
antinationales,1
comportements,1
gouvernait,1
disposés,1
organiser,1
série,1
vues,1
occuper,1
sélectionneur,1
intégrale,1
agressif,1
familiale,1
voix,2
vingt,2
opérant,1
appuyant,1
pourquoi,5
jeunes,3
familles,2
étonne,1
étudiant,1
vertu,1
cause,1
publique,2
décorations,1
supplétive,1
voit,3
craignent,1
reflet,2
identité,3
dépliant,1
cette,4
sérieuse,1
socialiste,2
pupille,1
autant,3
populaire,2
froid,1
front,29
immigration,12
entre,6
crois,32
précise,1
systématique,1
retour,1
relégation,1
stupidement,1
rené,1
gouvernent,1
tabou,2
mètres,1
volonté,1
responsable,1
interviennent,1
agresseurs,2
dérive,1
considérées,1
évoquer,2
revenus,1
gratuit,1
bricolage,1
prosélyte,1
pratiquement,6
mosquée,5
européen,4
etat,8
étude,1
détachent,1
préfets,1
évangile,1
surdoué,1
connu,1
habitants,3
occidentaux,1
gravement,1
marseille,5
prônée,1
singulièrement,1
gouverner,1
prière,1
celles,3
rétablit,1
cruels,1
ailleurs,21
qualifient,1
victimaires,1
feront,1
chantent,1
effacement,1
discussions,1
conformément,1
casser,1
passions,1
député,4
reste,2
taxes,1
libre,1
précisément,1
minoritaires,1
légèreté,1
contenu,1
échouer,1
charles,1
souvenir,2
presser,1
collectivement,2
moderne,1
rafraîchir,1
grand,2
dizaines,3
prends,2
absolu,1
phénomènes,1
garant,1
mâchoires,1
régime,1
unique,1
continuerai,1
mode,1
convaincre,1
éclat,1
diffamation,1
sécurité,3
conquérant,1
mondialisation,1
admets,1
sentiment,1
supplémentaires,1
protestant,1
incohérentes,1
boboïsée,1
officier,1
fallait,1
asie,1
procède,2
dame,2
vieille,3
professionnels,1
honnêtes,1
départements,4
performante,1
sources,1
remplacement,1
protestent,1
conduit,1
durant,1
inaction,1
conséquence,2
exercées,1
volontés,1
exercice,1
trop,1
serrent,1
assignée,1
partir,3
connaissent,1
saint,1
travaillent,1
demeure,1
spéciales,1
travailleurs,1
manqué,1
graves,1
sections,1
voudrais,3
organisations,2
efforcé,1
sentiments,1
emporterons,1
espèce,1
côtés,1
proie,1
immigrationniste,1
villages,1
créer,1
noir,1
hasard,1
individus,2
sourire,1
collectif,1
démissionne,1
prérogatives,2
légion,1
vouloir,2
auront,1
mettre,5
refuser,1
papiers,1
pied,1
signes,1
centaines,1
fellaghas,1
diable,1
chef,2
ensemble,3
sûre,1
supprimé,1
solennellement,1
chez,6
fondamentaux,1
proprement,1
jeune,1
régions,3
santé,1
facile,1
filles,3
malgré,1
japon,1
mission,2
chirac,1
poignardé,1
vaste,1
rage,1
tenir,2
plus,56
établi,1
opinion,2
courir,1
avez,3
françois,2
table,1
revendicatif,1
tués,1
reposer,1
nomme,1
tatouages,1
lors,1
étranger,2
enfants,3
après,2
portails,1
vous,8
élections,3
remplacera,1
rassasiés,1
tromper,2
disponibles,1
verts,1
chateaubriand,1
gros,2
attendu,1
féminisation,1
déformé,1
accueil,1
embastillait,1
sinon,1
inutilement,1
dotées,1
général,4
amènent,1
normale,1
gaxotte,2
nécessité,1
homme,14
querelles,1
réfléchi,1
ambitieux,1
candidats,3
laxistes,1
reçoivent,1
asservissement,1
activement,1
britannique,1
subalternes,1
allons,1
alliances,1
trafics,1
anathème,2
excellente,1
région,9
candidate,2
voyons,1
soulagement,1
nice,1
prennent,1
notant,1
caractère,2
raid,1
fond,2
sympathique,2
corruptrices,1
regroupements,1
agrégat,1
inclinaison,1
brillante,1
parfaire,3
treize,1
militantes,2
tous,2
progrès,1
aimons,1
existe,1
fallu,1
morale,3
oripeaux,1
posent,1
domicilié,1
notion,1
pense,9
aïeux,1
heureuse,2
vais,3
noirs,2
faux,2
mêmes,2
plutôt,2
perdu,1
malek,2
profit,1
faut,28
poursuivre,1
tatouer,1
près,2
manquer,1
stratégie,3
paraît,1
publiquement,1
jeunesse,1
minorités,1
intention,2
amérique,3
prévoie,1
algériens,2
chine,1
prochaines,1
dirai,1
insupportable,1
lacordaire,1
références,1
meurtrie,1
sainte,1
demi,2
fraternité,1
pauvres,4
novembre,1
forcément,1
cagoule,1
indemnités,1
sentir,1
chemin,2
canard,1
dépasse,1
calendrier,1
ville,2
terreur,1
autorité,1
coups,2
changent,1
soustraira,1
écouter,1
point,1
refusé,1
contraire,2
conforme,1
cinq,1
absolument,6
révélateur,1
choisir,1
juridiques,1
couleurs,1
sociale,4
prévision,1
celui,7
description,1
démographiques,1
sport,1
sans,1
fragiles,1
brille,1
votons,1
chargent,1
émanent,1
gitan,1
saurait,1
effroyable,1
mondiale,1
1957,2
route,1
entreprises,1
défendre,4
anglais,2
égales,1
national,33
miraculeuse,1
remarquable,1
faiblissons,1
mosquées,4
questions,6
garde,1
médiatique,1
livraison,1
minables,1
professionnalisé,1
lire,1
demande,1
gagnent,1
apparaitre,1
auxquels,1
assez,4
involontaire,1
proposerai,2
active,1
éducation,1
décisions,1
complexes,1
présidentielle,12
marchons,1
candidature,3
donc,1
facettes,1
genre,3
étant,2
avais,5
avait,22
éléments,1
féodalités,1
lourde,2
musulmane,5
carrément,2
retirée,1
charte,2
cosmopolite,2
proches,1
blanchiments,1
poursuit,1
masqué,1
corruptrice,1
sports,1
souviens,1
sera,7
heure,1
abaissement,1
parler,2
priorités,2
renoncement,1
profondeurs,1
profonds,1
élite,2
rapports,1
déshonorants,1
bouche,2
coty,1
rubrique,1
rapporte,1
semaines,1
celle,2
générale,2
prétention,1
communautarisme,1
demandé,2
militant,2
esprits,3
ampleur,1
fréquentent,1
rendre,1
période,2
conter,1
logement,3
rappelle,6
pousser,2
toulouse,1
appui,1
incapacité,1
radio,1
longtemps,1
déracinement,1
nouveauté,1
offrir,1
entiers,1
résilie,1
individualisme,2
guiniot,1
connaît,2
page,1
paris,4
étudié,2
démagogique,1
masque,1
scrutin,3
italie,2
visage,1
couper,1
chaque,1
dissolvent,1
législative,1
croire,1
avancé,1
passez,1
communiste,1
annulés,1
italienne,1
caves,3
âmes,2
passer,2
poètes,1
expliquer,1
admises,1
première,4
impulsion,1
vraiment,2
rôle,2
horizon,1
aura,1
petite,2
jacques,1
renoncer,1
saisons,1
pauvre,1
renverse,1
trouve,5
métro,2
proportionnelle,1
instauration,1
right,2
siège,1
réserve,1
petits,1
dérapages,1
basculement,1
chômage,5
confond,1
réservés,1
vieux,2
performant,1
communauté,1
conséquences,1
mobilisateur,1
contrôles,1
porter,2
prémunir,1
malheureusement,1
sarkozy,13
souche,2
parti,17
suivi,1
vraisemblablement,1
représenter,1
chute,1
montré,4
subisse,1
poser,2
précipice,1
jean,8
fermés,1
parfaitement,2
politiciens,1
attitude,1
majorité,4
fonctionnement,3
séquence,1
formule,2
europe,13
peuples,2
émeutes,1
sept,1
choix,1
efforce,1
réussir,1
permit,1
nouvelles,2
fera,3
cages,1
finances,1
déplace,1
pôles,1
héritage,1
relation,1
braves,1
roues,1
pour,8
nord,8
corps,1
expliquent,1
apparaître,1
sélectionnée,1
rencontrer,1
rencontres,3
alertes,1
savez,7
disent,1
tradition,1
indignation,1
fossoyeur,1
trouvé,5
avantage,2
vers,2
corpo,1
bloquer,2
catégorie,1
roubaix,1
sensibles,3
apparait,4
maghrébins,1
possibilités,1
disant,1
conclure,1
influences,1
taxer,1
esprit,3
trois,2
achète,1
charters,1
jamais,11
dotant,1
central,1
échange,1
politiquement,1
façon,3
irremplaçable,1
état,2
bouées,1
modes,1
chèque,1
déplacements,1
prend,5
voulu,3
implantation,1
lieu,1
condamnent,1
sceptre,1
cambrioleuses,1
désenclaver,1
sauvetage,1
sais,7
raconter,1
forts,2
magnifique,1
situation,7
présent,2
étrangère,2
gêne,3
caractérise,1
honneurs,1
montrer,1
ligue,5
natation,1
présenter,2
préalablement,1
davantage,1
faits,1
attend,1
petit,3
entrées,1
précongrès,1
seront,8
autour,3
redresser,1
déclassement,1
elles,1
tombés,2
avis,5
emprunté,1
paraissait,1
rappelé,1
institutions,1
formalisés,1
mazerolle,1
ambiance,1
revient,2
justement,1
agissantes,1
successeur,1
supporté,1
notre,3
plume,1
connais,2
personnalité,2
tiers,2
possibles,1
respecter,3
pauvreté,1
plusieurs,1
coupoles,1
nombreuses,1
créditer,1
disons,1
triomphe,1
soldats,4
guerre,2
bachelot,2
préférence,2
problèmes,8
cohésion,1
entendons,1
collines,1
élection,3
avantages,1
musulmans,6
inverser,1
mécaniquement,1
chimériques,1
améliore,1
propres,3
gratuitement,1
gloire,1
descoings,1
tard,1
nomination,1
diminuées,1
exposés,1
collective,1
pugnacité,1
pratiquée,1
type,1
destructeur,1
test,1
ores,3
rayonnant,1
habitués,1
pacification,1
déstructurés,1
venu,4
caste,1
refuse,2
aide,1
découle,2
entreprise,1
loin,2
humaines,1
possible,3
lois,2
message,1
liés,1
pire,3
correspondons,1
interdit,3
ignorer,1
interrogation,1
semblait,1
utiles,2
oublions,1
emploi,1
femme,1
exercer,1
ouvrira,1
quatre,4
attitudes,1
réchauffement,2
assurés,2
escalier,1
conduire,1
querelleur,1
supports,1
partis,3
évidente,1
gilets,1
dernières,2
outil,2
marginale,1
veule,1
ayons,1
charges,1
ouvert,1
serre,2
attendez,2
battre,1
divers,1
génération,3
gigantesque,1
réforme,1
avocat,1
chose,5
aurons,1
présentent,2
tracts,1
ipso,1
résoudre,2
propre,1
particulièrement,2
plat,1
répondu,2
prochain,3
yeux,1
rentrer,2
réponds,1
règles,2
ayant,1
reculé,1
impitoyables,1
quand,3
cadence,2
tenu,4
quelconque,1
lierait,1
internes,1
sortirons,1
question,14
cela,1
prononce,1
délocalisent,1
responsables,3
laisser,5
sorte,5
regroupement,1
individu,2
pourri,1
actif,1
parait,4
réalisé,1
tripotages,1
nationales,2
responsabilité,4
1998,1
résignation,1
afghanistan,1
devoirs,1
planquer,1
actuellement,1
impérieuse,1
arme,1
connue,1
septembre,2
bruno,2
arrivant,1
partisan,2
confiance,1
arriver,1
agences,1
court,1
augmenter,1
premier,10
oublier,3
tranquille,1
futur,1
formuler,1
chanter,1
financière,2
connaître,1
contrat,1
erreurs,1
études,2
existence,4
élément,2
recruter,1
renoncera,1
visiblement,2
surtout,3
abri,1
audace,1
déliquescence,1
place,7
pourrais,1
pourrait,3
retirer,1
honneur,2
glorification,1
bout,1
françaises,1
douter,1
inquiétantes,1
gagnante,1
solvable,1
développés,1
submergé,1
instinct,1
arguments,1
mensonges,1
utiliser,1
folies,1
élus,2
impressionné,1
sincèrement,1
travail,7
féodalité,1
principes,3
associations,1
maroc,1
technique,2
dites,2
république,6
laisse,1
coopération,1
anciennes,1
clamer,1
exécuter,1
mettent,1
inscrit,1
conséquent,16
pères,1
tombeaux,1
moyens,2
domaine,1
grandes,1
entières,1
réflexion,2
christianisme,2
réelle,1
intéressera,1
tombera,1
depuis,1
continue,4
juridictions,1
prête,1
recule,2
poursuite,1
égard,2
égare,1
suis,24
éveilleurs,1
effleure,1
parents,2
journal,1
dérisoire,1
hypothétique,1
myrha,1
procès,1
savait,1
hein,1
pouvez,2
cœur,1
milliards,2
régional,6
satisfont,1
toujours,7
justice,5
emprunteur,1
relate,1
africains,1
errant,1
actions,1
précédents,1
mérite,2
glomérat,1
œuvre,2
cité,2
violentées,1
incertaine,1
commencent,3
lieux,2
insolence,1
retrouver,2
émietta,1
écurie,3
candidat,8
admettez,1
voter,1
patriotes,1
choc,1
difficulté,2
déconsidérée,1
éviter,1
rendez,2
coutumes,1
sahara,1
"…..""",1
beau,1
créateur,1
colomb,1
charlemagne,1
repassera,1
pourraient,1
concrètement,1
taxé,1
pillages,1
sensibiliser,1
constater,1
nationaux,1
siècles,2
viendraient,1
drapeau,2
gollnisch,1
propos,1
carolingiens,1
étudiée,1
simplement,2
incidents,2
droits,1
considérable,3
trompeur,1
mensuel,1
balles,1
fonction,1
déclaration,2
savoir,6
puissent,1
précédentes,1
pris,1
moteur,1
présence,2
appel,1
fixés,1
rejettent,1
détournera,1
ramasser,1
trainer,1
attributs,1
ordres,1
fort,4
voulez,4
soient,3
télévision,1
claire,1
parlent,1
humiliée,1
affaire,2
vote,4
importants,1
morales,1
discrimination,4
nationalité,4
idée,3
débâcle,1
afghan,1
corde,1
passionnés,1
quinze,2
époque,1
remobiliser,1
hénin,1
déchire,1
diriger,1
minutes,2
discipline,1
réaliser,1
carnaval,2
exemple,4
contribuables,1
vient,2
ouvertement,1
catholicisme,1
taxe,1
étonnant,3
savons,2
constate,5
respecte,2
décadence,1
soumis,1
position,1
sûrement,3
trompons,1
arabe,2
galinier,1
encouragé,1
péage,1
tient,2
steeve,1
renier,1
longuet,1
doute,2
naïvement,1
contenant,1
probablement,3
également,2
2011,2
2010,2
posait,2
angleterre,4
bougnoule,2
militante,2
conseil,3
entrer,3
lundi,1
mauvais,2
pose,7
militants,3
chance,1
subit,1
permettez,1
sujets,4
gagner,1
seuil,1
doctrines,1
systématiquement,3
dessous,1
échouons,1
bendit,1
récupérer,1
tragique,1
policiers,3
accident,1
production,1
lance,1
jetant,1
contrôle,1
populations,1
vivrait,1
course,1
semblant,3
avions,2
motivés,1
suffira,1
gouvernements,2
triste,1
bledards,1
chers,3
nègres,1
infamie,3
innocence,2
apparence,1
dommages,1
libère,1
montrant,1
priorité,2
imagine,1
humaine,1
doivent,3
réalité,3
étonnent,1
truque,1
injuste,1
rien,6
soviétique,1
choses,5
prêts,1
tribala,1
constitution,1
démissionnée,1
montre,1
agent,1
passeport,1
triple,1
religion,13
participent,1
ecoutez,9
lâche,1
barbaries,1
entrés,1
cohn,1
passe,3
testamentaire,1
illustre,1
pourrons,1
combiné,1
moitié,1
alors,4
nous,9
dont,6
capétien,1
incompétence,1
sélection,2
semblables,1
posé,1
soixante,1
dotés,1
circulation,1
prévalait,1
exécuteur,1
garants,1
aurez,5
morceaux,1
pans,1
posées,1
passion,2
avaient,1
peuple,10
ségur,1
lancé,2
abîme,3
système,2
habitude,1
rues,3
personnels,1
évident,3
sécuritaires,1
ministres,2
possibilité,1
gares,1
montrons,1
mieux,6
démocratique,3
aristocratie,1
ruine,1
exister,2
progresser,1
obama,1
vice,3
gaudin,3
établissent,1
historien,1
devait,1
poings,1
importance,1
aérien,1
curieuse,1
1986,2
pardon,1
quarante,1
beaucoup,18
étrangères,1
social,1
avons,11
dédaigne,1
commentateurs,1
fardeau,1
quelque,5
richement,1
perspectives,1
huit,1
partout,6
massive,2
bompard,4
certains,1
ronchons,1
dominé,1
électeurs,2
chiffre,2
famille,5
rester,1
sentimentales,1
bourdin,3
revendication,1
angélisme,1
allongement,1
meilleur,2
abandons,1
veux,2
gouvernement,12
partant,1
veut,2
politique,29
janvier,2
pouvoir,12
subissent,1
booster,2
veulent,1
femmes,3
invasion,1
éminent,1
savais,1
imposer,1
demain,1
incident,1
liberté,5
gens,23
préciser,1
retenir,1
cadeau,2
adversaires,1
laquelle,3
usurpations,1
vital,1
chargé,1
désemparée,1
combattons,1
présidents,2
tapis,1
écoles,1
unité,3
présomption,3
opposition,2
mitterrand,2
densité,1
piéger,1
intérêt,2
philosophie,1
occasion,3
représente,1
ouverture,4
peur,1
cessé,1
faible,2
vivre,1
récoltes,1
protection,1
connaissance,1
fonder,2
race,1
presque,2
pétrole,1
dieu,2
aliénations,1
régulière,1
compétition,1
émancipateur,1
faussement,2
unes,1
doyen,1
ouvrez,1
subissons,1
consensus,1
faculté,1
appliquons,1
rentrent,1
afghans,8
problème,21
terrain,1
risquer,1
risques,3
conseiller,3
flux,1
fixé,1
porte,5
pare,1
prier,1
automne,1
fruit,1
longue,1
royale,1
économie,1
vieillissement,1
autoproclamée,1
énorme,1
amusant,1
puissance,1
diversion,1
intervention,1
accepte,1
prendre,7
hostile,1
diminuer,1
compromis,1
professionnelles,1
votées,1
nation,9
charge,1
principaux,1
unis,2
assurent,1
événement,1
étendrai,1
voiture,2
gaiement,1
tréfonds,1
effectifs,1
grands,2
service,1
connaissons,2
clef,1
dure,1
face,5
alternative,1
connaissait,1
succès,2
dise,1
adressés,1
déjà,7
soins,1
indécent,1
marchés,1
grande,7
carte,1
durs,1
dénonciation,1
dicte,1
raison,3
politiques,8
étais,1
fédérer,1
méthode,2
immunités,1
noyade,1
marginaux,1
attirance,1
parlé,1
décidé,1
maladroit,1
tout,1
changerait,1
isolés,1
exorbitantes,1
congrès,3
engloutis,1
désignation,3
serai,3
retirerais,1
fondateur,2
feuilleton,1
ridicule,1
donner,2
quelqu,2
serait,4
inaccessible,1
pénétré,1
jusqu,2
toute,5
armés,1
cynique,1
retraite,2
favorable,2
excusez,1
errance,1
glissé,1
euros,1
destiné,1
matin,1
titre,1
boursier,2
parcouru,1
compatriotes,3
ségolène,1
toutes,3
policier,1
endroit,1
déclarations,1
dévouement,1
soumettra,1
formation,1
recevoir,1
aimer,1
innocent,1
locales,1
pesante,1
interne,2
consentis,1
remettre,3
double,6
montée,2
consentie,1
monologue,1
réduites,1
certain,5
considération,3
rigoureuse,1
halde,2
briois,1
venez,1
mais,18
civilisation,2
ordre,2
cathédrales,1
parle,4
vocation,3
cocus,1
signal,1
élémentaire,1
extraordinaire,4
fier,1
rattache,1
obtenir,1
christophe,1
donné,2
propose,1
instables,1
certaines,1
logique,1
allez,2
financier,1
renseigne,1
électricité,1
illusion,2
rapproché,1
verbal,1
examen,1
mains,1
brise,1
définition,1
mécanisme,1
assentiment,1
positive,2
gardien,1
cantonales,1
aides,2
réalisation,1
étrangers,6
répondre,4
burqa,2
prédation,1
rails,1
heureusement,1
fortes,1
principales,1
insécurité,5
renonce,1
nicolas,2
scandaleuses,1
spectacle,1
scandaleux,1
différence,1
woman,1
fini,1
vois,2
parlait,1
anelka,1
libérait,1
années,5
verrez,1
vision,1
reçu,1
changeront,1
obéi,1
analyse,1
aperçoit,2
demandais,1
voute,1
notables,2
comportement,2
terme,2
totalité,1
amènera,1
démontre,1
démographique,2
guaino,1
appareil,3
identique,1
fonctionnera,1
sauvage,2
personnalités,1
croyants,1
domenech,1
sociaux,1
conversions,1
police,4
remobilisation,1
courage,1
croirait,1
touchent,1
hypothèse,2
venues,1
regarde,2
conforter,1
réinsuffler,1
aggravation,1
économique,2
largement,2
complet,1
fédérations,3
évidement,1
écrivent,1
courant,1
volent,1
michel,1
successeurs,1
essayer,2
présidentiable,1
bossi,1
concentrée,1
propositions,1
défend,3
puisqu,1
actualité,1
extravagant,1
individualiste,2
préférons,1
suivante,1
école,2
permet,3
nationale,5
échelon,1
exiger,1
ceci,1
analyses,1
fondamentales,1
roms,2
bientôt,2
conglomérat,1
comprends,1
autrement,2
touché,1
somptueux,1
reconnaître,2
passée,1
coup,1
frontière,2
estivale,1
compris,4
élever,1
naturellement,3
parlement,1
remarquer,1
partisans,1
dois,4
source,1
dysfonctionnements,1
règle,1
erdogan,1
libres,1
altruisme,1
leurs,6
faveurs,1
environnement,1
nôtres,1
crains,1
frontistes,1
locale,1
conditions,2
produire,1
agit,2
considérables,1
rassemblés,1
salut,1
agir,2
forces,3
ancien,1
respectées,1
distributions,1
intermède,1
livre,1
saturation,1
trouver,1
commence,1
émerger,1
cannebière,1
bunkeriser,1
directement,1
formidable,2
payer,1
sociales,2
victime,1
intérieur,4
records,1
critères,2
sort,1
coutume,2
langue,1
gitans,1
amendable,1
selon,3
hommes,1
matière,3
visités,1
violences,1
population,6
multiplication,1
briller,1
ponctuel,1
certainement,3
utile,1
comment,3
aperçu,1
noires,1
révolte,1
puisse,3
laxisme,2
ferait,1
accordées,1
disposition,1
poli,1
dialogue,1
climatique,2
clair,1
réjouis,2
réjouir,1
thème,1
morts,1
vérité,5
armée,1
derrière,1
lorsqu,2
consenti,1
soigner,2
sait,5
mise,2
premières,1
facto,1
parmi,1
promotion,1
frontières,4
fonctions,1
liens,1
emporter,1
féodal,1
exact,2
pendant,5
trouverais,1
1914,1
lèvres,1
solide,1
générations,2
gauche,9
précaution,1
intentions,1
maire,1
chantât,1
lutter,1
argent,2
circonstances,1
bénéficie,1
précaire,1
histoire,14
entends,1
coût,1
envoyé,2
partage,2
machine,1
dans,9
intérêts,1
sauf,2
traité,1
ferment,1
société,4
schéma,1
médias,1
planétaire,1
impuissance,1
victoire,1
port,1
banlieusards,1
moment,9
fondamentalement,1
exclut,1
simple,2
voilà,14
acheter,1
hypocrite,1
arrive,1
récuse,1
réfère,2
suffit,1
tête,2
était,18
signaux,1
supplétifs,1
turquie,2
beaumont,1
abandonnent,1
prétend,1
réveiller,1
affaires,1
instant,4
ministre,10
victorieusement,1
évidemment,9
libertés,1
manière,1
explosion,1
tentée,1
marionnettes,1
combatif,1
contrairement,1
mesure,2
particulier,4
cadre,1
soupçonnable,1
examens,1
conscience,1
amis,7
émergence,1
libération,1
jeanne,4
algérie,4
historique,2
montage,1
permettre,4
déclare,1
nouvelle,4
alliance,1
ordonné,1
adoptons,1
amie,1
érigé,1
lumière,2
expression,2
opinions,2
personne,2
proposées,1
saisissante,1
moyen,5
cadres,1
lourd,1
mariani,1
débat,10
tours,1
vulgaire,1
exceptionnel,1
autres,8
contribution,1
vicissitudes,1
entièrement,1
cathédrale,2
échanges,2
humilité,1
plan,2
appartient,4
laboureurs,1
