first,second,likelihood_ratio
bonne,raison,41.39328153010027
bonne,gestion,39.27441727853561
bonne,dépense,30.319572119279965
sortir,euro,36.586277950647556
dire,augmentation,11.881012531654214
dire,chose,9.708033777479521
dire,suis,7.550098166351879
dire,aujourd,5.4465661951476925
dire,faut,4.886257135349747
dire,soit,4.213120667791462
dire,avons,3.4086981567917967
dire,était,2.9750553810083087
dire,faire,0.8207658624538889
dire,monsieur,0.8027162041483593
dire,plus,0.04691484018807268
dire,français,0.024996508897650926
certains,quartiers,30.94016038527262
amour,patrie,50.37227518633148
amour,france,12.672404115503742
principe,fondamental,38.86299648024479
sortie,euro,83.47536962199115
grand,patronat,38.99270551228295
grand,bénéfice,34.67907916014373
grand,rassemblement,34.67907916014373
grand,nombre,27.088017102019194
assurer,sécurité,35.35801987255013
dépense,publique,126.96945470062454
agit,faire,11.482674392340332
voyez,bien,14.005557280097689
porte,projet,34.551337423902844
porte,monnaie,18.691417587541746
monnaie,nationale,120.11103950044628
monnaie,unique,111.45083845459106
monnaie,forte,93.05213064857813
monnaie,économie,14.416124522795734
mondialisation,débridée,42.08529630078978
aucune,garantie,38.30358867193141
aucune,aide,27.37822614136563
décision,prise,73.0176159547433
construction,européenne,24.476949899703676
veux,dire,57.94762390061761
veux,redonner,24.897317603075024
veux,faire,20.4737692314719
gouvernement,nicolas,18.10931301215496
gouvernement,français,4.424649786456504
dirigeants,européens,24.713913727051782
dirigeants,politiques,19.373955719744004
tunisie,egypte,65.64725923177728
veut,dire,173.00425355691988
veut,mettre,22.71632393172113
veut,faire,16.921758981843755
normes,règles,33.55104108544902
normes,sécurité,27.967602706133643
janvier,2011,44.12050417006987
somme,toute,85.34577148475184
nicholas,sarkozy,46.444715405780485
notes,frais,78.38166648659819
nombreuses,années,55.43010665846151
femmes,gauche,20.900236695701246
guerre,civile,61.5487753642534
guerre,libye,27.28905413227244
unes,autres,31.867571701317754
vaut,bien,18.36729027182286
préférence,nationale,77.28333710392172
couleur,peau,59.76673993918102
internationale,déloyale,49.06769344863338
problèmes,économiques,28.125191912004667
etats,unis,430.98769339875946
liberté,syndicale,31.46605088610058
liberté,égalité,30.635331946491725
liberté,monétaire,19.813651771155968
liberté,peuple,19.04999803529899
liberté,presse,18.823784594648668
liberté,décider,18.246777652230055
liberté,peuples,12.931002566757158
liberté,liberté,8.25717647021398
élection,présidentielle,201.6509892141696
cure,austérité,60.98465595915733
tenter,faire,25.228478659700293
choses,soient,24.87042762942151
choses,peuvent,20.95257135695254
milliards,euros,449.7883861983329
milliards,supplémentaires,41.10776280939169
toujours,plus,41.1877338310869
toujours,mêmes,15.735817019759917
dette,publique,26.694924639450363
dette,était,11.208228517814039
vision,homme,57.40697510823768
vision,politique,20.3828749297993
mener,bien,16.767563931454625
peuples,européens,21.744009363517595
difficultés,financières,35.903925724228266
unité,nationale,26.332981218285465
folle,politique,19.32227657617419
classe,politique,169.78457779650603
intérêt,général,48.80568664915238
intérêt,français,32.05519106248937
intérêt,taux,24.266086556494994
intérêt,france,18.422711393063928
intérêt,national,9.781986627119604
réduction,drastique,49.1819302100841
acquisition,automatique,53.03670409920614
bien,évidemment,40.74668051156655
bien,compris,32.43471386593351
bien,entendu,20.842697796885723
bien,dire,20.251423329065478
bien,souvent,14.1309955186562
bien,problème,12.297824595907924
bien,autres,12.249269925431202
bien,contraire,12.239245727857924
bien,crois,11.597668521591078
bien,monsieur,10.944905477566879
bien,sommes,5.634716924242798
bien,voilà,5.419031619077285
bien,pense,5.128572921820026
bien,écoutez,4.538306253181741
bien,toujours,3.830662284534794
bien,réalité,3.2046205195860624
bien,faut,2.755802738821031
bien,choix,2.6182953166103666
bien,plus,1.5628378749621579
bien,suis,1.1400924683163614
bien,bien,0.7718682876248839
bien,france,0.017425140649477533
vivre,décemment,40.69976295623487
vivre,france,10.322158946042354
moindre,choses,28.621116792779215
protection,sociale,197.32167026713233
protection,frontières,19.55607798390708
euro,imploser,33.98967172899766
euro,atlantique,29.49787282165787
euro,monnaie,14.596714721452232
euro,pense,4.58887405851181
euro,crois,3.6963166475071594
euro,aujourd,3.280261862848284
euro,bien,1.3662042718322396
euro,plus,1.3112201268676529
changer,avis,28.970850440576868
créer,emploi,46.24520342308879
respectent,aucune,46.08669063583785
marché,travail,67.65833280142373
policiers,gendarmes,46.950696782471255
pétrole,taxes,31.85633343934627
aide,médicale,82.12581286896076
aide,sociale,22.76799751718698
fédéralisme,européen,48.42144635945604
patrimoine,culturel,52.740940891592075
classes,moyennes,215.87252888758462
classes,populaires,85.43472833823304
valse,étiquettes,88.21814894154595
mettre,place,178.2696578529965
mettre,œuvre,72.2337499470855
mettre,terme,43.37547769716315
mettre,protections,35.236668023971895
chef,etat,29.983151284015847
retour,réel,63.41442232687679
retour,monnaie,27.609224401451847
sonnette,alarme,64.26542109613149
proposition,concrète,44.32478330774425
problème,économique,18.027783828528985
problème,monsieur,10.521250728032415
centaines,milliers,40.592577629886904
avons,payé,24.629080629112185
avons,énergie,17.76735454467323
avons,plus,12.121894502420712
avons,certain,10.712935460644601
avons,beaucoup,8.674389922236054
avons,front,6.852629192602091
autant,plus,14.75137745905608
france,prérogative,28.99139444383092
france,esprit,13.842262492342165
france,vive,12.672404115503745
france,tunisie,12.354160346224607
france,aller,11.98920332204313
france,puissance,10.322158946042356
france,sera,10.237033969925927
france,était,9.479880132549608
france,français,9.47760501262601
france,monde,7.520542407275256
france,avenir,5.826785223593111
france,vous,3.8725099485294834
france,nicolas,2.9437618354519755
france,bien,1.925749546230474
france,pays,1.5835063695747786
france,mais,1.3995219831628298
france,suis,1.2007929953564918
france,crois,0.6965592745824969
france,aujourd,0.4808499099028496
france,plus,0.2368346856844461
france,dire,0.1848132550517676
france,monsieur,0.17544145523987997
monopole,marchés,31.100538862885266
banque,france,86.03315335103699
flux,migratoires,189.65641829034422
échelle,peines,49.1819302100841
convaincre,français,15.258211139405653
révolution,fiscale,46.09061973520885
devant,commission,44.597312827821455
transmission,savoirs,42.488553302460105
pouvoir,achat,285.309551718883
pouvoir,sarkozyste,40.77793081027233
pouvoir,accéder,22.14144986226946
pouvoir,relancer,20.332983270327883
pouvoir,exprimer,17.84323630896895
faisons,choix,24.62964171237887
chez,monsieur,12.739012321088428
délits,graves,41.46453790034886
partir,moment,44.8173090753713
partis,politiques,42.08691872681506
travailleurs,français,18.064994735668222
jours,plus,7.725019623449172
franc,euro,44.4738870173336
dernières,années,82.88164655180934
exècre,gens,32.297951801596696
puissance,équilibre,29.768090958362272
puissance,mondiale,29.367609184416153
puissance,publique,22.79893201535451
puissance,économique,17.886661596495326
notre,projet,37.77109172786085
notre,vision,22.32133832114785
prendre,charge,28.74224206047137
prendre,pouvoir,13.550785978360093
quartiers,entiers,43.49080509869857
imaginez,bien,16.110166810308684
attendez,attendez,53.843733184123515
attendez,excusez,25.17281825068335
françois,hollande,104.66299990469767
françois,mitterrand,36.60933137193209
tenir,compte,62.47145606555593
plus,faibles,82.36345783840761
plus,tard,74.04669187295995
plus,nombreux,66.60877628372815
plus,grande,50.7275338934696
plus,difficile,45.903796512863074
plus,plus,42.412208059321486
plus,grand,30.450096165869976
plus,cher,28.95850365739959
plus,fragiles,26.371431103707675
plus,facile,23.667722371562398
plus,efficace,22.92670771661016
plus,forts,21.89751491764398
plus,modestes,21.89751491764398
plus,jamais,21.314841706371794
plus,loin,19.03036844725036
plus,rien,18.948732549477
plus,devoir,18.664107993988512
plus,faible,15.062773453322514
plus,pauvres,15.062773453322514
plus,grave,14.75137745905608
plus,jospin,13.678607368597218
plus,générale,12.095637986324018
plus,important,12.095637986324018
plus,près,11.994466799073063
plus,immigrés,10.193562710570589
plus,décider,9.055056960549656
plus,aucune,5.848166567069446
plus,emploi,4.203566847433341
plus,immigration,2.600049396563409
plus,france,0.8690322848257281
plus,euro,0.3129767990224033
plus,faire,0.10325438615745175
plus,pays,0.007986890592916018
préparé,sortie,62.52356094743522
financement,public,30.747849833355815
grands,groupes,349.84695204241376
grands,patrons,31.275064497903976
grands,choix,24.60967221675635
service,public,48.82888413934449
rapport,entre,20.89894161952789
propre,dette,23.677204672861464
avez,raison,75.12634042619585
avez,entendu,20.804604905132912
avez,bien,10.270688799453314
avenir,pays,21.086261447785617
avenir,enfants,19.07807432755576
jamais,cotisé,47.262552525415686
voilà,donc,15.644433272658535
voilà,choses,14.876685787302232
voilà,alors,12.37517173042498
voilà,pense,10.737963662133195
voilà,aujourd,8.708026012078482
voilà,choix,8.661292375960773
voilà,mais,8.27205727033023
voilà,suis,6.448835079675842
voilà,monsieur,4.220655238662192
intelligence,économique,24.660875094180554
renflouer,grèce,33.719857695207324
conférence,presse,78.94785270638083
certain,nombre,915.9719523238243
déjà,beaucoup,12.780278381735615
plein,fouet,52.048135055033626
marchés,financiers,274.5678668736403
marchés,publics,37.10369858589709
grande,bretagne,103.66710417790458
grande,distribution,77.59119817813298
grande,partie,39.634471749987156
grande,puissance,19.688757562624808
grande,politique,16.898904406092914
grande,nation,14.378209234648603
enfants,petits,24.310655561470337
monsieur,aphatie,193.3239302561127
monsieur,hollande,63.05092161146141
monsieur,mougeotte,41.1170616445675
monsieur,fillon,40.863415570054485
monsieur,obama,36.124710948933476
monsieur,strauss,31.54450760022614
monsieur,huertas,30.82750003244945
monsieur,copé,30.294455443067072
monsieur,monsieur,22.83335215866488
monsieur,kadhafi,22.5448764411718
monsieur,montebourg,20.301060368095268
monsieur,guéant,19.440532290862702
monsieur,paul,18.692216658049734
monsieur,sarkozy,17.023674548615624
monsieur,mais,13.751051665614964
monsieur,suis,7.495514645049117
monsieur,vais,6.84401118442694
monsieur,savez,6.275019860394988
monsieur,faut,4.838125294198642
monsieur,pense,4.68058183343559
monsieur,crois,1.5994900379422616
vous,savez,211.35979283537057
vous,voyez,164.5271322462463
vous,avez,73.26550376105666
vous,imaginez,60.44528286417402
vous,parlez,29.387383249794297
vous,croyez,26.291043410845177
vous,êtes,17.88862165400975
élections,cantonales,111.62166730243474
élections,régionales,38.30358867193141
électeurs,front,26.125383180473996
oppression,désordre,46.38742646395713
entreprises,cac40,71.41808459209041
entreprises,françaises,38.41450103820394
financiers,banques,25.49836397806879
politiques,français,8.016584915044074
trésor,intérêt,55.69951541219696
question,savoir,43.54830008399096
question,pose,25.064203649282366
passe,aujourd,13.755920707862776
responsables,politiques,133.1253212746028
venir,chercher,28.01707428424138
puisque,sommes,19.72098382246141
général,gaulle,83.58717078390373
général,corrèze,39.85564638791132
culture,française,31.14759339295294
nous,avons,256.6908558008608
nous,sommes,112.07468486406995
nous,voulons,85.23952044299064
nous,pouvons,62.75503706144611
nous,devons,55.69302000290081
nous,allons,36.33863167921947
nous,pourrons,28.135470033009952
nous,arrivons,26.553770512433957
nous,croyons,26.553770512433957
nous,vivons,22.010330763123186
nous,avions,19.093019627764278
réguler,flux,37.039457763092344
quelques,mois,148.4446406744304
quelques,semaines,88.37537847104046
quelques,jours,83.16065049445645
quelques,années,33.23485285760084
quelques,temps,20.658653143261596
homme,femme,30.155634871839318
chômeurs,pays,13.588747377847447
politique,étrangère,58.62096036122005
politique,sociale,27.147572517164637
politique,française,23.996227417790937
politique,incarne,20.737180370890524
politique,arabe,19.32227657617419
politique,économique,18.95574798231187
politique,umps,13.757636988467745
politique,vision,9.239635384930555
politique,crois,2.399420420843719
politique,monsieur,1.4241413264599792
hommes,femmes,77.2412731251582
italie,espagne,36.59160056495382
quotas,importation,91.1871482582175
candidats,faussaires,45.42848792060776
candidats,interchangeables,40.93077694084486
candidats,seront,25.949711186235213
serai,élue,37.839264060754886
serai,présidente,30.620996864215076
expliquer,français,11.410412626126568
mesdames,messieurs,193.2857866673772
voix,peuple,14.000324156625886
voix,français,9.197950109012288
nombre,propositions,21.31571080165576
nombre,pays,12.77538824690844
nombre,autres,10.650302532022113
bout,souffle,83.05569668527272
bout,système,21.1788438294032
donner,leçons,54.02736249791813
donner,chiffre,33.096249123860524
donner,moyens,24.598806562437858
était,ministre,32.796407281940574
était,trompé,26.278248197724874
était,effectivement,11.511090056876991
était,milliards,8.814046037268248
était,bien,6.300675130670992
était,plus,1.7002791225578244
parce,pense,20.251895761188642
parce,croyez,19.49255367099563
parce,crois,8.128335107710875
construire,avenir,27.94316604020855
mois,élection,35.637105011330775
mois,août,32.59933576824986
mois,viennent,21.297516542587136
mois,mois,14.57500054413676
personnel,politique,19.98654865321003
donne,argent,20.801306300252932
candidate,élection,50.607041051248984
candidate,présidentielle,23.583943262195007
projet,redressement,65.57384869944453
projet,alternatif,45.477762238184866
projet,présidentiel,40.928192606732686
projet,mondialiste,23.815967099798083
projet,présidentielle,13.555721577725478
projet,projet,11.705814755144829
projet,national,8.100244877789935
projet,politique,6.5350748431932315
régler,problème,45.92254037659205
court,terme,53.81082059053144
prières,rues,63.38261649882006
euros,mois,52.61440791481755
euros,vous,32.49029600859327
euros,fraude,26.870984053890275
euros,dette,22.053977035370696
peser,baisse,58.24684920192775
chiffres,immigration,16.401257466855522
premier,ministre,49.26476251133964
premier,rang,36.03890616257577
premier,tour,26.849921010700943
tourner,vers,43.7427443608668
valises,billets,91.41556504422286
immigration,légale,58.23925406106176
immigration,massive,38.48810313903391
immigration,problème,10.793389489569568
immigration,plus,4.725869011467319
second,tour,245.5187108138155
excusez,monsieur,9.950317470428278
gouvernance,mondiale,41.69246145979018
angela,merkel,64.26542109613149
génie,français,22.213843763604764
tout,monde,18.587227473084265
maurice,allais,59.76673993918102
toutes,forces,60.80970037132506
toutes,circonstances,34.743500150350656
toutes,propositions,22.37912158103978
toutes,élections,17.88228097058475
chefs,entreprise,39.37542680145917
tant,aura,19.024436514571438
tant,ailleurs,12.168984047892039
progrès,social,56.29087702472522
fonctionnaires,territoriaux,41.68262107815575
monde,entier,88.39188628073023
monde,nous,6.789992950088466
monde,france,4.632029247326317
monde,mais,4.045301372155176
monde,faire,3.5677977999791555
concurrence,déloyale,178.85438097388823
concurrence,internationale,44.58539104814595
concurrence,sauvage,36.71431743728797
aimer,france,27.638542883408032
formations,politiques,39.584823141206535
morale,publique,160.02355761597224
immense,majorité,76.49049719564044
vraie,question,47.058823912666156
baisse,salaires,106.89346886993899
baisse,allocations,51.38696447036142
union,européenne,714.3223955263308
président,république,286.9019240708475
président,comité,34.33808710567901
président,honneur,26.6376837155549
président,conseil,20.554233593130025
commission,discipline,55.50655599443506
grèce,irlande,34.961389909432484
aurait,fallu,51.11962848083986
aurait,permis,30.487022381266943
égalité,fraternité,94.28109761804002
égalité,droits,28.9747536086829
double,nationalité,123.39102941608652
double,peine,30.178029877025974
peine,mort,102.90132910614955
toute,série,177.0104342876356
toute,façon,124.16551115148995
toute,misère,25.374797776370315
toute,petite,20.721349667347805
toute,énergie,20.11172695818425
toute,classe,18.59183455702221
toute,politique,6.313213815592446
vais,dire,90.70746276657202
vais,répondre,56.378080223764876
vais,demander,22.3204675605972
vais,donner,17.987520730309505
vais,aller,17.302332678974338
vais,faire,16.209599581063667
vers,pouvoir,14.402706032378
maitrise,frontières,27.08051533768258
vrais,problèmes,36.89617226297064
pays,monde,45.8323036842565
pays,origine,32.64627784569524
pays,respectent,28.903027892577036
pays,maghreb,25.460429452338243
pays,émergents,25.460429452338243
pays,européens,23.600804790949894
pays,arabes,23.242579019499356
pays,étrangers,8.997254526283616
pays,temps,5.1620029934230445
pays,nous,5.032497405343682
pays,mais,3.9503927419015588
pays,dont,3.6697700742032353
pays,plus,2.81494137490182
pays,faut,1.996840212130789
pays,suis,1.721986465414104
pays,pays,0.1920199022664577
pays,france,0.03165762602030642
pays,bien,0.02076054690284862
mais,monsieur,146.89199367728867
mais,madame,69.61726665234286
mais,écoutez,26.89626953470526
mais,vais,12.044707086118525
mais,suis,11.929702207909209
mais,surtout,10.297691105602702
mais,crois,10.10369721869095
mais,mais,8.586144093303492
mais,avez,8.466815929670027
mais,bien,7.066335665357707
mais,beaucoup,5.471527865610581
mais,rien,4.963523359842785
mais,avons,3.8802928879427965
mais,aujourd,1.6616989698622806
mais,plus,0.8497518283872472
bruno,gollnisch,57.53530442603893
existe,plus,15.982489140051207
alain,marleix,55.947654929412145
maîtrise,frontières,24.969431177743672
maîtrise,monnaie,24.09667345135835
faut,arrêter,60.50533662581638
faut,faire,52.24394965368863
faut,bien,37.58561964368479
faut,mettre,34.58177308603192
faut,rappeler,33.4025392020683
faut,réserver,25.25311408824213
faut,admettre,23.486182865828397
faut,attaquer,20.880880672087823
faut,écouter,20.019255189956546
faut,commencer,18.606788735371907
faut,revenir,16.5281484515409
faut,régler,16.5281484515409
faut,absolument,13.060432355239401
faut,retrouver,11.998074498046632
faut,sortir,11.448388318522483
faut,prendre,10.79400810533854
faut,savoir,9.103405788824096
faut,abord,8.679528913690103
faut,dire,4.886257135349747
restauration,politique,21.600024485939663
solidarité,nationale,31.911175365500718
systèmes,protection,37.062299007487375
présidentielle,2012,24.784307476605612
présidentielle,nous,10.734610517559664
présidentielle,pense,9.585874956589507
front,national,1613.9787960466329
front,républicain,26.84264112006814
parle,beaucoup,35.908368789374855
parle,immigration,16.828045634718155
culturelle,française,38.31922400050444
tête,etat,23.03221179699706
paraît,évident,40.186184694724716
arabie,saoudite,64.26542109613149
train,passer,31.08193492460682
train,dire,17.698233597637998
train,mettre,15.744613148749687
train,faire,12.43035025503179
jeunesse,france,17.629821470003893
mouvement,politique,18.763301556986292
remise,ordre,40.628315248136104
blanc,rouge,45.14464083820352
grandes,écoles,55.224600655427764
grandes,entreprises,49.31157151661047
grandes,économies,23.52867994758535
carte,vitale,53.03670409920614
chine,etats,35.2712150685397
chine,chine,25.711826352290515
prêter,trésor,64.65748915031135
année,dernière,30.66031585555787
sécuriser,nucléaire,58.366216290633496
principes,républicains,56.75553692564343
nationalité,française,82.3388456495183
revanche,faut,22.500736374562806
ordre,etat,17.096342582023052
allez,dire,25.228478659700293
république,française,61.202025894477416
république,vive,52.60886025664064
république,mais,6.1665548507940855
laisse,développer,36.225143908228056
protéger,peuple,15.16571180960646
aller,emprunter,46.469883448981484
aller,chercher,26.53255600389855
caste,pouvoir,16.91145029860027
peuvent,plus,18.930036165565998
mesure,temps,18.9641389097717
pour,instant,61.976424767642335
pour,faire,9.314023442582961
gens,gauche,19.807747194869016
autorité,etat,29.218169937278482
pouvons,plus,26.22363203622122
dévaluation,compétitive,67.29147326443768
salaires,français,9.613781261220215
conseils,généraux,298.63685252399307
conseils,régionaux,83.12635159387557
contrôle,frontières,24.541529660907443
cantonales,mars,53.17633417273778
aides,sociales,175.4789232377877
économies,faire,50.56531097868315
automatique,nationalité,36.94943700568244
artisans,commerçants,63.38261649882006
purement,simplement,42.09387325943823
collectivités,territoriales,153.0375213751757
collectivités,locales,49.412515892063645
1700,milliards,50.6580399070948
pouvoirs,publics,67.52418641617055
maîtres,illégitimes,46.38742646395713
place,conditions,22.878499727468242
place,protectionnisme,21.51005028376148
conséquent,aura,19.59503402272942
adhérents,front,23.720151671849948
nicolas,sarkozy,1473.1984515082986
retrouver,souveraineté,31.5533691843212
pourquoi,parce,75.76722709447853
créent,emploi,59.744889442155035
voit,bien,49.74815682024977
aimerais,bien,16.767563931454625
nation,française,15.169993598659921
nation,peuple,9.095647504122915
auront,choix,31.406693297062724
chômage,masse,71.81543929063467
celui,vérité,19.38614372377743
celui,porte,19.022036867137736
zone,euro,160.55003836977215
sauver,euro,40.659353647667785
sauver,prix,22.569557013360264
entrainer,augmentation,35.418447513803365
campagne,présidentielle,109.95477065968538
campagne,mais,10.161739439791337
suis,sûre,150.08273200601607
suis,heureuse,61.46618944378892
suis,ravie,61.46618944378892
suis,désolée,58.21774400238073
suis,présidente,40.92208366982166
suis,allée,37.13328541654922
suis,candidate,34.79808229233602
suis,convaincue,33.55126414678934
suis,exprimée,26.835966657354135
suis,quelqu,22.928005567172416
suis,totalement,14.246395326673307
suis,extrêmement,14.046706921494348
suis,train,10.152016905368196
fraude,sociale,79.8606648876166
majorité,français,16.816104355657096
arrivée,pouvoir,26.014898158484876
peux,dire,14.823262376113746
ailleurs,plan,12.867085098325097
ailleurs,beaucoup,12.178533295787865
ailleurs,était,9.053910288718868
ailleurs,mais,5.6695234934883985
ailleurs,pays,4.123495573935536
ailleurs,france,3.2540636574800024
ailleurs,faut,2.896726252800965
ailleurs,monsieur,2.5004823862667553
totale,frontières,25.430760576274125
défendre,intérêts,32.838469512475534
belles,âmes,59.76673993918102
national,monter,21.08485719000054
national,parti,15.382829850906116
national,gens,7.185928852955086
national,était,5.306017595569891
national,bien,1.3292937530674087
hein,vous,15.672334943103106
acheter,français,25.068467771774692
justice,sociale,36.08095052430646
justice,fiscale,26.564837566667784
accord,entre,15.09540461926889
réindustrialisation,france,30.25417182857042
réindustrialisation,pays,24.765771476917166
puisqu,aujourd,26.756337053966032
vive,république,52.60886025664064
vive,france,34.53509230020511
vive,front,27.413810408211766
strictement,rien,67.67300322584578
logement,social,29.075183599173926
intelligentes,frontières,35.45523958453731
autres,pays,38.52379295158706
autres,domaines,32.509858332195535
autres,mouvements,29.640748820322287
autres,candidats,25.970072219797764
autres,partis,18.64213957188678
demande,adoption,39.11588327413387
crise,financière,32.8635462167638
désindustrialisation,massive,43.54714272558512
chacun,entre,25.220966746383002
chacun,sait,22.982736722968475
emplois,industriels,49.04113302698663
idéologie,ultralibérale,34.38179796695871
ouvriers,ingénieurs,40.937037341959766
augmentation,salaire,33.52400823457046
saccage,social,35.22534945371034
partenaires,européens,100.00793207958449
économique,social,46.84939679916182
économique,faut,8.783286258427516
candidat,présidentielle,67.63001552218574
candidat,national,19.911672223894286
sens,projet,22.76510997600155
face,mondialisation,19.001619353103415
face,europe,15.893019631723039
taux,intérêt,97.95321321379922
pense,faut,61.311612229922474
pense,certain,9.259509124123003
pense,français,9.20499407801532
pense,pense,7.6168334798954085
pense,avons,5.557275686612659
pense,monsieur,2.3028427312515207
strauss,kahn,519.2652306528288
places,prison,44.12050417006987
plusieurs,reprises,42.52420178922304
plusieurs,générations,36.3662712998901
êtes,train,61.29528129869179
rendez,compte,58.485075767880886
modèle,économique,28.79021437344447
trompé,porte,35.47594323734797
plans,renflouement,117.36221410195705
plans,austérité,34.247096688027035
régression,sociale,83.36381780751566
défense,intérêts,27.37822614136563
combat,menons,39.19083350258867
nombreux,mois,31.676553167784927
nombreux,plus,9.316538669852552
lourde,responsabilité,38.940551619937196
faire,objet,49.20457480972111
faire,rentrer,33.557440762819354
faire,élire,30.12844154433485
faire,sorte,27.18682939634978
faire,entendre,26.83297764614704
faire,sacrifices,24.536810545178117
faire,preuve,23.902498470926265
faire,croire,19.777377456491866
faire,oublier,18.73309882486543
faire,vivre,18.484190823255553
faire,entrer,17.477610237400057
faire,respecter,15.996486034276593
faire,confiance,15.577712137192062
faire,gagner,15.577712137192062
faire,grand,15.42706907987325
faire,chose,9.708033777479521
faire,choix,7.2779493286976304
faire,vais,6.880011630671443
faire,aujourd,1.3119604829250529
faire,pays,0.45924352757963316
faire,plus,0.10325438615745175
pétrolières,gazières,55.26809919687745
compte,tenu,143.02414828398227
compte,tant,20.38726514672624
compte,situation,18.150147919110417
échelon,européen,36.96758677867016
échelon,national,22.5046312140235
essence,pompe,46.950696782471255
milliard,euros,33.81297333599355
sera,plus,6.69116824325315
niveau,national,14.023083643872202
emprunter,marchés,44.72077089809643
aphatie,français,10.830957873518733
droits,douane,133.7214688582771
mauvaise,dépense,102.20171342060073
cour,comptes,109.14764663356436
coup,était,18.10289623642803
fonction,publique,94.96132708034449
mariage,homosexuel,88.21814894154595
régionaux,conseils,35.088445879834225
savoir,faire,13.67553029413878
pris,décision,29.2433210393465
pris,mesure,26.97050727534021
allocations,familiales,73.37768266669072
démocratie,liberté,18.34753914025524
gauche,parti,15.991971371239629
cette,situation,26.07812139802128
dominique,strauss,182.7506616708122
egypte,tunisie,35.14458195596709
prix,nobel,54.566002981070916
prix,essence,30.294352439371263
prix,pétrole,25.054680949254443
madame,lagarde,39.04544055569822
madame,madame,37.780237705280285
madame,parisot,26.45523953238217
madame,mais,11.833597361186044
services,publics,296.79732344842074
frontières,dire,7.276614377319594
temps,modernes,31.657071547348224
temps,temps,26.433048445403983
temps,coûte,20.91738248680614
fort,etat,42.73910707099776
action,politique,15.714268546008487
villes,campagnes,35.76167053991127
lorsque,serai,27.131634459617842
soient,claires,36.89617226297064
contre,meeting,47.97892331977524
contre,corruption,42.73014953313235
contre,plans,21.0069688111985
contre,insécurité,19.135368126442067
contre,candidat,15.142126664810068
contre,mondialisation,13.992035763552183
puissances,argent,44.16909411034804
vote,étrangers,107.24424286215874
oubliés,contre,21.465868297218325
discrimination,positive,57.53530442603893
appauvrissement,pays,25.460429452338246
rendre,compte,24.582707040510517
rendre,peuple,23.027646969574654
perte,souveraineté,25.255090317067495
perte,pouvoir,18.190681874272006
chose,monsieur,9.669754453534306
monétaire,international,50.85942973284446
million,euros,40.04884578175341
viens,dire,22.586083844312622
ministère,intérieur,168.44954165488866
ministère,affaires,31.834109928370935
abord,pense,22.93530273551655
emploi,croissance,23.573952807055814
emploi,pays,11.690888151962291
emploi,pouvoir,11.159341403134466
secteurs,économiques,61.827103562331786
made,france,38.665272693113266
série,gens,32.384817104804426
médicale,etat,27.169511570559138
langue,française,26.627292584208224
messieurs,chers,66.15262882329975
relancer,emploi,50.81004171182856
relancer,économie,48.526955222942846
processus,démocratique,111.96043490423142
matière,immigration,38.356690109616245
matière,internationale,30.905552671807563
matière,sociale,17.13589312158343
réel,monde,18.276130337404258
lutte,contre,95.75147229536498
souveraineté,monétaire,48.037611921936346
souveraineté,nationale,31.765537221136015
souveraineté,française,16.8074503016576
directives,européennes,44.64499351010625
cartes,vitales,89.63526847599876
hénin,beaumont,138.08991338134962
croire,celui,21.382395362990177
programme,économique,32.62622633460775
programme,commun,32.163980381239554
programme,2007,25.556284655230918
puisse,dire,74.27825881807908
fête,foraine,69.92545738179494
gestion,argent,23.374052184906287
quelle,liberté,38.43289878391905
diversité,sociale,27.598281670047747
exception,culturelle,44.64499351010625
primaire,ultralibérale,39.637122581674745
aura,préparé,36.48321267378831
aura,candidats,22.19333324264388
aura,plus,11.693446107707393
conseil,général,116.75043183181577
conseil,régional,61.40219675191291
petite,caste,42.519107426395294
jouer,rôle,32.43113250870928
répondre,question,23.863475150912183
déloyale,pays,26.586198651199087
pose,question,60.2189420714956
près,millions,21.00256515742538
près,milliards,18.345849094749262
rend,plus,14.327510434002829
lorsqu,agit,24.113980692188733
lorsqu,était,21.444107829406637
activité,économique,25.416657586296203
mise,place,115.82380179053327
mise,concurrence,45.69280670086569
écoutez,monsieur,14.880001139863841
écoutez,crois,7.5547245015693365
protections,frontières,72.9647663791091
protections,intelligentes,44.75515226280857
petits,enfants,24.310655561470337
niche,fiscale,102.45752779173968
niche,copé,75.22909436693256
traités,européens,91.61832389074327
soumis,marchés,29.208445743404603
conflits,intérêt,39.515329250151375
valeurs,civilisation,60.186000042638064
valeurs,république,18.82755927945083
aujourd,euro,9.528802570678419
aujourd,plus,7.865324601387535
aujourd,monde,4.339938539861507
aujourd,français,1.0276621902242615
aujourd,france,0.4808499099028496
aujourd,bien,0.43946258020875284
petit,pays,9.281981295505467
petit,plus,6.110516340859116
redressement,économique,30.67349736043373
redressement,pays,14.291763405861154
régularisation,clandestins,47.69125273148841
communauté,nationale,46.11788296570775
foire,trône,57.53530442603893
pendant,cinq,36.011947952859785
pendant,années,31.5533691843212
pendant,toute,17.959033896260454
soit,plus,8.01934115639783
soit,ailleurs,6.722001891122535
aspect,symbolique,54.70470763032488
millions,chômeurs,110.54334375102155
millions,euros,75.38270619960824
millions,fausses,40.652355980327314
millions,français,18.42828065055172
énergies,nouvelles,57.87586854330731
relèvement,exigences,72.29533583302094
sarkozy,soit,12.123092371535671
sarkozy,choix,7.325457120852664
trouve,assez,22.664699355920803
économie,réelle,25.938309250637733
lutter,contre,153.27010245826693
parti,socialiste,420.32773421484137
parti,politique,13.154263567183886
parti,france,5.51250143963451
crois,faut,34.75572995840944
crois,crois,28.706037032663293
crois,occurrence,10.533344991918497
crois,français,7.197401630889301
crois,sommes,5.698956847455484
chers,amis,519.570035713866
chers,compatriotes,69.86134706448738
bénéfice,grands,24.60478344366552
histoire,france,21.795191281749887
histoire,pays,7.778663580006311
poser,question,99.12532533233065
nations,monde,16.931528641332815
commis,erreur,39.15944097031829
copé,niche,32.20973223370597
jean,marie,218.03677629379055
pôle,rassemblement,60.98465595915733
doivent,savoir,31.28364133727884
doivent,pouvoir,14.589901420928566
doivent,faire,11.294128118106023
dans,temps,25.128224898899813
dans,combat,24.48829039823329
dans,pays,8.997254526283616
protectionnisme,raisonné,47.040535728018305
protectionnisme,égard,27.9907422655979
protectionnisme,économique,19.700015157307874
intérêts,particuliers,47.61483605165072
intérêts,france,13.039372743670466
argent,public,138.7887181189443
argent,français,12.992868092099327
réalité,grands,12.502311325393578
lionel,jospin,86.84237360824213
enfin,veux,14.876621434421757
exprimer,pense,17.159765003676434
europe,bruxelles,35.91537748989657
rendent,compte,47.021852556171986
misère,monde,23.22406378062793
choisir,leurs,24.63143159619937
familles,polygames,49.71718560047705
choix,choix,44.758520668864094
choix,économiques,26.227730914253318
choix,politiques,24.609672216756355
choix,oubliés,21.562943170986888
choix,entre,19.913602177981332
choix,peuple,14.303634102626866
choix,politique,12.885594302061346
choix,nation,11.868615627052503
choix,gouvernement,11.53234548758466
choix,faire,4.058896214582168
référendum,initiative,66.97027750183777
publique,territoriale,43.493023598430064
publique,etat,17.97405240431929
sécurité,sociale,23.051453738558475
hyper,classe,40.69976295623487
moment,donné,40.88655682088735
sommes,seuls,50.33885781475212
sommes,camp,28.21526045093934
sommes,aujourd,17.881991266138023
faibles,plus,12.09563798632402
constitution,européenne,68.3609857133935
constitution,république,22.23228871932906
identité,nationale,29.85683736064604
coûte,milliards,50.397766717252935
coûte,plus,9.316538669852552
simple,bonne,38.43064908485093
cotisé,france,22.293170498061343
pure,perte,38.48692940699766
pure,simple,37.18226678849902
traité,lisbonne,89.63526847599876
fausses,cartes,52.80816606682487
raison,laquelle,56.06088707792365
nord,calais,111.21534998709927
présidente,front,44.1069450421267
présidente,république,39.471104098642904
présidente,retour,26.18508607201784
populaire,proportionnelle,34.2010303236491
balance,commerciale,57.53530442603893
pourrons,plus,19.690844878910887
empêcher,front,41.36485395166619
sans,doute,41.81504342727583
titre,séjour,57.02028921970822
savez,combien,22.659038332300646
savez,bien,12.180654854169308
savez,avait,12.06528640442638
savez,monsieur,10.426954952397237
impôts,france,13.756238201788623
entre,mains,117.4678771363017
entre,élites,19.847665347534416
entre,autres,9.276648563055321
entre,monsieur,7.927494767590674
entre,bien,3.0465525806623264
alors,vais,31.03791781761278
alors,faut,12.608512520400609
alors,suis,9.784769801547164
français,savent,41.53804392079672
français,doivent,39.205992228017976
français,afrique,15.913039348110157
français,vive,11.725760976594916
français,peuvent,11.458217504972144
français,soient,10.563549567871458
français,savoir,10.181811051114972
français,veulent,9.83525264752911
français,besoin,8.632701656567423
français,bien,7.092075064108698
français,face,5.78740633234224
français,intérêt,4.632843740587575
français,écoutez,3.863732147025882
français,mais,3.686969173539274
français,vous,3.143187218191546
français,sera,2.921680114481945
français,suis,2.138747197470847
français,liberté,1.994197283906078
français,faut,1.9678372963199715
français,nous,1.360390781475012
français,faire,0.5189972932318545
français,français,0.5148651252748562
français,crois,0.3418074144968022
français,aujourd,0.19007709082148683
français,plus,0.008859402590728649
affaires,sociales,30.531226471476124
ministre,affaires,29.712309567526454
vois,bien,15.366125516767621
croissance,emploi,23.573952807055814
posé,question,33.32148854633725
manière,dont,45.03024643266088
manière,générale,38.775806331827354
manière,concertée,33.25660391100336
manière,plus,12.571580712255065
frédéric,mitterrand,88.1376332435297
volonté,peuple,23.027646969574654
volonté,politique,14.514273589135545
responsable,politique,18.726590382943954
inscrire,constitution,48.42144635945604
small,business,64.26542109613149
fêtes,foraines,57.53530442603893
milieu,culturel,42.22436680619644
banques,dépôt,44.760442692644595
banques,marchés,30.77125346590837
banques,affaire,25.07893216663304
esprit,france,46.496243893709206
esprit,résistance,29.410124080848476
esprit,rassemblement,28.44610877363627
alliot,marie,85.86779802661655
peuple,français,372.990161330466
peuple,libyen,49.7885320928011
peuple,peuple,27.515339466609216
peuple,toujours,7.298452042339264
peuple,soit,6.006653508126287
peuple,france,0.9719133849660668
trois,semaines,33.00250457531689
trois,mois,22.14922411065339
signale,ailleurs,16.24762867559736
système,protection,107.06117894091561
système,umps,47.566281202770654
système,monétaire,31.28392008111142
système,bancaire,30.971351515614316
système,bout,21.178843829403192
portent,responsabilité,31.130801502866184
amis,pouvoir,15.997885897678827
amis,france,5.58886073791116
égard,français,14.824568836089131
égard,pays,11.217240992310392
dont,parle,25.798658695789257
dont,sait,22.41074198215069
dont,français,2.3120009052506827
anticiper,sortie,36.15873652400129
recettes,etat,24.352923311683725
leurs,propres,36.44517513449855
leurs,enfants,33.854491402867545
leurs,dogmes,28.54956869259441
leurs,projets,28.54956869259441
leurs,parents,25.233078743539693
leurs,compétences,21.927905333715657
leurs,frontières,13.995819271337833
donc,faut,16.8999481940456
donc,crois,11.933942812369402
après,autres,27.406729517191394
vème,république,50.7494854019721
règles,société,29.243321039346498
permettez,dire,70.94689482229785
sait,bien,36.734175540301756
matières,premières,73.82497725617345
légitime,défense,37.36883686577527
sais,rien,15.27762357582619
sais,plus,5.848166567069446
feront,choix,21.562943170986888
devait,apporter,62.31288776210122
bleu,blanc,47.97491429054748
ambassadeur,france,20.721467848899984
situation,légale,39.886880398847644
situation,économique,12.797954573830854
situation,pays,6.474297395720348
situation,plus,3.593804677719053
rien,faire,11.776882081734286
rien,dire,4.457665727204196
rien,plus,3.2808744890694275
débat,débat,32.73358847233355
réindustrialiser,france,22.293170498061343
titres,séjour,46.950696782471255
assemblée,nationale,90.36914399449137
pleine,crise,32.86354621676381
beaucoup,plus,59.97068154423302
beaucoup,autres,41.647585506840045
beaucoup,argent,13.409234376951098
beaucoup,pays,4.222709596484198
libre,échange,155.54391942317588
libre,entreprise,37.43457422476912
etat,fort,140.13887793235665
etat,stratège,110.23101619986039
etat,collectivités,44.26552953928834
etat,etat,21.524507434231857
etat,nation,21.393254350793992
etat,conseils,15.45013386018167
etat,français,6.885285916265463
etat,faut,2.872896333092731
coûté,milliards,29.652158262387683
initiative,populaire,116.926835758088
patriotisme,économique,64.35338021920802
plan,économique,40.19156437125512
plan,austérité,27.960543961220534
devient,insupportable,38.554638067632794
quelque,sorte,263.0387150355622
quelque,chose,190.8116247690482
