first,second,third,likelihood_ratio
abattue,france,halal,125.02632874805818
charge,communauté,nationale,292.22219065844797
accès,logement,social,355.0469301742497
accès,logement,emploi,171.76253957252936
grosses,capitalisations,boursières,208.35941995458728
décider,entre,maintient,115.29487818403922
déloyale,pays,coûts,106.91176598085192
patriotisme,économique,patriotisme,423.79525413717045
banque,france,prêter,173.07790736077504
banque,centrale,européenne,143.8737762585876
jean,françois,copé,259.74015933392127
échec,nicolas,sarkozy,3278.866559420062
nous,avons,versé,604.6954315647386
nous,avons,devoir,576.874814325366
nous,avons,plus,562.9058535165401
nous,avons,peur,551.471561955701
nous,allons,gagner,174.86368619779407
souverain,légitime,peuple,202.0420324784226
vive,république,vive,374.8417302471297
vive,france,mesdames,192.81207838603513
vive,france,chers,134.40354876339413
entre,maintient,territoire,104.48482344959481
chômeurs,millions,pauvres,140.32106212909477
unes,après,autres,164.7183713311362
proposé,république,référendaire,144.41918847857767
veux,mettre,place,397.1172392131017
gouvernement,nicolas,sarkozy,3262.814287865396
équivalent,ville,rennes,229.5241948769584
tour,élection,présidentielle,568.415676206863
français,toute,série,494.21245548771583
français,attendent,logement,155.2226234083862
delà,certain,montant,128.4464113526766
pendant,campagne,présidentielle,380.1753310064996
pendant,trois,mois,129.20303989406
donner,pouvoir,achat,868.3549714174915
millions,chômeurs,millions,378.45646378934293
millions,demi,français,90.80885866325039
économique,patriotisme,social,223.90618089329854
candidat,rassemblement,bleu,183.81502711350737
sarkozy,françois,hollande,703.8508254443395
sarkozy,faut,bien,134.94738502865016
enfants,france,doivent,66.65919846832861
candidate,élection,présidentielle,562.7813191029009
bernard,henri,lévy,178.80651968542162
dépôt,banques,spéculatives,157.22539190180763
aphatie,monsieur,aphatie,529.4911068688077
utilisée,grand,patronat,251.87176899121863
augmenter,pouvoir,achat,874.9739820844017
chers,compatriotes,métropole,571.0073758453818
chers,compatriotes,chers,560.6649665326759
écarter,candidatures,fantaisistes,184.5350565512211
peser,baisse,salaires,307.12216490438857
peser,baisser,salaires,192.9165482774902
liberté,peuple,français,711.9704971230182
maires,petites,communes,152.45869220770138
nathalie,kosciusko,morizet,425.9984523213459
coût,sortie,euro,171.34455824481734
populaires,classes,moyennes,752.0314931697291
doivent,faire,objet,131.10865630667857
combien,mohamed,merah,323.86213669502973
compatriotes,zones,rurales,225.88698222609403
compatriotes,métropole,outre,184.1913104663743
syndicat,défense,intérêts,140.09451005083778
toutes,aides,sociales,308.6005070949631
toutes,forces,france,141.00445184401656
tous,enfants,france,104.4891080849628
compte,tenu,situation,319.8535455807331
défense,intérêts,électoraux,156.34591253626246
concurrence,déloyale,pays,609.6659984502764
concurrence,internationale,déloyale,202.1877715228012
etat,collectivités,territoriales,216.7256385703446
référendum,constitution,européenne,172.04021040357077
candidature,élection,présidentielle,547.9645557127158
bien,chers,compatriotes,509.74258802085967
bien,vais,dire,165.11680509763704
président,république,avez,799.5886333820499
constitution,européenne,2005,165.24297632377954
ouverture,totale,frontières,289.16179844818566
droits,douane,ciblés,490.56720873250015
mauvaise,dépense,publique,241.42823901680558
place,protectionnisme,intelligent,271.9043568132142
place,politique,dissuasive,164.50862528366605
vents,mondialisation,sauvage,169.12455495960666
toute,série,propositions,534.4676474844314
toute,série,mesures,524.4122552119236
certain,nombre,années,1584.5174077429028
certain,nombre,gens,1578.9419611942715
certain,nombre,temps,1578.542997900302
certain,nombre,pays,1574.1540930211854
élever,leurs,enfants,340.34382820128064
étais,contre,intervention,135.80944276957297
rassemblement,bleu,marine,355.6549322546136
mais,nicolas,sarkozy,3244.1502204817025
mais,monsieur,aphatie,592.7615041718684
mais,monsieur,déjà,135.0933398598608
mais,bien,mais,68.59225044369259
aide,médicale,etat,392.5864799404909
attendent,logement,social,309.1834190223453
hommage,mohammed,merah,258.8224571808418
faut,bien,dire,392.19021667593097
faut,dire,vérité,90.30867924784843
signe,religieux,ostentatoire,181.45021140065427
jusqu,dernier,moment,170.1276025676688
madame,nathalie,kosciusko,215.88679849619967
classes,moyennes,descendent,773.830903248728
classes,moyennes,populaires,752.0314931697291
front,national,aurait,1266.1576700583737
front,national,parti,1264.8720610690843
mettre,droits,douane,448.7886258326041
mettre,place,priorité,388.1874693303918
mettre,place,politique,375.9963910600481
mettre,france,abri,83.89353394803972
retour,monnaies,nationales,348.0365407606006
racisme,anti,français,148.48253860518705
gagner,nous,allons,163.22781259110465
outre,étranger,chers,113.55939898300478
problème,nicolas,sarkozy,3253.5256957264855
obtenir,nationalité,française,358.6720317528655
centaines,milliers,clandestins,219.35867172318783
faire,objet,publication,156.64142995395815
grandes,compagnies,pétrolières,209.530375930174
contre,front,national,1259.3541147580277
contre,concurrence,déloyale,604.6073719523129
contre,mariage,homosexuel,261.12503477146754
monopole,marchés,financiers,1017.8170832809593
sentent,beaucoup,plus,231.63209394522
dire,nicolas,sarkozy,3243.554044030824
dire,veut,dire,510.1850362616249
dire,vérité,français,100.69528762504088
argent,public,faut,191.15240062145477
ensemble,classe,politique,320.55986370133826
2000,lionel,jospin,294.2867335992978
projet,contre,projet,129.23262651549976
banques,marchés,financiers,871.4664677961949
banques,dépôt,banques,169.0966064063623
pouvoir,achat,français,894.8024728956534
groupes,politico,religieux,126.56923829280592
république,vive,france,229.10383972737532
novembre,2011,contre,171.33668028371773
salariale,cotisations,sociales,173.23807952756675
système,protection,sociale,692.3387768570411
étranger,chers,internautes,161.15486609423672
sert,plus,rien,92.3181338927115
politique,dissuasive,immigration,210.27839812046142
politique,agricole,française,130.45991213576932
hollande,nicolas,sarkozy,3280.0462862454438
hollande,monsieur,sarkozy,90.83486695137717
chèque,premier,logement,120.92279789168744
après,élection,présidentielle,607.4313125491143
après,affaire,merah,100.10123066038886
veut,dire,veut,533.4080953403898
veut,rien,dire,158.13010385216575
monsieur,aphatie,monsieur,588.6907636853236
monsieur,aphatie,mais,512.4702368895717
monsieur,hollande,monsieur,389.92830403627323
monsieur,dupont,aignan,216.57764090901773
france,chers,compatriotes,507.65918339401657
france,mesdames,messieurs,189.762305089444
france,prêter,trésor,153.48922601864382
france,rurale,france,151.57887619082302
autres,grands,candidats,110.559195102889
plus,niveau,etat,153.61028831339635
plus,grosses,capitalisations,139.30015417606722
plus,grand,nombre,99.78838950159107
plus,rien,offrir,96.00304548078194
plus,plus,importants,93.27014476328831
ailleurs,certain,nombre,1564.9806961056522
petites,moyennes,entreprises,101.83602257157683
effectifs,police,gendarmerie,151.45911946241387
cinq,millions,chômeurs,356.8884025080928
bleu,marine,candidat,256.862922361865
nicolas,sarkozy,ministre,3268.4758797133422
nicolas,sarkozy,françois,3268.0559385244546
nicolas,sarkozy,vision,3258.902563400729
nicolas,sarkozy,avait,3258.125574611407
nicolas,sarkozy,était,3255.0957810051996
nicolas,sarkozy,pouvoir,3251.6868743659566
nicolas,sarkozy,jamais,3251.59464318548
nicolas,sarkozy,faut,3244.537991341229
enfin,veux,dire,454.65735444232075
avez,monde,meilleur,89.60725875410462
nation,etat,nation,112.28334954795798
marine,candidat,socialiste,119.23568672310161
suppression,aide,médicale,356.7311163332788
priorité,accès,logement,264.91381370562283
priorité,accès,emploi,200.01073201973242
vais,mettre,place,418.17440293679596
vais,dire,parce,175.40436879434026
contribution,sociale,importation,336.21005455537767
déjà,certain,nombre,1601.888756558689
beaucoup,plus,proches,255.17505057658
viande,abattue,france,121.65472438147549
marchés,financiers,bien,846.9833695279453
grande,partie,entre,288.48260881126123
avons,millions,chômeurs,346.42188246842517
avons,plus,moyens,151.94515803371294
moment,donné,faut,492.9354777289269
vous,président,république,892.3871531869586
vous,voyez,bien,248.87552093468418
élections,cantonales,mars,225.1821327619977
