first,second,likelihood_ratio
sortir,mais,11.917211697017285
parler,politique,10.042987982303586
parler,français,9.546349414879863
parler,france,5.840268159250609
oubliés,invisibles,33.92395182756584
mouvements,politiques,40.125566149529575
sortie,euro,71.3601681724084
bonne,volonté,44.93229464388644
bonne,nouvelle,24.440633809486183
culture,excuse,53.187233755276445
culture,gauche,18.68136411931185
voyez,bien,52.182009485184025
voyez,veux,10.477266788971708
compatriotes,métropole,50.530727789290374
compatriotes,musulmans,31.472077396801883
compatriotes,outre,29.398620758582215
compatriotes,zones,24.411974447622825
compatriotes,chers,14.958285888176917
bruxelles,dire,9.928427933270733
aucune,communauté,34.76887334794779
aucune,raison,28.826301837637562
tour,élection,42.88737101509398
nombreuses,années,65.94983963375385
deuxième,tour,61.50748241305236
réservé,français,18.10098379180865
lequel,sommes,18.561525293595523
guerre,civile,71.65553566470967
guerre,algérie,34.64608945233722
couleur,peau,59.2802348961406
choisi,france,13.977255760146424
diplôme,égal,54.781614170835454
etats,unis,242.65274395945264
capitalisations,boursières,85.71228507903449
élection,présidentielle,333.4076875461203
candidatures,fantaisistes,61.51167040928271
vision,homme,50.913122431652134
vision,france,30.787577178574058
aime,beaucoup,21.077231649439
aime,france,18.312707971500117
réseaux,distribution,38.853588985123466
classe,politique,177.96555125886772
classe,moyenne,66.85084271049318
menti,menti,35.990557921885845
chiffrage,projet,41.31963631599282
chiffrage,plan,27.840279475173546
acquisition,nationalité,39.176065817344
avortement,confort,48.01589889514404
bien,souvent,116.31362813557296
bien,entendu,55.977730045526854
bien,dire,43.026094432007326
bien,faut,24.14948097567053
bien,contraire,20.641305025184252
bien,cherche,17.345855290268986
bien,évidemment,16.998742831796335
bien,ceci,14.246414769281056
bien,vais,13.125123418526163
bien,écoutez,13.002196334535203
bien,loin,9.501558921014496
bien,longtemps,9.101616098490702
bien,tant,7.939725481513424
bien,suis,6.246027021879694
bien,moment,5.9284224784314885
bien,chers,5.7969955089809995
bien,nation,5.7969955089809995
bien,mais,4.796897034093524
bien,système,4.214331344887235
bien,beaucoup,3.8738800256238397
bien,après,3.722530228894965
bien,madame,3.615874831092004
bien,autres,3.090026982746786
bien,ailleurs,2.222097731270222
bien,projet,2.153949388566142
bien,pense,1.9169474857017788
bien,france,1.8146378986432232
bien,plus,1.7945664739936191
bien,république,1.6036221721616353
bien,bien,1.55052110453658
bien,était,0.9663764465741513
bien,monsieur,0.9282865482743583
bien,crois,0.6546461904978687
bien,veux,0.3762123430312534
bien,français,0.2515937754412043
bien,faire,0.0010608352817630673
adultes,responsables,41.40659465050546
devons,toutes,17.843536003017153
ores,déjà,51.42047517512019
dépense,publique,84.27389898010824
marché,financier,94.44825738310999
marché,intérieur,83.14236806169569
marché,travail,59.20147484483242
rassemblement,bleu,88.22963787013948
rassemblement,patriotes,29.10368425529741
aide,médicale,165.5047121942775
aide,sociale,16.99317657871649
cœur,projet,17.854288913841998
patrimoine,français,18.49267677035027
retour,monnaies,102.42401467417213
retour,france,10.67170031139253
responsable,politique,37.03384648468388
outre,étranger,32.49013678490206
très,objectivement,40.50960196184476
très,bien,21.59998214431278
besoin,autorité,18.60189643465672
1400,milliards,46.57053138617648
chemin,vers,23.489218770611313
sécurité,sociale,87.02165526978592
emploi,france,5.030756815329637
emploi,français,4.830823900604098
venir,soutien,46.30969862837101
venir,france,9.04661610832867
partie,idées,21.525828903048005
partie,entre,19.260534449202325
souverain,légitime,98.34156899773566
devant,français,9.687849563609921
européenne,2005,31.601087912729398
européenne,commission,23.72913090190205
européenne,mais,6.134682766589323
partir,moment,84.55215109162975
réserve,légale,36.29818435862632
travailleurs,pauvres,27.029812352593623
travailleurs,français,19.11542637013109
compétences,égales,64.66024679152655
jours,après,18.321898593600075
valeurs,traditions,44.870488712115915
valeurs,france,7.517250794426576
dernières,années,196.23448107838314
logements,sociaux,124.62304283210239
extrême,gauche,52.58780152228706
ayons,courage,35.96065482639905
ayons,plus,22.51235698210236
compagnies,pétrolières,54.781614170835454
double,peine,66.02880268494886
charges,patronales,44.937985548839244
charges,entreprise,25.64192540567202
françois,hollande,448.3134751458829
françois,copé,62.43660415059679
françois,mitterrand,43.591220743354825
françois,bayrou,29.242825385457657
délinquance,mineurs,36.88829826557307
disparition,frontières,27.197127587601607
tenu,situation,20.54401358852639
chose,bien,3.268091002877461
états,unis,41.11986756936617
premiers,bénéficiaires,43.64818424038383
puisque,normalité,33.25673350182861
puisque,savez,21.021545641960735
puisque,avons,11.251551719674897
écarter,candidatures,57.01301946791105
résoudre,problème,44.824278983341124
propre,pays,21.848984609445033
monde,entier,84.34315188696124
monde,meilleur,19.50563309187132
monde,bien,1.780386604842843
monde,plus,0.7360614880517464
accord,mais,17.051425000795582
accord,monsieur,9.169881837261332
gouvernement,socialiste,19.736764302013373
gouvernement,sarkozy,15.789572638437939
gouvernement,gauche,13.307220694217005
gouvernement,nicolas,11.412416593722558
gouvernement,français,7.647780588659928
véritable,changement,45.957061158824686
véritable,honte,32.040348878455475
véritable,démocratie,22.536365235119987
conférence,presse,46.06958116187661
train,préparer,44.45002008137786
train,passer,32.61135396810533
train,faire,21.214255270863376
train,mettre,13.816892810855698
produit,importé,43.83853849292454
objet,publication,57.69258539954322
quand,autres,20.07175418107446
monsieur,aphatie,325.36468462582246
monsieur,hollande,190.4312263920612
monsieur,bourdin,133.7978850573296
monsieur,copé,112.87847150948855
monsieur,mélenchon,57.32535887865127
monsieur,valls,50.21127141823395
monsieur,fillon,45.6620161872431
monsieur,darmon,44.47261362800515
monsieur,poutine,44.47261362800515
monsieur,dupont,39.4762486414885
monsieur,dalongeville,33.34272530751545
monsieur,wilders,33.34272530751545
monsieur,longuet,28.851733615056276
monsieur,montebourg,28.851733615056276
monsieur,sarkozy,22.073181167827663
monsieur,abord,8.081163935016564
monsieur,avez,7.827853654772524
monsieur,déjà,6.685380320297745
monsieur,mais,5.649414391291442
salariés,travailleurs,26.816144920844092
entreprises,françaises,157.58339589338996
entreprises,cac40,44.74043838284074
entreprises,allemandes,37.28265759009932
entreprises,stratégiques,32.38632993246412
entreprises,leurs,7.5588848735371785
entreprises,pays,7.492736156906209
entreprises,bien,1.806947798154725
entreprises,plus,0.7549993674745701
question,crise,17.50005100043327
accès,logement,82.88904144190971
accès,soins,33.45312065218931
accès,emploi,33.25871948246267
grosses,capitalisations,53.193994890704154
responsables,politiques,118.65309500366651
laisser,tomber,29.610883007292838
laisser,faire,17.195085825618882
pourra,faire,24.184796903413265
pourra,plus,7.445858268290169
mesures,immédiates,42.915753170951945
échec,nicolas,26.421099185581966
lorsque,vérité,22.63953847040512
puissances,financières,72.42885307210037
puissances,argent,38.23526134485355
chômeurs,millions,30.73828759523083
quotas,importation,57.22580468408674
expliquer,français,20.551601780083303
nombre,habitants,25.19170962495085
nombre,années,20.224040891742945
nombre,gens,16.49664983449154
nombre,temps,16.22970403488596
nombre,pays,12.433746273890621
actuellement,train,32.049479479596926
parfaitement,accord,22.311655282614055
mois,avril,36.9604916397016
mois,après,15.436357751332052
mois,bien,4.510505361327885
bernard,henri,53.193994890704154
projet,présidentiel,91.27575494968974
projet,contre,29.098058375988423
projet,économique,21.76729412138284
projet,national,16.87680844865461
projet,propose,15.826957255952745
projet,projet,10.12285925571177
projet,france,4.189532933014343
agences,notation,78.07411505952612
utilisée,grand,33.47346669973381
augmenter,salaires,42.12624569594237
augmenter,pouvoir,13.9553927567121
alain,marleix,56.44963810045595
chiffres,immigration,19.697976987409426
premier,tour,150.51709287633904
premier,lieu,37.485776140150946
premier,logement,21.32958170450053
revendications,communautaristes,47.82334247031075
tiens,dire,23.02099071514161
hommage,mohammed,41.9306561095963
héroïne,nationale,50.84358625430768
pompes,aspirantes,85.71228507903449
chefs,entreprise,58.12986944660507
contrat,social,30.291026144973937
tant,mieux,35.90982504159581
tant,autres,11.820018140383102
euro,constant,38.15874799055421
euro,valait,29.85123373911211
concurrence,déloyale,386.7092809126866
concurrence,internationale,66.68594053941388
surtout,plus,4.398249454896913
immense,majorité,140.51378743323815
immense,responsabilité,26.784491464680343
demander,français,10.720011972143821
baisse,salaires,134.5304707576483
président,république,489.38290296070375
président,sortant,84.6632260845605
président,normal,18.751373855317787
commission,européenne,109.17172545790973
impôt,sociétés,38.7116602548325
place,conditions,56.022678256111654
place,protectionnisme,30.69672494898636
place,impôt,22.574292898830848
place,priorité,14.639829371475662
place,politique,9.84899698693673
paix,civile,50.9696384441279
directives,européennes,60.67732472521453
mesdames,messieurs,94.32383348730546
bout,logique,44.409069922249216
françaises,français,16.303809808142837
françaises,leurs,14.331679512565842
hauts,fonctionnaires,67.24820880657228
passage,ailleurs,23.117669815177923
solidarité,nationale,34.82605784750488
vraie,question,60.202044399704256
exactement,inverse,98.22792227932823
exactement,chose,32.95749523375999
donnerai,consigne,56.44963810045595
devenir,français,33.69819961568807
bleu,marine,140.23767086603186
smic,augmenter,29.204623384091214
grandes,entreprises,234.8003637087
grandes,compagnies,56.45987196269053
grandes,institutions,43.00961436392444
prêter,trésor,61.16242207878631
année,dernière,52.249620306157745
année,2012,28.141553845078953
travail,plus,2.918946319885566
principes,républicains,41.75587024588087
capable,faire,11.151182369951918
arrivent,plus,25.425140876846854
république,vive,73.92046865777726
république,française,56.25785764391327
république,référendaire,49.26977271262409
république,avez,30.520344484476823
république,mais,3.7485548830768023
république,plus,0.6126635203284745
long,terme,35.130494755288446
long,campagne,23.96819797393615
fondamentalistes,islamiques,104.58123809797169
fondamentalistes,islamistes,44.73266419866537
tourne,vers,66.38229503368014
kosciusko,morizet,171.7535582139729
conseils,généraux,174.78396796230865
cartes,vitales,80.70826084368198
juge,gens,23.292695042993962
vais,dire,93.2136120113343
vais,mettre,39.23233961249555
vais,répondre,23.196041169644097
vais,donner,22.292984315630395
vais,créer,20.60435442758712
vais,expliquer,20.60435442758712
vais,faire,8.415956016811153
considère,étant,34.846093606904056
artisans,commerçants,41.663589413978194
espace,liberté,23.523554922519985
1700,milliards,34.15442545655976
adversaires,politiques,36.82231974817158
douane,ciblés,49.101988053993544
enfin,veux,29.131813190474627
enfin,écoutez,22.110381200278738
enfin,monsieur,11.259809600074195
enfin,plus,1.478187093483954
fausse,alternance,57.69258539954322
sommes,confrontés,51.96181187743441
sommes,arrivés,34.44561411780991
sommes,seuls,34.00265033839964
sommes,situation,25.188097806206052
sommes,sommes,12.16883406335591
sommes,déjà,11.785794556864051
sommes,aujourd,11.277470424957265
continue,faire,13.316111689937332
française,voilà,9.652098127792792
française,suis,6.594192583606075
sauver,système,25.609518808826543
campagne,présidentielle,162.667244355256
campagne,électorale,25.35702572920601
campagne,avez,13.442220796407575
campagne,monsieur,7.41480621795866
xxième,siècle,68.96073659867668
suis,prête,101.1829800830004
suis,candidate,70.284720386041
suis,sûre,53.660727024284796
suis,vouloir,43.48856267987506
suis,femme,42.760262840315804
suis,accord,40.45826886064408
suis,attachée,39.69871941810552
suis,heureuse,39.69871941810552
suis,contre,34.7379911151346
suis,allée,29.018200657866736
suis,désolée,29.018200657866736
suis,obligée,29.018200657866736
suis,élue,20.080659646322054
suis,absolument,18.56101471774827
suis,train,14.977812832197664
suis,suis,2.8587615748236272
suis,dire,1.1372164725206404
pensée,harkis,41.9306561095963
agricole,française,37.61480065083567
abattue,france,27.828536054850364
hein,faut,7.136071495408452
hein,mais,6.773086636124783
pouvez,dire,13.350030881153035
pouvez,plus,9.02787432247742
milliards,euros,418.9050711776754
milliards,milliards,24.43062326518575
milliards,économie,21.83307124412433
milliards,coût,20.372910278595313
milliards,intérêts,16.347528694813413
justice,fiscale,30.321314415281805
justice,sociale,25.665177624275394
arrivé,pouvoir,22.242571067935096
réindustrialisation,france,12.256207937430542
ascenseur,social,79.89445586349471
économie,finance,21.74095136296019
économie,française,14.250587121564575
économie,mais,7.766708027360055
logement,social,152.423395568731
logement,emploi,19.472482680866722
voté,contre,43.41255253472937
décider,entre,20.392798326141083
propres,besoins,71.50309018984035
mets,place,26.934639306176827
produits,importés,37.384672681295925
produits,français,9.018532370049396
témoin,assisté,52.55023909022593
partenaires,européens,55.13561086904419
candidat,présidentielle,54.65770936384693
candidat,socialiste,42.41594743982526
candidat,rassemblement,25.02449140206749
voter,socialiste,67.6815961296439
aurait,fallu,73.66919687379595
aurait,permis,25.20233056852981
places,crèche,100.78815497094223
places,prison,44.66825367521296
êtes,tombés,49.4071173353324
êtes,chômage,18.41601581054227
êtes,situation,15.696306293303804
peser,baisser,32.809844061142044
peser,baisse,31.533318923636987
plans,renflouement,63.31113810270314
plans,rigueur,41.43901589591432
plans,sociaux,34.78351517411988
combat,politique,29.889515366293885
faire,croire,91.20608083586414
faire,fructifier,50.541388309476794
faire,oublier,47.88289394508627
faire,économies,45.93486987660682
faire,avancer,45.147385073162695
faire,objet,45.147385073162695
faire,payer,37.487250782397425
faire,appliquer,35.08514072571652
faire,choix,32.90441262166957
faire,baisser,30.51909827082561
faire,respecter,30.09706130894699
faire,opinion,22.039391236279698
faire,rentrer,19.78966539592647
faire,enquête,18.93021484830728
faire,vivre,18.218873644482052
faire,élire,18.182976701602477
faire,confiance,18.06515352725018
faire,enfants,14.469319012220263
faire,peur,14.326159064959967
faire,entrer,13.94123889049413
faire,pression,13.316111689937333
faire,demain,9.922007287678575
faire,promesses,9.332250170613834
faire,parler,7.998454464474648
faire,sorte,7.401483298136436
faire,crois,6.418451121049095
faire,milliards,4.281703386222174
faire,mais,0.19373671687846383
faire,plus,0.05436701042895775
compte,tenu,189.25972053925554
compte,plus,4.893304353913545
bras,corps,71.27255991728256
défense,intérêts,40.19726666067715
drapeau,national,44.86408964954434
protéger,français,11.893460743999462
syndic,faillite,86.65966158499889
fais,discours,23.139935365311516
niveau,etat,40.960922458551316
niveau,exigence,31.120703581321777
inter,lgbt,80.70826084368198
supprimer,toute,18.62508346767663
aphatie,monsieur,14.252224791429606
aphatie,mais,12.31724758263654
ancien,président,42.17375989419908
droits,douane,277.60862262005884
droits,plantation,43.830226770891464
terrible,sentiment,31.980293950137618
série,propositions,38.06053265026448
série,mesures,27.52163475864939
fonction,publique,43.6944421206953
mariage,homosexuel,133.4132651393615
dialogue,social,35.345348352562624
pris,charge,46.360624692128795
campagnes,électorales,38.12963991305769
gauche,centre,56.67747753625791
gauche,bien,4.26776761646114
attendent,logement,51.819756673465555
prix,pompe,34.41167100833144
prix,essence,32.14756916321535
elle,derrière,21.74555040879179
madame,elkrief,39.98183123687377
madame,parisot,35.485659528460026
madame,nathalie,31.671593529603037
arrive,plus,7.257479509191589
endettement,perpétuité,57.69258539954322
temps,temps,36.288240132031916
temps,ailleurs,7.977999121609977
temps,plus,2.78656853300345
action,publique,22.84193201435402
voudrais,dire,12.81476812016439
présidence,république,58.85338911219549
affaire,merah,26.46158548587197
sentent,beaucoup,23.777433072835564
dire,clairement,32.809144509916194
dire,vérité,29.712575474903502
dire,veut,21.06603998276118
dire,franc,16.721381387922577
dire,était,11.1569732103288
dire,faut,10.17388574616098
dire,puisque,9.505241018164709
dire,sommes,8.303448574011693
dire,écoutez,7.249671633141494
dire,crise,7.000160068939723
dire,parce,6.820166529946496
dire,chose,5.228716989229008
dire,toute,5.193024516388274
dire,vais,5.12318886484691
dire,euro,4.161756542796057
dire,avait,3.6047993469399033
dire,réalité,3.438071049608551
dire,veux,3.4221132650871438
dire,soit,3.2489046664943952
dire,immigration,3.188330479764959
dire,nicolas,2.3830338469061814
dire,monsieur,1.0555058928529886
dire,aujourd,0.9783098671820336
dire,français,0.3105981851005204
dire,dire,0.12064255707098326
dire,plus,0.10891043871290984
preuve,ailleurs,29.15467455006642
mouvement,politique,47.223133644421054
comprenez,bien,19.17201086204804
variable,ajustement,59.2802348961406
citoyens,entière,37.57603512211672
moindre,choses,99.11843671670313
moindre,coût,31.100572418260573
fran,ßais,61.51167040928271
vient,dire,19.846472076943165
ministère,intérieur,54.25950292928577
abord,faut,10.97754472854186
abord,français,6.2343065416063315
cotisations,sociales,67.66381432819966
secteurs,économiques,33.59897818862065
salaires,inférieurs,37.29476488717584
salaires,nets,32.23826470583203
salaires,france,4.793812205515862
dites,france,11.250036664668773
relancer,emploi,30.64006801547106
processus,démocratique,35.06181797214483
appelle,français,11.893460743999462
pense,faut,38.47181319863461
pense,mesure,14.431230962234636
pense,beaucoup,11.278774419142778
pense,problème,8.739945057049178
pense,suis,6.97444833366883
pense,rien,5.233878184862893
pense,bien,3.7342887733406736
pense,france,0.5141531015768539
pense,plus,0.06233025364557354
prise,charge,78.73353889774313
lutte,contre,124.94584930494374
aménagement,territoire,41.06880179435166
souveraineté,nationale,17.56817572504187
accéder,pouvoir,23.107518544039827
intérêts,électoraux,50.540520582238166
intérêts,dette,40.174117938114044
intérêts,français,10.132953442519902
protection,sociale,259.0513299036881
anti,français,20.23074827416743
probablement,probablement,25.090121241292426
probablement,plus,6.41754715531827
2011,contre,18.969762773451308
cherche,empêcher,32.22000202699881
cherche,faire,13.316111689937332
islam,radical,237.69625061506605
islam,france,22.200389065998415
redressement,national,33.21480259076725
redressement,pays,15.885075008994008
conseil,général,103.59363818904531
conseil,régional,62.15181704541073
conseil,constitutionnel,54.51521856886119
conseil,etat,43.002041827112606
entrer,étrangers,36.129749171023825
mariages,forcés,74.62193019007536
déloyale,pays,18.046972762425682
quelques,semaines,165.15142391399937
quelques,jours,57.74943429801617
quelques,mois,50.639786027446824
quelques,mots,22.052972342719357
militants,sympathisants,45.66811873237717
gagner,argent,32.680891161187
gagner,temps,29.21633816543662
gagner,nous,19.018985743563114
niche,fiscale,41.902732221219026
niche,copé,34.83958738695248
moyens,transport,35.00009509289372
médicale,etat,89.3927586539742
vents,mondialisation,63.026676046798634
équivalent,ville,48.64444992312506
aujourd,heure,12.16224061701606
aujourd,clairement,11.340312036731405
aujourd,sommes,11.277470424957261
aujourd,avons,5.200592991477359
aujourd,toutes,5.097578735275493
aujourd,entre,4.5900201245652585
aujourd,plus,2.894525934038376
aujourd,dire,2.5569750215900795
aujourd,pays,1.4560854922124666
aujourd,français,0.5850958109411675
manuels,scolaires,56.44963810045595
caste,politique,18.1400642649501
maintient,territoire,31.516432306749333
permis,conduire,44.28732899163538
permis,points,33.350056109390295
faudrait,faire,18.182976701602477
collectivités,territoriales,103.51231501930721
collectivités,locales,57.22580468408674
soit,considère,17.336559845644413
soit,gauche,9.094491801841837
soit,soit,8.436452628845846
soit,plus,1.909495899781728
millions,chômeurs,207.77301861126443
millions,euros,63.22830753898411
millions,français,50.03944977056781
millions,pauvres,40.894414338566534
millions,demi,25.901172463059293
millions,gens,12.936546989759616
delà,certain,28.614473861034416
terrorisme,intellectuel,74.63322035441216
crois,crois,33.24233917674577
crois,beaucoup,21.70289963344956
crois,faut,15.636500215127914
crois,pense,12.761644729077835
crois,soit,6.712654730696062
crois,ailleurs,5.335544162130515
crois,aujourd,3.676959230749474
crois,français,3.2817951578809605
croit,plus,11.35839873276891
chers,amis,657.2215538963189
chers,compatriotes,323.80108243457835
chers,internautes,65.41310432924769
moyennes,descendent,44.857580468969324
moyennes,populaires,30.321314415281805
moyennes,entreprises,16.272561085663128
henri,lévy,61.51167040928271
colère,légitime,32.27324856447464
priorité,nationale,180.0895050561391
priorité,accès,92.07313768784459
doivent,connaître,44.703853124877874
doivent,faire,21.57626365497695
doivent,pouvoir,15.401990154871104
pourrait,croire,35.83553092990955
pourrait,faire,10.769488936420991
réalité,problème,16.732379138115732
réalité,était,7.570895417130272
pose,questions,45.788348307758525
pose,question,36.74292489013138
rien,change,78.29639550489387
rien,dire,26.407308538415307
rien,offrir,20.776771579490475
rien,changé,18.139101538695463
rien,faire,13.34742247597952
rien,changer,12.59737773819382
rien,sera,8.088862129139212
rien,plus,5.7914188232575015
choses,claires,56.981266108174864
jeunes,filles,51.18157188016762
jeunes,femmes,29.258179500563724
familles,françaises,40.961979708725615
ouvrir,yeux,33.88642278771063
tourner,vers,42.08559592048463
référendum,constitution,39.2041648726751
cause,dumping,30.823153995527093
métier,enseignant,47.06337189563692
classes,moyennes,469.7891831741947
classes,populaires,84.913703499164
sociale,importation,69.35001417739507
sociale,plus,3.1491956332320488
identité,nationale,71.74567864632104
identité,française,24.963559347732957
cette,situation,31.826127361644936
cette,france,9.698243634467358
religieux,ostentatoire,48.198582307660594
socialiste,bien,11.588017637880043
existe,entre,23.287726648479108
existe,plus,6.267086768393672
attends,réponses,41.902732221219026
autant,plus,36.87551745913562
étrangers,légaux,64.24930609460483
immigration,massive,136.68467586609904
immigration,légale,73.85121944536219
immigration,masse,46.3477721315612
immigration,insécurité,37.56505013962478
immigration,clandestine,28.541112863466445
immigration,travail,12.198964543010362
impôts,locaux,34.528342537696965
entre,mains,39.80561451819053
entre,maintient,26.6282561129566
entre,gauche,13.36003870117706
entre,leurs,10.846595932529286
entre,temps,8.76448593266913
entre,entreprises,8.068917781190759
entre,français,4.569529669828584
achat,français,35.06444308080465
puisqu,avait,17.430256544417567
celui,dont,16.67559729997837
prochaines,élections,44.10624698318809
ville,rennes,89.35753647642946
volonté,politique,31.965100318699022
disent,administration,33.135364183205255
disent,veut,19.88851854451429
aurez,plus,19.37908013229796
contre,mariage,36.15110407252777
contre,ententes,24.547757544963677
contre,intervention,22.926922009461947
contre,islamisme,22.926922009461947
contre,projet,17.484188327694024
contre,immigration,15.918871912163088
contre,lequel,14.811628159767336
contre,concurrence,12.116040333852656
contre,chômage,11.05685543921804
contre,front,10.557429624313947
banques,dépôt,55.83239501616213
banques,spéculatives,45.53475877316537
banques,marchés,22.081110692667256
peuple,français,441.3071744021725
peuple,france,30.742284203477666
peuple,souverain,21.066047143491147
peuple,décider,18.74974614804359
peuple,libre,18.438622249900252
peuple,soit,6.3057993102489585
peuple,plus,1.4909189571556798
métropole,outre,67.24820880657228
etat,nation,42.31386391589345
etat,fort,40.907179624698884
etat,stratège,39.012354584144845
etat,collectivités,31.21215890461246
etat,etat,7.4891809858743645
etat,français,7.407116797220102
etat,bien,1.3138948625411229
dramatique,plan,31.514058627362274
après,élection,71.33166346722996
après,midi,66.99876290631623
après,autres,44.73032722021525
après,affaire,18.462372863551
vème,république,44.2699226127407
bouclier,patriotique,245.84409633765256
majorité,silencieuse,40.21375836653927
majorité,français,14.298585697007256
représentent,plus,27.161207773374628
ailleurs,certain,9.598252741683119
ailleurs,monsieur,4.037682236307764
légitime,peuple,34.08049982288758
mécanisme,européen,36.70524879643336
pipeau,magique,69.6180268216254
intéresse,plus,10.578756398116287
effacement,nation,41.209447806075865
mohamed,merah,181.6111222564909
radicalement,différent,49.719763162356784
beaucoup,plus,121.14797405260063
beaucoup,autres,30.54103375354658
beaucoup,mieux,14.493958009654122
beaucoup,compatriotes,13.081405792906413
beaucoup,pays,4.176529432309537
beaucoup,français,3.396372456974926
taxer,taxer,43.09692935097362
monopole,marchés,121.85022483182063
avons,versé,49.27438141542374
avons,devoir,34.33906844300877
avons,plus,25.458190578803325
avons,besoin,20.812653203773664
avons,millions,17.824748127756383
avons,peur,11.814711060458258
sauvetage,euro,29.85123373911211
quelque,sorte,257.6249430032132
quelque,chose,218.69312762111076
mandats,exécutifs,56.44963810045595
grand,patronat,120.84654487071711
grand,nombre,41.28037586574892
grand,groupe,39.24398082196572
grand,rassemblement,21.41987144746274
grand,chose,20.864698544483698
dans,villages,27.65228249660288
partout,partout,20.930917241028183
partout,france,6.149599134091876
certains,étrangers,21.646600765814078
certains,pays,11.788402275091297
amour,france,17.404785125466297
amour,pays,14.851683484456926
assurer,redressement,31.829436058033327
chiffre,affaire,34.693294240462635
pression,baisse,27.813999252685498
monnaie,nationale,69.01377146621645
monnaie,unique,61.421517099022424
monnaie,commune,44.899540525308524
naissance,jeanne,34.26508285891119
mondialisation,sauvage,38.36720891059996
change,choses,21.654101775215764
change,rien,15.51298336331573
veux,dire,249.91063646123115
veux,mettre,27.413887883423733
veux,meilleur,24.489703342397394
veux,donner,21.73663879754023
veux,école,19.260976415945894
veux,plus,16.33915514776828
veux,protéger,13.442131265666907
veux,aller,9.79671905299085
veux,faire,5.456995744322304
veux,bien,5.025323550834852
veux,français,1.1155652817806074
yeux,français,21.80250880945873
parrainages,maires,29.73764370516772
veut,dire,309.85894983530267
veut,rien,31.27061358935409
veut,faire,4.281703386222174
notes,frais,64.66024679152655
agriculteurs,pêcheurs,60.104101495090816
veulent,plus,3.881340265454077
public,faut,15.08048198246355
marge,manœuvre,49.719763162356784
internationale,déloyale,44.593515673000525
dépôt,banques,38.806576368307574
politico,médiatique,44.23319815332507
politico,religieux,38.640286490707226
liberté,peuple,31.965619023056966
liberté,monétaire,25.184999095796524
liberté,presse,24.29601435136245
liberté,souveraineté,19.138932866300056
gens,voulaient,33.7691593189689
gens,avaient,26.52457335008137
gens,viennent,19.280429398332778
durant,quinquennat,48.4575284010212
cure,austérité,44.28732899163538
conséquence,directe,48.78546619811999
dernier,moment,46.823510064093284
toujours,plus,54.0998226852492
toujours,menti,23.23995745852479
toujours,politique,5.737221599416451
parfois,ailleurs,12.742824686269742
plateaux,télévision,42.68160056137517
unité,nationale,35.594586102934045
partis,politiques,63.7277582569836
partis,système,16.858868587743956
semi,démente,94.32383348730546
mohammed,merah,130.61356858693452
rouge,lèvres,55.42533975570546
voulez,pense,25.95283593274322
ouverture,totale,98.51054269735161
vivre,ensemble,18.488270532303375
mode,scrutin,60.08011568252194
signe,religieux,59.455137191132046
centrale,européenne,40.909407649400734
changer,modèle,19.038019153006726
changer,choses,18.665800798671345
créer,emploi,67.81746311608954
créer,richesse,59.945125694047505
payent,plein,81.6696292618019
conflits,intérêt,50.896248360646126
policiers,gendarmes,96.76089819894342
fédéralisme,européen,121.22009124713313
unes,après,43.99622213590948
mettre,place,235.42165049707313
mettre,œuvre,129.93124352630485
mettre,droits,15.974327832026798
mettre,france,7.119383213014197
proximité,idéologique,42.68160056137517
chiffré,programme,37.34354522747743
sens,noble,32.493461698515155
problème,nicolas,9.44965217645569
centaines,milliers,112.09768838093254
centaines,milliards,22.850019497344952
donc,crois,33.359490982797055
donc,réalité,11.366018118610636
donc,veux,8.596971939305242
donc,suis,7.976475068954492
anniversaire,naissance,92.54353691908136
social,veux,8.596971939305242
social,faut,6.430663602543603
banque,france,53.04945442374973
banque,centrale,52.096149866238136
changé,changé,31.570373195712932
ensemble,classe,31.377691635619477
2000,lionel,45.86523063362067
pouvoir,achat,559.8229018270099
pouvoir,bénéficier,28.9083319495427
pouvoir,peuple,18.6039807112381
pouvoir,permettre,14.994235176865548
pouvoir,faire,13.49300617568809
pouvoir,avait,10.026938119051579
pouvoir,mettre,6.4962394340693566
pouvoir,politique,2.3177592185670166
pouvoir,dire,1.2110419311294534
pouvoir,bien,0.22294552674077295
peux,dire,11.272333161816945
peux,faire,10.95687733564895
longue,durée,46.38976077212079
salariale,cotisations,43.96899125567807
peur,peur,30.77980555391367
peur,veux,9.267513042606739
descenseur,social,147.14085221159337
délinquants,étrangers,35.2399245533228
quartiers,entiers,47.9253838259242
soutien,entreprises,19.280907253241274
prendre,charge,92.70687513176937
prendre,gens,13.314675278264183
prendre,français,3.846182735482447
territoires,ruraux,62.691882190609945
nation,etat,15.565188098237602
nation,française,11.758256334920272
nation,peuple,8.281122321902712
accepte,veuille,50.96265002707786
dupont,aignan,104.90884529783317
dumping,monétaire,52.91517037896472
dumping,social,49.21632372321386
plus,profond,63.278184926640144
plus,faibles,59.575088374607645
plus,difficile,47.04809233105834
plus,tard,38.77848195778037
plus,pauvres,35.914570500622766
plus,proches,35.11608532960264
plus,value,34.747188065129976
plus,moyens,32.157623249966726
plus,strictes,29.769258495230154
plus,plus,28.753341708590355
plus,facile,27.39780834025325
plus,grosses,27.161207773374628
plus,rien,26.742416618674966
plus,grande,25.80781430428658
plus,exigeant,25.264759786243644
plus,niveau,22.520890254136326
plus,attractif,22.51235698210236
plus,grand,18.84706148133521
plus,importante,17.817556311301086
plus,importantes,17.817556311301086
plus,modestes,17.817556311301086
plus,race,17.817556311301086
plus,durement,16.600735085163215
plus,ferme,16.04312633109214
plus,important,15.800781867189313
plus,efficace,15.602563210672017
plus,faible,14.756446859479645
plus,cher,13.374999213339391
plus,importants,13.374999213339391
plus,petit,12.850379972173211
plus,nombreux,12.796041404789928
plus,vite,12.796041404789928
plus,grave,11.865310333170015
plus,tiers,11.35839873276891
plus,fort,10.954119002479256
plus,racisme,10.954119002479256
plus,acheter,10.578756398116289
plus,soigner,10.578756398116289
plus,possible,10.466503344498685
plus,intérêt,8.663100167508935
plus,aucune,8.213430792748312
plus,loin,7.642200287262902
plus,frontières,6.817497561224185
plus,promesses,5.585283915471126
plus,face,4.745464894629746
plus,besoin,4.130337609256358
plus,grandes,3.8021968442454623
plus,place,3.0546600350071413
plus,souvent,2.6923921840675846
plus,jamais,2.619892446749126
plus,beaucoup,2.1368360208403674
plus,faire,0.9858483641906952
plus,pouvoir,0.9062969661405913
plus,ailleurs,0.8739915998286678
plus,mais,0.6994781394036176
plus,voilà,0.6126635203284745
plus,pays,0.562703913804866
plus,faut,0.48614625650490106
plus,autres,0.4092835336623648
plus,politique,0.1913191739601927
plus,bien,0.1289752603008658
effectifs,police,37.616592581051364
grands,groupes,198.756473643514
grands,sujets,41.965490795567916
grands,projets,41.49424371074618
grands,parents,39.04559971347891
grands,patrons,29.77461868980305
grands,candidats,24.586729329612183
grands,partis,21.80547423273301
service,public,113.78034167502167
service,militaire,43.427337292209856
rapport,pays,10.80362454583932
frères,musulmans,35.51745616744674
brésil,argentine,70.436065905974
remettre,cause,42.533377776992
face,mondialisation,65.21270919997814
modèle,économique,187.834401173025
modèle,ultralibéral,40.65501176476269
modèle,société,27.190174311986745
modèle,social,15.87377139795013
déjà,certain,33.691468553944816
électricité,train,29.398620758582215
marchés,financiers,556.6926860307125
marchés,publics,38.587186680092394
grande,partie,156.2613650370884
grande,distribution,134.5303872776496
grande,bretagne,83.11634678704227
grande,finance,48.11944344701335
grande,fermeté,27.371752582797967
grande,difficulté,23.76390357132925
grande,famille,23.39036633507227
enfants,leurs,8.155095574946515
enfants,france,7.053274110149821
charge,communauté,25.59541065460907
charge,etat,15.412718702343021
vous,savez,177.27638228479287
vous,voyez,108.1840394791324
vous,avez,97.90332265654807
vous,président,83.87066528890337
vous,êtes,63.14181548731613
vous,comprenez,52.48941847670406
vous,direz,49.62021861058939
vous,pouvez,38.547925524419945
vous,parlez,32.9085975482795
vous,cherchez,32.69810601373645
vous,devez,27.648142126900105
vous,croyez,25.10970110002791
élections,cantonales,97.57633620121346
élections,législatives,80.57991492716553
élections,présidentielles,49.34722209532266
élections,générales,44.10624698318809
élections,régionales,44.10624698318809
élections,municipales,35.792198513438905
années,années,16.438568230856717
comédie,pouvoir,39.894469968651634
raison,laquelle,169.4160126118219
raison,simple,30.51310211457155
financiers,bien,6.386899491789541
politiques,gauche,18.373483501354652
nord,calais,124.2167330186809
baisser,salaires,53.45967282805412
baisser,prix,23.05666111490971
esclaves,système,23.904590953759023
général,gaulle,99.00779571926397
présidente,république,27.386998669872057
hommes,femmes,115.74245569150679
hommes,politiques,27.42456753531808
candidats,présidentielle,50.69754416423029
candidats,système,11.820993823331342
commerçants,artisans,41.663589413978194
celles,plus,8.520684850053902
viennent,territoire,22.052972342719354
allons,gagner,39.473165371570055
allons,vers,22.706609870893864
donner,moyens,67.18231472155303
donner,priorité,34.69900723515717
donner,vote,18.814955629688903
donner,exemple,17.609791005027148
donner,pouvoir,9.539441409550058
serait,évidemment,15.790837703088446
serait,plus,7.046110851012743
ainsi,ailleurs,10.73689923368195
strictement,rien,87.86332871414821
candidate,élection,37.32269730346352
redresser,france,17.340534265800507
euros,mois,30.064102748909534
euros,nets,30.02025161807609
euros,salaires,15.515675488219985
pêcheurs,artisans,43.55964746961944
marine,candidat,21.57391835401819
second,tour,336.3181440407706
intérêt,général,45.57706387813372
intérêt,supérieur,43.830226770891464
femme,libre,26.429389372200873
tout,monde,33.24813257485694
toutes,circonstances,148.4452436870123
toutes,forces,68.15375380324481
toutes,mères,38.02684914832994
toutes,charges,20.29868682650156
toutes,semaines,19.3602310674721
toutes,aides,17.41513888813479
toutes,nations,16.126461139552802
toutes,promesses,15.502699659998367
toutes,entreprises,13.683377614227425
tous,enfants,27.456252688604167
tous,français,19.804693938487546
entreprise,moment,15.649201200863601
avez,remarqué,39.8414595534313
avez,raison,24.05591248233884
avez,monde,11.408221221586185
avril,2011,48.6532145012179
avril,dites,33.666185026068746
avril,dernier,30.104850456694127
morale,publique,159.04765618133527
compétence,égale,66.9840019062058
alors,abord,63.01856114443693
alors,chers,16.40332531815458
alors,faut,11.20946867263413
alors,veux,6.15606040776284
poste,important,30.715887277596956
bulletin,vote,48.27880573166516
union,européenne,642.0905847821531
france,rurale,70.13105031949006
france,descend,41.00899016038491
france,mesdames,32.12625454228946
france,prêter,26.0980392521005
france,éternelle,23.34925631308175
france,abri,17.340534265800507
france,halal,17.340534265800507
france,oubliés,15.21234477643401
france,serait,13.355793378288928
france,cœur,13.296805769190053
france,doivent,12.444767236616894
france,campagnes,11.995985398394515
france,sera,10.672132813519019
france,aujourd,9.973360086965204
france,patrie,9.678230826802364
france,besoin,9.429132953499868
france,tous,9.042604169054403
france,vais,8.961759613056667
france,chers,8.700611485637083
france,histoire,4.570718199094769
france,toujours,4.534578161594934
france,mais,4.363889801553759
france,aller,4.292682797766297
france,soit,3.3444045727162983
france,temps,2.106123612628985
france,parce,1.8345425293202098
france,pays,1.747441266688976
france,pense,1.7187274916931745
france,vous,1.5939261104577622
france,alors,1.5198853242769248
france,toutes,1.3802626381377565
france,veux,1.265398321274592
france,france,0.9285017893061012
france,crois,0.5476172501653065
france,français,0.3347059681841449
france,bien,0.18054581793329483
france,plus,0.016106504298398883
france,dire,0.0026439797269141585
grèce,italie,49.509887936822
franc,euro,46.389621269697315
politique,dissuasive,65.16542162234254
politique,française,61.45470412400866
politique,agricole,40.46797617667581
politique,ville,20.965332676993086
politique,internationale,18.10018232479036
politique,absurde,16.8307929886966
politique,sens,10.042987982303586
politique,crois,9.397358344293194
politique,économique,5.398907518329485
politique,aujourd,4.239654034490713
politique,mais,1.0034103675889208
politique,français,0.33335679374345206
politique,france,0.008785481900196568
fondamentalisme,islamique,45.235531551451515
fondamentalisme,islamiste,42.40553913144161
toute,série,316.9974372512559
toute,façon,108.73937051802156
toute,circonstance,86.40507305540197
toute,journée,40.47358333662868
toute,transparence,22.60583706796931
toute,histoire,18.103679158801555
toute,petite,16.684596127974714
toute,volonté,15.080659388160452
toute,immigration,12.224442513358424
toute,politique,7.207830883735476
toute,france,1.003654638655667
certain,nombre,1032.9291335772095
certain,montant,35.34534835256263
mêmes,gauche,13.664606407979184
pays,émergents,42.12419967003643
pays,laïc,27.096063445222676
pays,coûts,23.297639043815128
pays,étrangers,18.031672224059566
pays,européens,16.9008046771159
pays,europe,15.571535592949841
pays,origine,14.54549435866604
pays,musulmans,11.97178418317581
pays,monde,11.235341965323578
pays,dans,10.803624545839321
pays,dont,10.731351445521744
pays,étranger,10.65597428700358
pays,enfin,5.393342516235012
pays,voilà,3.94233975018825
pays,bien,0.8942822942210888
pays,mais,0.5887212203115086
pays,plus,0.4754509001497853
mais,monsieur,66.18652803137306
mais,madame,43.59994941225048
mais,bien,22.46538978806241
mais,veux,20.995170523583184
mais,suis,19.185015945985437
mais,crois,14.795872062832384
mais,problème,13.93258578409623
mais,occurrence,11.368028126687705
mais,évidemment,9.441683951191798
mais,effectivement,9.368749764943715
mais,réalité,7.1098634434122685
mais,veut,5.089429597502079
mais,faut,3.816226250410325
mais,était,2.8633300767268945
mais,nicolas,2.83946074056582
mais,mais,1.6777771139638693
mais,plus,0.6994781394036176
vers,france,5.74199924142315
maîtrise,frontières,41.91193298859089
faut,bien,71.76561791710938
faut,arrêter,49.26483438531396
faut,mettre,38.43276245522493
faut,faire,22.08586998191976
faut,supprimer,21.655919078984667
faut,assumer,21.20946175721509
faut,sortir,18.766656642136372
faut,savoir,18.28234829749526
faut,convaincre,16.852806584320405
faut,attendre,16.432455774629144
faut,dire,16.268911466965434
faut,abord,15.817012991836599
faut,nature,15.674851937886082
faut,poser,14.700347627040767
faut,parler,14.615297982320726
faut,sachent,14.409779471861452
faut,change,12.12362979567444
faut,évidemment,5.9273514302238155
faut,soit,4.064081131170717
ordre,républicain,95.93416711928222
ordre,public,21.878119531274507
ordre,pays,10.372637423419068
front,national,825.7435467074579
continuer,faire,25.352087043279873
michel,sapin,66.01035156623318
jeunesse,france,30.21206154432843
obtenir,nationalité,35.32389079908705
racisme,anti,66.78788943967987
paysans,viticulteurs,45.29192017186566
donné,faut,27.288474189492437
rurale,france,21.989545370716122
producteurs,lait,45.86523063362067
cohérence,action,30.511471169223864
avancée,fondamentalisme,43.64818424038383
nationalité,française,200.24461341856795
sainte,patrie,37.85580614725468
terre,france,16.22531283233648
allez,vendre,30.886914031778602
groupes,politico,36.1597505038316
novembre,2011,87.3293721981597
aller,chercher,134.433689696986
aller,vers,18.200385213505303
aller,faire,15.210328840716716
peuvent,travailler,23.892364027123236
peuvent,plus,17.05841931138437
compter,clandestins,28.871277238757397
éclats,voix,42.221991732862435
étranger,chers,26.384145422749448
autorité,etat,133.970496585114
autorité,publique,64.79230645889425
autorité,maître,24.599912716118176
pouvons,plus,23.155414851959826
coups,milliards,27.211576640916384
cantonales,mars,42.53559087700776
aides,sociales,183.29732860399625
écoutez,crois,17.20764680982288
écoutez,monsieur,15.129505542322281
protections,frontières,48.6111089655706
purement,simplement,37.98182930706539
petites,communes,62.03880868123623
petites,entreprises,42.37822285645433
petites,moyennes,34.83714356992145
cinq,millions,20.776913881637316
absolument,aucune,31.63823099935626
nicolas,sarkozy,2159.3709981270154
pourquoi,parce,67.83351586832384
pourquoi,croyez,20.756262418103482
créent,emploi,35.36019296717134
voit,bien,100.20392582566006
aimerais,dire,17.25855155810951
aimerais,bien,14.777159646933889
suppression,aide,57.95409219606754
banlieues,françaises,46.795534611156356
rempli,rôle,40.86047698474114
zone,euro,113.78616670579376
small,business,80.70826084368198
violation,grave,35.92444138129471
fraude,fiscale,37.96906434976616
présenté,projet,37.064255785870714
meilleures,conditions,32.738054072716025
numerus,clausus,85.71228507903449
totale,frontières,53.050474420359194
national,aurait,15.321448756191833
national,parti,14.462195154166782
différence,entre,37.3688864126609
questions,auxquelles,36.27157191966161
consiste,prendre,21.372533184083064
gilbert,collard,61.51167040928271
graves,irrégularités,48.69552525291883
autres,candidats,58.93915863851328
autres,pays,43.49348341617815
autres,grands,16.997127088933098
autres,bien,5.408377578319966
police,gendarmerie,50.042007680464856
mesure,temps,17.517447460070358
régler,problème,47.400383786147174
régler,problèmes,45.12723606353362
courage,aller,22.6052073268119
chacun,sait,19.99214931993645
chacun,entre,13.02650298510984
emplois,emplois,30.39890275490962
augmentation,euros,38.39564967618432
augmentation,smic,29.204623384091214
livré,france,17.340534265800507
saccage,social,30.291026144973937
économique,social,56.04521823071079
économique,patriotisme,52.24205723099304
économique,sociale,51.90835595365981
économique,dont,9.189293403817459
strauss,kahn,66.01035156623318
présidentielle,bien,3.6687719421801157
paraît,légitime,35.59847459305643
demi,français,13.255054276728531
avait,promis,45.15181543654451
avait,déjà,28.91167004679467
avait,rien,7.386792588941049
vive,république,63.4608111265082
vive,france,62.233742282204275
pétrolières,gazières,80.70826084368198
école,république,22.81756413066815
nationale,bien,10.957451964707522
nationale,français,1.9846837303568927
bombe,atomique,94.0954065015392
sera,fier,26.017806885576896
sera,plus,7.855202681027452
sera,france,4.534578161594934
priorités,politiques,29.552799423591587
prestations,services,56.379780707852454
dissuasive,immigration,73.81956548582187
viande,abattue,53.11939396355505
système,protection,170.21029614654412
système,économique,35.85468507709369
système,ultralibéral,31.894384721055324
système,construit,23.150067211552237
système,système,9.534143360025352
mauvaise,dépense,69.87787258066602
heure,grave,25.224815618850037
cour,comptes,45.78473534287025
coup,pouce,61.59899475865192
coup,etat,16.621022193183762
sert,rien,45.579918052839886
sert,plus,9.30236992783249
élever,leurs,33.10056822624928
clairement,suis,17.82775954467857
respect,toute,18.3436992155416
chômage,masse,41.125399145150375
chômage,insécurité,27.908837213370692
chômage,plus,3.2958138302816256
karl,marx,61.51167040928271
règle,générale,38.4044782661041
règle,problème,20.09333976726944
syndicat,défense,42.251281846449594
services,publics,455.4996613855611
services,informatiques,41.15453066232554
services,police,23.383881320614325
privation,liberté,39.70429728469168
abandonner,partie,28.811188716938016
leurs,enfants,177.53089086594122
leurs,propres,41.18197390688209
leurs,traitants,39.85682475161602
leurs,parents,15.4658621185941
leurs,amis,9.939634418198489
education,nationale,38.106570789511856
importe,lequel,29.70432512100036
importe,pays,15.885075008994008
création,emploi,26.667115442765628
rendre,compte,24.02200344699266
rendre,peuple,14.97021800083455
forces,france,21.236972949375627
maires,petites,25.67401206302801
maires,france,8.659806670022487
homme,femme,38.356676009979346
homme,homme,21.441860888136237
mondialisme,modèle,21.47085784864685
mondialisme,dire,10.55721202389999
souffrent,plus,20.5092600313413
permettre,français,9.229354063525914
promesses,tenues,48.41177443755952
langue,française,35.03672854846459
langue,nationale,34.82605784750488
caméras,télévision,57.22580468408674
proposé,république,22.4289102135984
encore,faut,15.330946119389516
matière,immigration,39.520107960295164
matière,santé,38.06306738867263
capables,faire,18.93021484830728
lancer,signal,43.20911134009065
ligne,politique,17.645128282913905
hénin,beaumont,136.1332380150668
croire,celui,18.514330631323258
milliers,clandestins,28.496166973819538
programme,économique,19.793947741729898
puisse,dire,63.53294060606829
cercle,industrie,37.98182930706539
savoir,faire,33.152297243172086
première,chose,82.09105480869489
première,étape,50.03497128841444
première,victime,30.311757726090708
première,libertés,27.36744715413197
aura,plus,18.62228715028278
avenir,pays,18.182774730944583
avenir,france,16.98094685244379
permettez,dire,49.210544876337366
renoncer,soigner,43.437106285424925
vérité,français,28.35390752907232
hier,soir,39.292817453657115
trouve,honteux,42.291996279703646
trouve,assez,20.052989608076096
soigner,correctement,51.888872444763145
proportionnelle,intégrale,42.37289884584519
mise,place,163.0813813964601
mise,œuvre,87.12049269922751
petits,enfants,49.694792703308345
petits,salaires,19.69079387157268
moyenne,européenne,32.05615711260888
frontières,nationales,36.33167282355995
démocratie,france,6.843642604807009
communauté,nationale,165.2613814594228
pendant,années,83.19721157867413
pendant,campagne,77.0237424763981
pendant,trois,29.18046841910092
pendant,mois,17.155973403154427
générations,futures,85.81342024898879
extrêmement,précis,47.44660252135497
extrêmement,grave,35.00442377432617
extrêmement,claire,34.274712153691475
extrêmement,difficile,23.76324337289082
sarkozy,guéant,22.918317719531395
sarkozy,hollande,18.78018938837933
sarkozy,ministre,18.2139399748659
sarkozy,françois,17.460880765658487
sarkozy,vision,11.829727416509868
sarkozy,avait,10.836024196192495
sarkozy,était,8.813548902208126
sarkozy,jamais,6.953470555483961
sarkozy,pouvoir,6.5366872802224085
sarkozy,faut,2.2360779049266992
lutter,contre,168.9036447646736
parti,socialiste,195.14865793359058
parti,communiste,74.30790494581983
parti,politique,60.30324756005834
nous,avons,347.9931112567951
nous,sommes,188.9542152474745
nous,devons,122.75482099365266
nous,allons,72.24747870996562
nous,voulons,33.373628991116135
nous,pouvons,30.888156416573977
nous,croyons,30.295091625336333
nous,savons,26.452628431283923
histoire,france,49.55021072574988
histoire,pays,12.469914761407995
poser,question,58.777113355663985
poser,questions,31.270289654820637
nathalie,kosciusko,112.24541000027824
coût,sortie,33.625443236729794
jean,marie,111.55671265139021
jean,mélenchon,73.21472466364371
jean,françois,68.77265583452754
rapports,entre,29.449293079567326
parce,réalité,20.398626075438035
parce,crois,16.908485273164487
parce,pense,16.765729247283048
combien,mohamed,34.2882634960312
combien,parents,26.9022725289642
protectionnisme,intelligent,141.01599929650882
protectionnisme,social,24.628077618821344
protectionnisme,économique,21.950213212282662
protectionnisme,frontières,18.992523913431206
fonctionnement,démocratique,34.09608058534692
argent,public,98.18219081402773
argent,français,10.423769248762035
meilleur,score,43.70050554924974
lionel,jospin,150.32568334893858
insécurité,physique,35.125049625966454
insécurité,immigration,14.470629745961027
europe,bruxelles,151.01724445056126
europe,nations,19.385114853077127
europe,euro,12.550927650586418
europe,plus,7.589961552846553
misère,monde,24.378526048241106
territoire,national,28.59156034087986
territoire,français,24.66184669593936
choix,entre,40.206227120940795
cumul,mandats,76.15157161325727
candidature,élection,25.486166708875274
moment,donné,292.4139081554537
moment,faut,14.563161373137648
moment,français,8.535065806765004
moment,bien,3.130136337641223
goldman,sachs,66.01035156623318
constitution,européenne,62.020586742622896
constitution,république,17.968034612678174
voilà,donc,17.076918091499003
voilà,parce,14.247851966230092
voilà,pense,10.909788041589433
voilà,faut,7.280133912191239
voilà,crois,6.712654730696062
voilà,veux,6.0465708003842495
voilà,suis,5.470358747011465
traité,européen,87.07698446790575
traité,lisbonne,62.443273072188155
pour,instant,36.90165268726803
pour,faire,12.267858485032967
étais,contre,43.43537294478382
tête,etat,43.002041827112606
était,parfaitement,16.761091187646148
était,pouvoir,8.038436586669267
balance,commerciale,66.9840019062058
jusqu,smic,64.23314842870916
jusqu,dernier,56.614861928032624
titre,individuel,41.473741746156385
titre,personnel,37.57603512211672
savez,bien,43.88751712377839
savez,madame,14.026377897097532
savez,monsieur,12.572692778473126
français,attendent,50.28083308102323
français,doivent,37.64636582302589
français,sachent,22.743456647347614
français,musulmans,18.78987894084283
français,origine,16.67335682360047
français,savent,16.28176119750584
français,privés,14.851647820321787
français,souverain,14.266789761419368
français,décider,12.020002149947207
français,payent,11.66400301997774
français,fais,10.95312256791383
français,peuvent,10.132953442519902
français,toute,9.704711812501563
français,soient,9.68784956360992
français,traité,8.816288567096436
français,faut,6.512986721253975
français,vous,5.781010643007535
français,quelque,5.167508958149493
français,pouvoir,3.672906635969335
français,crois,3.2817951578809605
français,nous,3.2022945650447117
français,savez,3.1321542381669785
français,soit,3.127650882965619
français,liberté,3.035495257425519
français,celui,2.9419034259568244
français,veut,2.325487401727997
français,bien,2.071847072324381
français,rien,1.8088218242624405
français,faire,1.4566472124487548
français,ailleurs,0.5730002359679158
français,plus,0.568528714127142
français,france,0.37786654189802915
français,mais,0.11737481909465575
français,français,0.09087880835365136
français,pays,0.06956671678040882
croissance,mondiale,32.17005000963124
manière,dont,98.20731545623148
manière,pragmatique,33.47346669973381
manière,plus,4.745464894629746
contribution,sociale,114.89781502394598
fracture,politique,31.92473929144513
fracture,entre,28.311521294344196
crise,financière,36.00417433319782
crise,dure,30.1567471234681
crise,euro,13.966359242819175
crise,économique,13.623658130816057
crise,système,11.268116721021489
évidemment,objectif,25.866870546792754
libre,échange,157.67058727779118
nations,monde,51.3226913329992
trois,quatre,93.88973756409302
trois,jours,53.64427069448611
trois,mois,47.59724807476835
trois,enfants,16.19371841429042
achète,paix,41.902732221219026
jamais,aucune,22.95530879957487
jamais,serai,22.88339899606717
jamais,rien,12.484703486016635
amis,monsieur,7.8899297053786634
dont,sait,37.39488348440174
dont,parle,36.902451532882395
dont,parlé,21.500912478185008
dont,espère,20.731662034716592
dont,rappelle,17.926236754292415
dont,faut,10.960676015025477
dont,suis,5.435296689536883
jeanne,plus,6.573367482151993
hollande,bayrou,25.967757850411765
hollande,monsieur,12.079087257221596
hollande,nicolas,9.567588293515717
hollande,ailleurs,9.229096053955022
chèque,premier,37.23907139963518
fond,choses,43.505374334499706
prend,charge,27.96771602402835
voulu,faire,13.61983854736474
implantation,locale,85.71228507903449
sait,pertinemment,50.19995872517636
sait,bien,38.02011580735155
sait,plus,4.588493459885342
traités,européens,173.45336993881975
salaire,parental,46.96376731021078
sais,bien,13.772977187761533
sais,france,5.282986403381365
situation,légale,66.84024812000668
situation,dramatique,25.956539025291406
situation,financière,22.297765168436314
situation,lequel,18.445223420763483
situation,crise,14.607783393534778
situation,économique,10.982223189498786
situation,pouvoir,7.206136815235782
situation,france,2.6022790273853698
débat,public,20.11559139404077
débat,protectionnisme,19.41128787325982
débat,euro,14.943160868270205
zones,rurales,119.53375841516434
appartient,français,12.020002149947207
effacer,bénéfice,40.785763091842426
petit,monde,33.90983499526156
petit,coup,30.99031979782474
petit,commerce,28.366749299439213
petit,faut,7.649477871820539
petit,plus,3.039343485855439
assemblée,nationale,155.09425695831362
traite,intégriste,57.01301946791105
monnaies,nationales,123.40594196324884
qatar,finance,48.15442825874897
qatar,investit,31.499122981945145
patriotisme,économique,202.44739582635532
patriotisme,social,78.63267948798689
plan,désendettement,83.5123539355173
plan,rigueur,49.737672349924175
plan,vigueur,39.898083349926424
plan,économique,32.55757903468025
plan,politique,11.279631027134386
populaires,classes,29.860317454398253
vote,étrangers,101.71891790273477
