word,raw_frequency
autoritarisme,2
actes,6
participe,1
cache,1
placides,1
dynamique,4
macramé,1
qualité,1
croyez,8
appartiennent,1
comprenez,2
guider,1
ressentons,1
banquier,1
restera,1
notoriété,1
ouverte,1
médiocres,1
rassure,1
lequel,12
chefs,1
appliqueront,1
choque,2
maîtriser,3
incroyables,1
progrès,2
extrémismes,1
concours,1
preuves,6
pleines,1
devine,2
existent,8
dette,16
peillon,2
savoirs,3
difficultés,3
classe,15
naifs,1
prenons,2
parallèlement,2
arrière,3
carnet,2
citoyens,17
louis,1
adjectifs,1
généralement,1
figure,2
euro,22
dissuasions,1
nationales,2
caché,1
mondialisé,1
étoile,1
mollet,1
irréprochable,1
séparément,1
division,7
grandeur,7
geste,7
harmonieuse,1
parachutes,2
pierres,1
dissout,2
exercer,1
voulue,1
égaux,2
obéir,1
moralement,2
fussent,1
semblable,1
devant,23
faces,1
exemple,31
refusent,2
rayonnerons,1
jours,14
parlementaire,1
saignée,1
extrême,29
compagnies,1
notions,1
avaler,1
généreuse,1
renseignement,5
disparition,6
devenu,8
saddam,1
invraisemblable,1
réagir,1
puisque,25
attractif,2
injures,2
toute,44
expriment,1
ménage,1
savons,4
laxistes,1
explosa,1
explose,1
insupportables,1
frappe,2
surévalué,3
communautés,1
obligé,2
contrecarrer,1
trembler,1
viendrai,2
anecdote,2
regagner,1
modernes,1
statué,1
enlever,1
désillusions,1
parfaitement,12
participer,5
mois,19
désespèrent,1
bernard,1
fonctionnaire,1
groupe,5
réindustrialiser,1
éventuellement,10
dessiner,2
diversité,2
forgés,1
réclame,8
renflouement,1
engagées,1
infernale,1
pompes,3
permanents,1
parisienne,1
cellules,3
veuille,1
concurrence,15
alourdissement,1
suffisant,2
destructeurs,1
immense,8
président,29
motivation,1
impression,7
réforme,3
tactique,2
levé,1
frappé,1
tsunamis,1
comprendre,9
surement,2
usines,2
oblige,6
élèves,1
opposants,1
alternance,3
absurde,3
comme,11
faillir,1
correcte,1
poursuivant,1
conçue,1
statut,3
améliorées,1
brebis,1
2014,4
mestre,1
sein,4
apparente,1
conçus,1
sagesse,3
respectabilité,1
2011,4
arrêtée,1
seuls,16
dauphin,2
pleinement,2
réclamé,2
quelles,1
enfin,49
fausse,1
déclarez,1
menacée,4
utilise,2
soucieux,1
individuelles,6
amoureux,2
assassin,1
baissent,1
islamiques,5
consacré,1
chérissons,2
devenait,1
anodin,2
conserver,1
économie,16
connaissais,3
voitures,3
déménager,1
racine,1
intégralité,6
inquiétante,3
bâtit,2
foie,1
aurais,8
décident,1
aurait,12
bleus,1
apartheid,2
émissions,1
grave,4
soutenait,1
semble,7
symposium,1
arret,1
condamnations,2
combat,16
perdent,1
faire,153
actionnaires,1
attendra,1
enfermés,1
attendre,4
roms,4
chargés,1
fais,6
positionnés,1
faim,1
cherché,2
divisent,2
sociales,4
hénin,6
pitoyables,2
campagnes,2
mauvaises,2
technologique,1
bravo,1
sauf,7
structuration,1
raisonné,1
exigeant,2
moteurs,1
auxquelles,4
action,12
honte,2
lancerai,1
escalade,1
contre,85
subversif,1
appartenir,1
aurai,1
manipulations,1
puissions,2
exclure,2
prenne,1
origines,4
refus,3
violemment,2
portées,1
acceptent,1
entendre,3
ministère,6
clarté,2
incarna,1
trancher,4
douanes,3
insensées,1
affair,1
rejoints,4
résidence,3
ajoutée,1
proclamons,1
cherche,5
verser,1
ventre,1
voulait,4
coins,2
incertain,2
municipales,8
faudra,5
activité,7
stratégies,2
écoutez,44
préfiguration,1
rédigé,1
lisibles,1
équivalent,1
louche,1
réclamer,3
manifesté,2
craindre,1
tournerons,1
municipal,2
violant,1
évidences,1
vendu,2
portugal,2
semblait,1
occuper,1
intégrale,2
occupez,1
adeptes,2
imposé,5
jeunes,4
instructions,7
vertu,2
verts,3
commençait,1
apprend,2
application,2
reflet,2
territoires,5
criminaliser,1
otages,9
sable,1
trompions,1
étrangers,5
dogmes,1
édifices,1
douze,1
inspection,1
naïve,1
créé,2
conscrits,1
tabou,4
manifeste,2
puise,1
décennie,1
indépendante,5
muraille,1
abrogerai,1
indépendants,1
divertit,1
etat,30
amuser,1
arrestations,1
changement,5
libye,16
inextricablement,1
agissements,1
impose,3
trimestre,1
internationaux,3
maitrisez,1
cruels,1
légitime,5
alésia,1
feront,2
émettre,1
suivies,1
ferons,5
député,1
bompard,2
enchaînements,1
grecque,1
applaudissements,1
compatissant,1
géopolitiques,1
immenses,1
entrainé,3
librement,2
donnent,4
souhaitables,1
théâtre,1
théories,2
rendraient,1
électorales,2
sécurité,19
évite,2
bénéficient,1
sentiment,13
retrouverait,1
abonder,1
financements,1
dérèglement,1
reloger,1
quasiment,8
internationale,13
sources,1
persévérance,1
inféodons,1
plongée,1
durant,1
simulacre,1
fatalité,2
mollesse,1
accepté,1
milliers,2
représentons,2
seconde,5
menés,1
rouge,3
tendresse,1
impérieux,1
préférer,1
impartiale,1
menée,12
galopante,1
préservé,1
créer,10
sanctuarisé,1
conflits,1
fondamentale,3
entraine,2
arnaud,1
plier,3
proximité,1
friches,1
pied,2
textes,1
signer,2
signes,1
chocolat,1
revenir,6
blablate,1
silence,2
vénérable,1
blanche,1
suivre,2
heurtées,1
espagne,4
reporters,1
malléable,1
précédent,4
maire,5
accepte,2
rythmes,1
usiez,1
votera,1
percevez,1
correctionnel,1
vérifier,1
appuyer,1
compétence,1
emmené,1
fondamentaliste,2
bonjour,5
multiplièrent,1
orient,1
marxistes,1
étranger,7
enfants,10
vous,65
deviné,1
intelligents,1
esprit,10
désillusion,1
éteindre,2
déplait,2
payé,5
boule,1
gagne,1
tournent,1
alliances,2
civique,1
assis,1
maintenir,3
absolues,1
vichy,1
caractère,2
supprime,1
sortent,1
indigentes,1
sociétés,6
coupé,3
mortifères,1
tout,9
intégré,1
tour,18
tous,5
marges,1
classique,1
abandonner,1
casting,2
accordés,5
plaindre,1
registre,1
monétiser,2
pseudo,5
rapidement,2
raccourcis,2
manifestations,3
unis,15
perdu,5
remerciés,1
rabaissement,1
tombez,1
poursuivre,5
unie,4
décodent,1
front,108
illégalement,1
votent,5
publiquement,2
racisme,4
fanatismes,2
cohérence,2
sociétaux,2
gagné,3
bouches,1
contraints,1
fillon,7
noblesse,1
bouchet,1
produit,3
novembre,1
omet,1
votant,3
cambriolages,2
garonne,1
fronts,1
grille,2
passation,1
musulmans,2
coups,1
impérialisme,1
permanentes,1
contraire,9
coupe,1
essentiels,3
précisés,1
absolument,29
adhérents,1
pourquoi,23
normalement,3
essentielles,3
blanc,2
apprentissage,1
idéal,1
industriels,3
flou,3
plaisir,7
meilleurs,1
remarquable,3
garde,5
meilleure,3
médiatique,1
pinçant,1
allocation,1
suffisamment,1
rassemblent,1
populiste,1
mort,9
institutions,4
adversaires,8
ouvriers,2
lecture,2
erreur,5
croyons,7
éloigné,1
présidentielle,11
paraît,3
climat,1
enthousiasmant,1
migre,1
clubs,2
princesse,1
accompagné,1
entretenu,1
aimer,2
électoraux,2
quoi,1
prestations,1
monétaire,6
polynésie,2
décennies,7
coûter,1
accueille,1
opposerait,1
rendue,1
exécution,1
élite,1
exécutif,2
lien,6
marcher,1
services,11
marchez,1
contraint,3
militant,2
callais,1
bijoutier,1
apaisement,1
divorce,2
loyauté,1
informé,1
communautaire,1
élémentaires,1
soulever,1
bloquée,1
souffrent,3
améliorer,3
sorti,2
possibilité,10
gaston,1
sorte,14
confirmation,1
sorcellerie,1
crédo,1
nourrir,1
tâche,1
pourrions,1
excellence,2
législative,4
aboutit,1
vivions,2
généralisée,2
cabinet,2
théorie,1
habits,1
énergie,5
origine,3
farouchement,1
aura,16
enregistrées,1
étiquette,2
exprimer,7
ferré,1
fiscalité,4
tribut,1
souvenez,1
psychiatre,1
pris,5
changée,3
texte,11
vieux,5
concerné,2
communauté,6
conséquences,8
semblant,3
portes,2
sarkozy,38
positionnement,2
arreckx,1
échalote,1
continuité,2
devait,3
militaires,1
semblent,2
rappelant,1
marquée,2
attitude,3
étonnantes,1
famille,10
quotidienne,5
vienne,3
désastre,1
europe,35
peuples,15
sent,3
parlez,5
partagé,1
nouvelles,8
vulnérables,1
étonner,2
supplie,1
destinée,1
sans,4
inappropriée,1
considération,2
satisfaisons,1
siennes,1
sang,2
globalement,1
prières,1
concerne,2
arriverons,4
préfère,1
odieuses,1
emplois,8
strict,1
constitutive,1
disparaît,1
professionnel,3
aspirantes,3
pontifiantes,1
façon,7
dont,50
hollande,41
donc,28
avons,46
voulu,4
chanteur,1
modèles,1
exorbitant,1
lamenter,2
partage,2
situation,30
adhérer,2
déshonorait,1
cœurs,1
centre,6
qatar,5
trente,2
détourner,2
responsabilités,9
elles,4
allait,12
pille,1
gouverné,1
allais,1
appris,1
rosière,1
langage,2
revient,2
construction,3
suffisait,1
massacre,1
stopper,2
complaisante,1
chiraquien,1
maires,7
urnes,3
adhésion,6
coté,3
préférence,1
problèmes,13
déliant,1
entendons,1
éternel,1
dérouler,3
pousse,2
pernicieux,1
réseaux,4
droiture,1
continuerons,1
mondialisme,3
réhabilitent,1
type,12
organisation,4
destructeur,2
journaliste,4
listes,6
caste,1
pétainiste,1
intra,2
tort,3
annuler,1
patrimoine,6
pire,8
curriculum,1
outre,6
longtemps,9
transatlantique,1
démontrée,1
oublions,3
journaux,4
ouvrira,1
tuerie,1
comptoir,2
radote,1
bourguignon,1
discussions,3
cassation,1
sympathisants,1
débuter,1
délinquance,5
porté,2
entier,6
entiers,2
illégale,2
résoudre,4
particulièrement,4
ecomouv,1
répondu,1
atterrés,1
illégitime,1
conférence,2
3ème,1
utilisé,7
quelconque,2
incantations,1
défendrai,1
intervenants,1
déconstruction,1
échec,8
réguler,1
professionnels,1
contournement,1
voyante,1
suffisent,1
groupuscule,2
ravier,3
impérieuse,1
représenter,1
subissent,4
acteurs,1
souterraine,1
réunifier,1
leurres,1
opprimé,1
voterais,1
trainés,1
intervient,1
péninque,1
épargnerai,1
impartialité,1
assistons,1
tony,1
existera,2
oiseaux,1
presse,11
statistique,1
élément,2
criminelle,1
libérés,1
méritent,1
surtout,20
ligués,1
interdit,5
investiture,1
errons,1
richard,1
maritimes,1
honneur,5
force,1
regroupement,2
vrais,2
tuer,3
1870,1
comporte,1
réunion,1
fascisme,1
vraie,3
demandes,1
dérogatoires,1
tentée,1
cahuzac,15
forums,1
trafiquants,1
donnerai,1
dites,14
miracle,4
apporte,3
grandes,16
pensée,5
niées,1
puisse,14
principes,3
canapé,1
dessus,4
anciennes,1
protéger,7
envie,8
auquel,2
fondamentalistes,15
chercheurs,1
courrier,2
conséquent,40
privilégier,1
dévaluation,2
faisait,8
juge,3
répéter,2
mutinerie,1
client,3
réelle,3
embargo,1
récidivistes,2
photos,1
morceaux,1
fréquentable,1
prêter,2
renégociation,1
spéculateurs,1
volontairement,3
lignes,1
contemporains,1
chargé,2
fédéraliste,1
affilier,1
arrivé,1
réindustrialisation,2
admis,1
définition,7
mérite,8
submerger,1
œuvre,25
lentement,1
désindustrialisation,1
participant,1
arrange,2
embauches,1
sanction,8
lobbyistes,1
circuler,1
certaines,4
incarcération,1
planche,1
totalitarisme,2
vaine,1
démontreront,2
construit,3
représente,5
présomption,4
épais,1
mamans,1
constitutionnel,2
marchandisation,1
nationaux,2
répétitive,1
karachi,1
simplement,4
amitié,1
ancien,4
commun,7
considérable,1
dénaturée,1
assume,6
fonction,2
dictatures,1
précédentes,1
sommation,1
hypothèses,5
désobéissent,1
attributs,2
arrive,3
comprennent,4
empoisonnées,1
présidence,1
parlent,3
sentent,3
village,2
gère,1
raisonnable,2
fabius,1
perte,5
rudesse,1
rendrai,1
pardonnez,1
ultralibéral,2
mobilisés,1
constitutionnelle,2
dirigez,1
reconnaissance,1
secteurs,2
essentielle,2
messieurs,5
utopie,3
représenté,1
processus,6
appelle,9
enrichir,4
méprisent,1
lutte,14
écoutent,1
réclamons,1
chapeaux,2
encouragent,1
doute,2
régner,2
rappelées,1
avançons,2
exploser,2
capable,12
2013,14
2012,4
assumé,2
xixème,3
exactions,1
beaux,1
phrase,3
mardi,1
progression,3
essence,2
travaillé,1
insurgés,1
critère,1
contestations,1
guerrière,1
crédit,1
sortez,1
maintiens,1
maintient,2
production,4
lance,2
pétrole,2
coûteuse,1
portugaise,1
paquebot,1
ininterrompue,3
remette,1
troublés,1
hésitent,1
gouvernements,4
auteurs,1
effondre,3
prévue,1
innocence,4
instillent,1
populaires,2
fonds,3
gilles,1
facilement,1
ruiné,2
bretagne,2
respectives,1
rois,2
tricolores,1
existait,2
retrouvé,1
observez,1
associées,1
hexagone,1
aléas,1
spécificité,1
défauts,1
tiennent,3
ajustement,1
posez,4
joie,1
résultats,2
rejoint,1
fédèrent,1
subsistent,1
résistants,1
comprenais,1
prédateurs,2
banques,6
avaient,17
obstacles,1
publics,11
système,28
peau,1
personnels,1
problématiques,5
qataris,1
effondré,1
page,1
pourrons,2
démocratique,10
limite,6
ruine,1
reprennent,1
pacte,2
chauffait,1
catégorie,1
critique,5
incarnez,1
associations,6
retrouve,3
quelque,25
perspectives,1
surveillance,2
personnalité,2
pensez,4
compétitifs,1
chirac,5
électeurs,19
extérieur,1
mondialistes,2
internationales,1
aggrave,2
section,1
porte,9
revendication,2
style,1
change,7
divers,6
zéro,1
moeurs,1
fragmentent,1
veulent,29
désaccord,5
organisé,4
réelles,1
déséquilibré,1
atlantisme,1
croyance,1
gens,45
précises,1
longue,5
complice,4
enchaine,1
robert,1
toujours,38
permettant,1
hallal,1
majors,1
méthodes,2
mitterrand,4
intuition,1
ouverture,6
effrayante,1
vivre,13
tire,2
protection,8
désordres,1
enseignement,2
direz,2
scolarisation,2
régulière,1
allé,3
tienne,1
canaliser,1
subissons,1
savaient,1
attendue,1
construite,3
déciderons,1
devient,2
changé,4
quittez,1
révolution,2
organise,2
attendus,1
souffrance,3
utilité,1
conservatismes,1
inutiles,1
jurisprudence,1
diversion,5
logement,5
désolé,1
investies,1
charge,5
avertir,1
ralentir,1
morue,1
marine,4
appartenance,2
complémentaires,1
dure,11
jamais,47
succès,3
préserver,2
tiré,1
marins,1
marchés,2
contestable,2
inconséquente,1
rempli,1
balladur,1
sarkozysme,1
politiques,48
décrédibilisé,1
baisser,6
baisses,2
idéologies,2
retenus,2
débattent,1
inversées,1
monte,3
affaissement,2
parlé,3
capoter,1
humble,1
considère,13
prospérer,1
critiqué,1
donne,13
armée,10
quelqu,6
oublié,3
voterai,1
montrer,3
rodomontades,2
euros,11
artifice,3
creuser,1
délire,1
creuset,3
pasteurisation,1
censée,2
compatriotes,15
débats,7
final,1
déclarations,1
recevoir,1
binaire,1
sexes,1
locales,1
chaine,1
financer,5
finances,8
berne,1
assister,1
islamisme,1
histoires,1
opportunités,1
certain,34
briois,2
venez,7
parla,1
proche,1
parle,18
slovénie,1
monté,1
restait,1
signal,1
remise,2
obligés,2
voler,1
mépris,2
donné,6
sphère,1
décider,7
endroits,2
fermes,1
fermer,1
provinces,1
oublie,1
repentance,3
leçon,1
montigny,2
aller,34
respecté,1
soumission,5
inouïes,2
communicants,1
mains,4
positionner,1
djihadistes,1
naturelle,3
nicolas,32
scandaleux,9
revenu,1
coproduction,3
vois,15
politologue,1
harlem,7
dumont,1
seine,2
merkel,7
cambadélis,1
pneu,1
fraude,3
reçu,7
analyse,5
soutenir,3
défile,1
minimisent,1
terme,17
criminels,4
déplaise,3
guaino,1
survie,5
baguette,1
effort,1
pouvait,3
interroge,2
faussée,2
ultra,4
majeures,1
touchent,1
réprimées,1
friche,1
invité,1
gouffre,1
largement,5
concurrences,1
fondamental,2
auditeurs,1
stupidité,2
essayer,4
touchant,1
tribunaux,3
essayez,1
pinacle,1
nombreux,8
mortels,1
dépourvus,1
tendancielle,1
soutenons,1
ceci,6
légales,1
privilégiés,1
passés,1
acquis,1
total,4
autrement,1
magnats,1
nuisibles,1
cour,5
coup,14
compris,21
élever,1
naturellement,1
commettant,1
échange,6
répond,2
reviendra,1
traditionnelle,2
renouerai,1
vendre,3
conclusion,1
récifs,2
constante,1
dissuasion,1
rassemblée,2
nôtres,3
décidé,2
réitérer,1
diffusé,1
interrogé,1
persister,1
agit,19
clivage,4
épargnés,1
agis,1
agir,2
forces,15
forcer,1
productions,2
affiliés,1
premièrement,1
livre,3
doigts,1
changerait,1
esclavagisme,1
commence,6
orange,2
assassinat,3
payer,7
défendons,3
modes,2
historiquement,2
pédagogie,1
série,1
langue,3
indiscipline,1
renonçant,1
stériles,1
image,5
population,12
lancer,4
utile,7
légale,4
serai,11
expliquons,1
domaine,8
vercors,1
parents,4
gravement,1
morts,6
vérité,16
jean,19
morte,1
frontières,36
maximum,1
tarmac,1
démocratie,28
donner,18
intellectuelle,1
pendant,22
serais,4
énergies,4
serait,17
millénaire,1
ailleurs,117
fédéralistes,1
histoire,24
relations,5
envoyé,1
risible,1
forts,1
intérêts,36
incontrôlée,3
armés,2
territoire,19
entièrement,1
mobiliser,1
coûts,1
moment,22
permette,1
avère,1
voilà,84
acheter,3
hissera,1
réarmement,1
assumer,2
secret,3
transmette,2
célèbre,1
montons,3
jusqu,6
beaumont,6
signons,1
négation,1
ardue,1
instant,9
ministre,28
libertés,9
manière,40
divergences,1
indiquer,1
incapables,1
cadre,15
dynamiques,1
sourire,1
grosses,1
leur,1
méthodique,1
différences,4
absence,3
négociables,4
surfer,1
gaminerie,1
fatalisme,1
lumière,4
expression,6
travailleur,1
tranchée,1
lourd,2
déontologie,2
profession,6
reconnaissait,1
répète,1
disparus,1
diluées,1
particulier,2
avocate,1
gérer,1
billy,2
résistant,1
voile,2
sortis,1
sortir,9
conjonction,1
encontre,3
accordent,2
médiocrité,3
réapprendre,1
principe,4
déstabilisée,6
fourches,1
fixer,1
tribunal,3
justifier,1
balle,1
aucune,19
ressemblent,1
proposées,1
familiales,1
spécialisé,1
policier,2
motion,2
réaction,1
sacrifices,3
suscité,2
montent,2
engagés,1
perdre,1
vaut,1
encadrement,1
réfugiés,1
asphyxie,1
comité,1
afin,1
suisse,6
couve,1
poil,1
rompu,1
manches,1
anomalie,1
formulation,2
objectif,6
calais,3
salafisme,1
européens,14
exorbitants,1
existé,1
phénomène,1
contaminé,1
inconsistante,1
fasse,6
reviennent,2
élargissement,1
inquiéter,2
accéléré,1
regrette,1
estimer,1
admettre,6
constatent,1
merah,1
immigrés,1
bois,2
moto,1
chemin,11
exporter,1
nomades,2
ravages,4
souverain,9
terreau,2
faisons,3
cornes,2
angoisse,1
réserve,2
mots,5
caresser,1
marc,1
connexion,1
rassurions,1
côté,12
tenons,2
combatte,1
remettrai,2
avenir,19
assemblé,2
confort,2
accusation,2
sympathie,3
utilisées,2
viennent,19
maux,1
pressions,2
paille,1
diverger,1
marchent,2
salariée,1
anciens,6
horreur,1
brisée,1
passerait,1
nôtre,2
féroce,2
proposons,3
élire,5
cachent,3
salariés,12
envisagée,1
coupables,2
motivations,1
jurisconsultes,1
réformer,1
réformes,1
intéressantes,1
financé,1
effondrer,1
mégret,6
mesures,1
désir,9
milieux,1
continent,3
données,3
scandales,1
enfoncent,1
pluie,2
nombre,41
documentaire,1
manuel,1
parce,45
injustice,4
volontaire,2
épreuves,1
tourné,1
projet,20
sentimentalement,1
bush,1
chiffres,2
chiffrer,1
revendications,1
encouragements,2
détecté,2
immédiate,2
fourniture,1
poussent,1
justement,8
exclut,1
promis,3
voire,1
persuadée,1
prévaut,1
attarder,1
distribués,2
accusent,1
livrent,1
bolcho,1
honorable,1
citoyen,1
distribuée,1
infligent,1
finance,16
mettez,2
industrielles,1
islamistes,7
mesdames,2
trouvons,1
lancée,1
photo,1
contraires,2
visiblement,1
systèmes,1
exactement,15
relocaliser,1
hargneuses,1
universités,2
ententes,1
méditons,1
lancés,1
devenir,3
oukases,1
administration,7
travaillerai,1
recommence,1
anarchique,2
maladresse,2
année,24
assisterai,1
râleries,1
addition,2
culte,1
feuille,2
paroles,2
banlieue,1
déplorer,2
sauvé,1
mourir,3
contradiction,2
tourne,2
conseils,5
réglée,1
permanent,2
paysans,4
espace,6
abusé,1
autorisent,1
aperçus,1
incitation,2
protestation,1
œuvrer,1
communication,13
carbone,1
virage,4
réflexions,2
démantèlent,1
supranationale,1
attaqué,3
forfaiture,2
remplacée,1
bataille,4
moral,4
ménages,1
février,2
télévision,3
propres,6
injustices,1
idéologie,4
valéry,1
faiseuses,1
quel,4
obligée,1
envoyer,3
allez,7
places,1
placer,1
guerres,1
attaquée,1
industrie,8
crée,4
contrepartie,2
plans,3
déclarent,1
décidez,1
massacrés,1
attaqués,1
bras,3
lève,1
exiger,1
cultivent,1
américains,5
démonstratif,1
environnement,2
récidive,3
perspective,8
sépare,2
américaine,2
fête,1
absolue,2
attaque,1
cédant,1
migrants,1
attendent,3
étude,1
caches,1
temps,42
robe,1
désordre,2
massivement,1
attendant,2
dira,1
dire,182
inquiétudes,1
digne,5
amalgames,2
méprisés,1
inquiète,3
nausée,1
hasard,2
monsieur,135
exportait,3
autocensure,1
oreilles,1
souveraineté,30
cinéma,1
importerons,1
durer,1
fêté,1
rejoignent,4
présider,1
gentil,3
perdiez,1
traduire,1
accepter,1
restructurations,1
mariages,2
causes,2
éclairer,1
manifestiez,1
vertueux,1
invetissement,1
changeons,1
complètement,3
mariés,3
décriée,1
surpassent,1
faudrait,3
refuse,5
patrimoines,1
animateurs,1
rentrée,1
problématique,3
papier,4
comportements,3
différente,3
dubitative,1
classiques,1
islamiser,1
déroulé,2
marée,1
incite,1
mohamed,1
inédites,1
différents,4
maitresse,2
château,1
resté,1
partielle,1
familles,3
savent,3
référendum,21
suggère,1
homosexuel,7
voit,16
santé,4
bénéfice,5
suspendons,1
accuseriez,4
ferez,1
attends,3
record,1
rhône,1
tutelle,6
ville,17
volonté,22
confrères,1
périodes,3
taille,1
version,1
métropole,1
auraient,4
battons,2
organiser,5
déroule,3
maastricht,1
montrent,3
sociaux,7
cupidité,1
horaires,1
indépassable,2
religieux,3
barbarie,1
fermement,1
reculer,2
reste,9
libre,27
précisément,2
patrimoniales,1
salaire,2
désespériez,1
bonne,12
tasse,1
normalisation,1
échelle,1
assurer,3
quatre,6
affairiste,1
posent,3
lointain,2
similitudes,3
réfugie,1
patriote,6
micro,1
drames,1
minimale,2
posture,1
vieille,1
suicide,1
amenée,2
actuel,2
mandela,4
quittent,1
seguin,1
performante,1
concret,1
rapatrier,1
excessif,1
resteront,2
enfermer,1
grogne,1
considérée,1
plateaux,3
saint,3
égale,1
voudrait,3
étroits,1
voudrais,6
morales,1
saine,2
laissée,3
concrètes,2
cinquième,1
tarder,1
asservit,1
endosse,1
croisés,1
réorganisation,1
policiers,1
individus,5
redeviennent,1
détériore,1
dingueries,1
prérogatives,2
classes,1
convictions,2
économiquement,2
romprai,2
tirer,4
darmon,3
universalité,1
leonarda,1
chef,7
mondial,2
ministérielles,1
pénale,3
refusera,1
légal,5
fondamentaux,4
cher,6
édulcorées,1
montez,1
célébrons,1
facile,7
sincères,1
menace,1
identité,9
obsession,1
soleil,1
opinion,12
pourcentage,2
décidées,1
mien,1
tape,4
satisfaisite,1
aimé,1
regardons,4
parfois,13
usine,1
assidus,1
élections,17
comprends,8
indispensable,3
leçons,3
entraîner,1
esclaves,1
membre,1
financés,1
témoins,2
immergé,1
populaire,18
vidé,2
celles,12
damas,1
pavé,1
financièrement,2
trafics,1
producteur,1
plafond,1
récupère,1
inverse,9
voyons,4
gouvernants,3
aggravent,3
portez,1
manipulation,2
anonymes,1
artificielle,3
fond,12
sympathique,1
second,3
renforcer,2
volés,1
propre,13
militantes,1
péjoratif,1
déposé,2
essoufflée,1
complait,1
centrale,3
fassent,2
pense,82
égalité,11
retrousse,1
heureuse,3
entourer,1
mêmes,27
arsenal,1
résultat,2
plutôt,6
votée,2
washington,1
amalgame,5
réitère,1
stratégie,10
prudence,1
cent,1
résiste,1
jeunesse,6
minorités,4
votés,1
vide,1
destin,6
meurtris,1
chine,6
xxième,1
associe,1
enfermée,1
drogue,1
légalement,2
rythme,4
ordre,13
imposées,3
oeuvre,6
rémunération,1
rentrait,1
dépasse,2
calendrier,1
quotidiens,2
laxisme,9
surveillés,1
participez,1
soutenu,3
contrôle,11
militaire,6
commencé,4
cinq,2
médaille,2
sociétal,1
salutaire,1
aimerais,6
utilisent,3
aimerait,1
celui,27
concentrent,1
deviendront,1
budgétaire,2
chypre,1
minoritaires,2
affirme,2
antécédents,1
totale,7
national,114
minimums,1
quatar,1
délinquant,3
lire,3
demande,20
dite,1
bénéfices,1
pessimisme,1
empêchée,1
amnistie,1
augure,1
autarcie,1
meurtrières,1
finirait,1
medias,1
instances,1
prenez,3
paysages,2
étant,4
féodalités,2
lourde,5
pourra,1
payée,2
assimile,1
exigences,1
communautarisme,13
issu,1
changera,2
payés,1
travailler,1
simples,4
verrait,2
nelson,4
préside,4
réfutons,1
protestataire,1
lampedusa,2
patient,1
cures,1
accélérer,1
communs,1
consciences,1
plaire,1
tournerais,1
supprimé,3
élites,14
importe,3
insinuez,2
signale,2
commune,3
dégradés,1
insinuer,2
exécrons,1
attributions,1
inde,1
privé,1
offrir,1
ramener,1
spécifique,1
clause,1
ambitions,6
familial,1
provocation,2
incontestablement,3
détermination,2
triomphant,1
tolérance,1
province,1
maîtresse,2
privés,1
jungle,2
insensés,1
développer,2
conscient,2
croire,14
communiste,1
admet,1
tracé,1
investi,1
pensance,1
bilan,3
illégitimes,3
portiques,2
recompose,1
publier,1
multitude,1
cogite,1
inaptitude,1
espérance,10
fournissent,1
soumis,6
alerter,1
réservés,1
sachent,2
virulence,1
salle,1
contribuerai,1
ravage,1
extrêmement,15
commandement,1
médiatiques,1
international,5
oubliez,3
rentre,1
terroriste,2
reprochés,1
oublier,7
poser,6
commis,8
paysanne,1
hérité,1
inadmissibles,1
entreprendre,2
mesurent,1
insécurité,18
carence,1
arbitral,1
pensons,2
permis,4
générosité,2
consacrer,1
devise,1
dernière,6
préparé,2
taper,1
affectifs,1
égide,1
pour,20
lisbonne,2
corps,1
expliquent,2
substitué,1
présidentiel,1
nourriture,1
parisot,1
bolchévisme,1
savez,32
grosse,1
minimise,1
aphatie,7
indignation,5
foot,1
paraissent,1
règlementation,1
accumulait,1
retirerai,1
villeneuve,3
nulle,1
armer,2
armes,15
suicidaire,1
ébahi,1
nations,5
trois,8
relâche,1
central,1
militairement,1
rompent,1
appauvrissement,1
explication,1
collectives,1
transfert,1
content,1
adapter,2
sait,21
sais,44
espérés,1
spirale,1
victoire,2
radicaux,1
déficits,3
renfort,1
forte,9
biologiques,1
financière,1
scrutin,3
refusé,3
recherche,6
avis,11
poignée,2
dépense,2
rencontre,5
souci,1
issue,4
respectez,2
inscrite,1
considériez,1
faibles,1
basculer,1
respecter,12
urgences,1
fonctionnement,3
épouvantables,1
harmonie,1
subventions,3
verrou,3
obscurs,5
répandue,1
stratège,3
améliore,1
mineurs,1
scandale,1
aime,3
italiani,1
nomination,3
menti,2
vives,1
hitlerum,1
abandonné,2
capitales,1
réponse,5
paresse,1
éternelle,2
secteur,1
semaines,3
obligation,2
chair,1
conviction,2
importez,1
socle,2
trahison,1
trouver,10
mobylette,1
recréons,1
diffusions,1
refuser,3
dépensé,1
commet,2
égorgées,1
mélenchon,5
marquise,1
supporte,2
amour,4
difficile,8
attaques,1
attaquer,1
craignait,1
confrontent,1
dernières,3
outil,3
monter,1
(...),1
absorption,1
organisée,5
régimes,1
ouvert,5
magique,1
joue,2
obtiennent,1
mœurs,1
chose,43
banquiers,3
organisés,1
impardonnable,1
blair,1
agriculture,3
humains,6
verdâtres,1
scrutins,3
supplémentaires,1
ayant,6
plein,6
présentant,1
économies,2
oppression,1
radical,2
saveurs,1
restez,1
question,25
ultrarentabilité,1
rester,6
dose,1
retomber,1
commercer,2
réunit,2
flexibilité,1
tendus,1
réunis,1
réunir,1
terminé,4
programmes,1
abus,3
effective,1
afghanistan,2
concitoyens,4
formellement,2
1990,1
septembre,2
aidés,4
retraités,4
assassiné,1
enfumages,1
confiance,22
stigmatisation,1
cours,5
court,1
augmenter,7
redevenir,1
réel,1
reconnues,1
âprement,1
firent,2
charité,2
idéologiques,4
anticapitalisme,1
sainte,3
rabougri,1
circonstance,4
propriété,1
complices,3
adhésions,1
pourrais,4
pourrait,4
barbe,1
intervenus,1
bout,6
bruno,1
doutes,2
douter,2
priver,1
score,3
chèvre,1
heurter,1
géopolitique,1
diminution,2
partenariats,1
boue,1
suspension,1
mouvement,25
druon,1
décomposition,1
pesé,1
enorgueillit,1
camp,3
travail,24
battu,2
désespère,1
défini,1
paient,3
réjouissons,1
rejettent,1
acceptera,1
hôtel,1
importantes,2
révolutionnaire,1
millénaires,1
naissent,1
appartenaient,1
glorieuse,2
artisans,3
collectivités,1
parviennent,1
attentifs,1
exclusives,1
insinuations,1
entamerai,1
léonin,1
expert,1
égard,7
relevée,1
organisées,2
suis,69
interventions,2
suit,1
agricole,2
priori,1
opposent,2
ayrault,5
augmenterait,2
terrible,8
humaines,1
hein,35
déchaîner,1
idées,19
écouler,1
inégalité,1
tenus,1
voté,7
apparaître,1
redressées,1
chou,1
commencent,2
communautaristes,4
connaissent,2
candidat,8
choc,1
abstenus,2
totalitarismes,2
intervenir,4
sectaire,1
pourraient,4
demeure,6
colonne,2
curieusement,1
commencer,7
propos,4
parliez,3
apolitiques,1
préjudice,3
stéphane,4
ridiculisée,1
locale,2
droits,8
comprenne,1
exécuter,1
communautariste,1
laurence,1
quarantaine,1
excusez,13
certes,5
prix,11
inutile,2
prie,1
devenue,4
témoignage,1
université,2
premières,2
chantiers,1
soient,25
renvoie,2
compliquées,1
élevé,1
vote,18
préparer,1
exclusifs,1
dépassée,2
idée,6
errances,1
variable,2
demandera,2
criminalité,2
particulière,3
constats,1
brutal,1
exercices,2
respectifs,1
étonnant,4
constate,1
position,6
rétablir,4
personnel,4
douane,1
métronome,1
sachiez,1
censure,2
néfastes,1
retrouvent,2
prospère,4
vendredi,1
chrétiens,1
probablement,18
catégoriels,1
craignant,1
marion,1
gestion,5
guillemets,1
quelle,5
retrouvant,1
entrer,1
passé,17
midi,1
gagnez,1
chance,2
plombe,1
gagner,6
seuil,1
portaient,1
réélire,1
accordant,1
puissants,2
récupérer,5
fidèles,1
apporter,9
portait,1
elkabbach,9
municipalité,4
quid,1
avions,6
crois,86
croit,1
déclencher,1
créez,1
henri,1
studios,1
mangé,1
oserai,1
imagine,1
pourriez,1
vecteur,1
réalité,56
réflexion,1
départements,2
racheter,1
choses,30
affaiblissement,2
thématique,1
tourner,1
disparaissant,1
religion,7
failli,1
ecoutez,12
posée,3
faille,1
désespérance,1
passe,23
effectuée,1
attaquerai,1
migratoire,1
notion,1
disparaissent,2
corée,1
signatures,3
personnelles,1
circulation,3
pourtant,13
mondiale,4
maitrise,6
dotée,1
séparation,2
rayonnement,1
solutions,7
habitude,7
professionnelle,1
progresse,2
gaspillages,1
enfers,1
bergère,1
décembre,1
maltraités,1
jacques,5
enterrée,1
qaïda,5
contraindre,1
obama,1
bord,3
permettent,2
marquer,1
marques,1
entendus,2
maitre,1
cassagne,1
1980,2
1983,1
forme,12
beaucoup,56
minent,1
qualités,2
sclérosé,1
initiative,11
prioritaire,2
sacrifient,1
avouez,1
huit,1
terminer,9
assisté,1
préférais,1
certains,22
centristes,2
exception,8
dogme,1
chaos,3
bourdin,16
certaine,5
nécessitent,1
lumineux,1
caricaturale,1
appliquent,1
carrière,1
imposée,5
préalable,1
collabo,1
sûre,11
femmes,3
revanche,10
imposés,2
remporter,1
voudraient,2
personnellement,1
valorisation,1
avoueront,1
demain,24
supplémentaire,1
savait,1
combattant,1
défendent,6
aspiraient,1
même,4
dernier,6
taire,6
finira,1
vitae,1
opposition,9
normandie,1
fixées,1
occasion,3
cessé,1
créateurs,1
récolter,1
sévit,1
enlèvements,3
objectifs,15
investissement,3
hérisse,1
apolitique,1
privant,1
paul,1
éventuel,1
fondements,2
ouvrez,1
socialistes,6
hyper,1
dénonçons,2
problème,56
maitriser,1
souveraine,6
risques,4
hydrogène,1
suivons,2
peux,8
dissolutions,1
gendarme,1
peut,4
peur,20
immatérielles,1
repli,1
rapidité,1
catalogues,1
déchiquètent,1
minoritaire,1
félicitait,1
suppose,2
dumping,8
coûte,1
événement,1
respectée,2
prenait,2
grands,20
francisque,1
emploient,1
remettre,11
manifestement,9
alternative,3
remettra,1
sarko,1
dise,1
signé,1
duels,1
généraux,1
doublons,1
exemptés,1
cessa,1
gardiens,2
déficit,4
considérait,1
explosions,1
accélère,1
dégrader,1
prioritaires,2
accorde,2
réside,1
désunion,2
accumulé,1
pénalement,1
proposé,5
politicien,1
partageons,1
ainsi,24
accentuer,1
précède,1
cynique,1
républicains,4
dépend,4
dévaluent,1
satisfaction,1
cumule,1
autoritaire,1
matin,5
vitrolles,2
falloir,2
tirant,1
conflit,3
rancunière,1
préventions,1
endroit,1
parcours,1
entreprise,5
fonctions,1
participaient,2
patriotes,12
fortes,1
illuminait,1
sauvage,14
détention,2
tirerez,1
aveu,4
fondamentalisme,2
facture,1
civilisation,2
drogues,2
terre,3
républicain,11
considérablement,2
extraordinaire,4
tolérer,1
constater,5
égoïsme,1
condamnation,3
sentaient,1
éviter,5
détestable,1
vague,4
intelligent,7
attachés,2
groupes,7
électricité,2
innovante,1
peuvent,17
opérer,2
nigéria,1
pétrolière,1
efficacement,1
aider,5
aides,2
périodicité,1
répondre,8
heureusement,1
arrêtés,2
voraces,1
étiquettes,3
budgets,1
jachère,1
rejointes,1
verre,1
suppression,2
salir,2
verra,1
connaissaient,1
déloyales,2
intéresse,9
portrait,1
présenté,1
mène,3
documents,1
crocodile,1
censés,3
punaisé,1
épouvante,1
corrompue,1
voulaient,2
violente,4
mettra,1
étranglés,1
salué,1
chacun,15
bâtiments,1
torts,1
européisme,1
violents,1
défenseur,3
rêvé,2
destination,1
contents,2
conduite,1
ressenti,3
délit,4
honteux,1
accorder,6
démenti,1
facebook,2
délirante,1
bannira,1
suivants,1
quasi,1
droite,9
contente,2
sexuelles,1
licencié,1
moindre,2
rempart,1
brûlées,1
tragédie,2
définir,4
justifié,1
sera,25
suffirait,1
légitimer,1
psychologique,1
escroquerie,3
insiste,1
picardie,1
partisanes,1
sers,1
sert,6
clairement,21
pauvre,1
axes,1
partisans,2
échangées,1
invitations,1
deuxièmement,5
épée,2
présents,5
analystes,1
endetté,1
concurrents,1
degré,1
démocratiques,2
essaie,5
slogan,4
stock,1
jospin,1
récupération,1
salut,1
marinières,1
homme,19
inexpulsables,1
connaissez,4
sahel,1
cohorte,1
nets,1
territoriale,1
intérieur,8
rebellés,1
automaticité,1
indifférente,1
selon,4
encore,8
chimène,1
retraites,2
transmet,1
découvre,1
retirer,1
perd,1
convergent,1
extraction,1
genoux,1
envisageais,1
annoncée,1
accroche,1
pertinemment,6
arrêté,1
apôtres,1
clair,5
pole,1
quitté,2
derrière,2
parenthèse,1
desquelles,2
considérations,1
guise,1
excusés,1
liens,3
réprimée,1
patrons,5
féodal,1
jugements,1
touche,7
générations,1
perdus,1
rabaissée,2
souhaitons,1
lutter,11
fortune,3
tenté,1
luttez,1
dessinons,1
effectué,1
chirurgien,2
baby,1
enracinent,1
lisent,1
surcroit,1
meilleur,11
étrangères,1
médias,3
finalement,1
moralisation,9
candidature,1
opinoins,1
reconnaissons,1
cuillère,1
présentée,1
rapport,9
supprimons,1
décrié,1
manifester,1
recommencement,1
soirée,1
arrête,4
accomplit,1
interrogent,1
antirépublicain,1
insulter,1
rendre,11
réservées,1
exigeants,1
croissance,3
explosion,3
annexes,1
confrontés,2
troisième,1
immigrationistes,1
mesure,10
piège,7
milliardaire,1
effrontément,1
touché,3
confrontée,2
amis,28
échanges,1
juive,1
libération,2
touchée,1
bénéficié,1
étonnante,2
amie,1
vicieux,1
anodine,2
remplissent,1
lointaines,1
cumul,1
zones,3
vulgaire,1
assument,2
libyenne,1
monnaies,1
infatuation,1
plan,6
incitent,1
invitée,1
grossit,2
effondrement,2
pays,105
grossir,1
contributions,1
apparaissent,1
marche,3
gorge,1
tournerai,1
partenaire,1
relever,2
godwin,1
culture,6
spécialistes,2
centrales,1
pharmaceutique,1
stratégique,1
multinationales,4
réussite,1
reculent,1
négatif,1
lanterne,1
implantation,1
entendez,1
choisi,9
etats,10
clandestins,2
ensuite,1
flageller,1
aventure,1
abordé,2
clandestine,3
rentabilité,1
exposer,1
déclarer,1
urgence,7
schiste,1
menaces,2
immédiatement,5
résout,1
religieuse,3
résous,1
coupable,6
devons,8
arif,2
scandaliser,1
marché,6
ruraux,1
révèle,1
nianiania,1
écarté,1
obstacle,2
réclamez,1
belle,6
arrêter,11
retour,10
arrêtez,2
annonçant,1
défaites,1
significative,1
venir,8
bons,1
civile,2
léonetti,2
européenne,62
gravité,4
travaillent,1
portera,1
divisions,4
sylvestre,1
effets,5
loyale,1
catégoriel,1
catégories,3
françois,36
gaulle,2
fonctionner,1
remarqué,1
mali,7
restaurer,1
monde,54
rédactions,2
islam,1
train,19
grâce,12
rappeler,6
venezuela,1
objet,9
rappelez,1
préservation,1
repris,1
démontrer,1
engage,1
bouger,2
gouverne,1
inquiété,1
lèvent,1
lorsque,19
demie,1
italie,4
quidam,1
cachait,1
tomber,3
glissant,1
paye,2
ponte,3
chatel,1
laissant,1
paumé,1
marbre,1
utilisée,3
enfumage,1
combats,3
encouragé,1
utilisés,1
patate,1
appelés,2
pensé,1
shirts,1
exprimées,1
arriverai,1
fédération,3
venue,1
honnête,1
écrit,2
diversions,1
libéralisme,3
wenner,2
fleurons,1
finir,4
pompe,1
vivent,7
venus,1
textile,3
converti,1
ferme,4
loup,1
alimentent,1
engagé,2
thatcher,1
pensaient,2
renaissance,1
annonces,2
accuse,3
voyage,2
rabâche,1
rêvait,1
retrouvez,1
syrie,15
réintroduit,1
avide,1
haut,1
représentée,1
contrats,1
afficher,2
arrivent,4
réfléchir,3
majeur,3
représentés,2
violence,10
solides,1
sensibilité,2
trouverez,2
faillite,2
salaires,4
philippe,2
aigu,1
célébrer,2
désenchanté,1
déclin,1
systématiquement,4
pareils,1
multiplier,2
instrument,1
yeux,10
pitrerie,1
folie,1
taubira,4
française,47
entérinée,1
imposant,2
signent,1
risque,9
algérien,2
servent,1
penser,5
migratoires,4
véritablement,2
diplomatique,1
exclusivement,1
orientations,4
défavorisées,1
sénat,5
métaphysique,1
intervention,10
réintégration,1
informer,1
financement,2
bourgs,1
français,300
gants,1
conseil,6
défaitisme,1
phrases,2
condamné,14
gendarmerie,2
ceinture,1
rigueur,2
publication,1
marseillaise,2
bureau,2
puissantes,1
devrais,3
excuse,1
différentes,6
géostratégiques,1
monopoles,1
profits,1
compte,29
défense,9
brouillard,1
acceptons,1
niveau,13
béziers,1
supprimer,5
appréciable,1
extrémistes,2
attractifs,1
ultralibérale,9
complexité,1
condamnés,1
inévitables,1
déclaré,1
expérience,3
annonce,1
madame,58
invitez,1
condamnée,1
sache,3
hussein,1
gains,1
développement,1
preuve,9
factieux,1
désagrègent,1
trahissent,1
vocabulaire,2
départ,4
condamne,3
entrés,1
comparaison,2
transferts,4
bercy,3
désormais,3
dépêche,2
entend,2
jugement,2
expérimenté,1
invention,1
défilé,2
rouages,1
ennemi,1
réalisation,1
brute,1
soignent,1
directives,5
aspirer,1
réalités,5
corrèze,1
arrivés,4
dévoyé,1
adresses,1
apportées,2
dominée,1
haine,2
secourisme,1
dérives,5
désaveu,1
primaire,2
affronter,1
immunité,1
hériter,1
donnerais,1
quelques,22
hersant,1
concevoir,2
fondateurs,1
cacher,1
groupuscules,2
prudent,1
pédalo,1
pièges,3
indigner,1
électeur,1
conteste,2
discours,12
tranchent,2
petites,3
georges,1
terrorisme,6
ténèbres,3
referendum,11
crédible,5
commerce,7
moyennes,1
discuter,1
conscients,2
cœur,15
injecter,1
compétente,1
éloigner,1
chiens,2
indépendantes,1
nait,3
trompés,5
drame,4
chère,1
politico,3
publique,17
abrogation,2
sauve,1
gadget,1
rendait,1
payante,1
visait,1
préparons,1
humanisme,1
écoutiez,1
benoitement,1
sondage,1
présidente,3
empêcher,3
entre,64
présidents,2
désolée,1
gouvernent,2
responsable,16
dérive,6
démontrerait,1
investissait,1
succèdent,2
évoquer,5
bricolage,3
mittal,1
souvient,1
européen,10
souviens,2
colossaux,1
correct,1
recettes,2
magistrats,1
misères,1
industrielle,3
malheureusement,1
bleu,3
acte,6
écho,4
colère,4
fusionner,1
reportage,3
titres,4
radicalement,5
légèreté,1
présomptueux,1
sauvetage,1
indigeste,1
souvenir,3
situations,1
maréchal,1
récuse,2
serez,1
absolu,4
armées,2
communiant,1
réduction,2
consisterait,1
éclat,1
apprendrons,1
symbolique,3
avancer,2
naissance,1
resplendir,1
baballes,1
toxiques,2
installe,1
insertion,1
naturalisation,1
honnêtes,3
dépôt,2
boulot,2
enfermement,2
sincèrement,2
tendance,4
gratter,1
conséquence,9
rendent,4
étés,1
?...,1
chavez,1
spectaculaire,4
tarifaire,2
clés,1
délitement,2
voulez,41
fondement,1
symbolise,1
perdurer,2
islamique,3
engagement,2
rentable,1
laissiez,1
désespoir,4
mènent,3
produisant,1
collectif,9
prêtres,1
sensibilités,1
vouloir,5
mettre,42
emprunts,2
pneumatique,1
proposition,5
proportion,1
chez,8
centaines,4
fossé,1
perçus,1
franchise,2
banque,10
partent,1
houille,1
écart,4
pouvoir,65
fiscal,5
consommé,1
représailles,1
rappellera,1
plaît,1
obligatoirement,1
paroisse,1
catimini,1
malgré,3
mené,4
considérais,1
voyous,1
mafieux,3
vaste,2
capacitaire,1
vocation,4
maîtrisent,2
plus,250
établi,2
courir,1
occident,1
avez,30
repliés,1
rhin,1
décideront,1
guérini,1
achèverai,1
critères,4
antidémocratique,1
remercie,2
roumanie,4
avec,3
tromper,3
financiers,3
trompez,4
auxquels,2
chances,2
propositions,3
confondue,1
valorisera,1
rançon,3
sinon,6
ceux,1
photographie,1
payez,1
croisière,1
employés,1
assurément,1
apparu,2
vidée,1
déplacement,2
exploration,3
asservissement,1
bombes,1
allons,11
venant,3
navire,3
règlements,1
cohen,9
région,2
fondamentalement,1
épanouit,1
fléchir,1
opinions,6
regroupements,1
barjot,2
enquête,5
augier,1
vain,1
cautionné,1
existe,11
fallu,2
opposées,1
union,60
puisqu,14
franc,3
politique,183
soldé,1
vais,32
faux,14
fauteuils,1
amélioration,2
constituer,1
faut,112
véritable,9
lucides,1
guide,1
mériter,1
vannes,1
bankable,1
critiquent,2
échecs,2
pouvoirs,3
évitent,1
chirurgicalement,1
redressera,1
insupportable,3
exaspération,3
sécuriser,1
rejoindre,4
rapacité,1
comptes,8
compter,2
base,5
terreur,1
autorité,16
repose,1
marier,1
point,13
municipalités,7
choisit,1
etienne,1
bruxellois,2
rétrécir,1
choisir,3
choisis,1
sociale,15
impôts,11
choisie,1
circuit,1
émirs,2
fragiles,2
remarque,3
fraternisation,2
échéances,1
hostiles,1
voudrez,1
manie,1
apporterait,1
volant,1
allés,2
défendre,13
anglais,3
rabaisser,1
celle,19
trouvent,1
imprégner,1
murs,1
marqué,2
rayonner,1
fraternelle,1
vaniteuse,1
allée,3
jérôme,1
survivre,2
stupide,1
importés,1
activement,2
transformer,2
éducation,2
prévu,1
inquiétant,2
courageuse,1
près,12
intention,1
genre,9
route,2
âgées,1
sérénité,1
charte,6
sauté,1
agresser,2
capitalistique,1
chapitre,1
croyant,2
alerte,2
atteinte,1
enceinte,1
proposée,2
otage,1
trébuchant,1
rapides,1
désamour,1
envolés,1
soutiers,2
syndicat,1
insidieusement,1
législatif,2
marque,1
indispensables,1
amenuise,1
seront,12
serons,6
ampleur,1
saviez,1
trahi,3
établissement,1
agonie,1
cicatrices,1
naturel,2
professeur,1
transmettent,1
durement,1
jouent,2
musée,1
chômeurs,3
méprisantes,1
indécentes,1
capitale,1
mienne,3
regardez,5
individualisme,2
relais,2
visage,1
autoproclamées,1
massives,2
fouquet,1
complicité,1
candidate,1
gouverner,2
italienne,2
positif,1
passer,7
espoir,9
sévères,1
détruit,3
petite,7
exister,4
stigmatise,1
inouïe,2
hier,19
technocrate,1
mirage,1
claires,4
tactiques,1
petits,2
moyenne,1
financières,1
chômage,21
montebourg,4
hachette,1
vents,3
dévastatrice,1
bestiaire,2
quotidiennes,1
pneus,1
musulman,1
peinture,1
achètent,1
nous,82
chute,1
montré,2
logique,4
mise,12
réussi,3
agace,1
politiciens,1
combien,5
apparaît,6
bassesse,1
garantir,1
raisons,9
proportionnel,1
écoles,3
renforcé,1
intérêt,16
appellent,2
adoption,3
experts,6
dent,1
optimisation,1
libyen,2
empêché,1
aviez,1
modèle,24
goasgen,1
valls,7
heures,4
redonnerai,1
capitalisme,1
arbitrage,2
billets,1
trouvé,5
vert,1
vers,12
parent,1
villes,2
quarante,2
dispose,1
entendue,2
mandats,3
fabriquer,5
simplistes,1
achète,1
sûrement,7
défait,5
poursuivrai,1
plaisant,1
umps,7
dimanche,1
étonnera,1
judiciaire,4
prussiens,1
excel,1
sienne,2
fortiori,1
piliers,2
hydraulique,1
commentateurs,1
citer,1
étrangère,7
allemand,2
arrêterai,1
fertile,1
nuptiale,1
agitations,1
considèrent,5
journée,1
tours,1
empêche,3
entrées,1
radicales,1
autour,3
aidé,2
tombés,1
barbare,1
plainte,2
désobéiraient,1
nonchalance,1
sonnant,2
inefficace,1
thèmes,1
martel,1
cohérent,3
exclus,2
repenti,1
semaine,1
décision,6
différencie,1
association,3
insuffisants,1
osons,1
devez,1
disons,6
frontisme,2
chacals,2
guerre,23
légitimement,2
inventer,1
oublient,2
tant,17
élection,15
augmenté,1
serment,1
drapeaux,4
manœuvres,1
traiter,1
vision,10
discriminations,1
gloire,5
lobbies,2
inacceptable,1
croient,1
totalement,21
pousser,2
collective,6
mettrai,6
groupements,1
chartre,1
enfant,2
redressée,1
dirigent,1
ressort,1
radio,1
meuble,1
venu,2
masse,6
aide,6
antiparlementariste,1
attirer,1
medef,2
possible,17
surfe,1
échoué,2
gardant,1
liés,1
anna,1
approchait,1
vend,1
provisoirement,1
caricature,1
ignorer,1
puisez,1
dégonflés,1
diplomatiques,1
gagnons,1
concorde,4
partie,10
convaincre,3
apprenne,2
transmission,4
attias,1
personnage,2
conduire,1
supérieures,1
partir,6
folle,4
critiquable,5
vécue,1
côtés,5
présentation,1
diviser,1
veule,1
fragmente,1
parties,1
corse,2
allemande,2
attendez,4
culpabilise,1
battre,7
multipolaire,1
allemands,2
félicités,1
port,1
2005,3
retardement,1
ménard,1
considérer,5
galerie,1
prochain,2
envers,2
considérez,3
règles,9
connivence,1
ressentie,1
bases,2
intégrée,1
tenu,5
batailles,2
irrépressible,1
qualifié,2
armé,1
internet,2
images,4
cela,4
députés,14
laisser,15
promesses,12
acquisitions,1
clients,1
noyer,1
puissances,2
lisbon,1
exprime,7
adresse,1
nouer,1
responsabilité,24
œillères,1
paris,5
retenez,1
griffes,1
actuellement,5
indigne,4
regarder,8
escarcelle,1
laissent,2
arriver,6
livrer,1
bloquer,1
nourris,1
politiquement,6
cesser,2
futur,2
prospérité,6
calquer,1
contrat,4
auprès,6
études,2
continué,2
lybie,5
adaptée,1
bref,1
audace,2
privatiser,1
trahisons,1
commission,4
autorisés,1
stigmatiser,2
dramatiques,1
espoirs,1
acquise,1
paisible,1
richesse,1
valets,1
efficacité,2
redresser,2
françaises,11
merci,13
abandon,5
jeter,1
rude,1
exprimée,1
soutiendrai,1
incontournable,1
garder,1
haute,6
ineptie,1
avance,2
mensonges,6
croyais,1
adressé,1
termes,3
argentine,1
exprimé,5
tapie,4
bougeaient,1
avéré,1
accumulés,1
lendemains,1
compresseur,1
luttons,1
succomberai,1
cartes,1
légistes,1
christian,1
arrosé,1
approuvait,1
cassait,1
transparence,7
cherchons,2
mandat,12
continue,4
numériques,1
hurler,1
sauver,5
1905,1
ruinent,2
réducteur,1
inspiré,1
filière,1
économiques,6
pouvez,7
alignement,1
opération,4
électorale,2
illusoire,1
justice,29
vraiment,5
fichu,1
partiale,1
capacité,6
attention,2
fraudeurs,1
exécutifs,1
automatique,5
compteurs,1
objectivement,6
inadmissible,2
partenaires,1
désirs,1
lgbt,1
malhonnêtes,1
dossier,1
voter,7
difficulté,1
successifs,2
parlons,4
revoir,1
commissaire,8
géniale,1
compassion,3
réduire,1
équilibre,3
criminalise,1
positions,2
viendra,2
couronner,1
inter,1
tunnel,2
sincérité,2
trouve,23
prononcés,1
puissent,5
locaux,3
présence,5
espère,4
envisager,2
mènerai,1
berlin,2
offert,1
amitiés,2
discuté,1
ferai,7
attribution,1
claire,7
affaire,21
écrire,1
réduit,1
forger,1
céder,2
figé,1
bouvines,1
nivellement,1
options,1
amaigrissement,1
nationalistes,1
multiplie,1
multiplia,1
punir,3
suite,7
contribuables,3
vient,8
viens,2
interdiction,3
invente,1
rejetée,1
autel,3
redoutables,1
organiserai,1
tiens,8
tient,4
moquer,1
humaniste,1
exportations,1
permanente,2
ahurissant,1
préau,1
doigt,4
vite,4
idéologique,2
assad,7
saoudite,6
lassitude,1
mauvais,3
pose,7
règne,3
assauts,1
récompensé,1
sujets,14
subrepticement,2
agissait,3
soie,1
agression,1
soin,1
déconstruire,1
lorraine,2
bande,2
mentir,1
soit,67
soir,3
course,3
porter,4
mettons,1
valoir,1
affichage,1
avancées,1
déguisaient,1
réclament,10
épouvantablement,1
direction,4
distinction,1
expliciter,2
actuelle,1
injuste,2
rien,80
vice,1
présente,3
hélas,7
constitution,10
anticipées,1
ouvrir,6
justifiant,2
crin,1
atouts,2
déconnectée,1
concernent,1
envisage,3
transférée,1
guadeloupe,2
gagnant,1
donnée,5
soigner,1
velléitaires,1
supportons,1
mensonge,3
incompétence,1
importation,4
sommet,1
accessoirement,2
orientation,1
caniche,2
traditions,1
passion,1
peuple,109
carla,3
barrage,1
aggraver,1
rues,3
moscovici,1
réserver,1
réserves,1
extension,1
chauffailles,1
ouais,4
récent,1
danger,6
importance,5
identifiés,2
pardon,4
rendu,2
rends,1
négocier,2
veuillent,2
envisagé,1
malsaine,1
déplore,1
bruxelles,5
partout,12
trafic,3
cellule,1
manne,1
pression,3
influence,6
fixe,3
bombardements,1
rassemblé,1
pouvions,1
janvier,3
somme,5
lagaffe,1
sérieuse,1
fournies,1
poison,2
prévention,1
vendez,1
chaude,1
défaite,1
date,9
wahhabisme,1
évidence,4
riches,3
mecque,1
croyaient,1
unité,17
conduites,1
siècles,5
séparer,1
visée,1
archaïques,1
rebondir,1
magie,1
arrêtant,1
faible,4
contribue,2
respecte,7
avoue,4
cérémonies,1
entraves,1
respectent,2
presque,4
delà,7
rejetons,1
réussir,1
dominé,1
arrêtent,1
prédateur,2
demanderait,1
résistaient,1
sens,25
aucun,1
sortie,3
informations,4
passée,1
bavures,1
rassemble,1
fixé,1
engagements,3
pare,1
remboursement,2
protégera,1
fruit,2
fouet,1
dénoncé,2
cessèrent,2
pari,1
ministérielle,1
énorme,1
prendre,7
pitoyable,1
prendra,1
nation,40
véritables,1
feuilleton,1
crèche,2
service,13
censé,1
autrefois,1
redressement,4
municipale,3
déjà,31
zélé,1
solidaire,1
direct,1
tableau,1
vassal,1
argumentation,1
ravi,1
relier,1
méthode,3
nécessairement,2
facilité,1
crains,2
ferry,2
européennes,6
congrès,2
soutes,1
éprouvée,1
commerçants,1
proclamer,1
luttera,1
ultralibéralisme,8
frais,2
donnez,2
progressons,2
ferments,4
favorable,2
modestes,1
prétend,1
soudan,1
suprême,2
engagée,2
chaleureux,1
souvent,12
positionne,1
préoccupation,3
toutes,51
adoptant,1
dangereuses,1
interne,3
confonds,1
france,254
défendait,5
valeurs,12
face,18
reconstituerai,1
boutique,2
piscine,1
postes,4
visera,1
décide,3
procédés,1
gagnée,2
inspirent,1
pédagogistes,1
élémentaire,1
fier,1
bête,1
écoute,1
auguste,1
queue,2
heurtait,1
explications,4
indécent,4
dirige,3
illusion,1
heureux,4
mensongères,1
éduction,1
anathèmes,1
pacifier,1
grande,24
extraordinaires,1
positive,1
passent,1
cantonales,1
complexe,4
flosse,1
cible,1
incohérents,1
étend,1
purement,2
cesse,12
giscard,1
boutiques,1
victimes,21
prendrais,1
chambre,4
matins,2
commercerons,1
accèdent,1
ambition,1
différent,1
passant,1
diable,2
consommateur,1
meilleures,1
argument,2
aperçoit,3
disciples,1
comportement,6
nécessaire,6
démontre,8
américain,1
bousquet,1
personnalités,2
chasse,2
psychologiquement,1
poserait,1
chevallier,9
juillet,3
courage,3
venues,2
regarde,3
lesquelles,1
dominent,1
économique,31
assigné,2
taux,1
fédérations,2
rationnel,1
demi,5
défend,1
retourner,1
faiblesse,1
contestez,1
individualiste,1
contester,1
école,20
faïence,1
permet,10
existence,5
espaces,2
seraient,2
fondamentales,1
nommons,1
journalistes,16
otan,1
réaffirmer,1
combattez,1
frontière,2
respect,11
parlement,11
talents,3
règle,8
engagerai,1
dilemme,1
démontré,2
super,1
retrait,2
parlions,1
conditions,17
kadhafi,1
patron,3
utilitariste,1
regardé,2
saturation,1
uniquement,4
siècle,5
directement,7
bipartisme,1
rompre,4
dérégulation,1
aisément,1
caméras,2
condition,4
dommage,2
effectivement,22
malheureux,2
personnelle,2
vécu,3
litanie,1
comment,3
sièges,1
alliés,5
matériels,2
résumé,1
moraliser,1
créés,1
jouer,2
brutalisé,1
lorsqu,25
empire,1
malhonnête,1
ressemble,2
détruire,3
tentative,2
consommation,1
retourne,2
émises,1
1914,1
dessinée,1
protectrices,2
soupçons,1
obsolète,1
argent,10
circonstances,2
présenterons,2
entends,3
entendu,19
porcs,1
entité,1
découpé,1
machine,2
protectionnisme,15
graverai,1
recommandables,1
sine,1
misère,1
claquant,1
détournés,1
trafiquant,1
difficiles,4
élevage,1
représentation,1
regagne,1
cryptée,1
serrer,1
hypocrite,3
fleurs,1
étais,4
était,76
instrumentalisation,1
passerons,1
critiques,2
échos,1
périlleuse,1
schengen,5
géométrie,1
honnêtement,13
légitimité,2
amène,2
concentration,1
verrons,1
contrairement,4
loger,2
dalongeville,5
têtes,1
indivisible,2
profiter,4
émergence,1
permettra,3
expériences,1
permettre,6
trains,1
nouvelle,17
alliance,3
étudiants,1
florence,1
itinérants,1
recueille,1
personne,2
intentions,1
frappée,3
assignation,1
lâcheté,1
débat,18
exigeraient,1
profondément,15
petit,12
assemblée,12
lieu,8
drôle,1
affaiblissent,1
sereinement,1
oubliés,5
pousserai,1
mouvements,7
relire,1
dates,1
éviterait,1
voyez,40
derniers,3
poids,3
rançons,4
éparpillés,1
démocrates,1
atteindra,1
atteindre,5
recrée,1
deuxième,2
expliquerai,1
shirt,1
couleur,1
restent,2
effet,2
pacifique,1
essentiel,3
ministères,1
insurrection,1
retire,1
encadré,1
gogo,1
pilule,1
remplir,1
caudines,1
électoral,2
irlande,1
eglises,1
moyennant,1
soumettre,5
frôlé,1
découragent,1
bien,222
voix,13
structure,1
vendent,1
électorat,2
injustement,1
croissante,2
malaise,3
automatiquement,1
consultées,1
rassemblement,10
devoir,1
syriens,2
développent,1
faisant,1
manifestation,8
félicite,2
estrosi,1
nomenclature,3
duquel,1
imagination,1
disciplinés,1
funeste,2
soyons,3
logements,6
imaginer,1
convier,1
saisie,1
quartiers,3
imaginez,2
appliquer,4
instruction,3
yvon,1
oubli,3
immédiat,1
disant,12
acteur,1
subie,1
tournée,1
chantre,1
subir,2
juger,3
gourmandise,1
formes,1
législatives,7
affaiblie,1
révolutionnaires,1
sort,4
pacs,2
affaiblir,3
uniques,1
rappelle,13
neige,1
airs,1
expliquer,9
pratique,2
rétroactivité,1
terroriser,2
copé,10
entraînent,1
confortable,3
inouïs,1
blessés,1
nécessaires,1
pêcheurs,1
noms,3
constituant,1
enfance,1
accédez,1
polémique,3
scolarité,1
exporte,1
combattre,7
scolaires,3
génie,3
ailes,1
abrogeraient,1
mettant,1
porteuse,1
islamiste,2
fière,1
moribonde,1
étrange,3
civilisations,1
anesthésié,1
diktats,2
alliez,1
notamment,23
allier,2
accord,27
assurance,1
propriétaires,1
fatuité,1
bonheur,3
hauts,3
fouillées,1
passage,3
efficace,4
majoritairement,2
baptisée,1
pétition,1
révélations,2
troubles,1
aimeraient,1
souffert,1
devront,1
évolutions,1
devrons,2
fraudent,1
verbe,1
austérité,26
long,4
compétitivité,3
éventail,1
fâchent,1
probité,4
mercenaires,1
evidemment,4
prévoir,2
piste,1
marie,14
parfaite,1
attachée,1
dessine,1
angleterre,1
saisirais,2
pèsent,1
profonde,1
mener,11
répétition,1
rigoureux,1
promesse,9
aurons,2
menez,1
auront,4
repentances,2
chutes,1
certitude,3
civil,1
afrique,3
campagne,15
propose,6
irais,2
dati,1
voulons,13
populistes,2
solution,3
brûlés,1
budgétaires,1
satisferons,1
appétits,2
approfondie,1
strictement,10
attendons,3
professeurs,2
signifie,7
produits,4
gratuitement,1
construire,1
dixit,1
délai,3
êtes,19
géré,1
juppé,1
déterminées,1
horreurs,1
univers,1
ressources,2
ressourcer,1
nier,2
secondes,1
baisserai,1
aggravation,5
tard,3
ecole,6
important,5
excite,1
servage,1
sûreté,1
croyances,1
indemnités,1
contestation,1
certainement,3
faute,7
regard,2
meurtres,2
corrompues,1
rire,1
dérangent,1
discutable,1
elle,16
cliqué,1
acquisition,1
énième,2
atout,1
périls,1
attentive,1
enseignants,3
convaincantes,1
principal,1
bandes,2
adressons,1
ambages,1
subi,1
million,3
sommes,92
parviendra,1
abord,40
bourges,2
réminiscences,1
deçà,1
structures,2
capitaux,2
relancer,5
laïc,1
prise,4
isolement,2
dénigrer,1
baladaient,1
attendront,1
naître,1
trompent,1
cerveau,1
équipe,1
ennemie,1
moderne,1
crime,6
incapable,3
déloyale,7
rend,5
naturalisations,1
occurrence,11
accepteront,2
regrettable,2
textiles,1
aujourd,111
oppose,2
évoluons,1
adhèrent,1
convaincue,6
millions,17
entrepreneurs,3
ennemis,1
poursuivent,1
plaidons,2
souveraines,1
bedonnants,2
budget,8
débordée,1
inspecteurs,3
renseignements,2
cause,12
cohérente,2
bulgarie,5
gouvernementale,1
préoccupations,5
oise,3
cette,28
correspond,2
interviewé,1
socialiste,28
négative,1
autant,9
injure,1
finissent,3
ignorez,1
indiqué,3
entamé,1
urgentes,1
réélus,1
cadenassé,1
achat,14
déterminer,3
précise,1
homosexuels,8
irai,7
irak,3
plaque,1
peurs,1
opposé,3
fiscale,10
respectueuses,1
considéreraient,1
refuge,1
constitueront,1
lénifiants,2
revendiquent,1
aperçoivent,1
résolument,2
crimes,2
habillement,2
habitants,3
besoin,13
dramatique,5
farouche,1
toulouse,2
échappé,2
points,7
espérant,1
interminable,1
vème,3
irakiennes,1
religions,2
proportionnelle,4
pointe,1
rejeté,1
promenade,1
autoriser,1
formule,1
méritait,1
puiser,2
taxes,6
accusés,1
parlementaires,4
charles,1
chaîne,1
surfaces,1
empressés,1
obliger,1
sombre,2
évitable,1
accueillons,1
investir,1
confier,1
leurre,2
diffamation,3
culturel,2
directe,4
mondialisation,26
ouvrent,1
doucement,1
hygiène,1
mercantiles,1
péremptoires,1
engager,3
immobilisme,1
compreniez,1
notes,1
fallait,7
anxiogène,1
mercantile,1
choquait,1
desséché,1
commentaires,3
pervers,1
longuet,1
dénoncée,1
mirobolants,1
exercice,5
sanctionnée,1
laid,1
prestigieuses,1
épouse,1
partis,11
sacrifiés,2
planer,1
servie,1
manqué,1
apéro,1
variées,1
marigot,1
intrinsèque,1
espèce,2
mode,3
instaurer,1
servir,3
loups,1
renaisse,1
payent,2
noir,1
jalonné,1
éolien,3
doivent,9
blasphématoire,1
chaleureuse,1
anticipé,1
social,14
souffrances,1
ensemble,26
2000,1
brillamment,1
2002,2
délétère,1
imposer,11
2007,1
2008,4
quiconque,1
ouvre,4
jeune,6
supprimée,1
régions,1
soutien,8
régissent,1
considérons,3
épouvantable,5
mission,1
accueillir,1
exigence,2
sémantique,2
dissoudre,2
tenir,6
implantations,1
police,4
manque,3
adversaire,1
dévaluer,1
délocalisations,4
recherches,1
appelions,1
tués,3
manœuvre,5
malheur,2
années,30
équilibrée,1
caractérisé,1
haines,1
intéressés,4
prises,1
gros,5
protégée,1
rassembler,4
avocat,7
général,10
protégés,2
programme,4
fonctionnent,1
nécessité,2
noient,1
diverses,1
trahie,1
meurt,2
querelles,1
victoires,3
candidats,7
toucher,4
augmentation,12
réputation,2
fromages,1
prennent,4
disparaître,2
rouleau,1
immigration,39
voyant,2
gangrène,1
maurice,1
biais,1
anglo,2
principale,3
aimons,1
enquêtes,1
scolaire,2
morale,7
poursuivit,1
poste,3
grilles,1
grèce,4
peine,4
sévèrement,1
annoncerai,1
reviendrais,3
parlerai,1
suffit,5
condamner,3
subjectives,1
profit,6
quimper,1
bouche,5
nécessite,1
intelligence,2
réponds,1
continuer,7
redonnant,1
août,1
énormes,2
enfonce,2
considèrerai,1
référence,1
éditorialiste,1
dirai,1
espérer,1
nomade,1
vulgarité,1
fraternité,6
pauvres,4
saisissent,1
sentir,1
disposer,1
indignée,2
stop,5
symbole,5
papas,1
dissimuler,1
écouter,1
égorgé,1
conclu,1
élargissements,1
globe,1
divinatoire,1
blessantes,1
réagisse,1
comprend,2
agresseurs,3
prémisses,1
systématique,5
presqu,2
dédouaner,1
savants,1
connu,2
comptais,1
arrivée,3
dessein,3
draper,1
1813,1
prévisions,2
souhaite,3
modeste,1
questions,8
consiste,6
vénération,1
autres,56
laissez,1
membres,3
consommateurs,2
assez,23
lourdingues,1
disiez,1
continuent,3
intervenons,3
décisions,2
poudrière,2
espagnole,1
offensive,1
installer,2
fabricant,1
devants,1
bayrou,2
avais,15
avait,44
éléments,4
musulmane,1
fanatiques,1
déclassification,1
mieux,15
londres,2
positives,1
confondues,1
incapacité,2
heure,6
régionale,5
précis,1
déceler,1
profondes,2
importations,2
rapports,4
bientôt,2
manifestants,4
électoralistes,1
états,3
disait,2
rapporte,1
disais,3
générale,7
blague,1
entendaient,1
correspondre,1
condamnées,1
brûler,1
éminemment,2
attachons,2
projectiles,1
échiquier,1
dissuasive,1
espéraient,2
intervenu,2
devedjian,1
période,2
écotaxe,6
démoralisation,1
projets,2
allah,1
injurieux,1
redire,1
descente,1
démontrent,1
vœux,6
couturé,1
permettrai,1
amorcer,1
reconnaître,1
citoyenne,1
laps,1
auparavant,1
marseille,5
spécialiste,2
invite,1
tenues,3
coupez,1
large,1
apportent,1
parvenus,1
monarchiques,1
couper,1
extrêmes,1
viole,1
vertébrale,2
ligne,3
héritiers,1
lampe,1
cris,2
caves,2
leaders,1
aise,1
toulonnais,1
première,14
rôle,11
horizon,2
privée,4
résignons,1
mettait,1
mettais,1
saoudiens,1
communes,5
marcheront,1
inlassable,1
monarchie,2
déclinistes,1
incohérent,1
promouvoir,1
nucléaire,2
porteurs,1
souffle,1
contrôler,3
opposer,3
récidiviste,1
pieds,3
parti,34
moque,3
suspendre,2
lucide,1
devenus,2
conception,4
pôle,1
majorité,16
sénateurs,3
reconnaissent,3
irréaliste,1
aplatir,1
fortunés,1
attente,2
agroalimentaire,3
émeutes,1
gauche,52
choix,13
servitude,2
retirée,1
renégociant,1
payées,1
satisfaire,1
trouvait,1
traité,8
raison,24
nord,4
casser,3
estaing,1
chartes,1
rencontrer,1
défaire,2
relève,1
titre,5
vise,8
régler,6
aplomb,1
chimiques,3
avantage,1
intéressant,8
danses,1
dénoncer,9
indépendance,7
semblerait,2
site,1
conclure,3
infini,1
multiples,2
dépréciation,1
partirons,1
capacités,4
beau,5
arbitre,1
exclurai,1
aurions,1
pensent,9
état,8
traitée,1
prend,7
modem,2
proposera,1
remplaçant,1
démarche,3
traités,1
solide,3
société,12
présent,2
avocats,3
intermédiaire,7
paieront,1
nouvel,2
présenter,3
goût,1
davantage,1
jetait,1
faits,8
utiles,2
attend,2
dégoût,2
couples,1
accords,2
parler,22
consignes,5
devienne,1
plaide,2
rappelé,1
grand,35
renouvelé,2
étonna,1
battrai,1
étonne,3
récession,1
notre,11
feuilles,1
tiers,1
bipolarisation,1
recréer,4
recours,2
protège,4
faciles,1
soldats,2
idole,1
planétaires,1
dignité,1
forment,1
personnages,1
cohésion,1
réélu,3
transgression,1
couvert,2
égales,1
appelait,1
tombe,2
individuel,1
profond,1
démantèlement,1
pages,1
dirigeant,1
appliqué,1
leurs,60
ores,1
cependant,1
toulon,6
loin,15
cessent,3
agissons,1
lois,16
message,5
activités,2
terroristes,1
accordé,1
très,6
économistes,1
elkrief,1
détermine,2
politicienne,2
jihaddistes,1
emploi,10
régime,3
reprend,2
tribalisation,1
complaisance,2
préfèrent,1
srait,1
russie,1
travailleurs,7
représentatif,2
ravisseurs,1
téléspectateurs,3
illégaux,1
victime,5
fonde,1
détiennent,1
impossible,3
premiers,2
chinois,8
rebelles,10
tombent,2
quant,2
irréparable,1
condamnable,1
relent,1
tombé,1
devriez,2
shumann,1
reprendre,2
quand,17
municipaux,9
provoquent,1
entreprises,11
éthique,1
récupéré,1
jeunesses,1
menées,1
accès,2
émettaient,1
responsables,21
brachay,1
paradis,1
composantes,2
réclamaient,1
todd,1
parais,1
parait,2
milité,1
divisée,1
connus,1
patrie,14
saxonne,1
revienne,3
manche,1
appareils,1
connue,2
laissé,5
diriger,1
accusé,6
dorés,2
serions,2
marre,1
disent,16
damoclès,2
balader,2
premier,28
arme,3
commissions,1
mélonchon,1
rime,2
exclusif,4
livrant,1
connaître,3
capables,4
paie,1
multiplication,3
pain,1
demander,3
hautes,3
baisse,3
injustifiable,1
impôt,1
place,29
imposent,3
cambrioleurs,1
légalité,1
paix,3
agite,1
absurdité,1
communistes,1
1973,1
unanimité,2
préfets,1
secrétaire,3
solidarité,5
indépendantiste,2
arabie,6
délocalisation,1
humanité,2
enchaînent,1
fronde,1
intelligemment,1
rémunérateur,1
élus,13
cantines,1
insu,1
longues,1
technique,1
république,40
laisse,2
muscles,2
laissa,1
élue,1
mettent,2
remettant,1
bégaye,1
incohérence,3
cure,1
médiapart,1
simonpieri,3
canada,1
moyens,8
réarmer,2
prêt,1
arguments,1
remettent,1
désignée,1
retrouver,11
frappent,1
botte,1
regards,1
résiliation,1
démagogie,2
moitié,1
douloureux,1
mortel,1
poursuite,2
évident,5
groups,1
partielles,2
réveillent,2
conflictuelle,1
massive,12
contribué,4
transportable,1
redonne,1
défenseurs,2
permettrait,2
régional,1
protectrice,2
publiques,4
réveillant,1
antithèse,1
couronne,1
liste,15
quittés,1
procédures,1
argumente,1
criminel,2
dictature,2
modérés,2
format,1
innocent,2
plusieurs,5
obéira,1
dorian,1
dissolution,8
fameux,2
concrètement,4
quotidien,4
dévalue,1
assimilation,3
empreinte,1
âges,1
mariage,15
régionaux,3
savoir,28
galeuse,1
souviennent,2
bambino,4
diffuser,2
souffre,1
entière,4
inscrit,1
ordres,3
affaires,15
fixée,1
tranquillité,1
acceptée,1
plongeait,1
appeler,2
prison,4
discrimination,1
liées,2
parapluie,1
futures,1
journal,1
époque,6
aptes,1
tragédies,2
minutes,4
réduisait,1
domaines,2
accroire,1
taxe,2
bouquet,1
essaye,1
détriment,4
brésil,2
planète,2
bienvenu,1
brutalement,1
laïque,1
franchement,2
steeve,2
ultralibéraux,2
affirmer,2
bowie,1
anti,6
phase,1
également,5
connais,1
intégration,1
incompétents,2
contradictoires,1
constance,2
mettrons,1
désengagement,1
rétablirons,1
expliquant,2
militants,3
définitivement,1
réussites,2
cherchent,6
clandestin,2
favorisée,1
ouvrait,1
cycle,1
représentants,2
plaider,3
posément,1
gray,1
proposer,1
asile,1
fierté,4
renvoyer,2
terminent,1
chers,19
vivons,5
entreprenants,1
effectuées,3
priorité,9
grâces,1
enseignements,1
reculs,2
surplace,1
courte,1
adoptée,3
desseins,2
craintes,1
sectaires,2
montre,2
métier,2
mesuré,4
présentons,1
charia,4
travers,8
émanation,2
mémoire,2
prochainement,1
sarkozyste,1
catin,3
pourront,1
alors,53
déception,3
réussira,1
convaincrons,1
affrontements,2
réellement,4
manif,1
garants,2
changent,2
pans,1
cheval,1
résister,1
saxons,1
œuvrent,2
commentaire,1
surnom,1
ministres,7
après,23
permettez,14
saïd,2
supporteraient,1
offre,1
représentant,1
battent,1
largesses,1
plates,1
précarité,4
sensibles,2
télés,1
allusion,1
dupes,1
mafia,2
prouve,2
files,1
lapidées,1
jugeront,2
dépenses,8
dans,22
décrètent,1
reculerai,1
patronat,2
publie,1
résiduelle,1
cabana,1
monnaie,18
symboles,3
excédent,1
veux,75
gouvernement,57
dirigeants,10
partant,1
veut,56
batailler,1
normes,1
deux,1
courageusement,1
agriculteurs,2
sérieux,6
public,8
appliquée,6
dirigeante,1
introduite,1
lesquels,6
salarié,1
ouest,1
asservi,1
abat,1
liberté,43
tenter,8
laquelle,15
procès,5
milliards,8
combattons,2
agisse,2
tapis,1
suivent,1
journalisme,1
serviles,2
esclave,1
dispute,1
allemagne,11
bafouer,1
ouvrant,1
produisent,2
changer,12
gêne,1
solitude,3
dieu,2
apprendre,1
compétition,3
information,6
portée,2
fiers,4
élevée,1
démonstration,1
atteint,1
choisies,1
terrain,5
isère,1
laïcité,5
flux,4
jalousie,1
virulent,1
sondages,5
délits,2
unique,7
installée,1
délinquants,5
débattre,2
puissance,6
anticipés,1
nombril,1
rang,3
actions,2
transformé,1
principaux,3
remporte,1
individuelle,4
décris,1
négociations,3
bonnes,5
napoléon,1
apportait,1
substituer,2
nauseam,1
syndicats,3
hauteur,2
grandissante,2
ouvertes,4
attachement,1
plantez,2
média,1
pièces,1
intéressent,1
attentat,1
sociétales,1
démis,1
noires,1
susciter,2
hommes,9
père,1
soupçonné,1
rebond,1
opprobre,1
repartir,1
quotidiennement,1
retraite,2
allaient,1
partageaient,1
intègre,1
apparaissait,1
femme,1
multiculturalisme,2
plateau,2
fécond,2
rupture,7
lente,1
détournements,1
verront,2
formation,1
fragmentation,1
évoqué,1
illégal,2
admire,1
studio,1
aimez,1
révèlent,1
double,5
maintien,2
casier,1
confrère,1
option,2
chercher,10
mais,171
séparent,1
remèdes,1
maîtrise,3
cherchez,1
soutiens,1
opposés,2
soutient,1
légitimes,1
épopée,2
européiste,4
obtenir,5
soviétique,2
quitte,1
huile,2
marseillaises,1
rangs,1
avancée,1
entoure,1
nationalité,11
financier,4
discussion,1
normal,2
accepterai,1
examen,3
tenez,4
commande,1
miser,1
pouvons,10
tranquillement,1
plaies,1
interdictions,1
bâtiment,1
créent,3
différence,21
arrache,1
banlieues,3
fini,2
parlait,2
enfuir,1
fins,1
fera,6
chèche,1
abrutissant,1
dissidente,1
soutiennent,1
taillée,1
hausse,2
chinoise,1
destruction,4
graves,2
norme,1
commençons,2
milieu,1
ferais,2
menons,2
capitaine,3
vitalité,1
pronostique,1
hypothèse,6
pensants,1
belliciste,1
redonner,11
piscines,1
dirigeait,1
diplomatie,5
mélangez,1
commise,1
occupe,1
utilisation,2
essayant,1
procureur,2
choquant,1
divergents,1
nationalités,2
maroc,2
inouï,6
inspire,2
rantanplan,1
vive,7
retournons,1
retrouvions,2
constitue,2
nationale,37
munitions,1
glorieux,1
défende,4
accueil,1
apanage,1
analyses,4
professionnalisation,1
lobby,1
moments,2
défends,2
gratuité,1
nommerai,1
impunité,4
conscience,10
défendu,1
mauvaise,5
entrainerait,1
croissant,2
reconnaîtra,1
fraudes,1
major,1
pluralité,1
effectuer,5
libres,3
parfait,2
surcroît,1
occupation,2
globale,1
pronostiqué,1
nuit,8
soupé,2
dizaines,3
effectue,1
réveille,1
ennuyeuse,1
produira,1
ridicule,2
étonnés,1
saccagé,1
rural,1
prime,1
institution,1
prendrai,1
brejnev,1
pudiquement,1
adhéré,1
pigiste,1
adorez,1
travaillions,1
constitués,1
assistance,2
publicité,1
matière,19
erreurs,1
barre,2
déterminée,1
délocaliser,1
fermeté,2
ferait,2
arrivait,1
gratuite,1
cercle,1
uniformisation,1
progressive,1
mets,1
autonome,1
thème,1
commencerai,1
répétant,1
communion,1
leitmotiv,1
succède,1
particuliers,1
corruption,5
individu,1
promotion,1
habitudes,2
régule,1
irlandaise,1
transport,1
consistent,1
intensifier,1
étrangement,1
suffira,1
potaches,1
spéculation,1
étonnée,1
esclavage,1
bannir,1
scène,1
anarchie,1
sapent,1
coût,6
soupçon,1
sacrifice,1
soulevés,1
francfort,2
inique,1
conseillers,7
identités,1
obtenu,1
tronquée,1
invincibles,3
chérie,1
explique,4
simple,15
antidote,1
agence,1
importante,5
tête,20
scandaleuse,1
tirons,2
salengro,1
claquage,1
importants,1
bachar,7
affublés,1
demandais,1
évidemment,35
pléthorique,1
mises,2
neuilly,1
émotion,1
trafique,1
remorque,1
stupéfait,1
redis,1
crise,7
voisins,1
redit,1
laboratoire,1
critiquables,1
codes,2
inadaptée,1
portent,3
ethniques,3
margaret,1
jeanne,4
bafouée,1
historique,4
religieuses,2
archaïque,2
permanence,2
ordonné,1
jugés,1
fort,10
œuvré,1
flatté,1
surprise,1
moyen,13
cadres,1
bénéfique,2
manifesteront,1
redevient,1
pleine,2
renoncement,1
démocracie,1
expliqué,4
exceptions,1
patriotisme,9
réduits,1
appartient,1
juridique,1
