first,second,third,likelihood_ratio
pays,union,européenne,1036.485875135871
secrétaire,parti,socialiste,452.873206696051
rester,union,européenne,1055.793523832276
faut,bien,dire,213.29726561028542
faut,mettre,place,151.46237406798275
madame,commissaire,politique,263.2620541467218
referendum,initiative,populaire,258.0292944930285
front,national,extrême,1732.5591108985686
front,national,avait,1707.0001246123325
parle,journalistes,parle,134.13716991789238
jean,marie,chevallier,416.0148016705221
jean,françois,copé,105.0483049536434
bourdin,monsieur,bourdin,245.00640800924572
mettre,œuvre,atteindre,186.86364943820325
mettre,place,protectionnisme,179.02309860692648
contre,front,national,1701.562355412866
contre,mondialisation,sauvage,282.1288286712443
œuvre,patriotisme,économique,198.97406112111167
veut,dire,veut,259.8133023948721
rassemblement,bleu,marine,154.02759926751955
celles,allons,gagner,127.05945529581334
armes,destruction,massive,129.60718996558728
entre,citoyens,français,108.88400438658368
millions,demi,entre,109.04185278495453
groupes,politico,religieux,164.75957152208878
candidat,front,national,1723.4162623850941
conseillers,municipaux,front,194.07174763374638
projet,front,national,1714.1186376545397
nous,sommes,rejoints,392.94350090281614
demi,entre,avaient,109.04185278495453
premier,secrétaire,parti,120.15887859938539
dissolution,assemblée,nationale,247.03684136532178
monsieur,bourdin,monsieur,236.41421226825764
plus,front,national,1698.4979013581988
plus,millions,demi,99.78942267377386
tour,france,oubliés,173.91533907022176
lutte,contre,mondialisation,212.90540166757123
nicolas,sarkozy,françois,734.773291792491
concurrence,internationale,déloyale,306.6538681049175
seconde,guerre,mondiale,135.54783892209662
chambre,régionale,comptes,146.38213321417058
promesse,mettre,œuvre,179.80152385869212
sarkozy,françois,hollande,607.4360430303996
gouvernement,union,nationale,107.19076932060764
immense,majorité,homosexuels,208.56009805598674
bien,entendu,mais,215.2017710500508
beaucoup,autres,pays,113.51501596767216
ouverture,totale,frontières,121.33618933879328
place,protectionnisme,intelligent,150.95001430431518
assume,assez,bien,129.07233488453406
municipaux,front,national,1737.2134880523008
cette,mondialisation,ultralibérale,180.59305015159217
certain,nombre,années,582.7940601202607
certain,nombre,autres,577.1018057928574
idées,front,national,1714.604309747495
