word,raw_frequency
nature,2
effondrement,1
édictées,1
actes,1
emparer,1
sereinement,2
marche,1
dépendent,1
lubies,1
défendrait,1
dynamique,2
euro,5
virtuel,2
fixer,1
voyez,1
clarifiantes,1
attacher,1
aucune,1
poids,1
parler,2
multinationales,1
douleur,1
révision,1
plateau,2
deuxième,1
lequel,1
collusion,1
chefs,1
perdre,1
issus,2
vaut,1
effet,3
afin,1
eurofanatiques,1
ensuite,1
nommer,1
bertrand,1
dimension,2
existent,1
dette,2
objectif,2
préconise,1
spécialement,1
observateurs,1
recomposition,1
classe,2
immédiatement,1
européens,3
avril,1
bien,16
structure,1
présumés,1
terminée,1
devons,2
figure,1
autorisation,1
culture,1
témoignent,1
marché,5
rassemblement,3
mondialisé,1
portugal,1
cœur,2
apprend,1
arrêter,3
spécialistes,1
remonte,1
responsable,1
faisant,1
panneau,1
tiendrons,1
chemin,1
montrent,2
venir,2
antisocial,1
électorales,1
reconnais,1
devant,1
hystérisation,1
faisons,1
permettront,1
européenne,20
grèce,1
nièce,1
jours,1
côté,2
notre,2
grenoble,1
combatte,1
appliquer,1
considérables,1
disparition,1
états,1
viennent,2
excellente,1
intense,1
monde,4
lisant,1
polémiques,5
rapidement,1
anciens,1
véritable,2
officielle,1
requiert,1
nôtre,1
tournée,1
grâce,3
objet,2
monsieur,2
adhérents,3
dirais,1
législatives,1
bureaucratie,1
prolongement,1
communautés,1
affaiblir,1
lorsque,1
rappelle,2
continent,1
altafaj,1
italie,1
tésor,1
expliquer,1
suffit,1
modernes,1
père,2
parfaitement,1
dépensent,1
blessés,1
compétence,1
nécessaires,1
projet,11
poursuit,1
interroger,1
reconstruction,1
chiffres,1
umps,3
combats,3
polémique,4
étrangère,1
combattre,1
faut,12
génie,1
médaille,1
pensé,1
disons,1
tant,2
islamiste,1
concurrence,4
enfant,2
attendions,1
immense,1
surabondance,1
président,4
intelligence,1
sympathisants,3
notamment,8
caisse,1
accord,1
accéder,1
stratégie,4
finance,1
formulées,1
ferme,2
blog,2
mesdames,1
comprendre,1
passage,1
efficace,1
bulgares,1
exactement,1
majoritairement,1
révélations,2
haute,1
comme,2
dérégulé,1
propriétaire,1
etats,2
année,14
démesuré,1
contrats,2
capable,1
culte,1
feuille,1
sein,1
phase,2
austérité,4
prescriptions,1
département,1
violence,2
interpellés,1
domaine,1
faillite,1
rejoignent,1
vidéos,1
marie,13
pense,6
blocage,1
dessine,1
angleterre,1
arrivée,1
systématiquement,1
espace,2
generis,1
mener,1
enfin,2
dépôts,2
transgresser,1
sommes,6
taubira,3
utilise,1
française,6
communication,3
campagne,4
propose,1
individuelles,1
recommande,1
risque,1
dati,1
aggrave,1
inscription,1
date,1
jeunes,1
restaurants,1
tensions,1
conserver,1
dénaturer,1
moral,2
économie,3
offraient,1
informer,1
télévision,1
vision,2
signifie,1
creuse,1
nuire,1
bâtir,1
dieudonné,1
dualité,1
eurostérité,1
condamné,1
aurais,1
formations,1
entrer,2
aurait,1
allez,1
êtes,1
demanderons,1
bassement,1
censure,3
grave,2
combat,2
nier,1
lescure,1
faire,16
plane,1
confus,1
attaqués,1
complet,1
compte,4
défense,4
complexité,1
attendre,1
solennelles,1
autriche,1
américains,1
fais,1
niveau,4
renvoi,1
dépression,1
siècle,1
terrible,1
famille,1
contestation,1
saurait,1
ultralibérale,1
chargée,1
fusions,1
insultante,1
opposant,2
attaque,1
complait,1
rire,1
annonce,1
institut,1
continuerons,2
elle,2
madame,2
temps,5
action,1
développement,1
énième,1
massivement,1
contre,8
atout,1
dire,7
battue,1
mouvement,8
principal,1
complète,1
pensent,3
symbole,2
violemment,1
instaure,1
révéler,1
abord,4
désormais,4
clarté,1
confuse,1
affaiblissement,1
destructeur,1
débloquer,1
tranquillement,1
entravé,1
pliée,1
journaliste,1
affrontant,1
sentant,1
salles,1
pèse,1
aider,1
défavorables,1
soumet,1
écoutant,1
cherche,2
adaptation,1
récemment,1
municipales,5
déloyale,1
quelques,1
rend,1
militaire,1
cacher,1
datent,1
abandonnée,1
accélérer,1
nationales,2
aujourd,20
oppose,1
conteste,1
entente,1
masse,1
bidonvilles,1
location,1
millions,1
budget,1
petites,1
papier,1
masquer,2
religiosité,1
mairie,1
interprète,1
ardisson,1
devoir,2
différents,1
probablement,1
guère,1
imposé,1
réversible,1
trompés,1
apportée,1
référendum,3
cause,4
verts,1
pénale,1
application,1
aimerais,1
identité,3
préoccupations,4
cette,8
bénéfice,1
socialiste,1
sondage,2
présidente,2
étrangers,2
dogmes,1
lyon,1
empêcher,1
rhône,1
réels,1
tutelle,1
abondamment,2
entre,9
achat,1
soutenue,1
réactions,1
retour,1
naïve,1
celui,4
irai,1
tabou,1
volonté,1
confrères,1
gens,1
déplaçait,1
démontrerait,1
commerce,1
considérées,1
demeurer,1
étudiées,1
souhaiter,1
européen,7
etat,2
détachent,1
changement,3
correct,1
défensive,1
taillé,1
points,1
marseille,1
large,1
impose,2
impact,2
direction,1
majorité,4
ailleurs,5
légitime,1
félicite,1
bleu,3
acte,2
acta,1
soucions,1
reculer,2
forçant,2
reste,2
libre,3
monopole,1
score,1
souvenir,1
grand,6
agissant,1
sociales,1
ferrand,1
amour,2
avant,2
assurer,1
semaines,1
symbolique,2
avancer,4
mondialisation,2
réactive,1
patriote,1
sentiment,1
soutenir,2
officiel,1
compagnon,1
sait,1
scène,1
posture,2
lettres,1
fédérale,1
quasiment,1
départements,2
argumentaire,1
celle,2
durant,2
commentée,1
pavlovien,1
entretenir,1
terme,1
volontés,1
considérée,1
exercice,2
partir,3
saint,1
folle,1
éclairés,1
clés,1
interminables,1
battrons,2
canal,1
voudrais,2
espèce,1
cendres,1
horreur,1
désespoir,1
querelle,1
créer,1
snowden,1
fondamentale,1
doivent,1
publique,2
fausses,1
économiquement,1
refuser,1
incarne,2
proposition,1
blasphématoires,1
anticipé,1
revenir,3
farouchement,1
anniversaire,1
leonarda,1
bats,1
banque,1
aspects,2
ensemble,7
normes,1
imaginaient,1
xxie,1
2005,5
dailymotion,1
fondamentaux,4
même,3
pêche,1
obtenus,1
euros,1
catimini,1
soutien,1
sincères,1
malgré,3
agressivité,1
mission,2
diktats,1
délinquant,1
changements,1
trouvée,1
laisserons,1
plus,54
inconvénients,1
carriole,1
opinion,1
avenir,4
racine,1
otages,1
orge,1
flanc,1
lors,1
prescience,1
remercie,2
revers,1
responsabilités,1
renonce,1
élections,7
années,1
imposer,2
financiers,1
commissaires,1
intelligents,1
citerai,1
chacun,5
désespérant,1
posera,1
esprit,2
leçons,1
concernant,4
rassembler,1
allemands,1
validée,3
esclaves,1
général,1
démesurée,1
avancées,1
rebaptiser,1
différences,1
querelles,1
hebdomadaires,1
candidats,1
écrasent,1
asservissement,1
parfum,1
allons,3
alliances,1
puisque,1
invincibles,1
candidate,1
cherchent,1
dépit,3
réélisent,1
prennent,1
recentrer,1
dépassé,2
artificielle,1
fond,1
rouleau,1
immigration,6
reproche,1
propre,2
ridicules,1
égos,1
modernité,1
classique,1
existe,2
enquêtes,2
centrale,1
poste,2
union,14
répondu,1
reviendrons,2
politique,25
désastreux,1
toute,3
gosses,1
faux,1
mêmes,2
unique,4
résultat,1
unis,2
perdu,1
françois,5
constituer,1
adversité,1
présidentielle,4
front,23
réponds,1
continuer,4
perde,1
règles,1
effrénée,1
ultralibéralisme,1
terrifiante,1
soucieux,1
surreprésenté,1
essayer,1
gagné,1
éléments,2
bouches,1
nomade,1
vivace,1
noblesse,1
novembre,2
imposées,3
trier,1
comptes,1
retraites,2
autorité,1
refus,1
coups,3
soutenu,1
impérialisme,1
contrôle,2
compter,2
écoutes,1
haine,1
point,2
accroc,1
contraire,2
commencé,3
essentiels,1
absolument,1
autorités,1
pays,17
sociale,1
pourtant,3
créé,2
implication,1
lettons,1
hostiles,1
crèvent,1
ancrage,1
belgique,1
totale,4
défendre,1
electoralement,1
national,26
inaction,1
souhaite,2
questions,3
marqué,1
pérennité,1
médiatique,1
internet,7
acculés,1
autres,8
demande,1
dite,1
détachement,1
résumer,1
insister,1
auxquels,1
calomnié,1
clientélisme,1
erreur,1
transformer,2
décisions,1
nancy,1
peines,1
instances,1
prenez,1
près,1
offensive,1
minorité,1
avait,4
continuant,1
route,1
industrie,1
électoraux,2
aspirations,1
violé,1
proches,1
priorités,1
faiblesse,1
publics,1
exigences,1
communautarisme,3
incapacité,1
atteinte,1
programmé,1
déceler,1
payés,1
détermination,1
chômage,1
désamour,1
affirmé,1
journalistes,2
lien,2
marcher,1
émission,1
faute,3
villes,2
disais,1
générale,2
confondues,1
demandé,1
seront,1
élites,2
ampleur,1
halal,1
rendre,1
période,1
atteler,1
abordons,1
naturel,1
divorce,1
projets,1
toulouse,1
monétaire,1
listes,1
descente,1
statuts,1
vœux,1
européistes,2
longtemps,1
privé,2
élargir,1
entiers,1
impuissance,1
ambitions,2
mienne,1
défendent,2
cour,1
sorte,1
missions,1
shoot,1
irons,1
nourrit,1
après,3
développer,1
ligne,5
cruelles,1
gouverner,1
programme,2
préfet,1
passer,2
montrerons,1
espoir,1
origine,1
rôle,7
bilan,1
autorisé,1
hier,2
dangers,1
exprimer,1
trouve,1
mettait,1
claires,2
espérance,1
tard,1
communes,1
soumis,1
restés,1
alerter,2
quarts,1
constater,1
soumette,1
opposer,2
recul,3
extrêmement,1
dévastatrice,1
sarkozy,3
enfants,3
parti,6
sociaux,1
nous,26
continuité,1
régie,1
parce,3
politiciens,1
marquée,1
attitude,1
soubelet,1
basta,1
reconnaissent,1
concept,1
commencer,1
séquence,1
insécurité,4
europe,12
serons,4
peuples,3
libres,1
interprétation,1
ferons,1
obtenons,1
sens,4
nouvelles,1
saisir,1
traditionnellement,1
vraies,2
dernière,2
artifices,1
modèle,1
pour,2
constitutions,1
emportera,1
youtube,1
expliquent,1
municipale,1
poitiers,1
sans,1
titre,1
lignée,1
vise,1
disent,3
vers,2
devraient,1
empêtrée,1
dijon,1
sensibles,1
dispose,1
airbus,1
disant,2
armes,1
multiples,1
corpus,1
acceptez,1
cite,1
trois,5
relâche,1
jamais,7
échange,1
politiquement,3
télégraphistes,1
judiciaire,1
reviendraient,1
heure,2
modes,1
collectives,1
leurs,7
prend,5
voulu,1
modem,1
choquerait,1
démarche,1
sais,3
citer,1
partage,1
assujettissement,1
situation,6
présent,2
victoire,2
ariane,1
final,1
renforce,2
radicaux,1
réclame,1
ringard,1
sites,2
reçues,1
considèrent,1
journée,1
contexte,3
effectivement,1
première,1
brutale,1
avocate,2
ostracisé,1
déprime,1
existeraient,1
accords,1
recherche,2
elles,1
allait,1
tombés,1
échangeait,1
devienne,1
malveillante,1
portons,1
millimètre,1
estimé,1
revient,1
ventres,1
bruxelles,5
roumaine,1
construction,3
connait,1
décision,1
personnalité,1
tiers,1
bipolarisation,1
choisir,1
investissements,1
mettant,1
roumains,1
guerre,4
problèmes,2
paie,1
élection,2
avantages,1
ainés,1
garant,1
revendiquer,1
apocalypse,1
traiter,1
mineurs,1
littéralement,1
réseaux,1
croient,3
totalement,1
excessive,1
convaincus,1
démantèlement,1
revendicative,1
type,1
complètement,1
pages,1
réponse,4
convaincue,1
secteur,1
ores,1
chair,1
conviction,2
prioritairement,1
caste,2
refuse,2
abrutissement,2
loin,2
possible,3
lois,5
message,1
confronté,1
suspicion,3
concurrent,1
besoin,2
transatlantique,1
évident,1
emploi,2
supporte,1
partie,1
difficile,1
préfèrent,1
devrions,1
enregistré,1
attaques,2
partis,4
travailleurs,1
côtés,2
accusons,1
organisée,1
iraient,1
finir,1
battre,2
délinquance,1
élèverons,1
singer,1
entier,1
tenants,1
chose,2
hébergé,1
chaînes,1
déployer,1
agriculture,1
décalage,1
quant,1
paix,1
prochain,1
gouvernement,7
noyé,1
conférence,1
dévier,1
3ème,1
reprendre,1
quand,2
municipaux,1
tenu,1
quick,2
rembourserons,1
radical,1
internes,1
menées,1
question,6
cela,6
députés,1
responsables,3
pourra,1
dénoncerons,1
mimétisme,1
échec,1
rembourser,1
parait,1
glacé,1
traiterons,1
sollicitait,1
adresse,1
œillères,1
paris,1
concitoyens,4
fêtera,1
connue,1
indubitablement,1
françaises,2
crédibilité,1
hystérie,1
acteurs,1
français,41
bloquer,1
directives,1
site,3
premier,6
réel,1
cesser,1
futur,1
prospérité,2
exclusif,1
commence,1
partagée,1
connaître,1
idéologiques,1
certitude,1
presse,7
auprès,2
existence,1
clivages,2
rennes,1
surtout,3
abstention,1
baisse,1
libérée,1
commission,3
organisé,1
place,6
dramatiques,1
cambrioleurs,1
pourrait,2
honneur,3
absurdité,1
vrais,3
1973,2
campements,1
bruno,1
jeter,1
renaître,1
vraie,5
accentuant,1
exciter,1
importantes,2
avance,1
parviennent,1
vécu,2
pensée,4
travail,5
dessus,1
république,4
coopération,2
protéger,2
envie,1
auquel,1
acceptable,1
suivaient,1
compresseur,1
conséquent,1
positif,1
moyens,3
apporter,1
grandes,2
répéter,1
réflexion,1
prêts,1
saluent,1
posée,1
actuelles,1
depuis,1
moitié,2
entamerai,1
numériques,1
fondé,1
égard,1
fuient,1
épuiseront,1
interventions,1
termes,1
reproduire,1
massive,1
avouer,1
défenseurs,2
économiques,1
parcourrai,1
tirage,1
grotesque,1
idées,6
électorale,4
justice,1
vraiment,2
réindustrialisation,1
entrouvrir,1
définition,1
voté,1
œuvre,1
socialement,1
spectatrice,1
procédures,1
interposé,1
trouvent,1
petite,1
candidat,2
débuts,1
embauches,1
voter,1
patriotes,4
éditorialistes,1
difficulté,2
éviter,1
anticiper,1
entravant,1
accroître,1
monumentaux,1
réjouit,1
clermont,1
constitutionnel,1
dégâts,1
dévoile,1
nationaux,1
gollnisch,1
propos,2
analystes,2
simplement,2
assimilation,1
droits,2
mêle,1
surveillant,1
élue,1
fonction,2
mariage,1
déclaration,1
obsession,1
devenus,1
pris,3
présence,1
appel,2
prix,2
mise,1
traditions,1
devenue,3
reconnaitre,1
rejeté,1
troisième,1
couple,1
soient,1
renvoie,1
claire,1
enquêteurs,1
affaire,1
vote,1
figé,1
négatif,1
perpignan,1
petits,2
époque,2
particulière,3
propagande,1
organismes,1
exemple,2
vient,1
domaines,1
amadeu,1
secteurs,1
constat,2
fatidique,1
prêtait,1
messieurs,1
utopie,1
douane,1
lutte,1
infondée,1
vivent,1
doute,1
2017,2
fondée,1
2014,15
2013,7
également,1
2011,2
post,1
éclairait,1
phrase,1
conseil,1
buzz,2
progression,1
profitent,1
train,3
pose,3
militants,4
règne,1
communauté,2
travaillé,1
sujets,7
gagner,3
répond,1
valls,2
œuvrerons,1
agissait,2
bordeaux,1
boutoir,1
adapté,1
stratégies,1
lisibles,1
soit,2
proposer,1
porter,2
quid,1
conseillers,2
refusé,2
froid,1
auteurs,1
crois,5
réclament,1
souverainistes,1
populaires,1
gilles,1
défiance,1
crédibles,1
réalité,4
instrumentalise,1
injuste,1
rien,4
choses,1
seconde,2
constitution,2
supranational,1
ouvrir,1
tourner,2
capital,1
contraignant,1
métier,1
sortants,1
espagne,1
tomber,1
réelle,1
travers,1
critiqué,1
mettre,7
passe,3
francais,1
luttes,1
pourrons,1
combiné,1
continue,2
alors,1
résultats,4
décrypte,1
douloureux,1
œuvrer,1
mondiale,2
apparaît,1
salutaire,2
banques,2
avaient,2
peuple,4
solutions,2
système,6
imposant,1
progresse,4
carvin,1
parquet,1
attentes,1
ministres,2
souveraineté,1
enfers,1
mieux,1
démocratique,2
décembre,2
exister,1
progresser,1
suis,14
permettent,1
juifs,2
récent,1
antisémitisme,1
importance,3
dossiers,1
1983,1
forme,3
quarante,3
beaucoup,4
réussites,1
négocier,2
social,1
avons,14
retrouve,1
malsaine,1
bulgare,1
diktat,1
surveillance,1
partout,2
assez,3
protectionnisme,1
pression,1
rester,1
servent,1
porte,3
tranché,1
appellerez,1
change,1
sorgues,1
veux,4
yeux,1
dirigeants,6
partant,1
veut,4
janvier,3
deux,1
pouvoir,9
veulent,1
femmes,3
dirigeante,1
programmation,1
éminent,1
lesquels,1
éperdue,1
ennemi,2
chez,1
demain,1
liberté,6
décrypter,1
frappant,1
adversaires,3
laquelle,1
dernier,2
toujours,7
permettant,2
parfois,1
siècles,2
vaille,1
américaines,1
intérêt,3
occasion,1
consignations,1
allemagne,2
ouverture,2
cessé,2
faible,3
vivre,2
signe,1
changer,5
presque,3
fédéralisme,1
concernent,1
information,3
subissons,2
pêle,1
atteint,1
choisies,1
problème,2
bouclier,1
moutonnier,1
passée,1
sénat,1
laïcité,1
privées,1
engagements,1
nocives,1
local,1
peut,1
article,1
délinquants,2
dictées,1
dangereux,1
diversion,4
prendre,5
compromis,1
nation,5
pousserons,1
charge,1
prêteraient,1
néfaste,1
bonnes,1
marine,3
rapport,4
face,10
succès,3
traité,2
tiré,2
déjà,4
marchés,1
grande,2
hauteur,1
cesse,1
raison,4
politiques,5
fédérer,1
retenus,1
tenir,1
parlé,1
intéressent,1
européennes,8
idéologie,1
susciter,1
congrès,4
hommes,2
serai,1
inaccessible,1
fusionné,1
donner,2
résurgence,1
serait,9
ainsi,2
dirigé,1
déplaise,1
permette,1
criminel,1
dépend,1
grands,2
virtuels,1
critiquable,1
exceptionnels,1
souvent,3
compatriotes,2
toutes,4
débats,5
actuels,1
parcours,1
détournements,1
entreprise,1
mars,1
gendarmerie,1
écrou,1
chaine,1
interne,1
france,27
défendait,1
aveu,1
montée,1
fondamentalisme,1
passerait,1
suivre,1
opposée,1
demandons,1
ressenti,1
mais,15
séparent,1
restauration,1
décide,1
plusieurs,2
vocation,1
considérablement,1
devaient,1
européiste,1
sortira,1
obtenir,1
attachée,1
aille,1
croissance,1
huile,1
voulons,2
logique,3
endroits,1
intelligent,1
affection,1
affaires,1
légitimité,1
aller,2
peuvent,4
coeur,3
milliards,1
mains,1
pacifier,1
antidémocratique,1
dénoncer,1
trainer,1
positive,1
passent,3
cantonales,1
magma,1
permanente,1
savigny,1
peopolisation,1
victimes,2
nicolas,2
incarnerons,1
évoque,2
dissolution,1
incarneront,1
vois,1
zone,1
ambition,1
fins,1
déloyauté,1
merkel,1
rejet,1
électeurs,2
twitter,1
meilleures,1
analyse,2
aperçoit,1
conformer,1
réponses,1
survit,1
aval,1
comportement,1
enfermer,2
totalité,1
nécessaire,1
destruction,1
américain,1
pouvais,1
survie,1
angers,1
sauvage,3
figurent,1
puissamment,1
conservent,1
sûre,1
crise,3
strasbourg,1
courage,2
félicitons,1
choix,1
incarné,1
placements,1
victoires,1
augmentation,1
lesquelles,1
économique,5
largement,1
conduite,1
profit,1
occupe,1
espérer,1
facebook,1
nations,3
tribunaux,1
propositions,2
financiarisation,1
quasi,1
actualité,1
nombreux,1
mortels,1
enjeux,4
contester,1
permet,1
nationale,2
sera,8
roms,2
bientôt,1
emprunter,1
total,1
mauvaise,1
reconnaître,2
croissant,2
compris,2
élever,1
clairement,3
respect,1
plutôt,2
parlement,3
entière,1
remarquera,1
partisans,1
dois,1
communications,1
mentalité,1
aurions,1
tracerons,1
remarquez,1
essentielles,1
conciliation,1
menton,1
conclusion,2
reims,1
retrait,1
capoter,1
émergence,1
sète,1
cours,1
dont,6
laissons,1
dénigrement,1
prédécesseurs,1
agit,1
clivage,1
recouvrement,1
écluses,1
forces,1
homme,2
établir,1
trouver,3
lucidité,1
formidable,2
défendons,1
victime,1
hollande,5
versés,1
pédagogie,1
constitués,1
condition,1
selon,1
calais,1
matière,2
image,2
multiplication,1
lancer,2
personnelle,1
utile,1
camp,4
progressait,1
permanence,3
donne,2
laxisme,1
savoir,1
barrages,1
réjouis,3
jouer,1
vérité,2
metz,1
octobre,1
derrière,1
lorsqu,1
lumière,1
jean,13
réactivation,1
promotion,1
détruire,1
frontières,3
pourquoi,2
monnaie,2
pendant,3
gauche,3
apportons,1
minute,1
partagent,1
lutter,1
remise,1
argent,1
progressivement,1
histoire,1
entendu,2
coût,1
directive,1
aligne,1
dans,3
prostitution,1
intérêts,6
meilleur,1
incontrôlée,1
public,13
garantie,1
médias,2
misère,1
outils,1
inutile,1
sécurité,2
candidature,1
moment,2
rapide,1
franchirons,1
voilà,3
étais,2
tête,4
était,4
gouvernants,1
instrumentalisation,1
jusqu,2
critiques,3
cédé,2
fille,2
fort,1
ministre,2
portant,2
évidemment,3
libertés,6
manière,3
mises,1
fréjus,1
régalien,1
résistance,1
perception,1
mesure,2
piège,1
éventuelle,1
cadre,2
trompé,1
indivisible,1
conscience,3
confrontée,1
étape,1
patent,1
profiter,1
messages,1
algérie,1
religieuses,1
permettre,2
nouvelle,1
barre,1
présidence,2
expression,2
attentif,1
seuls,1
bougie,1
moyen,3
efforts,2
lâcheté,1
débat,17
preuve,1
défensifs,1
petit,1
assemblée,1
dira,1
particulier,2
échanges,1
patriotisme,3
plan,3
appartient,1
