first,second,third,likelihood_ratio
basses,insultes,plus,199.55198438989507
effondrement,pouvoir,achat,2228.3698491806786
autour,front,national,19030.554883388762
recherche,emploi,plusieurs,127.41008479599414
organisation,nations,unies,275.84254627540076
organisation,mondiale,commerce,241.0544422953209
dire,front,national,19018.30239611594
dire,certain,nombre,7340.097032030679
dire,nicolas,sarkozy,6901.412178758179
dire,union,européenne,4308.626778799428
dire,quelque,chose,1979.2636336373284
dire,veut,dire,1353.5827582775248
dire,premier,tour,1004.8754784160017
dire,morale,publique,463.963477199572
dire,euros,mois,303.9492072166908
dire,beaucoup,choses,215.64338054195412
dire,vérité,français,206.51621886103277
dire,suis,désaccord,142.99290581809385
marche,vers,pouvoir,119.78357160286703
avis,peuple,français,2446.168550241843
principe,préférence,nationale,939.142782410187
principe,souveraineté,états,107.03117352098587
présidentielle,nicolas,sarkozy,6904.810459282278
présidentielle,élection,législative,256.32351364017796
bonne,dépense,publique,425.31624930177753
bonne,gestion,argent,191.18529962064343
euro,veut,dire,1336.2141319928644
euro,monnaie,commune,240.31613563542848
euro,franc,serait,107.88135700815366
dégradation,pouvoir,achat,2227.1669040358893
voyez,mesdames,messieurs,3255.142055718366
voyez,veux,dire,863.3519907294384
voyez,bien,mesdames,167.8318310714547
mouvement,front,national,19024.321939477508
mouvement,dirigé,pendant,113.60910803339544
tout,monde,sait,621.4426671010135
tout,monde,voit,499.1633303864685
tout,perdu,presque,151.79260184409344
tout,sauf,réprimer,130.45604247780264
aucune,aide,sociale,279.07941784654207
compiègne,vendue,anglais,290.520601654224
faibles,riches,puissants,134.96150162588478
agit,front,national,19029.599760535883
tour,élection,présidentielle,2395.9404101406953
tour,deuxième,tour,1427.2284713670874
tour,élections,présidentielles,773.117415707697
tour,élections,cantonales,479.47825267684374
tour,passe,passe,124.93717714815365
tour,france,oubliés,113.97638099331715
vendue,anglais,bourguignons,290.520601654224
révolutionnaires,caboche,capeluche,236.65051212396233
deuxième,tour,élection,1605.4381551546194
deuxième,tour,élections,1541.1979184601191
deuxième,guerre,mondiale,683.6770036049041
deuxième,liste,élections,133.40621148604518
deuxième,liste,était,107.62076576112027
maires,petites,communes,170.45318474140112
guerre,famine,peste,170.95076014716372
guerre,grand,chef,170.66528877323725
anciens,compagnons,armes,204.2703860168947
pendant,campagne,électorale,1309.2234788150322
pendant,campagne,présidentielle,970.1476193623429
pendant,années,années,517.4596338308406
pendant,nombreuses,années,395.6460646546133
pendant,trois,mois,388.05310249772697
pendant,quinze,jours,229.04843811659512
pendant,deuxième,guerre,196.259962990901
pendant,toute,campagne,135.80521644018188
pendant,certain,temps,79.44099556504443
préférence,nationale,réponse,952.0566843750689
préférence,nationale,embauche,949.7322280061289
préférence,nationale,emploi,936.427149554228
couleur,peau,religion,276.1143019581521
subventions,associations,communautaristes,234.18207721512056
effet,nicolas,sarkozy,6912.134028616803
effet,mesdames,messieurs,3228.6624154868323
effet,bénéfique,réduire,119.73918795486429
etats,unis,amérique,2922.1697417695445
etats,unis,exemple,2761.557912570452
etats,unis,ailleurs,2758.300996955914
etats,unis,beaucoup,2755.3703966495596
etats,unis,pays,2749.7207573065384
vivent,euros,mois,376.0162677909167
vivent,dessous,seuil,187.25131113651312
élection,président,république,4132.420518290308
élection,présidentielle,élection,2233.8739469276015
élection,présidentielle,2002,2195.9227850985044
élection,présidentielle,effet,2175.970484798705
élection,présidentielle,bien,2166.2312717149844
rapprocher,salaires,manuels,284.90006261133703
dette,publique,réelle,213.54834044064177
gloire,immortelle,abandons,263.0937492209916
compensation,dette,agricole,144.3179214934758
classe,politique,française,1896.8308993546643
classe,politique,médiatique,1532.4795281211482
classe,politique,gauche,1401.4317159903883
classe,politique,aujourd,1351.3125755210779
classe,politico,médiatique,553.4351160031213
nomination,responsable,politique,224.63962183149872
régionales,mars,2010,151.14404981018612
religieuse,neutralité,politique,173.64298531752542
réduction,temps,travail,131.14810687948855
acquisition,automatique,nationalité,405.7943446221095
bien,front,national,19020.25776949624
bien,certain,nombre,7333.823766318199
bien,mesdames,messieurs,3223.272037054275
bien,etats,unis,2747.4303027247806
bien,peuple,français,2429.965740514667
bien,vous,savez,1953.5265272230504
bien,quelque,chose,1937.8608248903665
bien,chers,compatriotes,1195.8399952730192
bien,vais,dire,803.6047156131599
bien,faut,bien,566.198332353662
bien,évidemment,suis,535.1123153480926
bien,entendu,mais,393.9933221466714
bien,faut,faire,374.13357631087786
bien,crois,faut,300.04461212695696
bien,verra,bien,265.07212881132784
bien,plus,précieux,87.19228688017117
bien,normal,après,82.39025107544815
structure,plus,performante,159.56615271068125
culture,nationale,érigé,114.43682236132027
obligation,dont,fallait,99.00068567947007
appelle,voix,disent,89.24027945301488
orléans,écrase,anglais,227.0222301430329
marché,travail,marché,308.7033805772357
rassemblement,peuple,français,2448.795451028015
rassemblement,bleu,marine,684.2843928463473
rassemblement,forces,nationales,116.27978503164049
aide,médicale,etat,791.1389709887319
royal,monsieur,sarkozy,361.40949107468646
devoir,aimer,prochain,122.07310614611335
vingt,dernières,années,839.6568320271721
pire,jospin,crois,126.47592381722936
immigrés,plus,plus,552.3538030365926
immigrés,tiers,monde,523.5704848330081
immigrés,situation,irrégulière,183.59983340556383
responsable,politique,administratif,221.94937383686394
lien,entre,générations,166.56462938389197
outre,étranger,chers,118.65544693153569
féodaux,déchirent,belles,238.33326766061344
reconnait,aucune,communauté,149.2289414554263
monopole,marchés,financiers,1633.7331561795595
emploi,pouvoir,achat,2225.6250155353764
emploi,logement,aides,216.13643586319887
emploi,charge,collectivité,157.31130948338796
emploi,plusieurs,assistances,130.96700413984888
contrainte,injuste,effort,133.07079991518737
amour,patrie,terrestre,348.2653664796492
amour,peuple,amour,129.66047857458213
quatre,millions,demi,475.55301352942536
quatre,millions,voix,330.31311644919566
quatre,coins,monde,238.93326543956695
quatre,plus,anglais,110.71910577484856
rose,rose,bonnet,171.436902864152
devant,assemblée,nationale,1506.6873762916707
devant,caméras,télévision,246.16357774885338
devant,commission,discipline,138.60519203285756
transmission,savoirs,fondamentaux,284.79028433636597
personnage,historique,parcours,167.3081492729088
européenne,commission,européenne,357.8790389858794
européenne,droits,homme,205.11694560441316
excès,prélèvements,obligatoires,523.5994855794332
excès,injustices,considéré,148.28431205947066
folle,politique,immigration,323.51345652539874
jours,premier,tour,1031.1697889862241
jours,plus,tard,792.1764526344
pierre,cauchon,condamnée,182.12248881116986
petit,pays,millions,72.21343287467292
monter,cheval,accomplir,152.3768010667922
compagnies,pétrolières,gazières,317.6026715324932
sympathisants,front,national,19064.27327331883
charges,fiscales,sociales,230.53201736915935
peste,ravagent,pays,147.43155064097755
avenir,leurs,enfants,777.3988095727449
avenir,furent,principes,129.01507885988542
disparition,services,publics,1828.2766958327272
disparition,pure,simple,220.23977791253884
devenu,restera,durant,126.59797462729539
chose,front,national,19020.83013250229
chose,égale,ailleurs,119.33803726694974
chose,bien,plus,35.57733209608598
états,unis,amérique,608.0939379624692
écarter,candidatures,fantaisistes,309.84846099824233
écarter,candidats,fantaisistes,276.66761388457115
monde,nous,avons,2147.0082583273434
monde,sait,bien,454.6626703147253
monde,besoin,france,121.67027700490411
libérer,france,elle,82.90380279846386
mandelson,commissaire,européen,339.50964779437385
véritable,terrorisme,intellectuel,216.47000452526652
train,mettre,place,1048.2520919164551
train,mettre,œuvre,555.1687700652119
train,anciens,compagnons,179.88253286943134
exception,culturelle,française,116.69646821842593
objet,enquête,minutieuse,157.11678727620398
objet,consultation,obligatoire,140.5590375726289
élire,président,république,4223.484505999006
adhérents,front,national,19122.714416758048
vents,mondialisation,sauvage,517.2511927202905
vents,concurrence,mondiale,227.3121744616509
oppression,pauvres,faibles,142.9590004059561
entreprises,pétrolières,gazières,285.7727846982251
entreprises,souhaiteraient,travailler,119.39322525936021
dépassent,feignons,organisateurs,258.89920345151603
question,intérêt,france,111.74477015980948
cela,étant,crois,320.3059672111558
cela,aurait,permis,153.99497097642856
accès,fonction,publique,796.5681438335783
accès,logement,social,427.025644211574
accès,logement,emploi,226.26382744901724
députés,front,national,19049.339398572854
législatives,juin,prochains,130.39956198476884
responsables,politiques,français,621.0670635494745
laisser,faire,laisser,156.4634872038073
intervenants,qualité,contribution,149.01600802829114
mesures,immédiates,concrètes,182.6647918678995
mesures,prises,sarkozy,111.40806868838276
mesures,prendre,paris,109.95652803397132
échec,nicolas,sarkozy,6935.341063246616
demain,voulu,faire,245.48265877252754
demain,rase,gratis,205.27059470719269
rappelle,élections,européennes,601.0477400665445
continent,boréal,brest,191.50412011098362
responsabilité,devant,histoire,85.68734577671594
quotas,importation,droits,275.8640092248759
patrie,terrestre,sépare,144.35439243721382
unanimité,majorité,qualifiée,214.8093035522292
nombre,autres,pays,422.04273215985256
nombre,électeurs,front,203.69001230835988
pape,martin,sera,198.0548655997193
françaises,français,chers,183.4410037410072
fallait,affranchir,moyen,129.30582075807382
mois,élection,présidentielle,2198.9324590961296
mois,plus,tard,844.228987161843
mois,deux,mois,152.30245330496547
contact,appelle,voix,106.9108871579005
bernard,henri,lévy,166.74265927724568
projet,front,national,19038.344252754057
projet,redressement,économique,172.07419712547363
projet,radicalement,différent,157.92099370152988
projet,contre,projet,143.52551097396318
aphatie,monsieur,aphatie,1026.1505457455291
utilisée,grand,patronat,367.5289577589974
augmenter,pouvoir,achat,2210.8017849239
groupe,front,national,19047.65311907768
groupe,droites,européennes,361.72773688397086
sarkozy,nicolas,sarkozy,6906.642321912874
sarkozy,françois,hollande,1679.3771379665536
sarkozy,ministre,intérieur,803.4235545224135
sarkozy,ségolène,royal,621.9927505996916
sarkozy,faut,bien,498.692617423403
sarkozy,dominique,strauss,458.7788479582718
sarkozy,bayrou,royal,212.99078938776123
sarkozy,avait,promis,206.12528897848318
sarkozy,royal,bayrou,179.07806240014588
chiffres,ministère,intérieur,675.472697816643
premier,ministre,socialiste,1523.1149340482928
premier,ministre,villepin,1483.6634848748001
premier,ministre,président,1482.976397501219
premier,ministre,jacques,1469.372922017104
premier,ministre,avait,1456.8513094948696
premier,tour,élection,1199.347931687564
premier,tour,élections,1117.3615758266685
premier,tour,présidentielle,1031.714251050893
premier,tour,deuxième,1029.8810605302215
premier,tour,bien,1001.4007209022958
premier,homme,politique,288.83932952963016
premier,rang,desquelles,288.68235516816196
premier,secrétaire,parti,266.0078872496031
premier,faire,élire,259.42201301584646
ciel,tombe,tête,122.13352700460638
maîtrise,frontières,maîtrise,235.8416078454486
cage,ferrée,pieds,299.8370440896419
prospérité,solidarité,nationale,357.91472932383437
financière,fiscale,plus,88.83387253062958
pompes,aspirantes,immigration,470.14614159309747
pompes,aspirantes,dire,461.91737396493187
cautère,jambe,bois,252.1184846292919
solidarité,nationale,travail,280.5763685064419
équité,sociale,dres,170.6019645636463
concurrence,déloyale,pays,1065.6082606427876
concurrence,internationale,déloyale,713.1432614344014
concurrence,sauvage,pays,273.6124502393362
concurrence,libre,faussée,175.1241186222128
concurrence,effet,bénéfique,109.27663728380139
pages,faits,divers,257.2531190270394
immense,majorité,français,655.2379368494367
immense,majorité,homosexuels,628.9518532153056
immense,majorité,entre,609.3870932932048
demander,avis,peuple,103.81662189585279
baisse,pouvoir,achat,2234.51163085965
baisse,salaires,manuels,789.959962491605
baisse,salaires,travailleurs,713.1020309907858
baisse,salaires,français,602.8182407365496
baisse,allocations,familiales,450.989745650475
président,front,national,19196.942825879923
président,république,française,4462.974881980352
président,république,chef,4194.714059977058
président,république,sortant,4158.601045545959
président,république,président,4148.535641408697
président,république,avez,4133.337538208317
président,république,suffrage,4127.872222913823
président,république,pratiquement,4120.238965849929
président,république,avait,4117.386136109148
président,république,mais,4115.235022433202
président,république,aura,4110.018994003181
président,république,était,4107.298145083219
président,république,faire,4101.14576671641
président,république,bien,4094.413739525395
président,etats,unis,2776.5745205017897
président,pouvoir,achat,2211.14950645724
président,conseil,constitutionnel,686.8936350900406
président,conseil,général,640.1131860346518
président,cour,comptes,453.3804275434344
président,groupe,socialiste,146.16496080089976
parité,franc,euro,229.70203248156656
arts,armes,lois,143.27468490642593
impôt,revenu,impôt,820.5252891467621
impôt,revenu,travail,776.3563899651008
impôt,successions,ligne,278.82553201733487
notamment,faut,bien,515.0962602237668
réforme,code,nationalité,292.40103974065835
pourrait,croire,temps,138.09612926336342
pèse,baisse,salaires,635.8686731414684
honneur,front,national,19030.089268023927
ajouter,constitution,française,130.23789201123054
1974,regroupement,familial,700.4748518298964
coûts,prix,peuvent,108.1816846892016
mesdames,messieurs,chers,3357.0567197016157
mesdames,messieurs,remercie,3269.938015747953
mesdames,messieurs,faut,3237.2136774767932
mesdames,messieurs,permettez,3236.942264628813
mesdames,messieurs,sommes,3224.734202178988
mesdames,messieurs,crois,3219.022958908225
secrétaire,parti,socialiste,2133.8286164497804
secrétaire,général,otan,321.0393916386346
secrétaire,général,mouvement,276.9211559282844
termine,professionnelle,vers,130.25524795893074
passage,classe,supérieure,166.66346247962184
sainte,martyre,plan,233.76740806306321
systèmes,protection,sociale,1008.9124830261134
1200,milliards,euros,2437.1343151591495
successions,ligne,directe,247.6978826392414
décider,entre,maintient,199.63474764872058
haute,fonction,publique,831.8650704413726
arabie,saoudite,qatar,506.54221940679827
croire,temps,désinformation,136.9862328768138
croire,cinq,plus,66.04374613096365
grandes,entreprises,pétrolières,711.6229473919068
grandes,compagnies,pétrolières,303.43500106821284
grandes,économies,faire,112.98503511994207
élus,front,national,19092.512650532495
année,front,national,19021.90678624894
année,après,année,229.777261071131
travail,famille,patrie,104.98991476712816
travail,cause,excès,95.86523241989049
travail,faire,travailleur,95.37017184567556
statut,fonction,publique,801.2832147755158
statut,juridique,social,220.0242267757741
principes,république,française,368.8541915938106
vague,bleu,marine,460.190416834943
place,protectionnisme,intelligent,585.6119938378695
place,patriotisme,économique,584.7073512660611
place,politique,dissuasive,205.19581887109106
jésus,marie,elle,163.1942628483374
république,vive,france,585.3345797477482
république,suffrage,universel,515.9498137641165
république,française,front,346.3637985901404
république,reconnaît,aucune,125.08319115546398
république,reconnait,aucune,123.55447657928258
laisse,entrer,droits,102.83384404741605
représentés,assemblée,nationale,1612.1677736017382
protéger,peuple,français,2453.4367603766877
protéger,marché,intérieur,295.3083713191933
conséquent,front,national,19025.68190937079
salaires,travailleurs,français,324.8772892659367
salaires,manuels,salaires,296.20540097514163
salaires,travailleurs,manuels,287.20078187403
marie,france,stirbois,126.16582339212187
marie,elle,libération,100.00192479937992
dauphin,france,banni,193.4163733101191
cartes,vitales,circulation,382.15289387442317
vite,elle,rencontre,118.15712892889943
angleterre,proclamé,france,134.28723124022483
vais,mettre,place,1028.3247736981175
vais,dire,chose,869.4320581156084
vais,dire,clairement,863.5057132708989
vais,dire,vais,822.0398408416613
vais,dire,parce,816.6357429861553
vais,dire,monsieur,807.3432367013422
vais,donner,exemple,240.4730078685025
vais,donner,chiffre,217.36595865852817
vais,mettre,droits,132.0508930482669
réarmer,face,mondialisation,266.21513007938
1700,milliards,euros,2515.0451192673327
destin,histoire,humaine,180.60415711601664
transparence,plus,totale,85.48706022577964
retrouver,monnaie,nationale,464.4588914491561
retrouver,souveraineté,monétaire,238.3693062008174
promesse,mettre,œuvre,509.72789031612024
mandat,nicolas,sarkozy,6921.196681216321
mandat,président,république,4120.1199586762705
française,front,national,19021.406861989424
française,union,européenne,4329.175379928805
française,article,disposant,127.09739152242398
sauver,prix,euro,92.21406702437008
égard,front,national,19043.886984250377
prêter,trésor,intérêt,302.9813970529088
suis,quelque,sorte,4193.876609161906
suis,beaucoup,plus,744.492801452049
suis,politique,française,562.082711249689
suis,candidat,présidence,394.2862783583644
suis,homme,politique,312.80057424132826
suis,député,européen,267.1319078919881
suis,candidate,élection,264.125725242042
suis,pupille,nation,239.9763444277289
suis,présidente,front,168.5045413329401
suis,modeste,compare,166.8995450201073
suis,homme,libre,156.71248350485934
suis,femme,libre,122.45920604460562
suis,près,convaincu,106.18806237222137
chaque,nomination,responsable,137.37568145831915
renégociation,traités,européens,520.5824108228845
géographie,histoire,religion,159.92124300940262
abattue,france,halal,138.8685935879245
belles,dents,pays,121.47660356109198
forfaiture,quatre,plus,100.56670362486648
miraculeux,faire,croire,458.6072976078732
dernier,souffle,acte,120.98889157119115
compare,suis,orgueilleux,187.4588377098079
idées,front,national,19044.26197553464
brûlée,vive,1431,248.51297829959594
clique,umps,niveaux,202.74868629094382
logement,aides,sociales,890.114897144652
voté,contre,traité,206.94971904698568
boréal,brest,vladivostok,316.04646148346023
œuvre,patriotisme,économique,609.4338173598203
injustices,considéré,fardeau,165.36864840537353
produits,subissent,mêmes,105.0709834834361
produits,première,nécessité,104.03332893037017
secours,libérer,france,107.01863865119155
frais,doivent,faire,108.83758641860472
objectif,arriver,pouvoir,147.30756149548768
condamné,prison,ferme,279.0116713421796
candidat,front,national,19036.965349389626
candidat,peuple,français,2452.5808823548123
candidat,élection,présidentielle,2220.2673266840143
candidat,présidence,république,840.6328017226485
candidat,élections,présidentielles,695.9657957645339
candidat,rassemblement,bleu,301.0600305484704
candidat,démocrate,républicain,128.2835666030054
modification,traités,européens,513.9581191735879
voter,front,national,19034.228672197398
voter,deuxième,tour,1431.8626338396791
pense,front,national,19021.731633474497
pense,certain,nombre,7339.248149047826
pense,nicolas,sarkozy,6900.8822303476045
pense,président,république,4108.224733301503
pense,peine,mort,666.1307938535494
pense,faut,arrêter,466.7645673302775
pense,beaucoup,français,78.85446511144444
aurait,quelque,sorte,4203.147797346556
aurait,permis,éviter,164.45819888592604
plusieurs,assistances,irrésistiblement,168.7555963960268
couverture,maladie,universelle,183.04561655524031
reconnaît,aucune,communauté,150.7626498984414
peser,baisse,salaires,936.252702056219
peser,baisser,salaires,477.37621396171767
techniques,pourrait,croire,149.59808902609598
grave,crise,économique,252.93060510291835
lundi,après,midi,293.18653712829285
décidons,plus,mêmes,146.6870496451429
bureau,politique,bureau,723.4887856355098
bureau,politique,unanimité,718.8648047181343
bureau,politique,front,674.0289399320941
présomption,légitime,défense,167.17085395455968
libération,train,anciens,118.93597973503023
cauchon,condamnée,mort,228.74343897425962
intégré,culture,nationale,112.00178512566953
faire,front,national,19027.09773163884
faire,quelque,chose,1953.298459720589
faire,croire,cinq,426.0210243589071
faire,croire,français,405.5061246784627
faire,respecter,lois,301.9916435883812
faire,élire,députés,295.1746105961711
faire,objet,publication,291.17334859123577
faire,baisser,salaires,268.8219844988954
faire,objet,enquête,236.78184146807612
faire,prendre,charge,229.7324578028189
faire,plus,grand,221.87890592238057
faire,cesser,concurrence,183.6356170663242
faire,entendre,voix,159.84708300009055
faire,appliquer,politique,157.62134076539442
faire,grosse,bœuf,142.35304226029024
faire,grand,rassemblement,133.89642102443915
faire,demain,voulu,123.60763334164902
faire,travailleur,emploi,94.46581537524293
réduire,coûts,prix,125.66116902927968
obligatoire,peuple,français,2461.645248370432
tard,portes,paris,159.6238204579127
tard,jeanne,sait,99.53857628464283
tard,nôtres,rien,95.89119969534121
compte,tenu,situation,1095.6803490782459
compte,productivité,concurrence,112.63891337920259
compte,rendu,mandat,107.17164311531936
défense,intérêts,électoraux,253.07654095746955
défense,sociale,nouvelle,115.36843965375303
commencer,celui,ministres,103.25584009432882
normandie,écrasé,chevalerie,232.81516446285775
quelques,centaines,milliers,871.0088794946754
quelques,semaines,quelques,698.2236487940586
quelques,jours,après,696.1843941739662
quelques,jours,plus,671.1631750442737
quelques,semaines,élection,628.0183512388869
quelques,semaines,plus,623.2264053810351
quelques,mois,élection,551.9932734800706
quelques,mois,plus,531.4028244886347
quelques,mois,élections,527.475062347863
quelques,dizaines,milliers,418.4607428315061
temps,temps,suis,294.82482366877997
temps,désinformation,diabolisation,169.06544029725615
temps,chômage,massif,119.35119717981128
temps,faire,bilan,90.30712323459747
famine,peste,ravagent,201.32160101912746
supprimer,définitivement,aides,121.4057305878987
instruire,éduquer,accroître,365.2905651131384
définitivement,aides,européennes,122.75006167925608
ancien,premier,ministre,1485.987866785605
ancien,ministre,intérieur,978.625170787904
ancien,secrétaire,général,308.1109318384625
ancien,ministre,commissaire,274.45614498506063
droits,douane,modulables,1121.6508656986352
droits,douane,ciblés,1119.6575375263008
droits,homme,citoyen,299.9422507311529
droits,produits,subissent,109.11291518432444
droits,enfant,autorité,98.25339680552686
sépare,jamais,patrie,107.33009486607588
famille,école,armée,146.37341228682672
assume,assez,bien,139.93364802569872
fonction,publique,territoriale,830.8976486547269
fonction,publique,etat,791.8257340674737
fonction,publique,plus,764.5208748495313
régionaux,conseils,généraux,822.4218759987784
savoir,lire,écrire,369.70701364548
condamnés,prison,ferme,308.04843650518393
présence,conférence,presse,514.1958730377312
attendent,logement,social,350.882829875365
appel,offre,alimentaire,301.8252923054432
excusez,aller,secours,114.97234666580323
certes,parlement,européen,1081.8786262194938
prix,nobel,économie,487.6652310517786
prix,essence,pompe,215.65422073550286
prix,peuvent,aboutir,110.77640962749415
elle,rencontre,chinon,182.63872855325621
elle,échappera,techniques,150.68731185834557
elle,croit,miraculeux,134.32391004626817
elle,reste,mois,79.64381252759955
madame,royal,monsieur,313.511974685944
madame,commissaire,politique,248.6287730967589
madame,nathalie,kosciusko,231.68672379951585
madame,mais,madame,229.15109827674019
condamnée,mort,brûlée,226.45055574029203
grosses,capitalisations,boursières,235.64001369941153
fort,etat,stratège,365.9749322230999
action,vigoureuse,contre,123.46392714769905
voudrais,simplement,dire,171.8088851149779
voudrais,simplement,faire,160.797149103968
voudrais,abord,dire,132.49053524985473
attribution,logements,sociaux,559.4883599638861
soient,leurs,origines,130.14633919812644
soient,leurs,opinions,99.15339564642184
présidence,république,jamais,611.6603124171337
présidence,république,mais,608.9084363382642
présidence,française,union,171.18020780979907
contre,front,national,19142.500254796967
contre,jean,marie,2835.48315889525
contre,concurrence,déloyale,982.8933592396431
contre,constitution,européenne,917.1556507077256
contre,mariage,homosexuel,580.5366692154258
contre,vote,étrangers,403.6988150607807
contre,mondialisation,sauvage,375.3861869768567
contre,plans,renflouement,356.64541183402673
contre,traité,rome,351.29207874584387
contre,immigration,clandestine,323.7790566288086
contre,insécurité,contre,314.82684125744805
contre,vents,marées,246.52975249795796
contre,trafic,drogues,226.35957081310278
contre,rassemblement,national,206.80718762016144
contre,ennemi,avenir,91.70609817076394
écrire,monter,cheval,154.53015156783403
sentent,beaucoup,plus,764.2926263249019
oubliés,politique,française,596.5003046535907
prison,ferme,prison,319.1745957395898
tribunal,ecclésiastique,présidé,307.07150332460765
jugée,tribunal,ecclésiastique,263.22336698235404
perte,pouvoir,achat,2212.14329137628
présidente,front,national,19117.936572027807
million,demi,clandestins,240.04325771538225
épargné,échange,gloire,254.7751285201428
vote,front,national,19035.09022854063
vient,livré,étranger,124.84991043416457
abord,voudrais,dire,268.2706897952839
abord,pense,faut,256.72058871071033
abord,tiens,dire,167.76296945867168
abord,faire,diagnostic,161.69270777341455
monsieur,président,république,4106.399563826932
monsieur,strauss,kahn,1353.8131692204872
monsieur,aphatie,monsieur,1250.470632935917
monsieur,aphatie,mais,989.568871696208
monsieur,aphatie,français,982.0739260465415
monsieur,hollande,monsieur,692.3044734342332
monsieur,mais,monsieur,664.4891498777923
monsieur,bourdin,monsieur,659.2442134402174
monsieur,monsieur,monsieur,398.67383909118695
monsieur,bachar,assad,377.9845997909138
monsieur,dupont,aignan,315.2301951327988
monsieur,sarkozy,était,304.01629141561386
messieurs,chers,amis,2512.3814815243954
messieurs,sarkozy,bayrou,160.94524971231004
messieurs,remercie,présence,160.07697365296323
messieurs,permettez,abord,106.77564729599294
relancer,pouvoir,achat,2216.161777414382
relancer,machine,économique,116.76386267556279
mère,arts,armes,200.91431003903602
arabe,députation,paris,354.7757966460596
conseils,généraux,ainsi,804.5607382476169
conseils,régionaux,conseils,468.8551243130971
prise,compiègne,vendue,185.82856891174234
lutte,contre,corruption,1031.6174639691217
lutte,contre,terrorisme,1024.6415485433067
lutte,contre,insécurité,1014.2851348822247
lutte,contre,immigration,988.7265715948091
lutte,contre,mondialisation,954.1684110152247
accéder,second,tour,1201.9322402581038
exportations,agricoles,certes,127.1409214683265
signe,religieux,ostentatoire,186.11557642613707
2013,delà,date,117.39972634142046
2013,pour,assurer,102.23200335951404
2010,conseil,général,511.85916688736467
liste,front,national,19061.179526687243
liste,arrivée,tête,193.09764578078045
gestion,argent,public,481.3934693716617
voulait,faire,grosse,118.02183715302893
conseil,général,corrèze,600.9588821729642
conseil,régional,nord,401.12420715924105
conseil,etat,nous,140.56582767354115
conseil,français,culte,126.01511897240078
entrer,union,européenne,4330.891932295757
entrer,droits,produits,100.57988987840437
passé,table,rase,185.59689526201316
passé,professionnel,chacun,112.85378826215468
emprisonnée,rouen,cage,305.98033873448094
déloyale,pays,coûts,146.36629349661445
pose,question,savoir,577.1092385963906
militants,front,national,19075.385480299403
rend,compte,productivité,192.35348552373932
rend,bien,compte,97.0653340793911
observatoire,national,délinquance,115.46634793500587
permettez,monsieur,aphatie,1007.7039134983166
permettez,dire,considère,222.29067570976713
permettez,abord,remercier,174.11989819526005
permettez,nouvelle,remercier,153.23460480830937
permettez,citer,quelques,130.02382332663677
militaire,volontaire,mois,122.4523117585532
gagner,deuxième,tour,1450.8253819086963
gagner,nous,allons,402.78531587105834
occurrence,jean,marie,2850.958732173717
entré,millions,immigrés,261.89170886472596
harmonie,entre,nature,113.75878804865684
ministère,affaires,étrangères,244.00438311255851
nationales,action,vigoureuse,145.74527287948197
puissants,dans,temps,180.25747364812972
équivalent,ville,rennes,251.88731641133683
aujourd,front,national,19018.07969685115
aujourd,plus,plus,550.0482419268501
aujourd,plus,jamais,111.01027297862217
aujourd,intégré,culture,107.71869180380146
manuels,salaires,intellectuels,132.71214000079908
redressement,économique,social,456.54127064718216
lorraine,excusez,aller,114.41115329052838
faudrait,mettre,entrée,100.81994215744388
laxisme,judiciaire,moral,130.52393918341238
être,ultra,libéral,373.53860319095435
soir,second,tour,1235.0279571220512
soir,premier,tour,1073.8980358548831
budget,union,européenne,4330.346125181131
conseillers,municipaux,front,363.5479405662943
martin,sera,refuser,138.2082296024123
millions,chômeurs,millions,1055.4426428246747
millions,chômeurs,réels,797.7719128234617
millions,chômeurs,pays,766.8072828867146
millions,chômeurs,français,746.3300768073234
millions,pauvres,millions,503.9340912076115
millions,demi,voix,490.45769989126774
millions,crimes,délits,449.00290085359575
millions,emplois,industriels,445.8395227319986
millions,rmistes,millions,418.767191273286
millions,électeurs,front,376.3319973104992
millions,demi,entre,333.36489615444765
millions,demi,français,325.13603329253374
millions,cartes,vitales,305.26389205283317
millions,travailleurs,pauvres,278.80505487224605
millions,étrangers,pays,255.22165364500884
millions,français,vivent,237.45277759299125
millions,emplois,agricoles,226.62445360151872
millions,vivent,euros,187.83976203085888
millions,fausses,cartes,167.856685324556
millions,français,pouvoir,165.9036748892676
crois,front,national,19021.775527405465
crois,certain,nombre,7340.370771534028
crois,nicolas,sarkozy,6894.274715915024
crois,vous,savez,1963.2496623091608
crois,quelque,chose,1943.1152955801413
crois,crois,crois,612.0522130112224
crois,faut,faire,555.613171850084
crois,faut,supprimer,327.7193270696365
crois,aura,beaucoup,129.4524644708889
crois,beaucoup,français,113.46293416594506
crois,hein,bien,45.974024089464876
croit,miraculeux,faire,119.85212924689168
chers,amis,chers,2584.1091135181377
chers,amis,permettez,2405.832892651673
chers,amis,front,2401.0082934997467
chers,amis,moment,2400.4102782103378
chers,amis,allons,2388.5539984266898
chers,compatriotes,chers,1399.383341893316
chers,compatriotes,métropole,1303.704943163906
chers,compatriotes,france,1192.5321680288705
chers,camarades,chers,792.932525440317
ingérence,affaires,intérieures,195.03213385976045
henri,meurt,henri,203.2204288473621
henri,angleterre,proclamé,172.31054028960423
libère,orléans,écrase,233.93243658650314
colère,légitime,peuple,142.3082651208644
priorité,nationale,absolue,359.2641580693573
priorité,accès,logement,354.1885149718513
priorité,accès,emploi,299.6748256384363
fonds,intervention,ville,183.7742677690208
distinction,nette,entre,156.3186001329424
différents,partis,politiques,628.1805785896249
différents,pays,européens,366.26619096267495
nicolas,sarkozy,françois,6975.313638217456
nicolas,sarkozy,avait,6926.161083511623
nicolas,sarkozy,ministre,6922.066247247725
nicolas,sarkozy,nicolas,6917.0515207185235
nicolas,sarkozy,était,6916.1540630854215
nicolas,sarkozy,vision,6910.952334159652
nicolas,sarkozy,veut,6910.699134340435
nicolas,sarkozy,besoin,6907.288757677838
nicolas,sarkozy,jamais,6906.417105331626
nicolas,sarkozy,soit,6904.809321046445
nicolas,sarkozy,ailleurs,6901.6179642475945
nicolas,sarkozy,pouvoir,6900.705692443898
nicolas,sarkozy,faire,6899.806112788221
nicolas,sarkozy,monsieur,6899.682302034605
nicolas,sarkozy,bien,6895.133629052631
nicolas,sarkozy,faut,6895.03315204986
considéré,fardeau,obligation,161.49951397657193
enfin,chers,amis,2379.5716770945746
enfin,veux,dire,950.6748708896519
rien,sera,épargné,152.37780749592739
vice,premier,ministre,1567.700474620386
rendent,bien,compte,167.36911776593047
jeunes,gens,jeunes,196.6042043521382
jeunes,gens,pays,145.93697128650254
constitution,européenne,2005,979.0724330468894
constitution,vème,république,537.8284327922254
constitution,française,article,149.49627261209304
constitution,république,reconnaît,118.48399303965468
ouvrir,yeux,français,204.173893813894
référendum,constitution,européenne,1065.790869876578
référendum,initiative,populaire,514.6570863545916
référendum,nouvelle,calédonie,313.50865791528645
cause,excès,injustices,123.65920664678671
sommes,campagne,électorale,1079.7292830354938
sommes,capables,fabriquer,111.32353887645955
sommes,pauvres,nous,108.83363858252164
unes,après,autres,266.62107082449836
espagne,portugal,grèce,262.07208490243994
ecoutez,vais,dire,838.1560771325671
écrase,anglais,jargeau,252.14420156595318
identité,sécurité,français,98.4311023334057
fête,travail,travailleurs,330.0077405917231
cette,mondialisation,ultralibérale,172.2019988601996
cette,situation,plus,125.6588128129082
bénéfice,grands,groupes,923.8498608302584
fausses,cartes,vitales,352.06487623622326
pupille,nation,père,227.48993475446855
autant,plus,nécessaire,255.99020267183738
autant,dieu,prête,192.44887152942113
étrangers,situation,légale,256.0244991928075
étrangers,situation,régulière,158.07497178736034
deux,mois,plus,117.42360857194639
delà,certain,montant,111.39250479696724
delà,date,plus,80.00886433990952
empêcher,front,national,19074.839104311883
immigration,massive,incontrôlée,845.5764909400373
immigration,insécurité,chômage,466.3955764628072
immigration,masse,france,432.1844975394217
immigration,légale,clandestine,331.54406067810226
immigration,tiers,mondiste,239.17650301752738
immigration,travail,immigration,169.38870832743092
immigration,étrangère,massive,167.57355212635764
immigration,temporaire,travail,99.29796630346578
immigration,chance,france,88.73959120440318
verra,bien,verra,290.69226877852054
verra,bien,moment,271.1095719339109
entre,nicolas,sarkozy,6901.433037927424
entre,milliards,euros,2397.4673485671665
entre,tours,élection,341.05539461602064
entre,immigration,insécurité,328.9809156744309
entre,homme,femme,202.05168834138703
entre,citoyens,français,196.59327408105332
entre,maintient,territoire,185.92471931845557
entre,différents,partis,140.27884840018356
entre,leurs,mains,127.73519641210052
entre,français,étrangers,53.33462802506602
alors,mesdames,messieurs,3270.1483271350226
alors,chers,amis,2442.66402934067
alors,chers,compatriotes,1257.423217962973
alors,dois,dire,1148.1565653271505
alors,vais,dire,906.8268806496561
alors,moment,donné,883.5141096029338
alors,crois,faut,314.22833356323
alors,choses,soient,151.25915910961947
referendum,initiative,populaire,495.610196644758
résultats,toujours,plus,279.4383308278726
retour,monnaie,nationale,507.58832005977354
retour,monnaies,nationales,375.95222176093074
importation,droits,douane,1091.1001604290173
racisme,anti,français,300.7645471005439
neutralité,politique,religieuse,202.7675572864097
neutralité,religieuse,neutralité,159.65983471723564
volonté,peuple,français,2508.7839113488253
inscrire,constitution,république,141.282680959945
rmistes,millions,titulaires,160.99733526056554
fiscale,plus,plus,553.5500314900712
taille,gardée,soudards,285.1306999886641
modeste,compare,suis,162.21640486260242
terrestre,sépare,jamais,134.37393179459627
banques,marchés,financiers,1498.7227668750438
banques,dépôt,banques,396.4465214760503
prodigieux,destin,histoire,177.87908399705466
peuple,peuple,français,2571.6318906885745
peuple,français,peuple,2521.7303799814863
peuple,français,liberté,2459.5523581445295
peuple,français,puisse,2445.8658495404043
peuple,français,savoir,2445.1120360020454
peuple,français,crois,2433.855870185498
peuple,français,mais,2433.206206728024
peuple,français,suis,2426.6002712339296
peuple,français,faire,2424.629320537375
peuple,français,plus,2424.537502981242
peuple,peuple,peuple,338.8330438041612
peuple,amour,patrie,307.20368464901287
métropole,outre,étranger,219.49316696109497
européen,2009,sera,93.00766192563329
système,protection,sociale,1456.4143799055466
système,bout,souffle,320.3547046707183
système,monétaire,international,157.0420416580834
cheval,accomplir,plus,102.77526296956626
professionnelle,vers,2013,113.15138999936289
campagne,front,national,19023.285926006698
campagne,électorale,présidentielle,1169.9075235296618
campagne,électorale,européenne,1127.9179307375027
campagne,électorale,législative,1118.7326475665348
campagne,présidentielle,suis,736.538518512142
campagne,élections,européennes,604.7825394834613
anticiper,sortie,euro,347.78476542791606
points,dessus,moyenne,147.6216296181911
après,élection,présidentielle,2281.6767278136413
après,deuxième,guerre,196.61203844275278
après,affaire,merah,103.69853240681257
prière,jésus,marie,205.38190068188612
majorité,socialo,communiste,370.1137561677808
majorité,qualifiée,conseil,201.54839365913858
ailleurs,front,national,19020.476465229418
ailleurs,certain,nombre,7343.563361450285
ailleurs,nicolas,sarkozy,6895.000539731891
ailleurs,etats,unis,2752.078259431778
ailleurs,raison,laquelle,708.7120729798249
ailleurs,plus,plus,534.6496681487453
ailleurs,faut,bien,504.8339766185139
ailleurs,faut,dire,398.7781851046048
ailleurs,voit,bien,384.58403719959153
rétablissement,peine,mort,803.3822342957302
devait,apporter,bonheur,175.60952808074433
bleu,marine,candidat,430.8909548163907
bleu,blanc,rouge,330.97194817829904
acte,prière,jésus,215.96974807041934
pacte,stabilité,budgétaire,179.50477347326395
populaires,classes,moyennes,1267.9724236207462
bompard,bompard,bompard,249.70451679009557
beaucoup,plus,facile,897.4211227658836
beaucoup,plus,proche,852.9209876726642
beaucoup,plus,proches,833.2276211275033
beaucoup,plus,ferme,771.536961080507
beaucoup,autres,pays,739.4212389466829
beaucoup,hommes,politiques,737.5711508707393
beaucoup,autres,domaines,533.5771013129927
beaucoup,autres,gens,468.5525645345815
beaucoup,autres,choses,467.66753924748036
beaucoup,pays,contrainte,107.10142232375851
taxer,taxer,taxer,252.46487601930517
proclamé,france,jeanne,104.86849553003788
initiative,populaire,proportionnelle,394.4783536262148
avons,front,national,19024.724915526265
avons,certain,nombre,7349.567580742373
avons,millions,chômeurs,807.7555684191218
avons,places,prison,564.4765430893599
avons,plus,moyens,290.61479955468315
avons,supprimé,frontières,173.96849244719078
avons,perdu,millions,161.5080271680594
avons,payé,milliards,108.68666093820354
humaine,elle,reste,108.3311377869129
écrasé,chevalerie,française,255.09230245163133
banque,centrale,européenne,384.8771863040074
banque,france,prêter,301.3511832716158
banque,france,prêtait,273.575741715625
banque,france,prérogative,266.8523809287092
quelque,chose,extraordinaire,1990.1518939460493
quelque,chose,important,1987.2708352897225
quelque,chose,assez,1973.4614011151211
quelque,chose,crois,1955.6474915838608
quelque,chose,beaucoup,1944.813716230613
quelque,chose,bien,1934.3873768130347
grand,parti,politique,217.4653921889458
grand,chef,guerre,188.16861412866288
grand,chef,politique,162.86195523558155
dans,temps,chômage,156.42844291024585
partout,front,national,19040.23059830824
partie,pouvoir,achat,2199.825505444949
partie,électeurs,gauche,95.89365015891362
justes,contrôles,laisse,139.33533649839262
assurer,renouvellement,faudrait,130.21938421580975
semaines,plus,tard,759.7117157261143
semaines,quelques,mois,574.897397190116
pression,baisse,salaires,680.5785591846795
1957,premier,faire,106.3333036122671
bourdin,monsieur,bourdin,487.643561159958
souverain,légitime,peuple,203.77069132481844
sécurité,première,libertés,249.54118064371747
sécurité,français,rassemblement,74.29710811568272
abandons,trahisons,lâchetés,206.61523662126353
veux,mettre,place,1043.185912059208
veux,dire,suis,890.8351698229367
veux,dire,faut,865.9236436426045
veux,mettre,œuvre,555.7759137431146
gouvernement,nicolas,sarkozy,6937.575355003833
gouvernement,socialo,communiste,363.4650883346518
gouvernement,union,nationale,159.97570107496932
gouvernement,peuple,peuple,158.9574446115895
dirigeants,front,national,19039.07209268577
veut,dire,veut,1409.5264581355052
veut,dire,faut,1358.057530083916
veut,dire,gens,1337.6547579151784
veut,dire,réalité,1320.9773935158003
veut,dire,avons,1318.154208811367
veut,dire,français,1310.3283794061892
veut,rien,dire,319.6994111432258
veut,faire,gagner,173.51076397092527
voulez,faire,club,95.29449340258012
somme,toute,assez,696.4736790306176
notes,frais,doivent,282.0810114671383
pouvoir,achat,français,2250.6241647552733
pouvoir,achat,consommation,2216.9995792053915
pouvoir,achat,emploi,2204.9926494116635
pouvoir,achat,chômage,2199.0160633338455
pouvoir,achat,faut,2186.732507027785
pouvoir,socialo,communistes,226.2186744900975
retraités,chômeurs,exclus,130.1951512662964
subissent,mêmes,charges,185.15935757858364
agriculteurs,termine,professionnelle,139.86704185669214
défendre,leurs,intérêts,157.48140682708265
défendre,liberté,sécurité,118.60684843484862
défendre,france,français,114.16356872145494
défendre,français,abord,95.09341199822585
veulent,travailler,veulent,305.6249955423378
faisons,choix,oubliés,110.40397357551697
invasion,tiers,mondiste,266.23291903640137
dépôt,banques,spéculatives,234.02477821607113
laïcité,neutralité,politique,179.20127556531344
évêque,pierre,cauchon,160.2917899631424
dignité,sociale,moyen,96.79526364869093
reine,isabeau,bavière,368.38715064953175
national,front,national,19042.043577701643
national,assemblée,nationale,1439.7721864619475
national,veut,dire,1317.545401395434
national,vive,france,446.86743815610146
national,conseil,régional,382.4607545917763
national,vive,république,343.94720487374866
national,rassemblement,bleu,306.7828493956305
national,union,patriotique,292.2124735809703
liberté,peuple,français,2511.844070827879
liberté,égalité,fraternité,531.9540341024651
liberté,équité,fraternité,336.21814391018734
liberté,expression,liberté,323.8417091008009
liberté,pensée,liberté,312.04517145922443
liberté,sécurité,prospérité,291.42273302400366
liberté,individuelle,dignité,175.39904892119023
liberté,soucieuse,humbles,140.6763309125363
gens,front,national,19051.61405584188
gens,condamnés,prison,179.49337991720256
gens,jeunes,filles,149.97317147722626
gens,parlent,aujourd,104.92064856279347
gens,plus,jeunes,64.32210404359277
déchirent,belles,dents,177.49602786359173
complice,forfaiture,quatre,154.00963354324605
choses,soient,claires,429.39006891655816
choses,peuvent,changer,98.10342561351983
réveil,sera,terrible,117.70997977916764
milliards,euros,dette,2551.538101371495
milliards,euros,année,2453.1010723051004
milliards,euros,soit,2452.127079013802
milliards,euros,fraude,2445.6117873005223
milliards,euros,vous,2428.920832418476
milliards,euros,2005,2426.498361582081
milliards,euros,intérêts,2419.698699982983
milliards,euros,mais,2398.4144285801613
milliards,euros,aujourd,2394.782685969131
milliards,euros,france,2391.4724410563686
riches,puissants,dans,119.47744533474403
accepté,supprimer,définitivement,129.03122478461245
consultation,obligatoire,peuple,133.40654926346951
partis,bande,quatre,412.4907496848167
partis,représentés,assemblée,222.4598927584892
partis,gouverné,france,111.82778363184357
seconde,guerre,mondiale,584.3671256752857
siècles,plus,tard,772.3847079628539
émeutes,novembre,2005,195.0573272787384
occasion,élection,présidentielle,2185.0548551785087
ouverture,totale,frontières,542.3060072977174
savent,lire,écrire,399.0027536274722
soyons,fiers,sommes,112.25311200158619
cachot,sordide,jugée,245.37861178836178
protection,sociale,nous,946.2666130270702
changer,modèle,économique,521.3946654469639
changer,rien,changer,129.517191231728
injuste,effort,hommes,106.21778293149174
établira,mystérieux,contact,195.68509972185575
dessous,seuil,pauvreté,295.1913446294402
représentants,front,national,19035.43819052334
passer,unanimité,majorité,107.9687726551027
compagnons,armes,connétable,216.7055372255189
doivent,faire,objet,266.6633082606128
doivent,garder,souvenir,147.63873264372273
disposant,toute,modification,131.83529097472695
ferrée,pieds,taille,280.50042382861653
classes,moyennes,populaires,1308.6901882968052
classes,moyennes,descendent,1282.1091371307548
classes,moyennes,peser,1249.5037599102109
classes,populaires,classes,375.226741013258
classes,populaires,moyennes,365.58732801006715
mettre,place,protectionnisme,1119.5177508132251
mettre,droits,douane,1069.952102839027
mettre,place,patriotisme,1001.7411362236974
mettre,place,priorité,1001.2397743524839
mettre,place,politique,990.362381802568
mettre,place,pays,974.4064268083946
mettre,œuvre,atteindre,512.7211782107734
mettre,oeuvre,grand,397.4051595710374
mettre,protections,frontières,227.3826934542259
mettre,france,abri,85.6296650438837
soixante,après,guerre,185.54432352607392
banni,pape,martin,310.8563297800715
problème,nicolas,sarkozy,6902.276421443791
problème,pouvoir,achat,2194.8399379150187
problème,immigration,faut,138.53944617344325
centaines,milliers,clandestins,808.6834220573456
pourront,faire,demain,102.4224857927426
chef,armées,chef,250.57743215511314
chef,guerre,grand,154.55894146519978
débarqué,normandie,écrasé,201.81930335169238
ensemble,peuple,français,2439.4071914847577
ensemble,classe,politique,1442.9619523171673
ensemble,territoire,national,158.05356600072776
2000,lionel,jospin,438.60661338639966
députation,paris,1957,310.59060477290745
2007,2013,delà,120.84555958007324
2009,sera,chargé,107.84947199994191
salariale,cotisations,sociales,206.30907344636887
article,disposant,toute,122.30398517742674
dotation,rurale,équité,220.0414739514799
puissance,économique,monde,155.37468520233355
quatrième,puissance,économique,172.5463319423894
malgré,millions,voix,257.83974840082215
accueillir,millions,immigrés,228.96482367634482
accueillir,toute,misère,164.50484354538315
chirac,président,république,4122.258254477587
chirac,sera,pire,107.06632597242417
nation,peuple,français,2484.158305916415
nation,etat,nation,242.99670560281317
nation,père,mort,167.87187675252034
charge,communauté,nationale,433.3250980884886
charge,financière,fiscale,128.52458238897736
charge,toute,misère,127.6808809169878
dumping,social,environnemental,421.85015268951946
dumping,monétaire,social,211.43912816466457
vaste,zone,libre,130.3222157323973
autres,certain,nombre,7336.208336967988
autres,partis,politiques,739.6891897650296
autres,pays,européens,655.2330003039783
autres,pays,monde,518.801997195525
autres,mouvements,politiques,357.7767111387194
autres,grands,candidats,110.41460344611946
plus,front,national,19029.908776289813
plus,certain,nombre,7365.535070397018
plus,nicolas,sarkozy,6897.159721952916
plus,milliards,euros,2394.2067112611094
plus,plus,nombreux,968.1573805925775
plus,nombreux,plus,895.638817900315
plus,faibles,plus,824.7111711640289
plus,grande,partie,809.0836667892834
plus,tard,portes,791.624965230263
plus,tard,jeanne,771.8270769779731
plus,tard,nôtres,768.8607858507189
plus,tard,souvenir,767.2017632946483
plus,plus,difficile,661.7759189002531
plus,pauvres,plus,659.7181098054014
plus,plus,importants,655.1054951199287
plus,plus,pauvres,645.7329238354796
plus,modestes,plus,643.721584629342
plus,lucides,plus,623.1200112064937
plus,plus,importante,614.8332041256378
plus,humbles,plus,610.3957228333691
plus,plus,souvent,602.5921909834846
plus,jeune,plus,599.8639950622166
plus,riches,plus,599.2980248071153
plus,plus,cher,597.34376029901
plus,plus,importantes,594.0648960785718
plus,plus,stérilisante,583.5367011254833
plus,gagner,plus,575.0741488481627
plus,lourde,plus,573.6590123008323
plus,plus,nombreuses,571.6659937136444
plus,europe,plus,567.5583301941635
plus,plus,français,566.5322554410668
plus,plus,lourde,564.124639371171
plus,plus,grandes,557.1303715853048
plus,grand,nombre,461.51613545332964
plus,nombreux,recherche,391.1419318235602
plus,millions,demi,375.33347768100475
plus,faut,faire,340.2883856390316
plus,grande,fermeté,296.710587880583
plus,grand,bénéfice,281.6281031890026
plus,millions,étrangers,278.26205375044646
plus,rien,offrir,261.2547468524656
plus,grand,meeting,255.11049778018352
plus,grand,respect,252.49285119081185
plus,important,celui,251.88443164406107
plus,rien,dire,250.46607976603713
plus,basses,insultes,226.57616000774095
plus,prendre,charge,224.24100699193428
plus,rien,attendre,213.31754418157672
plus,faible,monde,211.27659927467718
plus,ignobles,calomnies,202.58435104758996
plus,niveau,etat,196.99090480106833
plus,profond,coeur,194.52953256088324
plus,facile,dire,186.93605169840095
plus,longtemps,possible,152.1009513120892
plus,prodigieux,destin,149.58586684064048
plus,grosses,capitalisations,144.78536662325988
plus,faire,confiance,131.02902714796977
plus,2000,lionel,126.04343357912676
plus,anglais,débarqué,122.84157840888521
plus,performante,assurer,113.94865285563807
plus,avenir,pays,110.65783580161228
plus,élevées,moyenne,102.99363843093961
plus,stérilisante,temps,91.09742130996766
plus,demandeurs,emplois,87.07423753344844
plus,tiers,entre,84.26214071661282
préparé,sortie,euro,374.7324645936436
peter,mandelson,commissaire,317.12214702552257
effectifs,police,gendarmerie,295.792379491714
grands,groupes,payent,892.1075921440516
grands,partis,politiques,680.8789817571183
grands,féodaux,déchirent,304.40057003635144
service,militaire,volontaire,279.17393610562317
infâme,traité,troyes,224.75854085330192
infâme,évêque,pierre,199.79236026366945
bonnet,rose,rose,171.436902864152
françois,hollande,cherche,1637.9519712139522
françois,hollande,nicolas,1634.6029966199835
françois,hollande,allait,1633.0573046373381
françois,hollande,président,1620.1331525547635
armées,chef,justice,183.00014318642562
jamais,cotisé,pays,125.21321457877292
jamais,patrie,céleste,118.8670756739921
jamais,entendu,parler,100.65007274004489
productivité,concurrence,effet,111.18459818597819
supprime,frontières,leurs,97.11671909275418
succès,candidat,peuple,113.38188676303258
déjà,certain,nombre,7413.178633003718
déjà,nombreuses,années,356.6462732744874
malheur,charles,devenu,138.184449603198
marchés,financiers,banques,1469.9591093243012
marchés,financiers,taux,1459.899631038531
marchés,financiers,bien,1413.7519895302012
grande,partie,entre,679.7240344117463
grande,différence,entre,300.0379134057757
grande,pitié,royaume,240.36147188814846
grande,politique,développement,98.06018651948014
remercie,présence,conférence,158.5701386534733
vous,président,république,4189.2668439527715
vous,savez,bien,2219.576830114408
vous,savez,suis,2074.712944272329
vous,savez,monsieur,2002.7130859681295
vous,savez,crois,1968.9859502400714
vous,voyez,bien,1002.2679650402827
vous,avez,raison,980.5668409388907
vous,avez,compris,887.9566415744322
vous,voyez,mesdames,864.0102824669345
vous,voyez,différence,851.9098180584624
vous,êtes,train,659.3374702162444
vous,êtes,seuls,518.9522704166889
vous,imaginez,bien,258.4151854398291
élections,législatives,juin,909.3113333882254
élections,législatives,avons,871.4411293236432
élections,présidentielles,législatives,743.9406542556374
élections,présidentielles,crois,668.7251690554294
élections,européennes,juin,635.731041218934
élections,cantonales,mars,533.4949364981619
élections,régionales,mars,492.0116457989311
électeurs,front,national,19165.90986973547
raison,laquelle,propose,707.4396512322203
raison,laquelle,suis,691.3785121276582
politiques,front,national,19024.335382893678
politiques,économiques,sociales,428.7719495710512
politiques,économiques,sociaux,243.4846372534718
chacun,commencer,celui,97.2142638266557
concernant,bonne,gestion,162.3876735388831
esclaves,vendre,chômeurs,174.4403792484281
général,gaulle,avait,788.9588979807918
général,otan,dire,114.99004623537486
membre,bureau,politique,728.476535401343
fabius,strauss,kahn,1337.2180022312498
jospin,homme,gauche,135.45424913484982
jospin,avait,deuxième,97.08076082505761
homme,politique,présenter,275.58152849386113
européennes,exportations,agricoles,121.10004161289231
1422,henri,meurt,188.26357977233334
congrès,front,national,19060.76211565611
meurt,henri,angleterre,161.95848083164853
hommes,politiques,gauche,817.2802745774276
hommes,politiques,français,741.9909238405734
hommes,femmes,gauche,733.2297411199916
hommes,femmes,pays,723.3974470811722
hommes,état,doivent,123.70357951338002
candidats,front,national,19056.52939143453
candidats,deuxième,tour,1483.4133814713814
candidats,présidence,république,698.3529252097569
celles,front,national,19043.273225527955
celles,allons,gagner,156.47480000415425
père,mort,france,198.81051441989757
pourrons,plus,décider,96.19221995618588
venant,tiers,monde,491.8447306288061
ainsi,pouvoir,achat,2199.5211506193023
calomnies,elle,échappera,176.9033147209455
région,nord,calais,460.4816149178561
candidate,élection,présidentielle,2287.490373248081
réarmement,face,mondialisation,236.9543780783011
administratif,faire,objet,241.84679315631863
euros,vous,voyez,865.4782029161603
euros,mois,millions,314.2681847644698
euros,fraude,sociale,248.57454789433118
euros,intérêts,dette,239.50063850334203
marine,candidat,socialiste,140.52487667308841
matin,paysans,arrive,394.61229620003473
second,tour,élection,1355.6910668813857
second,tour,élections,1273.7659655668294
gardée,soudards,cachot,283.96736083753774
soit,milliards,euros,2430.7660450201643
soit,milliards,francs,437.57231274153327
compatriotes,métropole,outre,279.3297658445175
compatriotes,zones,rurales,243.96899084412132
supprimant,postes,travail,113.67441654824981
toutes,aides,sociales,869.6988795972409
toutes,forces,toute,400.53351779961986
toutes,forces,france,387.81448536256823
toutes,nations,monde,194.91518787439497
toutes,conditions,toutes,194.2603570519912
toutes,régions,france,181.51967080806693
toutes,couches,société,145.12373306328573
tous,enfants,france,90.77666155479376
rupture,contrat,préférence,135.58756118990425
fonctions,régaliennes,etat,214.2619392676454
avez,bien,entendu,399.3637856029346
avez,oublié,gouvernait,174.4534452995911
avez,compris,chers,142.97989035213604
avez,monde,meilleur,78.1373053018685
morale,publique,plus,442.7386053457781
morale,politique,france,56.679175613704146
union,européenne,construite,4348.314104460667
union,européenne,devenue,4340.8956239188365
union,européenne,train,4325.806700243408
union,européenne,année,4321.487318072753
union,européenne,dont,4320.449129658139
union,européenne,réalité,4319.158363582699
union,européenne,aujourd,4311.865129297831
union,européenne,bien,4310.814695412344
france,front,national,19019.926043726704
france,nicolas,sarkozy,6895.161647054316
france,union,européenne,4307.712028292366
france,mesdames,messieurs,3239.4672110614038
france,etats,unis,2751.4829050380463
france,peuple,français,2425.5647391782168
france,vous,savez,1962.038357513762
france,nous,sommes,1811.6333631932584
france,chers,compatriotes,1225.9124769904304
france,vous,voyez,827.3131467261207
france,ores,déjà,544.2098929720521
france,plus,plus,534.0302710023174
france,année,dernière,312.41362669615717
france,prêter,trésor,275.7495513821008
france,pense,faut,233.34863252977547
france,toute,entière,218.18413495465407
france,nations,européennes,217.90937309305008
france,plus,grand,209.24216524153394
france,banni,pape,198.23001391058384
france,mais,madame,194.75937997044952
france,rurale,france,194.26995499245055
france,français,abord,139.4513842622231
france,aller,emprunter,132.2291784693984
france,mère,arts,129.7035855628027
france,mais,bien,129.4398096653064
france,5ème,puissance,108.77725314347313
france,passée,4ème,106.65456752966526
france,identité,sécurité,93.68173647181194
france,elle,croit,79.87602899733598
france,sera,plus,67.18796712627886
france,pays,plus,43.24576137119135
insultes,plus,ignobles,206.3004847023645
grèce,irlande,portugal,239.44336697339025
franc,euro,veut,177.5418388948223
franc,serait,attaqué,136.14460760489587
égalité,entre,citoyens,143.857991541653
politique,front,national,19024.723515297115
politique,certain,nombre,7332.513452622098
politique,nicolas,sarkozy,6895.138294595456
politique,quelque,chose,1941.4922872138425
politique,premier,ministre,1450.356798562535
politique,immigration,massive,885.0380013664084
politique,veux,dire,829.1529772165322
politique,immigration,masse,567.6777874116037
politique,économique,sociale,504.2446528862619
politique,socialo,communiste,360.10467817060163
politique,dissuasive,immigration,259.61447542997473
politique,familiale,politique,236.22961245334938
politique,agricole,commune,213.52032062303647
politique,agricole,française,155.27584913805424
politique,présenter,candidature,130.60045604589249
politique,administratif,faire,73.13990916965047
peine,mort,soit,666.5730868093524
calme,vieilles,troupes,148.13305913337797
toute,classe,politique,1444.2347403562994
toute,série,secteurs,1078.322414595381
toute,série,propositions,1072.2705440549148
toute,série,domaines,1069.1787049696013
toute,série,mesures,1067.9311112718428
toute,série,gens,1060.0926792703249
toute,série,choses,1059.2929787540684
toute,histoire,france,352.28525568278536
toute,classe,politico,240.77435781786488
toute,misère,monde,205.6285041597698
toute,légitimité,démocratique,142.94491561349744
toute,chose,égale,138.33628201140016
toute,modification,traités,109.96710488262468
certain,nombre,gens,7647.526495475113
certain,nombre,sujets,7483.682430407423
certain,nombre,autres,7452.81330770265
certain,nombre,choses,7422.413455577491
certain,nombre,années,7396.600929325499
certain,nombre,mesures,7375.444452075748
certain,nombre,candidats,7372.29149402064
certain,nombre,propositions,7372.006696159721
certain,nombre,qualités,7370.58591450482
certain,nombre,journalistes,7369.420427293642
certain,nombre,pays,7365.969474433594
certain,nombre,divergences,7364.22553552659
certain,nombre,conditions,7360.882277560649
certain,nombre,activités,7360.713133542438
certain,nombre,problèmes,7359.303466803112
certain,nombre,dirigeants,7355.461922934843
certain,nombre,domaines,7352.526775090517
certain,nombre,aides,7351.613278210822
certain,nombre,groupes,7349.9636226540215
certain,nombre,temps,7346.7863677816695
certain,nombre,responsables,7346.241226862414
certain,nombre,services,7344.722185516791
certain,nombre,droits,7344.035398667942
certain,nombre,jeunes,7342.158516349553
certain,nombre,hommes,7341.643720377686
certain,nombre,amis,7339.964543264952
certain,nombre,français,7337.15912288747
certain,nombre,avait,7335.624684626199
mêmes,charges,fiscales,222.5107364111595
plutôt,front,national,19029.80256429013
mais,front,national,19018.79981117127
mais,certain,nombre,7335.002553322599
mais,nicolas,sarkozy,6898.325314416927
mais,chers,amis,2369.7066170257463
mais,monsieur,aphatie,1346.2691731834839
mais,veut,dire,1333.5896110310482
mais,veux,dire,872.3306111880995
mais,vais,dire,838.6316412029493
mais,monsieur,bourdin,756.2851657314181
mais,bien,évidemment,625.5788116604713
mais,bien,entendu,479.0619426937468
mais,écoutez,monsieur,465.3967820070181
mais,pose,question,448.5506175097603
mais,cher,monsieur,444.7118838534223
mais,monsieur,mais,437.1950324927311
mais,monsieur,déjà,399.12662380037153
mais,crois,crois,376.92550659636515
mais,faut,savoir,317.8151126803342
mais,voudrais,dire,292.5469566927891
mais,savez,bien,278.05229001300904
mais,bien,mais,180.91922312892066
mais,bien,bien,133.2638651388774
mais,démontrons,paris,116.46081853437477
perdu,millions,emplois,220.46264963422618
perdu,presque,1422,161.31047786191587
postes,travail,faire,75.93475536551094
hommage,mohammed,merah,290.3190555043113
hommage,annuel,jeanne,156.7788572176789
faut,bien,dire,1441.4518987286065
faut,mettre,place,1141.9768947951916
faut,bien,évidemment,999.9032174276857
faut,mettre,œuvre,648.9016529092142
faut,dire,vérité,554.4429151726938
faut,bien,reconnaître,551.9980708794611
faut,bien,admettre,534.8735535253421
faut,faire,respecter,524.6645978928402
faut,poser,question,508.3470421925939
faut,faire,cesser,472.20222234292805
faut,faire,choix,434.53399140914854
faut,dire,répéter,433.67940771094726
faut,faire,faut,416.6814585840641
faut,tenir,compte,298.97996209864334
faut,français,sachent,163.446212869207
faut,rétablir,frontières,162.92814789864687
faut,français,soient,161.92917285318646
faut,aller,plus,143.32772265417265
faut,abord,faire,141.83454815128664
faut,changer,modèle,133.73403384151803
faut,traiter,problème,110.14617368360226
faut,permettre,français,54.958479537226054
affranchir,moyen,oppression,148.3113917401306
près,milliards,euros,2517.1980783203494
près,millions,voix,356.65364431366595
près,quatre,millions,180.42278214869697
près,niveau,économique,85.77884219630033
front,national,vive,19148.88379744193
front,national,parti,19073.94056740935
front,national,avait,19061.941825981805
front,national,rassemblement,19057.04376287717
front,national,était,19051.091701638943
front,national,extrême,19047.813316863772
front,national,consultations,19047.405343254915
front,national,incarne,19046.577941492735
front,national,sera,19046.505558942357
front,national,demande,19046.31424071132
front,national,empêcher,19046.119654065413
front,national,front,19044.66513472971
front,national,contre,19044.25719456673
front,national,aurait,19042.30796592765
front,national,congrès,19041.2736536934
front,national,apporte,19041.10750964643
front,national,représente,19040.420848055248
front,national,démontré,19039.433409333644
front,national,avons,19038.078911078894
front,national,aura,19036.55864900006
front,national,veut,19036.12610645045
front,national,serais,19035.625473582375
front,national,adhérents,19034.082411106596
front,national,monter,19032.66784284736
front,national,opposition,19032.287049153278
front,national,assemblée,19032.248139467945
front,national,revanche,19031.554189621147
front,national,jamais,19030.985127172535
front,national,auront,19030.364882584196
front,national,élus,19030.09404542144
front,national,fallait,19030.089268023927
front,national,ayant,19029.40421886346
front,national,difficile,19028.708823147652
front,national,arrive,19028.563793666493
front,national,jean,19028.48645269635
front,national,peux,19028.01429949095
front,national,simplement,19027.270871919223
front,national,mouvement,19027.124446322487
front,national,raisons,19026.71412752212
front,national,soit,19026.670061436584
front,national,aujourd,19026.311521796233
front,national,bien,19025.758665105706
front,national,celui,19025.309498075017
front,national,serait,19025.12443445025
front,national,rappelle,19025.107854775673
front,national,conseil,19024.95156448135
front,national,problème,19024.04975387697
front,national,gens,19024.031688444436
front,national,élections,19023.78275494647
front,national,voilà,19023.702657999733
front,national,nous,19023.638628279103
front,national,ailleurs,19023.475115710986
front,national,alors,19023.433802745414
front,national,plus,19022.60042229278
front,national,chers,19022.420700102157
front,national,président,19022.304356684774
front,national,beaucoup,19022.176495555592
front,national,surtout,19021.870440684557
front,national,dont,19021.83097328266
front,national,autres,19021.588901757328
front,national,tant,19021.465787083715
front,national,pense,19020.780184319752
front,national,écoutez,19020.590977951415
front,national,moment,19020.559101499253
front,national,mais,19020.488971375038
front,national,crois,19020.477153255088
front,national,premier,19020.39810453912
front,national,pouvoir,19020.13150726088
front,national,enfin,19019.913472941967
front,national,évidemment,19019.801209108617
front,national,monsieur,19019.422494355116
front,national,abord,19019.052746696554
front,national,suis,19018.599577074798
front,national,vous,19018.520883272555
front,national,faire,19018.36775024619
front,national,toujours,19018.234556373012
front,national,temps,19018.187095803427
front,national,faut,19018.074083056898
parle,journalistes,parle,184.42209961362747
réservées,familles,françaises,268.12603460295855
êtes,train,dire,236.56154850177572
obtenir,nationalité,française,653.1188904049955
pouvoirs,publics,successifs,761.4510965386472
rurale,équité,sociale,175.26028958840146
chine,etats,unis,2830.24138431968
croissance,zone,euro,801.1682382036704
croissance,plus,faible,215.1112908190795
croissance,emploi,pouvoir,118.91709297241546
temporaire,travail,immigration,99.29796630346578
gagné,bataille,idées,165.91644145246784
nationalité,hérite,mérite,252.68577391562576
immortelle,abandons,trahisons,250.38245025454876
groupes,politico,religieux,365.7361073488262
pauvres,faibles,riches,161.13781463185734
novembre,2011,contre,147.7020107582886
aller,plus,loin,373.89516737370434
aller,jusqu,bout,290.5150994590794
aller,emprunter,marchés,238.80748965504876
aller,fond,choses,144.23176159618248
aller,secours,libérer,125.2430044439435
oeuvre,libre,circulation,477.05900075430606
peuvent,aboutir,supprimant,132.24010548735055
proche,moyen,orient,511.1163171132172
lettre,jean,marie,2895.225055435627
étranger,chers,internautes,165.19459576964243
autorité,indépendance,france,108.36381224069436
ennemi,avenir,furent,122.81462368147912
enfants,petits,enfants,335.0524820136798
enfants,france,doivent,59.14088833328784
aides,européennes,exportations,124.05489587820495
répondre,appel,offre,278.0976528853863
bûcher,rouen,dernier,302.77077065161626
protections,intelligentes,frontières,235.79680553889423
petites,moyennes,entreprises,260.04130203991576
petites,entreprises,petites,221.83417524661763
cinq,dernières,années,847.6507269764136
cinq,millions,chômeurs,801.1442339817551
cinq,plus,tard,765.9277646645003
cinq,prix,nobel,418.1482640476895
absolument,aucune,raison,255.24255718129632
municipaux,front,national,19071.06518318638
voix,front,national,19080.97392835126
voix,premier,tour,1033.1273076608245
voix,élections,présidentielles,685.0438623397085
budgets,conseils,généraux,854.9460089291686
pays,certain,nombre,7337.654074188762
pays,union,européenne,4345.784385165265
pays,zone,euro,782.3323122510469
pays,tiers,monde,508.06950689237704
pays,faut,dire,390.57894407949993
pays,millions,habitants,233.92481834750188
pays,respectent,aucune,136.06778749341728
pays,plus,attractif,113.85599643671418
pays,contrainte,injuste,107.87155127496256
pays,vient,livré,100.86805387530876
pays,bien,crois,83.66206189176656
pays,plus,généreux,83.51943019071639
pays,près,niveau,66.52332089951577
chambre,régionale,comptes,143.57083886550154
différence,autres,partis,249.50194573370234
suppression,impôt,revenu,741.5115188354865
suppression,aide,médicale,667.076056512595
suppression,double,peine,347.90062931317607
suppression,service,militaire,264.19745120090033
revenu,impôt,revenu,771.9982780575281
dissolution,assemblée,nationale,1494.68711601066
celui,front,national,19054.08214765235
zone,libre,échange,798.1797632091548
zone,euro,bien,774.096425702447
cautères,jambes,bois,246.1349771563685
trahisons,lâchetés,plus,124.18748161103065
connu,parti,socialiste,2060.485753189055
seine,saint,denis,278.36675758497756
ambassadeur,france,tunisie,110.56615714471556
venir,installer,france,119.48313792896568
charles,devenu,restera,145.4419271187537
présenté,candidature,arabe,247.48520448743278
échappera,techniques,pourrait,157.52749365596318
nombreux,recherche,emploi,128.213176947973
hausse,pouvoir,achat,2244.879340667818
anglais,jargeau,juin,208.6438172628071
anglais,bourguignons,emprisonnée,186.95764715785126
anglais,débarqué,normandie,179.36673028304128
anglais,france,1453,125.55775029474367
celle,front,national,19026.284297627382
celle,etats,unis,2759.680561122706
celle,peuple,français,2437.44255767293
destruction,services,publics,1834.8352115199677
pitié,royaume,france,167.15358066442838
garde,sceaux,arpaillange,243.0876746193455
lire,écrire,compter,422.99990357642304
lire,écrire,monter,375.73992598208724
aimerais,bien,savoir,122.10094996496065
crise,économique,sociale,526.2519177198149
ultra,libéralisme,mondialisé,320.09854460805093
mort,certain,nombre,7345.253297958829
mort,brûlée,vive,208.34056319632901
mort,france,1942,112.38781468546064
mort,france,pendant,84.9713879005372
regarde,suis,modeste,146.22116051413138
augmentation,pouvoir,achat,2209.0615621080788
sordide,jugée,tribunal,181.75472022947142
économique,social,culturel,443.4026280878694
économique,social,france,405.65131739526635
économique,sociale,politique,379.85031213003333
économique,sociale,pays,377.5276439654015
économique,patriotisme,social,354.06888153028945
économique,équilibre,social,252.73299484660032
économique,retour,croissance,95.31919809393672
éducation,leurs,enfants,789.6776539640783
éducation,civique,morale,241.74309067879756
taux,intérêt,extrêmement,198.9678793756169
peines,prison,ferme,326.67366784495056
rester,union,européenne,4332.911782784228
michel,dubois,yann,205.93655311500424
demi,entre,avaient,84.54121634173583
barrer,route,front,293.67759366805615
avait,certain,nombre,7350.789111701553
avait,deuxième,tour,1419.7656995759426
route,front,national,19035.625473582375
lourde,plus,plus,563.4223070938565
ravagent,pays,paris,112.06253629191724
vive,front,national,19172.07310956728
vive,france,vive,1040.4816798568509
vive,république,vive,969.4613585376749
vive,nation,vive,750.5616263270409
vive,peuple,vive,710.4077194410037
vive,france,mesdames,446.0709072461356
vive,france,chers,415.95133829175643
vive,1431,bûcher,200.91346423236294
professionnel,chacun,commencer,122.96747893664856
école,nationale,magistrature,134.35673233891535
école,usine,chômeurs,113.12412091371185
nationale,emploi,logement,158.9645028797492
nationale,érigé,fête,119.80300616835741
nationale,malgré,millions,92.70875372900002
nationale,travail,cause,69.054768245947
nationale,politique,gouvernement,51.47717067161787
sera,épargné,échange,183.28335249384918
sera,pire,jospin,177.13026036381513
sera,refuser,complice,120.9655567014292
sera,chargé,adopter,113.65116547701557
bourguignons,emprisonnée,rouen,227.8700928866874
emprunter,marchés,financiers,1526.9696185185558
viande,abattue,france,132.55190815607912
etat,collectivités,territoriales,634.6003246177598
etat,collectivités,locales,517.8948965110171
etat,fort,etat,373.29473462015727
etat,etat,fort,328.3190174214161
mauvaise,dépense,publique,640.6787110474942
passée,4ème,rang,171.14233031771573
sert,plus,rien,238.6966713210247
élever,leurs,enfants,765.9971149466817
travailler,veulent,travailler,272.9140477146908
travailler,plus,gagner,150.58198519222225
respect,ordre,naturel,156.31521210293005
sociale,moyen,prospérité,91.78342285871443
parlement,européen,2009,1087.9571821248583
parlement,européen,suis,1063.9560748351637
chômage,pouvoir,achat,2200.6960737974628
chômage,insécurité,immigration,146.4653001446868
dois,dire,suis,1175.4297635674645
dominique,strauss,kahn,1707.4123401006623
syndicat,magistrature,syndicat,422.41867743082213
syndicat,défense,intérêts,207.08710551328176
services,publics,proximité,1856.1675914815676
services,publics,patrimoine,1830.6351972299271
services,publics,bien,1799.4431438306556
affaiblir,front,national,19046.663749620264
lâchetés,plus,basses,174.14126195555164
marque,point,départ,129.9578087380213
leurs,enfants,école,785.7800203496397
leurs,parents,leurs,701.4103033628265
leurs,familles,leurs,588.2218404123003
leurs,propres,besoins,345.5729655422709
leurs,grands,parents,223.27818225142667
leurs,justes,contrôles,119.20804042677949
leurs,conditions,travail,76.9653075517561
dizaines,millions,morts,204.8381867598564
cours,dernières,années,830.5994066810322
seront,premiers,bénéficiaires,129.90314625542476
simplement,faire,remarquer,134.5349245936432
argent,public,faut,445.80327383358787
création,revenu,parental,185.83629586369872
rendre,peuple,français,2468.3756021514973
rendre,français,liberté,70.5474339111736
forces,nationales,action,110.657742120422
fureurs,révolutionnaires,caboche,195.47239255176459
état,collectivités,locales,411.9589705936704
institution,droits,douane,1092.1774147846634
assistances,irrésistiblement,catastrophe,180.58342943981143
commence,rendre,compte,461.71812079040285
chômeurs,millions,pauvres,320.95938075349864
payer,toujours,plus,271.59418362777546
payer,intérêts,dette,242.83580010438277
génération,actuelle,agriculteurs,140.7789148407341
intérieur,front,national,19026.45435352123
rompre,modèle,économique,501.3809773439094
paris,plus,tard,752.4811518827346
paris,blessée,troisième,198.49904741608682
paris,1957,premier,175.24062168209164
paris,espace,charenton,144.4880251204801
regarder,réalité,face,120.73441491874915
proposé,république,référendaire,214.37816096123294
présidé,infâme,évêque,294.5283271999673
mystérieux,contact,appelle,150.78105080196264
population,mondiale,passée,237.81388464762108
couper,pompes,aspirantes,586.5346948072208
aboutir,supprimant,postes,147.5276331474641
empêche,toute,réforme,101.77585742262058
utile,votez,utile,218.0325646919672
complicité,classe,politique,1380.604494607897
reconnu,front,national,19043.200346729885
programme,front,national,19098.13465174203
puisse,dire,était,371.33392547639244
domaine,tant,autres,191.94431554839375
domaine,bien,autres,125.45619163459637
déclaration,droits,homme,236.66246354149035
parents,grands,parents,251.83298347274973
parents,leurs,grands,88.46653788393705
première,guerre,mondiale,508.2484553663887
première,guerre,irak,192.48045464202062
rôle,président,république,4121.89433854904
rôle,premier,plan,192.62809025109954
rôle,jouer,monde,149.7911142596203
aura,préparé,sortie,138.73319401842946
petite,paysanne,lorraine,157.60215491004328
jacques,chirac,avait,2650.3785146010223
jacques,chirac,sera,2612.3580269659205
quitté,front,national,19053.388913304334
lorsqu,était,ministre,242.1706355049024
corruption,politico,financière,132.99957021680848
jean,marie,chevallier,2960.983305590704
jean,marie,avait,2860.6169283293093
jean,marie,candidat,2844.284925840726
jean,françois,copé,412.6372335487539
jean,pierre,stirbois,321.47976605348714
jean,claude,martinez,310.2216470101596
jean,michel,dubois,208.8833958613296
situation,responsables,politiques,633.5070388861361
situation,économique,sociale,502.9340136168678
situation,dramatique,laquelle,348.5526658875762
situation,actuelle,france,156.5595785578911
situation,sociale,français,57.00986328940958
moyenne,zone,euro,804.8051414036634
moyenne,pays,européens,383.5818832006752
frontières,vents,mondialisation,259.414441685233
frontières,leurs,justes,95.88808881631968
vigoureuse,contre,ennemi,141.95955687871532
démocratie,front,national,19029.257394599124
donner,pouvoir,achat,2200.685260466515
communauté,communauté,nationale,431.9476317652846
communauté,nationale,nous,414.2016429188177
démontrons,paris,plus,109.55780438240251
souffle,acte,prière,159.54305643656988
contrôles,laisse,entrer,123.50463122112565
portes,paris,blessée,192.9875676470481
générations,baby,boom,183.66024566952944
gauche,parti,socialiste,2029.7856292032616
gauche,extrême,gauche,472.06833303255235
actuelle,agriculteurs,termine,142.17565461064257
pieds,poings,liés,378.87504309098017
pieds,noirs,harkis,357.483032558372
pieds,taille,gardée,257.7666508365773
lutter,contre,corruption,1052.8227352031608
lutter,contre,immigration,1017.5776925850697
lutter,contre,délocalisations,970.379461218374
parti,front,national,19020.688903711103
parti,socialiste,voilà,2020.3651948285567
nous,avons,plus,2287.474643505117
nous,avons,versé,2217.726862168309
nous,avons,toujours,2188.083120655906
nous,avons,jamais,2184.510801304101
nous,avons,devoir,2172.597301646714
nous,avons,déjà,2172.3551587042234
nous,avons,vision,2152.7621506135233
nous,avons,peur,2150.416241856909
nous,avons,aucune,2150.1194201526596
nous,sommes,seuls,2097.4297078952914
nous,sommes,aujourd,1900.70643720161
nous,sommes,pays,1874.9188944142452
nous,sommes,rejoints,1873.5899196528608
nous,sommes,entrés,1861.0164225649369
nous,sommes,camp,1848.6226910006762
nous,sommes,mouvement,1848.1713340288059
nous,sommes,ailleurs,1818.0268517018528
nous,devons,retrouver,607.4163046662254
nous,allons,gagner,455.98012546578894
nous,voulons,plus,423.9200496240104
nous,allons,faire,403.3374409889294
nous,pouvons,plus,339.4240174153002
nous,savons,bien,206.3605201818941
nous,décidons,plus,195.6616456466944
nous,pourrons,plus,177.00083513695347
nous,verrons,bien,160.29671874722933
martyre,plan,spirituel,146.94600050133616
histoire,front,national,19022.230894502572
histoire,humaine,elle,168.32116890701886
poser,question,savoir,621.4975606811319
nathalie,kosciusko,morizet,575.2361781786809
coût,sortie,euro,334.12310173742554
mise,place,protectionnisme,935.4969262855313
mise,place,euro,853.8270140649688
frein,immigrés,plus,103.72912383624293
politiciens,français,gauche,138.31757416914084
david,contre,goliath,142.50774263636907
ignobles,calomnies,elle,239.23281626909724
combien,mohamed,merah,399.01077738227656
protectionnisme,intelligent,frontières,481.31661884681364
protectionnisme,frontières,nationales,162.52100974242956
protectionnisme,égard,pays,79.68804035855989
intérêts,peuple,français,2474.783439115772
intérêts,france,français,153.6399784908073
furent,principes,objectifs,154.4431813324291
rocard,premier,ministre,1478.352761814714
insécurité,chômage,fiscalisme,234.456174125519
europe,union,européenne,4313.064630558827
europe,fédérale,dont,410.8182842563929
europe,nord,celle,176.64389801470742
peuples,européens,plus,194.78915064245163
peuples,disposer,mêmes,186.79337291633092
intérêt,marchés,financiers,1447.9386516621444
intérêt,général,intérêt,625.1829956236656
intérêt,france,français,219.4537883269996
intérêt,français,intérêt,218.4583963398922
choix,économiques,choix,270.73150933684883
choix,temps,travail,112.91207076630818
choix,oubliés,contre,86.47275003052829
victoire,front,national,19039.69129810762
chevalerie,française,azincourt,265.2431297883133
candidature,élection,présidentielle,2205.6852302972393
candidature,arabe,députation,421.1766637743134
moment,front,national,19020.559101499253
moment,donné,faut,920.0638921433756
subviennent,leurs,propres,294.1156269919747
coûte,milliards,euros,2503.8535766350237
coûte,plus,plus,565.7596669006168
simple,bonne,raison,197.65643525872866
voilà,mesdames,messieurs,3283.9796447611934
voilà,vous,voyez,851.0219010288843
modèle,économique,ultralibéral,504.3780906559798
pour,lutter,contre,964.5869400551899
pour,raison,simple,227.7137766714652
pour,assurer,renouvellement,119.27342939162327
étais,somme,toute,688.1369672872697
étais,contre,intervention,140.2012153212659
tête,front,national,19029.162379002046
était,nicolas,sarkozy,6895.7197173624245
était,quelque,sorte,4192.1274892900965
était,président,république,4103.28467778298
était,jean,marie,2840.5235961885496
était,premier,ministre,1463.7178948114672
était,ministre,agriculture,171.79644056147373
était,trompé,porte,105.13860492642424
jusqu,dernier,moment,180.16161504248242
accomplir,plus,prodigieux,190.29423596583314
savez,quelque,chose,1949.8612384773576
savez,marque,point,106.40453782130076
député,front,national,19046.77892162381
individuelle,dignité,sociale,112.88448877121576
soudards,cachot,sordide,288.1262439208974
martinez,serge,félon,168.68235512005327
français,front,national,19024.664200583476
français,certain,nombre,7335.258593428339
français,nicolas,sarkozy,6902.4817078765755
français,nous,avons,2139.884555797266
français,chers,compatriotes,1198.9046627742428
français,toute,série,1027.9537025965644
français,vous,voyez,837.9014193561327
français,plus,plus,548.9202254358723
français,bien,évidemment,522.1105528556811
français,doivent,savoir,459.86506611466
français,rendent,compte,454.017504325468
français,origine,étrangère,345.8426225955464
français,doivent,pouvoir,299.6830159457123
français,bonne,volonté,265.26927257004843
français,attendent,logement,188.40728751304766
français,citoyens,français,187.93265301413095
français,peuvent,compter,157.5541664710953
français,culte,musulman,150.12541843926073
français,soient,leurs,148.3792245395664
français,peuvent,plus,142.05870624032016
français,veulent,vivre,139.78708381814926
français,arrivent,plus,124.01066552411895
français,bien,compris,122.80788378588497
français,quelque,soit,105.70927684226865
français,prennent,conscience,104.3225342610483
français,toutes,conditions,88.85922111597164
français,rassemblement,forces,80.3967872785206
français,faire,sacrifices,79.38598121239775
français,plus,confiance,70.05094424628447
reste,mois,vivre,84.84103642296338
600ème,anniversaire,naissance,349.64112573671474
ministre,président,république,4125.637006714702
ministre,jacques,chirac,2616.648866741051
ministre,intérieur,président,800.7918482328196
ministre,éducation,nationale,475.5859999496902
ministre,commissaire,européen,303.81553785644
vers,front,national,19032.284269545147
vers,2013,pour,97.82446363526552
manière,dont,peuple,462.5209559339744
manière,plus,générale,90.23355459645245
assemblée,nationale,sénat,1507.2798496772486
assemblée,nationale,malgré,1459.9010898138497
villes,plus,million,83.07873902782566
acquérir,nationalité,française,673.4306498595075
indépendance,france,identité,122.7406086720502
armes,destruction,massive,252.2566422347685
armes,connétable,richemont,240.95552366663475
mesure,intérêt,général,522.6375178933059
fabriquer,esclaves,vendre,195.32684002439078
libre,échange,total,814.1244259358948
libre,circulation,hommes,491.2186429494288
libre,échangisme,débridé,377.9337422089412
libre,choix,temps,101.18173358049053
trois,mois,après,400.7602121387988
trois,quatre,cinq,345.2113503724324
installation,jeunes,agriculteurs,284.4170670469507
banlieues,nicolas,sarkozy,6913.606089439923
portent,lourde,responsabilité,210.73616985810168
amis,front,national,19056.884080210177
amis,nicolas,sarkozy,6903.810758392634
amis,chers,camarades,705.3745070315908
amis,militants,sympathisants,200.90716083222534
échange,gloire,immortelle,267.33714875231726
pensent,avez,oublié,197.11750649436618
jargeau,juin,patay,241.2484398098881
dont,sait,bien,551.4686158563176
dont,voit,bien,392.3104312000085
dont,sait,pertinemment,390.91531661411483
dont,puisse,dire,352.80190266896943
dont,parle,jamais,190.15805563003127
dont,france,besoin,128.76596911524427
dont,suis,objet,121.18914970996951
dont,fallait,affranchir,114.60497050945206
dont,suis,président,110.16198034927297
dont,espère,faire,80.09378559479251
jeanne,sait,lire,100.75958780340284
algérie,gouvernement,français,160.63885880904988
hollande,nicolas,sarkozy,6961.2016272968085
hollande,monsieur,sarkozy,357.2969899967785
chèque,premier,logement,112.37495161618031
donc,veux,dire,852.7606917741214
voulu,faire,hier,235.40924188853296
ecclésiastique,présidé,infâme,318.97847321975155
sait,lire,écrire,361.4686767129625
sait,bien,chiffres,360.90522505566014
travailleur,emploi,charge,116.0789001457718
sais,rien,sais,226.39077296369703
sais,rien,mais,206.4982047827988
moyen,prospérité,solidarité,152.91846827791719
moyen,liberté,individuelle,152.80402711632834
moyen,oppression,pauvres,122.45379902366972
cadres,front,national,19039.433409333644
fardeau,obligation,dont,125.24040795289497
nouvelle,remercier,présence,131.45741068270362
société,toute,entière,216.74284347573553
bénéfique,réduire,coûts,153.43904973841143
affaire,mantes,jolie,299.5658223466883
1431,bûcher,rouen,343.0236399862726
rouen,cage,ferrée,314.09025321152956
rouen,dernier,souffle,142.4669605407477
nouvel,ordre,mondial,278.3453945271517
contribution,sociale,importation,336.34339786897186
présenter,candidature,arabe,291.2542515512184
qatar,arabie,saoudite,506.54221940679827
patriotisme,économique,patriotisme,714.5008173028898
faits,divers,journaux,222.23562783398336
plan,économique,plan,260.5525752018338
tours,élection,présidentielle,2291.7478244139247
juridique,social,mère,176.03765718295642
