<?xml version="1.0" encoding="UTF-8"?>
<model>
<topic id='0' tokens='15141.0000' document_entropy='5.5540' word-length='7.2000' coherence='-173.2087' uniform_dist='3.6254' corpus_dist='1.5504' eff_num_words='105.0527' token-doc-diff='0.0056' rank_1_docs='0.0583' allocation_ratio='0.0000' allocation_count='0.0083'>
<word rank='1' count='576' prob='0.03804' cumulative='0.03804' docs='216' word-length='9.0000' coherence='0.0000' uniform_dist='0.2209' corpus_dist='0.0825' token-doc-diff='0.0013'>président</word>
<word rank='2' count='550' prob='0.03633' cumulative='0.07437' docs='196' word-length='8.0000' coherence='-0.4336' uniform_dist='0.2092' corpus_dist='0.0830' token-doc-diff='0.0016'>candidat</word>
<word rank='3' count='452' prob='0.02985' cumulative='0.10422' docs='184' word-length='10.0000' coherence='-0.4418' uniform_dist='0.1661' corpus_dist='0.0637' token-doc-diff='0.0006'>république</word>
<word rank='4' count='368' prob='0.02430' cumulative='0.12853' docs='185' word-length='8.0000' coherence='-0.4552' uniform_dist='0.1302' corpus_dist='0.0434' token-doc-diff='0.0000'>élection</word>
<word rank='5' count='330' prob='0.02180' cumulative='0.15032' docs='167' word-length='8.0000' coherence='-0.5960' uniform_dist='0.1144' corpus_dist='0.0433' token-doc-diff='0.0000'>campagne</word>
<word rank='6' count='320' prob='0.02113' cumulative='0.17145' docs='177' word-length='12.0000' coherence='-0.5053' uniform_dist='0.1103' corpus_dist='0.0479' token-doc-diff='0.0000'>présidentiel</word>
<word rank='7' count='262' prob='0.01730' cumulative='0.18876' docs='133' word-length='6.0000' coherence='-0.8212' uniform_dist='0.0868' corpus_dist='0.0276' token-doc-diff='0.0000'>gauche</word>
<word rank='8' count='251' prob='0.01658' cumulative='0.20534' docs='157' word-length='8.0000' coherence='-0.6706' uniform_dist='0.0825' corpus_dist='0.0112' token-doc-diff='0.0002'>national</word>
<word rank='9' count='238' prob='0.01572' cumulative='0.22106' docs='148' word-length='9.0000' coherence='-0.7212' uniform_dist='0.0774' corpus_dist='0.0025' token-doc-diff='0.0002'>politique</word>
<word rank='10' count='210' prob='0.01387' cumulative='0.23493' docs='113' word-length='4.0000' coherence='-0.9930' uniform_dist='0.0665' corpus_dist='0.0297' token-doc-diff='0.0000'>tour</word>
<word rank='11' count='198' prob='0.01308' cumulative='0.24800' docs='132' word-length='5.0000' coherence='-0.8513' uniform_dist='0.0620' corpus_dist='0.0084' token-doc-diff='0.0003'>droit</word>
<word rank='12' count='187' prob='0.01235' cumulative='0.26035' docs='108' word-length='8.0000' coherence='-1.0381' uniform_dist='0.0578' corpus_dist='0.0221' token-doc-diff='0.0000'>ministre</word>
<word rank='13' count='186' prob='0.01228' cumulative='0.27264' docs='117' word-length='4.0000' coherence='-1.0613' uniform_dist='0.0574' corpus_dist='0.0186' token-doc-diff='0.0002'>vrai</word>
<word rank='14' count='177' prob='0.01169' cumulative='0.28433' docs='106' word-length='7.0000' coherence='-1.0129' uniform_dist='0.0541' corpus_dist='0.0160' token-doc-diff='0.0001'>système</word>
<word rank='15' count='164' prob='0.01083' cumulative='0.29516' docs='106' word-length='11.0000' coherence='-1.0875' uniform_dist='0.0493' corpus_dist='0.0097' token-doc-diff='0.0002'>immigration</word>
<word rank='16' count='163' prob='0.01077' cumulative='0.30592' docs='107' word-length='7.0000' coherence='-1.0634' uniform_dist='0.0489' corpus_dist='0.0101' token-doc-diff='0.0002'>pouvoir</word>
<word rank='17' count='147' prob='0.00971' cumulative='0.31563' docs='101' word-length='7.0000' coherence='-1.0707' uniform_dist='0.0431' corpus_dist='0.0146' token-doc-diff='0.0003'>dernier</word>
<word rank='18' count='141' prob='0.00931' cumulative='0.32495' docs='82' word-length='4.0000' coherence='-1.3941' uniform_dist='0.0410' corpus_dist='0.0194' token-doc-diff='0.0000'>vote</word>
<word rank='19' count='141' prob='0.00931' cumulative='0.33426' docs='93' word-length='4.0000' coherence='-1.2278' uniform_dist='0.0410' corpus_dist='0.0149' token-doc-diff='0.0002'>voix</word>
<word rank='20' count='136' prob='0.00898' cumulative='0.34324' docs='83' word-length='5.0000' coherence='-1.3676' uniform_dist='0.0392' corpus_dist='0.0159' token-doc-diff='0.0001'>heure</word>
</topic>
<topic id='1' tokens='7003.0000' document_entropy='5.0266' word-length='8.2500' coherence='-210.0334' uniform_dist='3.8254' corpus_dist='2.0771' eff_num_words='53.8978' token-doc-diff='0.0171' rank_1_docs='0.0386' allocation_ratio='0.0000' allocation_count='0.0211'>
<word rank='1' count='744' prob='0.10624' cumulative='0.10624' docs='181' word-length='8.0000' coherence='0.0000' uniform_dist='0.7259' corpus_dist='0.3034' token-doc-diff='0.0119'>européen</word>
<word rank='2' count='210' prob='0.02999' cumulative='0.13623' docs='111' word-length='6.0000' coherence='-0.6658' uniform_dist='0.1670' corpus_dist='0.0437' token-doc-diff='0.0000'>peuple</word>
<word rank='3' count='194' prob='0.02770' cumulative='0.16393' docs='93' word-length='5.0000' coherence='-0.7795' uniform_dist='0.1520' corpus_dist='0.0752' token-doc-diff='0.0000'>union</word>
<word rank='4' count='164' prob='0.02342' cumulative='0.18735' docs='76' word-length='12.0000' coherence='-1.0873' uniform_dist='0.1246' corpus_dist='0.0678' token-doc-diff='0.0001'>souveraineté</word>
<word rank='5' count='147' prob='0.02099' cumulative='0.20834' docs='89' word-length='8.0000' coherence='-0.8039' uniform_dist='0.1094' corpus_dist='0.0130' token-doc-diff='0.0002'>français</word>
<word rank='6' count='137' prob='0.01956' cumulative='0.22790' docs='90' word-length='4.0000' coherence='-0.8675' uniform_dist='0.1006' corpus_dist='0.0128' token-doc-diff='0.0004'>pays</word>
<word rank='7' count='131' prob='0.01871' cumulative='0.24661' docs='88' word-length='9.0000' coherence='-0.9356' uniform_dist='0.0953' corpus_dist='0.0405' token-doc-diff='0.0005'>frontière</word>
<word rank='8' count='125' prob='0.01785' cumulative='0.26446' docs='66' word-length='6.0000' coherence='-1.1377' uniform_dist='0.0901' corpus_dist='0.0536' token-doc-diff='0.0000'>traité</word>
<word rank='9' count='125' prob='0.01785' cumulative='0.28231' docs='61' word-length='12.0000' coherence='-1.2469' uniform_dist='0.0901' corpus_dist='0.0487' token-doc-diff='0.0000'>constitution</word>
<word rank='10' count='121' prob='0.01728' cumulative='0.29959' docs='80' word-length='9.0000' coherence='-0.9787' uniform_dist='0.0867' corpus_dist='0.0044' token-doc-diff='0.0004'>politique</word>
<word rank='11' count='113' prob='0.01614' cumulative='0.31572' docs='70' word-length='5.0000' coherence='-1.0873' uniform_dist='0.0798' corpus_dist='0.0371' token-doc-diff='0.0002'>libre</word>
<word rank='12' count='105' prob='0.01499' cumulative='0.33072' docs='61' word-length='6.0000' coherence='-1.2469' uniform_dist='0.0731' corpus_dist='0.0262' token-doc-diff='0.0001'>nation</word>
<word rank='13' count='101' prob='0.01442' cumulative='0.34514' docs='51' word-length='7.0000' coherence='-1.4368' uniform_dist='0.0697' corpus_dist='0.0345' token-doc-diff='0.0000'>monnaie</word>
<word rank='14' count='86' prob='0.01228' cumulative='0.35742' docs='61' word-length='10.0000' coherence='-1.3269' uniform_dist='0.0574' corpus_dist='0.0157' token-doc-diff='0.0005'>économique</word>
<word rank='15' count='78' prob='0.01114' cumulative='0.36856' docs='56' word-length='8.0000' coherence='-1.3076' uniform_dist='0.0510' corpus_dist='0.0031' token-doc-diff='0.0005'>national</word>
<word rank='16' count='74' prob='0.01057' cumulative='0.37912' docs='54' word-length='13.0000' coherence='-1.4703' uniform_dist='0.0478' corpus_dist='0.0237' token-doc-diff='0.0005'>international</word>
<word rank='17' count='68' prob='0.00971' cumulative='0.38883' docs='50' word-length='12.0000' coherence='-1.6254' uniform_dist='0.0431' corpus_dist='0.0292' token-doc-diff='0.0005'>construction</word>
<word rank='18' count='67' prob='0.00957' cumulative='0.39840' docs='52' word-length='7.0000' coherence='-1.5023' uniform_dist='0.0423' corpus_dist='0.0207' token-doc-diff='0.0006'>mondial</word>
<word rank='19' count='66' prob='0.00942' cumulative='0.40783' docs='46' word-length='6.0000' coherence='-1.7122' uniform_dist='0.0416' corpus_dist='0.0251' token-doc-diff='0.0003'>commun</word>
<word rank='20' count='64' prob='0.00914' cumulative='0.41696' docs='44' word-length='12.0000' coherence='-1.5891' uniform_dist='0.0400' corpus_dist='0.0201' token-doc-diff='0.0003'>indépendance</word>
</topic>
<topic id='2' tokens='4951.0000' document_entropy='4.4689' word-length='4.8500' coherence='-196.7487' uniform_dist='3.0679' corpus_dist='2.4126' eff_num_words='212.6170' token-doc-diff='0.0034' rank_1_docs='0.0680' allocation_ratio='0.0202' allocation_count='0.0340'>
<word rank='1' count='94' prob='0.01899' cumulative='0.01899' docs='54' word-length='2.0000' coherence='0.0000' uniform_dist='0.0970' corpus_dist='0.0135' token-doc-diff='0.0000'>an</word>
<word rank='2' count='90' prob='0.01818' cumulative='0.03716' docs='49' word-length='6.0000' coherence='-0.8103' uniform_dist='0.0921' corpus_dist='0.0509' token-doc-diff='0.0001'>patrie</word>
<word rank='3' count='86' prob='0.01737' cumulative='0.05453' docs='49' word-length='5.0000' coherence='-0.8001' uniform_dist='0.0872' corpus_dist='0.0143' token-doc-diff='0.0000'>grand</word>
<word rank='4' count='76' prob='0.01535' cumulative='0.06988' docs='37' word-length='3.0000' coherence='-1.1825' uniform_dist='0.0752' corpus_dist='0.0452' token-doc-diff='0.0003'>mai</word>
<word rank='5' count='74' prob='0.01495' cumulative='0.08483' docs='38' word-length='3.0000' coherence='-0.9018' uniform_dist='0.0728' corpus_dist='0.0154' token-doc-diff='0.0002'>foi</word>
<word rank='6' count='65' prob='0.01313' cumulative='0.09796' docs='40' word-length='4.0000' coherence='-1.0446' uniform_dist='0.0623' corpus_dist='0.0317' token-doc-diff='0.0000'>mort</word>
<word rank='7' count='61' prob='0.01232' cumulative='0.11028' docs='40' word-length='8.0000' coherence='-0.8547' uniform_dist='0.0576' corpus_dist='0.0047' token-doc-diff='0.0001'>national</word>
<word rank='8' count='59' prob='0.01192' cumulative='0.12220' docs='29' word-length='8.0000' coherence='-1.3329' uniform_dist='0.0554' corpus_dist='0.0348' token-doc-diff='0.0002'>jeunesse</word>
<word rank='9' count='52' prob='0.01050' cumulative='0.13270' docs='21' word-length='3.0000' coherence='-1.5870' uniform_dist='0.0475' corpus_dist='0.0338' token-doc-diff='0.0007'>roi</word>
<word rank='10' count='50' prob='0.01010' cumulative='0.14280' docs='29' word-length='5.0000' coherence='-1.3253' uniform_dist='0.0452' corpus_dist='0.0245' token-doc-diff='0.0000'>terre</word>
<word rank='11' count='49' prob='0.00990' cumulative='0.15270' docs='30' word-length='5.0000' coherence='-1.2853' uniform_dist='0.0441' corpus_dist='0.0148' token-doc-diff='0.0000'>temps</word>
<word rank='12' count='49' prob='0.00990' cumulative='0.16259' docs='37' word-length='5.0000' coherence='-1.1180' uniform_dist='0.0441' corpus_dist='0.0157' token-doc-diff='0.0003'>jeune</word>
<word rank='13' count='49' prob='0.00990' cumulative='0.17249' docs='36' word-length='8.0000' coherence='-1.2853' uniform_dist='0.0441' corpus_dist='0.0259' token-doc-diff='0.0002'>victoire</word>
<word rank='14' count='47' prob='0.00949' cumulative='0.18198' docs='36' word-length='6.0000' coherence='-1.0436' uniform_dist='0.0419' corpus_dist='0.0196' token-doc-diff='0.0003'>siècle</word>
<word rank='15' count='46' prob='0.00929' cumulative='0.19127' docs='23' word-length='4.0000' coherence='-1.8931' uniform_dist='0.0408' corpus_dist='0.0289' token-doc-diff='0.0002'>fête</word>
<word rank='16' count='45' prob='0.00909' cumulative='0.20036' docs='30' word-length='5.0000' coherence='-1.6344' uniform_dist='0.0398' corpus_dist='0.0326' token-doc-diff='0.0001'>saint</word>
<word rank='17' count='44' prob='0.00889' cumulative='0.20925' docs='27' word-length='4.0000' coherence='-1.7434' uniform_dist='0.0387' corpus_dist='0.0182' token-doc-diff='0.0000'>chef</word>
<word rank='18' count='44' prob='0.00889' cumulative='0.21814' docs='34' word-length='4.0000' coherence='-1.1868' uniform_dist='0.0387' corpus_dist='0.0241' token-doc-diff='0.0003'>dieu</word>
<word rank='19' count='43' prob='0.00869' cumulative='0.22682' docs='30' word-length='6.0000' coherence='-1.0629' uniform_dist='0.0376' corpus_dist='0.0117' token-doc-diff='0.0001'>guerre</word>
<word rank='20' count='39' prob='0.00788' cumulative='0.23470' docs='29' word-length='3.0000' coherence='-1.2891' uniform_dist='0.0333' corpus_dist='0.0190' token-doc-diff='0.0002'>vif</word>
</topic>
<topic id='3' tokens='10296.0000' document_entropy='5.2165' word-length='7.0500' coherence='-201.0408' uniform_dist='3.8221' corpus_dist='1.7560' eff_num_words='73.7105' token-doc-diff='0.0073' rank_1_docs='0.0599' allocation_ratio='0.0000' allocation_count='0.0126'>
<word rank='1' count='553' prob='0.05371' cumulative='0.05371' docs='166' word-length='11.0000' coherence='0.0000' uniform_dist='0.3303' corpus_dist='0.1340' token-doc-diff='0.0025'>immigration</word>
<word rank='2' count='419' prob='0.04070' cumulative='0.09441' docs='158' word-length='5.0000' coherence='-0.4579' uniform_dist='0.2390' corpus_dist='0.0723' token-doc-diff='0.0005'>droit</word>
<word rank='3' count='409' prob='0.03972' cumulative='0.13413' docs='162' word-length='4.0000' coherence='-0.4206' uniform_dist='0.2323' corpus_dist='0.0542' token-doc-diff='0.0003'>pays</word>
<word rank='4' count='362' prob='0.03516' cumulative='0.16929' docs='141' word-length='8.0000' coherence='-0.4674' uniform_dist='0.2013' corpus_dist='0.0898' token-doc-diff='0.0003'>étranger</word>
<word rank='5' count='328' prob='0.03186' cumulative='0.20115' docs='140' word-length='8.0000' coherence='-0.5580' uniform_dist='0.1793' corpus_dist='0.0330' token-doc-diff='0.0001'>français</word>
<word rank='6' count='308' prob='0.02991' cumulative='0.23106' docs='143' word-length='2.0000' coherence='-0.5231' uniform_dist='0.1665' corpus_dist='0.0349' token-doc-diff='0.0000'>an</word>
<word rank='7' count='246' prob='0.02389' cumulative='0.25495' docs='124' word-length='8.0000' coherence='-0.7000' uniform_dist='0.1276' corpus_dist='0.0248' token-doc-diff='0.0000'>national</word>
<word rank='8' count='228' prob='0.02214' cumulative='0.27710' docs='120' word-length='6.0000' coherence='-0.6692' uniform_dist='0.1166' corpus_dist='0.0317' token-doc-diff='0.0001'>social</word>
<word rank='9' count='156' prob='0.01515' cumulative='0.29225' docs='80' word-length='10.0000' coherence='-1.0192' uniform_dist='0.0740' corpus_dist='0.0432' token-doc-diff='0.0000'>clandestin</word>
<word rank='10' count='156' prob='0.01515' cumulative='0.30740' docs='82' word-length='6.0000' coherence='-1.0494' uniform_dist='0.0740' corpus_dist='0.0222' token-doc-diff='0.0001'>gauche</word>
<word rank='11' count='148' prob='0.01437' cumulative='0.32178' docs='82' word-length='6.0000' coherence='-1.1338' uniform_dist='0.0695' corpus_dist='0.0255' token-doc-diff='0.0001'>enfant</word>
<word rank='12' count='126' prob='0.01224' cumulative='0.33401' docs='63' word-length='11.0000' coherence='-1.3009' uniform_dist='0.0572' corpus_dist='0.0320' token-doc-diff='0.0000'>nationalité</word>
<word rank='13' count='108' prob='0.01049' cumulative='0.34450' docs='71' word-length='7.0000' coherence='-1.1604' uniform_dist='0.0474' corpus_dist='0.0132' token-doc-diff='0.0005'>travail</word>
<word rank='14' count='107' prob='0.01039' cumulative='0.35490' docs='79' word-length='4.0000' coherence='-1.0341' uniform_dist='0.0468' corpus_dist='0.0079' token-doc-diff='0.0009'>seul</word>
<word rank='15' count='102' prob='0.00991' cumulative='0.36480' docs='66' word-length='9.0000' coherence='-1.3147' uniform_dist='0.0442' corpus_dist='0.0128' token-doc-diff='0.0004'>situation</word>
<word rank='16' count='96' prob='0.00932' cumulative='0.37413' docs='48' word-length='8.0000' coherence='-1.5654' uniform_dist='0.0410' corpus_dist='0.0235' token-doc-diff='0.0000'>religion</word>
<word rank='17' count='94' prob='0.00913' cumulative='0.38326' docs='67' word-length='7.0000' coherence='-1.2805' uniform_dist='0.0400' corpus_dist='0.0226' token-doc-diff='0.0006'>origine</word>
<word rank='18' count='94' prob='0.00913' cumulative='0.39239' docs='54' word-length='8.0000' coherence='-1.4611' uniform_dist='0.0400' corpus_dist='0.0198' token-doc-diff='0.0001'>identité</word>
<word rank='19' count='88' prob='0.00855' cumulative='0.40093' docs='56' word-length='9.0000' coherence='-1.4157' uniform_dist='0.0369' corpus_dist='0.0118' token-doc-diff='0.0003'>frontière</word>
<word rank='20' count='86' prob='0.00835' cumulative='0.40929' docs='57' word-length='4.0000' coherence='-1.5005' uniform_dist='0.0358' corpus_dist='0.0180' token-doc-diff='0.0004'>aide</word>
</topic>
<topic id='4' tokens='5651.0000' document_entropy='4.7082' word-length='7.0500' coherence='-240.1607' uniform_dist='3.3960' corpus_dist='2.3066' eff_num_words='141.1108' token-doc-diff='0.0031' rank_1_docs='0.0329' allocation_ratio='0.0250' allocation_count='0.0206'>
<word rank='1' count='184' prob='0.03256' cumulative='0.03256' docs='74' word-length='5.0000' coherence='0.0000' uniform_dist='0.1840' corpus_dist='0.1001' token-doc-diff='0.0012'>école</word>
<word rank='2' count='161' prob='0.02849' cumulative='0.06105' docs='71' word-length='6.0000' coherence='-0.6928' uniform_dist='0.1572' corpus_dist='0.0700' token-doc-diff='0.0005'>enfant</word>
<word rank='3' count='140' prob='0.02477' cumulative='0.08583' docs='69' word-length='7.0000' coherence='-0.9023' uniform_dist='0.1332' corpus_dist='0.0671' token-doc-diff='0.0001'>famille</word>
<word rank='4' count='112' prob='0.01982' cumulative='0.10565' docs='62' word-length='6.0000' coherence='-1.0844' uniform_dist='0.1021' corpus_dist='0.0262' token-doc-diff='0.0000'>social</word>
<word rank='5' count='103' prob='0.01823' cumulative='0.12387' docs='63' word-length='7.0000' coherence='-1.0553' uniform_dist='0.0924' corpus_dist='0.0330' token-doc-diff='0.0001'>travail</word>
<word rank='6' count='84' prob='0.01486' cumulative='0.13874' docs='51' word-length='5.0000' coherence='-1.0453' uniform_dist='0.0723' corpus_dist='0.0296' token-doc-diff='0.0001'>jeune</word>
<word rank='7' count='77' prob='0.01363' cumulative='0.15236' docs='43' word-length='9.0000' coherence='-1.0978' uniform_dist='0.0651' corpus_dist='0.0428' token-doc-diff='0.0000'>éducation</word>
<word rank='8' count='74' prob='0.01310' cumulative='0.16546' docs='47' word-length='8.0000' coherence='-1.2586' uniform_dist='0.0621' corpus_dist='0.0057' token-doc-diff='0.0001'>national</word>
<word rank='9' count='68' prob='0.01203' cumulative='0.17749' docs='44' word-length='7.0000' coherence='-1.1977' uniform_dist='0.0560' corpus_dist='0.0240' token-doc-diff='0.0002'>société</word>
<word rank='10' count='68' prob='0.01203' cumulative='0.18952' docs='47' word-length='3.0000' coherence='-1.2121' uniform_dist='0.0560' corpus_dist='0.0158' token-doc-diff='0.0003'>vie</word>
<word rank='11' count='61' prob='0.01079' cumulative='0.20032' docs='34' word-length='6.0000' coherence='-1.7019' uniform_dist='0.0491' corpus_dist='0.0340' token-doc-diff='0.0000'>métier</word>
<word rank='12' count='60' prob='0.01062' cumulative='0.21094' docs='36' word-length='9.0000' coherence='-1.4282' uniform_dist='0.0481' corpus_dist='0.0289' token-doc-diff='0.0000'>formation</word>
<word rank='13' count='60' prob='0.01062' cumulative='0.22155' docs='31' word-length='8.0000' coherence='-1.6674' uniform_dist='0.0481' corpus_dist='0.0238' token-doc-diff='0.0000'>autorité</word>
<word rank='14' count='57' prob='0.01009' cumulative='0.23164' docs='28' word-length='6.0000' coherence='-1.8341' uniform_dist='0.0452' corpus_dist='0.0305' token-doc-diff='0.0000'>maître</word>
<word rank='15' count='56' prob='0.00991' cumulative='0.24155' docs='30' word-length='5.0000' coherence='-1.8341' uniform_dist='0.0442' corpus_dist='0.0331' token-doc-diff='0.0000'>élève</word>
<word rank='16' count='56' prob='0.00991' cumulative='0.25146' docs='33' word-length='7.0000' coherence='-1.8198' uniform_dist='0.0442' corpus_dist='0.0272' token-doc-diff='0.0000'>égalité</word>
<word rank='17' count='52' prob='0.00920' cumulative='0.26066' docs='28' word-length='5.0000' coherence='-1.9399' uniform_dist='0.0404' corpus_dist='0.0160' token-doc-diff='0.0000'>femme</word>
<word rank='18' count='51' prob='0.00902' cumulative='0.26969' docs='32' word-length='13.0000' coherence='-1.5301' uniform_dist='0.0394' corpus_dist='0.0246' token-doc-diff='0.0001'>professionnel</word>
<word rank='19' count='51' prob='0.00902' cumulative='0.27871' docs='31' word-length='8.0000' coherence='-1.9399' uniform_dist='0.0394' corpus_dist='0.0308' token-doc-diff='0.0000'>scolaire</word>
<word rank='20' count='49' prob='0.00867' cumulative='0.28738' docs='35' word-length='11.0000' coherence='-1.5934' uniform_dist='0.0375' corpus_dist='0.0210' token-doc-diff='0.0003'>fondamental</word>
</topic>
<topic id='5' tokens='6282.0000' document_entropy='4.9727' word-length='6.8500' coherence='-238.0942' uniform_dist='3.3725' corpus_dist='2.1767' eff_num_words='145.5832' token-doc-diff='0.0025' rank_1_docs='0.0358' allocation_ratio='0.0000' allocation_count='0.0143'>
<word rank='1' count='192' prob='0.03056' cumulative='0.03056' docs='108' word-length='9.0000' coherence='0.0000' uniform_dist='0.1707' corpus_dist='0.0253' token-doc-diff='0.0001'>politique</word>
<word rank='2' count='151' prob='0.02404' cumulative='0.05460' docs='82' word-length='6.0000' coherence='-0.7500' uniform_dist='0.1285' corpus_dist='0.0598' token-doc-diff='0.0001'>projet</word>
<word rank='3' count='133' prob='0.02117' cumulative='0.07577' docs='71' word-length='7.0000' coherence='-0.9205' uniform_dist='0.1105' corpus_dist='0.0415' token-doc-diff='0.0001'>système</word>
<word rank='4' count='116' prob='0.01847' cumulative='0.09424' docs='60' word-length='14.0000' coherence='-1.0838' uniform_dist='0.0939' corpus_dist='0.0570' token-doc-diff='0.0002'>mondialisation</word>
<word rank='5' count='109' prob='0.01735' cumulative='0.11159' docs='61' word-length='6.0000' coherence='-1.0838' uniform_dist='0.0871' corpus_dist='0.0328' token-doc-diff='0.0000'>nation</word>
<word rank='6' count='106' prob='0.01687' cumulative='0.12846' docs='72' word-length='4.0000' coherence='-0.9404' uniform_dist='0.0842' corpus_dist='0.0210' token-doc-diff='0.0001'>seul</word>
<word rank='7' count='105' prob='0.01671' cumulative='0.14518' docs='49' word-length='5.0000' coherence='-1.2475' uniform_dist='0.0833' corpus_dist='0.0407' token-doc-diff='0.0004'>débat</word>
<word rank='8' count='94' prob='0.01496' cumulative='0.16014' docs='62' word-length='6.0000' coherence='-0.9802' uniform_dist='0.0729' corpus_dist='0.0155' token-doc-diff='0.0000'>social</word>
<word rank='9' count='94' prob='0.01496' cumulative='0.17510' docs='50' word-length='6.0000' coherence='-1.3311' uniform_dist='0.0729' corpus_dist='0.0414' token-doc-diff='0.0001'>modèle</word>
<word rank='10' count='84' prob='0.01337' cumulative='0.18848' docs='63' word-length='5.0000' coherence='-1.0707' uniform_dist='0.0636' corpus_dist='0.0142' token-doc-diff='0.0003'>monde</word>
<word rank='11' count='84' prob='0.01337' cumulative='0.20185' docs='60' word-length='10.0000' coherence='-1.1403' uniform_dist='0.0636' corpus_dist='0.0183' token-doc-diff='0.0002'>économique</word>
<word rank='12' count='76' prob='0.01210' cumulative='0.21394' docs='55' word-length='6.0000' coherence='-1.4537' uniform_dist='0.0564' corpus_dist='0.0249' token-doc-diff='0.0002'>vérité</word>
<word rank='13' count='71' prob='0.01130' cumulative='0.22525' docs='52' word-length='7.0000' coherence='-1.2715' uniform_dist='0.0519' corpus_dist='0.0217' token-doc-diff='0.0002'>réalité</word>
<word rank='14' count='67' prob='0.01067' cumulative='0.23591' docs='43' word-length='6.0000' coherence='-1.4407' uniform_dist='0.0484' corpus_dist='0.0215' token-doc-diff='0.0000'>classe</word>
<word rank='15' count='62' prob='0.00987' cumulative='0.24578' docs='42' word-length='4.0000' coherence='-1.6074' uniform_dist='0.0440' corpus_dist='0.0214' token-doc-diff='0.0001'>rôle</word>
<word rank='16' count='60' prob='0.00955' cumulative='0.25533' docs='43' word-length='7.0000' coherence='-1.4703' uniform_dist='0.0422' corpus_dist='0.0156' token-doc-diff='0.0001'>chômage</word>
<word rank='17' count='58' prob='0.00923' cumulative='0.26457' docs='34' word-length='8.0000' coherence='-1.9419' uniform_dist='0.0405' corpus_dist='0.0256' token-doc-diff='0.0000'>mensonge</word>
<word rank='18' count='53' prob='0.00844' cumulative='0.27300' docs='27' word-length='5.0000' coherence='-1.9249' uniform_dist='0.0363' corpus_dist='0.0254' token-doc-diff='0.0001'>caste</word>
<word rank='19' count='51' prob='0.00812' cumulative='0.28112' docs='31' word-length='8.0000' coherence='-1.8075' uniform_dist='0.0346' corpus_dist='0.0102' token-doc-diff='0.0000'>question</word>
<word rank='20' count='49' prob='0.00780' cumulative='0.28892' docs='35' word-length='8.0000' coherence='-1.8382' uniform_dist='0.0329' corpus_dist='0.0160' token-doc-diff='0.0001'>possible</word>
</topic>
<topic id='6' tokens='14082.0000' document_entropy='5.6776' word-length='5.2000' coherence='-203.7580' uniform_dist='3.4082' corpus_dist='1.6414' eff_num_words='129.3749' token-doc-diff='0.0047' rank_1_docs='0.0216' allocation_ratio='0.0000' allocation_count='0.0000'>
<word rank='1' count='570' prob='0.04048' cumulative='0.04048' docs='229' word-length='2.0000' coherence='0.0000' uniform_dist='0.2375' corpus_dist='0.0594' token-doc-diff='0.0022'>an</word>
<word rank='2' count='351' prob='0.02493' cumulative='0.06540' docs='176' word-length='3.0000' coherence='-0.6461' uniform_dist='0.1342' corpus_dist='0.0508' token-doc-diff='0.0003'>vie</word>
<word rank='3' count='331' prob='0.02351' cumulative='0.08891' docs='167' word-length='7.0000' coherence='-0.6377' uniform_dist='0.1251' corpus_dist='0.0412' token-doc-diff='0.0003'>million</word>
<word rank='4' count='321' prob='0.02280' cumulative='0.11170' docs='172' word-length='5.0000' coherence='-0.5816' uniform_dist='0.1207' corpus_dist='0.0423' token-doc-diff='0.0001'>homme</word>
<word rank='5' count='269' prob='0.01910' cumulative='0.13081' docs='176' word-length='4.0000' coherence='-0.6060' uniform_dist='0.0977' corpus_dist='0.0352' token-doc-diff='0.0001'>jour</word>
<word rank='6' count='242' prob='0.01719' cumulative='0.14799' docs='154' word-length='5.0000' coherence='-0.7515' uniform_dist='0.0861' corpus_dist='0.0140' token-doc-diff='0.0000'>grand</word>
<word rank='7' count='227' prob='0.01612' cumulative='0.16411' docs='147' word-length='3.0000' coherence='-0.7653' uniform_dist='0.0797' corpus_dist='0.0280' token-doc-diff='0.0000'>moi</word>
<word rank='8' count='226' prob='0.01605' cumulative='0.18016' docs='143' word-length='8.0000' coherence='-0.8136' uniform_dist='0.0793' corpus_dist='0.0056' token-doc-diff='0.0000'>français</word>
<word rank='9' count='224' prob='0.01591' cumulative='0.19607' docs='154' word-length='9.0000' coherence='-0.8395' uniform_dist='0.0785' corpus_dist='0.0028' token-doc-diff='0.0001'>politique</word>
<word rank='10' count='218' prob='0.01548' cumulative='0.21155' docs='141' word-length='5.0000' coherence='-0.9217' uniform_dist='0.0760' corpus_dist='0.0213' token-doc-diff='0.0000'>année</word>
<word rank='11' count='171' prob='0.01214' cumulative='0.22369' docs='89' word-length='5.0000' coherence='-1.2889' uniform_dist='0.0566' corpus_dist='0.0244' token-doc-diff='0.0001'>femme</word>
<word rank='12' count='162' prob='0.01150' cumulative='0.23519' docs='114' word-length='8.0000' coherence='-0.9972' uniform_dist='0.0530' corpus_dist='0.0188' token-doc-diff='0.0001'>personne</word>
<word rank='13' count='150' prob='0.01065' cumulative='0.24585' docs='95' word-length='6.0000' coherence='-1.2523' uniform_dist='0.0483' corpus_dist='0.0202' token-doc-diff='0.0000'>mesure</word>
<word rank='14' count='148' prob='0.01051' cumulative='0.25636' docs='99' word-length='4.0000' coherence='-1.1811' uniform_dist='0.0475' corpus_dist='0.0142' token-doc-diff='0.0001'>vrai</word>
<word rank='15' count='121' prob='0.00859' cumulative='0.26495' docs='91' word-length='5.0000' coherence='-1.2438' uniform_dist='0.0371' corpus_dist='0.0189' token-doc-diff='0.0002'>façon</word>
<word rank='16' count='120' prob='0.00852' cumulative='0.27347' docs='78' word-length='5.0000' coherence='-1.8012' uniform_dist='0.0367' corpus_dist='0.0122' token-doc-diff='0.0000'>jeune</word>
<word rank='17' count='118' prob='0.00838' cumulative='0.28185' docs='86' word-length='7.0000' coherence='-1.4539' uniform_dist='0.0360' corpus_dist='0.0128' token-doc-diff='0.0001'>général</word>
<word rank='18' count='113' prob='0.00802' cumulative='0.28987' docs='94' word-length='6.0000' coherence='-1.2754' uniform_dist='0.0341' corpus_dist='0.0107' token-doc-diff='0.0004'>raison</word>
<word rank='19' count='111' prob='0.00788' cumulative='0.29776' docs='82' word-length='4.0000' coherence='-1.6083' uniform_dist='0.0334' corpus_dist='0.0158' token-doc-diff='0.0002'>part</word>
<word rank='20' count='105' prob='0.00746' cumulative='0.30521' docs='86' word-length='3.0000' coherence='-1.6083' uniform_dist='0.0311' corpus_dist='0.0025' token-doc-diff='0.0004'>foi</word>
</topic>
<topic id='7' tokens='3719.0000' document_entropy='3.8778' word-length='7.6000' coherence='-276.2559' uniform_dist='3.2430' corpus_dist='2.8536' eff_num_words='155.4792' token-doc-diff='0.0093' rank_1_docs='0.0821' allocation_ratio='0.0323' allocation_count='0.0597'>
<word rank='1' count='129' prob='0.03469' cumulative='0.03469' docs='36' word-length='6.0000' coherence='0.0000' uniform_dist='0.1982' corpus_dist='0.1289' token-doc-diff='0.0023'>paysan</word>
<word rank='2' count='98' prob='0.02635' cumulative='0.06104' docs='41' word-length='11.0000' coherence='-0.5384' uniform_dist='0.1433' corpus_dist='0.0985' token-doc-diff='0.0000'>agriculture</word>
<word rank='3' count='87' prob='0.02339' cumulative='0.08443' docs='29' word-length='8.0000' coherence='-0.6924' uniform_dist='0.1244' corpus_dist='0.0849' token-doc-diff='0.0006'>agricole</word>
<word rank='4' count='80' prob='0.02151' cumulative='0.10594' docs='36' word-length='5.0000' coherence='-0.7683' uniform_dist='0.1126' corpus_dist='0.0684' token-doc-diff='0.0000'>terre</word>
<word rank='5' count='71' prob='0.01909' cumulative='0.12503' docs='21' word-length='5.0000' coherence='-1.1471' uniform_dist='0.0977' corpus_dist='0.0714' token-doc-diff='0.0010'>rural</word>
<word rank='6' count='63' prob='0.01694' cumulative='0.14197' docs='35' word-length='11.0000' coherence='-0.7494' uniform_dist='0.0846' corpus_dist='0.0611' token-doc-diff='0.0007'>agriculteur</word>
<word rank='7' count='58' prob='0.01560' cumulative='0.15757' docs='31' word-length='5.0000' coherence='-0.9432' uniform_dist='0.0766' corpus_dist='0.0400' token-doc-diff='0.0005'>ville</word>
<word rank='8' count='44' prob='0.01183' cumulative='0.16940' docs='26' word-length='7.0000' coherence='-0.9476' uniform_dist='0.0549' corpus_dist='0.0126' token-doc-diff='0.0008'>million</word>
<word rank='9' count='39' prob='0.01049' cumulative='0.17989' docs='14' word-length='6.0000' coherence='-1.7643' uniform_dist='0.0474' corpus_dist='0.0197' token-doc-diff='0.0001'>mesure</word>
<word rank='10' count='35' prob='0.00941' cumulative='0.18930' docs='14' word-length='13.0000' coherence='-1.8198' uniform_dist='0.0415' corpus_dist='0.0329' token-doc-diff='0.0000'>environnement</word>
<word rank='11' count='34' prob='0.00914' cumulative='0.19844' docs='17' word-length='7.0000' coherence='-1.6441' uniform_dist='0.0400' corpus_dist='0.0302' token-doc-diff='0.0001'>village</word>
<word rank='12' count='31' prob='0.00834' cumulative='0.20678' docs='17' word-length='8.0000' coherence='-1.5331' uniform_dist='0.0357' corpus_dist='0.0086' token-doc-diff='0.0003'>campagne</word>
<word rank='13' count='29' prob='0.00780' cumulative='0.21457' docs='15' word-length='10.0000' coherence='-1.9339' uniform_dist='0.0329' corpus_dist='0.0283' token-doc-diff='0.0002'>planétaire</word>
<word rank='14' count='27' prob='0.00726' cumulative='0.22183' docs='10' word-length='8.0000' coherence='-3.4071' uniform_dist='0.0301' corpus_dist='0.0281' token-doc-diff='0.0001'>ruralité</word>
<word rank='15' count='27' prob='0.00726' cumulative='0.22909' docs='12' word-length='6.0000' coherence='-2.0028' uniform_dist='0.0301' corpus_dist='0.0207' token-doc-diff='0.0000'>nature</word>
<word rank='16' count='26' prob='0.00699' cumulative='0.23608' docs='16' word-length='3.0000' coherence='-1.6313' uniform_dist='0.0287' corpus_dist='0.0201' token-doc-diff='0.0006'>eau</word>
<word rank='17' count='25' prob='0.00672' cumulative='0.24281' docs='7' word-length='3.0000' coherence='-2.2776' uniform_dist='0.0274' corpus_dist='0.0211' token-doc-diff='0.0004'>mur</word>
<word rank='18' count='24' prob='0.00645' cumulative='0.24926' docs='6' word-length='8.0000' coherence='-2.8490' uniform_dist='0.0260' corpus_dist='0.0245' token-doc-diff='0.0007'>chasseur</word>
<word rank='19' count='23' prob='0.00618' cumulative='0.25545' docs='13' word-length='11.0000' coherence='-6.4043' uniform_dist='0.0247' corpus_dist='0.0151' token-doc-diff='0.0003'>disparition</word>
<word rank='20' count='23' prob='0.00618' cumulative='0.26163' docs='15' word-length='11.0000' coherence='-2.1277' uniform_dist='0.0247' corpus_dist='0.0204' token-doc-diff='0.0007'>alimentaire</word>
</topic>
<topic id='8' tokens='7528.0000' document_entropy='4.8986' word-length='6.7500' coherence='-221.2170' uniform_dist='3.4606' corpus_dist='1.9275' eff_num_words='131.3496' token-doc-diff='0.0056' rank_1_docs='0.0538' allocation_ratio='0.0065' allocation_count='0.0215'>
<word rank='1' count='249' prob='0.03308' cumulative='0.03308' docs='105' word-length='2.0000' coherence='0.0000' uniform_dist='0.1874' corpus_dist='0.0419' token-doc-diff='0.0008'>an</word>
<word rank='2' count='231' prob='0.03069' cumulative='0.06376' docs='92' word-length='7.0000' coherence='-0.6107' uniform_dist='0.1715' corpus_dist='0.0619' token-doc-diff='0.0011'>million</word>
<word rank='3' count='181' prob='0.02404' cumulative='0.08781' docs='84' word-length='8.0000' coherence='-0.7824' uniform_dist='0.1286' corpus_dist='0.0563' token-doc-diff='0.0002'>milliard</word>
<word rank='4' count='175' prob='0.02325' cumulative='0.11105' docs='73' word-length='8.0000' coherence='-0.9949' uniform_dist='0.1235' corpus_dist='0.0715' token-doc-diff='0.0006'>retraite</word>
<word rank='5' count='155' prob='0.02059' cumulative='0.13164' docs='90' word-length='7.0000' coherence='-0.7928' uniform_dist='0.1069' corpus_dist='0.0398' token-doc-diff='0.0000'>travail</word>
<word rank='6' count='145' prob='0.01926' cumulative='0.15090' docs='71' word-length='5.0000' coherence='-1.1669' uniform_dist='0.0987' corpus_dist='0.0531' token-doc-diff='0.0001'>impôt</word>
<word rank='7' count='114' prob='0.01514' cumulative='0.16605' docs='66' word-length='6.0000' coherence='-1.1720' uniform_dist='0.0740' corpus_dist='0.0159' token-doc-diff='0.0000'>social</word>
<word rank='8' count='113' prob='0.01501' cumulative='0.18106' docs='55' word-length='4.0000' coherence='-1.3209' uniform_dist='0.0732' corpus_dist='0.0323' token-doc-diff='0.0001'>euro</word>
<word rank='9' count='108' prob='0.01435' cumulative='0.19540' docs='63' word-length='5.0000' coherence='-1.0317' uniform_dist='0.0693' corpus_dist='0.0187' token-doc-diff='0.0000'>année</word>
<word rank='10' count='89' prob='0.01182' cumulative='0.20723' docs='59' word-length='7.0000' coherence='-1.1669' uniform_dist='0.0548' corpus_dist='0.0218' token-doc-diff='0.0002'>chômage</word>
<word rank='11' count='84' prob='0.01116' cumulative='0.21838' docs='53' word-length='6.0000' coherence='-1.2519' uniform_dist='0.0511' corpus_dist='0.0169' token-doc-diff='0.0001'>emploi</word>
<word rank='12' count='83' prob='0.01103' cumulative='0.22941' docs='63' word-length='6.0000' coherence='-1.0979' uniform_dist='0.0504' corpus_dist='0.0118' token-doc-diff='0.0006'>nombre</word>
<word rank='13' count='83' prob='0.01103' cumulative='0.24044' docs='57' word-length='5.0000' coherence='-1.4887' uniform_dist='0.0504' corpus_dist='0.0254' token-doc-diff='0.0003'>effet</word>
<word rank='14' count='74' prob='0.00983' cumulative='0.25027' docs='47' word-length='7.0000' coherence='-1.4282' uniform_dist='0.0438' corpus_dist='0.0214' token-doc-diff='0.0001'>chiffre</word>
<word rank='15' count='74' prob='0.00983' cumulative='0.26010' docs='57' word-length='9.0000' coherence='-1.3681' uniform_dist='0.0438' corpus_dist='-0.0030' token-doc-diff='0.0006'>politique</word>
<word rank='16' count='67' prob='0.00890' cumulative='0.26900' docs='40' word-length='6.0000' coherence='-1.6431' uniform_dist='0.0387' corpus_dist='0.0259' token-doc-diff='0.0000'>revenu</word>
<word rank='17' count='64' prob='0.00850' cumulative='0.27750' docs='43' word-length='10.0000' coherence='-1.5563' uniform_dist='0.0366' corpus_dist='0.0214' token-doc-diff='0.0002'>croissance</word>
<word rank='18' count='55' prob='0.00731' cumulative='0.28480' docs='35' word-length='12.0000' coherence='-1.9654' uniform_dist='0.0304' corpus_dist='0.0051' token-doc-diff='0.0001'>gouvernement</word>
<word rank='19' count='54' prob='0.00717' cumulative='0.29198' docs='41' word-length='8.0000' coherence='-1.6302' uniform_dist='0.0297' corpus_dist='0.0160' token-doc-diff='0.0004'>syndicat</word>
<word rank='20' count='53' prob='0.00704' cumulative='0.29902' docs='35' word-length='7.0000' coherence='-1.7643' uniform_dist='0.0290' corpus_dist='0.0171' token-doc-diff='0.0001'>dépense</word>
</topic>
<topic id='9' tokens='6212.0000' document_entropy='4.8315' word-length='7.0000' coherence='-224.7507' uniform_dist='3.5302' corpus_dist='2.4663' eff_num_words='124.7864' token-doc-diff='0.0031' rank_1_docs='0.0418' allocation_ratio='0.0000' allocation_count='0.0228'>
<word rank='1' count='168' prob='0.02704' cumulative='0.02704' docs='82' word-length='3.0000' coherence='0.0000' uniform_dist='0.1478' corpus_dist='0.0539' token-doc-diff='0.0000'>loi</word>
<word rank='2' count='158' prob='0.02543' cumulative='0.05248' docs='60' word-length='5.0000' coherence='-0.8799' uniform_dist='0.1374' corpus_dist='0.0816' token-doc-diff='0.0007'>peine</word>
<word rank='3' count='156' prob='0.02511' cumulative='0.07759' docs='60' word-length='6.0000' coherence='-0.9097' uniform_dist='0.1354' corpus_dist='0.0831' token-doc-diff='0.0006'>prison</word>
<word rank='4' count='133' prob='0.02141' cumulative='0.09900' docs='62' word-length='7.0000' coherence='-0.9156' uniform_dist='0.1120' corpus_dist='0.0580' token-doc-diff='0.0000'>justice</word>
<word rank='5' count='130' prob='0.02093' cumulative='0.11993' docs='62' word-length='10.0000' coherence='-0.9581' uniform_dist='0.1090' corpus_dist='0.0554' token-doc-diff='0.0000'>insécurité</word>
<word rank='6' count='105' prob='0.01690' cumulative='0.13683' docs='47' word-length='10.0000' coherence='-1.0817' uniform_dist='0.0844' corpus_dist='0.0568' token-doc-diff='0.0001'>délinquant</word>
<word rank='7' count='102' prob='0.01642' cumulative='0.15325' docs='53' word-length='5.0000' coherence='-1.1408' uniform_dist='0.0815' corpus_dist='0.0504' token-doc-diff='0.0000'>crime</word>
<word rank='8' count='100' prob='0.01610' cumulative='0.16935' docs='42' word-length='4.0000' coherence='-1.6076' uniform_dist='0.0796' corpus_dist='0.0431' token-doc-diff='0.0002'>peur</word>
<word rank='9' count='97' prob='0.01561' cumulative='0.18496' docs='52' word-length='8.0000' coherence='-1.4836' uniform_dist='0.0767' corpus_dist='0.0463' token-doc-diff='0.0000'>violence</word>
<word rank='10' count='95' prob='0.01529' cumulative='0.20026' docs='53' word-length='11.0000' coherence='-1.2419' uniform_dist='0.0748' corpus_dist='0.0514' token-doc-diff='0.0001'>délinquance</word>
<word rank='11' count='91' prob='0.01465' cumulative='0.21491' docs='51' word-length='6.0000' coherence='-1.2029' uniform_dist='0.0711' corpus_dist='0.0460' token-doc-diff='0.0001'>police</word>
<word rank='12' count='91' prob='0.01465' cumulative='0.22956' docs='48' word-length='8.0000' coherence='-1.7271' uniform_dist='0.0711' corpus_dist='0.0435' token-doc-diff='0.0000'>banlieue</word>
<word rank='13' count='91' prob='0.01465' cumulative='0.24420' docs='47' word-length='4.0000' coherence='-1.3298' uniform_dist='0.0711' corpus_dist='0.0370' token-doc-diff='0.0000'>mort</word>
<word rank='14' count='89' prob='0.01433' cumulative='0.25853' docs='59' word-length='7.0000' coherence='-1.1489' uniform_dist='0.0692' corpus_dist='0.0387' token-doc-diff='0.0005'>victime</word>
<word rank='15' count='85' prob='0.01368' cumulative='0.27222' docs='53' word-length='8.0000' coherence='-1.2511' uniform_dist='0.0654' corpus_dist='0.0422' token-doc-diff='0.0003'>criminel</word>
<word rank='16' count='85' prob='0.01368' cumulative='0.28590' docs='52' word-length='8.0000' coherence='-1.2609' uniform_dist='0.0654' corpus_dist='0.0437' token-doc-diff='0.0002'>policier</word>
<word rank='17' count='77' prob='0.01240' cumulative='0.29829' docs='37' word-length='5.0000' coherence='-2.1233' uniform_dist='0.0581' corpus_dist='0.0393' token-doc-diff='0.0000'>délit</word>
<word rank='18' count='71' prob='0.01143' cumulative='0.30972' docs='44' word-length='7.0000' coherence='-1.5664' uniform_dist='0.0526' corpus_dist='0.0134' token-doc-diff='0.0002'>liberté</word>
<word rank='19' count='62' prob='0.00998' cumulative='0.31970' docs='36' word-length='10.0000' coherence='-1.9884' uniform_dist='0.0446' corpus_dist='0.0211' token-doc-diff='0.0001'>territoire</word>
<word rank='20' count='60' prob='0.00966' cumulative='0.32936' docs='33' word-length='8.0000' coherence='-1.6776' uniform_dist='0.0428' corpus_dist='0.0311' token-doc-diff='0.0000'>quartier</word>
</topic>
<topic id='10' tokens='9237.0000' document_entropy='4.9755' word-length='6.3500' coherence='-166.5186' uniform_dist='3.5472' corpus_dist='1.6681' eff_num_words='135.9744' token-doc-diff='0.0032' rank_1_docs='0.0808' allocation_ratio='0.0057' allocation_count='0.0438'>
<word rank='1' count='232' prob='0.02512' cumulative='0.02512' docs='90' word-length='8.0000' coherence='0.0000' uniform_dist='0.1354' corpus_dist='0.0599' token-doc-diff='0.0007'>milliard</word>
<word rank='2' count='188' prob='0.02035' cumulative='0.04547' docs='80' word-length='5.0000' coherence='-0.6928' uniform_dist='0.1054' corpus_dist='0.0568' token-doc-diff='0.0003'>dette</word>
<word rank='3' count='173' prob='0.01873' cumulative='0.06420' docs='89' word-length='2.0000' coherence='-0.6205' uniform_dist='0.0955' corpus_dist='0.0131' token-doc-diff='0.0000'>an</word>
<word rank='4' count='159' prob='0.01721' cumulative='0.08141' docs='80' word-length='4.0000' coherence='-0.5975' uniform_dist='0.0863' corpus_dist='0.0393' token-doc-diff='0.0000'>euro</word>
<word rank='5' count='157' prob='0.01700' cumulative='0.09841' docs='89' word-length='4.0000' coherence='-0.6817' uniform_dist='0.0850' corpus_dist='0.0088' token-doc-diff='0.0001'>pays</word>
<word rank='6' count='156' prob='0.01689' cumulative='0.11530' docs='86' word-length='8.0000' coherence='-0.8506' uniform_dist='0.0843' corpus_dist='0.0355' token-doc-diff='0.0000'>économie</word>
<word rank='7' count='150' prob='0.01624' cumulative='0.13154' docs='72' word-length='6.0000' coherence='-0.9275' uniform_dist='0.0805' corpus_dist='0.0340' token-doc-diff='0.0000'>projet</word>
<word rank='8' count='150' prob='0.01624' cumulative='0.14778' docs='95' word-length='8.0000' coherence='-0.7404' uniform_dist='0.0805' corpus_dist='0.0159' token-doc-diff='0.0003'>européen</word>
<word rank='9' count='142' prob='0.01537' cumulative='0.16315' docs='64' word-length='6.0000' coherence='-0.9916' uniform_dist='0.0753' corpus_dist='0.0346' token-doc-diff='0.0001'>marché</word>
<word rank='10' count='135' prob='0.01462' cumulative='0.17776' docs='68' word-length='7.0000' coherence='-0.9475' uniform_dist='0.0709' corpus_dist='0.0250' token-doc-diff='0.0000'>intérêt</word>
<word rank='11' count='134' prob='0.01451' cumulative='0.19227' docs='52' word-length='7.0000' coherence='-1.2950' uniform_dist='0.0702' corpus_dist='0.0348' token-doc-diff='0.0004'>monnaie</word>
<word rank='12' count='121' prob='0.01310' cumulative='0.20537' docs='51' word-length='6.0000' coherence='-1.4175' uniform_dist='0.0621' corpus_dist='0.0352' token-doc-diff='0.0002'>banque</word>
<word rank='13' count='118' prob='0.01277' cumulative='0.21814' docs='76' word-length='10.0000' coherence='-0.9158' uniform_dist='0.0602' corpus_dist='0.0169' token-doc-diff='0.0003'>économique</word>
<word rank='14' count='116' prob='0.01256' cumulative='0.23070' docs='68' word-length='4.0000' coherence='-0.9699' uniform_dist='0.0590' corpus_dist='0.0275' token-doc-diff='0.0001'>plan</word>
<word rank='15' count='115' prob='0.01245' cumulative='0.24315' docs='61' word-length='9.0000' coherence='-1.1921' uniform_dist='0.0584' corpus_dist='0.0248' token-doc-diff='0.0000'>financier</word>
<word rank='16' count='111' prob='0.01202' cumulative='0.25517' docs='70' word-length='4.0000' coherence='-0.9916' uniform_dist='0.0559' corpus_dist='0.0109' token-doc-diff='0.0002'>seul</word>
<word rank='17' count='110' prob='0.01191' cumulative='0.26708' docs='60' word-length='12.0000' coherence='-1.2225' uniform_dist='0.0553' corpus_dist='0.0349' token-doc-diff='0.0000'>augmentation</word>
<word rank='18' count='110' prob='0.01191' cumulative='0.27899' docs='55' word-length='4.0000' coherence='-1.2225' uniform_dist='0.0553' corpus_dist='0.0274' token-doc-diff='0.0000'>prix</word>
<word rank='19' count='110' prob='0.01191' cumulative='0.29090' docs='62' word-length='7.0000' coherence='-1.2298' uniform_dist='0.0553' corpus_dist='0.0165' token-doc-diff='0.0000'>système</word>
<word rank='20' count='104' prob='0.01126' cumulative='0.30215' docs='70' word-length='6.0000' coherence='-0.9865' uniform_dist='0.0517' corpus_dist='0.0085' token-doc-diff='0.0004'>social</word>
</topic>
<topic id='11' tokens='4644.0000' document_entropy='4.5505' word-length='7.0500' coherence='-262.1345' uniform_dist='2.8957' corpus_dist='2.4625' eff_num_words='296.9234' token-doc-diff='0.0034' rank_1_docs='0.0829' allocation_ratio='0.0000' allocation_count='0.0052'>
<word rank='1' count='59' prob='0.01270' cumulative='0.01270' docs='33' word-length='13.0000' coherence='0.0000' uniform_dist='0.0598' corpus_dist='0.0397' token-doc-diff='0.0003'>parlementaire</word>
<word rank='2' count='54' prob='0.01163' cumulative='0.02433' docs='33' word-length='3.0000' coherence='-1.0101' uniform_dist='0.0537' corpus_dist='0.0176' token-doc-diff='0.0001'>ami</word>
<word rank='3' count='53' prob='0.01141' cumulative='0.03575' docs='28' word-length='10.0000' coherence='-1.2970' uniform_dist='0.0525' corpus_dist='0.0309' token-doc-diff='0.0004'>communiste</word>
<word rank='4' count='52' prob='0.01120' cumulative='0.04694' docs='40' word-length='5.0000' coherence='-1.4144' uniform_dist='0.0513' corpus_dist='0.0142' token-doc-diff='0.0002'>parti</word>
<word rank='5' count='50' prob='0.01077' cumulative='0.05771' docs='30' word-length='10.0000' coherence='-1.1920' uniform_dist='0.0489' corpus_dist='0.0177' token-doc-diff='0.0001'>socialiste</word>
<word rank='6' count='46' prob='0.00991' cumulative='0.06761' docs='33' word-length='7.0000' coherence='-1.2970' uniform_dist='0.0442' corpus_dist='0.0144' token-doc-diff='0.0000'>nouveau</word>
<word rank='7' count='42' prob='0.00904' cumulative='0.07666' docs='29' word-length='8.0000' coherence='-1.4892' uniform_dist='0.0395' corpus_dist='0.0233' token-doc-diff='0.0000'>prochain</word>
<word rank='8' count='41' prob='0.00883' cumulative='0.08549' docs='19' word-length='10.0000' coherence='-2.2603' uniform_dist='0.0384' corpus_dist='0.0316' token-doc-diff='0.0007'>communisme</word>
<word rank='9' count='39' prob='0.00840' cumulative='0.09388' docs='31' word-length='9.0000' coherence='-1.8380' uniform_dist='0.0361' corpus_dist='0.0195' token-doc-diff='0.0002'>populaire</word>
<word rank='10' count='39' prob='0.00840' cumulative='0.10228' docs='27' word-length='7.0000' coherence='-2.2388' uniform_dist='0.0361' corpus_dist='0.0119' token-doc-diff='0.0000'>affaire</word>
<word rank='11' count='39' prob='0.00840' cumulative='0.11068' docs='21' word-length='4.0000' coherence='-2.9181' uniform_dist='0.0361' corpus_dist='0.0253' token-doc-diff='0.0003'>mars</word>
<word rank='12' count='39' prob='0.00840' cumulative='0.11908' docs='26' word-length='6.0000' coherence='-2.2388' uniform_dist='0.0361' corpus_dist='0.0187' token-doc-diff='0.0000'>effort</word>
<word rank='13' count='37' prob='0.00797' cumulative='0.12705' docs='26' word-length='9.0000' coherence='-1.9036' uniform_dist='0.0338' corpus_dist='0.0128' token-doc-diff='0.0000'>électoral</word>
<word rank='14' count='36' prob='0.00775' cumulative='0.13480' docs='28' word-length='6.0000' coherence='-1.6818' uniform_dist='0.0327' corpus_dist='0.0210' token-doc-diff='0.0001'>succès</word>
<word rank='15' count='32' prob='0.00689' cumulative='0.14169' docs='20' word-length='6.0000' coherence='-1.8380' uniform_dist='0.0282' corpus_dist='0.0185' token-doc-diff='0.0000'>accord</word>
<word rank='16' count='31' prob='0.00668' cumulative='0.14836' docs='23' word-length='6.0000' coherence='-2.2253' uniform_dist='0.0271' corpus_dist='0.0149' token-doc-diff='0.0001'>presse</word>
<word rank='17' count='30' prob='0.00646' cumulative='0.15482' docs='22' word-length='6.0000' coherence='-2.0288' uniform_dist='0.0260' corpus_dist='0.0123' token-doc-diff='0.0000'>combat</word>
<word rank='18' count='30' prob='0.00646' cumulative='0.16128' docs='27' word-length='6.0000' coherence='-1.8380' uniform_dist='0.0260' corpus_dist='0.0160' token-doc-diff='0.0005'>menace</word>
<word rank='19' count='28' prob='0.00603' cumulative='0.16731' docs='25' word-length='6.0000' coherence='-2.2388' uniform_dist='0.0239' corpus_dist='0.0080' token-doc-diff='0.0004'>mesure</word>
<word rank='20' count='27' prob='0.00581' cumulative='0.17313' docs='18' word-length='4.0000' coherence='-1.9399' uniform_dist='0.0228' corpus_dist='0.0094' token-doc-diff='0.0000'>chef</word>
</topic>
<topic id='12' tokens='9772.0000' document_entropy='5.4716' word-length='7.3500' coherence='-248.1589' uniform_dist='3.2174' corpus_dist='1.8990' eff_num_words='191.5771' token-doc-diff='0.0016' rank_1_docs='0.0345' allocation_ratio='0.0000' allocation_count='0.0029'>
<word rank='1' count='258' prob='0.02640' cumulative='0.02640' docs='152' word-length='9.0000' coherence='0.0000' uniform_dist='0.1436' corpus_dist='0.0180' token-doc-diff='0.0003'>politique</word>
<word rank='2' count='151' prob='0.01545' cumulative='0.04185' docs='88' word-length='8.0000' coherence='-1.0723' uniform_dist='0.0758' corpus_dist='0.0319' token-doc-diff='0.0002'>sécurité</word>
<word rank='3' count='145' prob='0.01484' cumulative='0.05669' docs='98' word-length='5.0000' coherence='-1.0110' uniform_dist='0.0722' corpus_dist='0.0211' token-doc-diff='0.0000'>homme</word>
<word rank='4' count='140' prob='0.01433' cumulative='0.07102' docs='92' word-length='3.0000' coherence='-0.9736' uniform_dist='0.0692' corpus_dist='0.0195' token-doc-diff='0.0000'>loi</word>
<word rank='5' count='137' prob='0.01402' cumulative='0.08504' docs='98' word-length='8.0000' coherence='-1.0755' uniform_dist='0.0674' corpus_dist='0.0292' token-doc-diff='0.0000'>publique</word>
<word rank='6' count='119' prob='0.01218' cumulative='0.09722' docs='78' word-length='5.0000' coherence='-1.2168' uniform_dist='0.0568' corpus_dist='0.0290' token-doc-diff='0.0000'>ordre</word>
<word rank='7' count='112' prob='0.01146' cumulative='0.10868' docs='76' word-length='7.0000' coherence='-1.3429' uniform_dist='0.0528' corpus_dist='0.0287' token-doc-diff='0.0000'>défense</word>
<word rank='8' count='109' prob='0.01115' cumulative='0.11983' docs='71' word-length='7.0000' coherence='-1.5881' uniform_dist='0.0511' corpus_dist='0.0291' token-doc-diff='0.0000'>respect</word>
<word rank='9' count='107' prob='0.01095' cumulative='0.13078' docs='78' word-length='7.0000' coherence='-1.1948' uniform_dist='0.0499' corpus_dist='0.0208' token-doc-diff='0.0000'>société</word>
<word rank='10' count='106' prob='0.01085' cumulative='0.14163' docs='72' word-length='12.0000' coherence='-1.4485' uniform_dist='0.0494' corpus_dist='0.0119' token-doc-diff='0.0000'>gouvernement</word>
<word rank='11' count='105' prob='0.01074' cumulative='0.15237' docs='67' word-length='6.0000' coherence='-1.5881' uniform_dist='0.0488' corpus_dist='0.0246' token-doc-diff='0.0000'>action</word>
<word rank='12' count='99' prob='0.01013' cumulative='0.16251' docs='65' word-length='14.0000' coherence='-1.6393' uniform_dist='0.0454' corpus_dist='0.0178' token-doc-diff='0.0000'>responsabilité</word>
<word rank='13' count='97' prob='0.00993' cumulative='0.17243' docs='75' word-length='7.0000' coherence='-1.2884' uniform_dist='0.0443' corpus_dist='0.0145' token-doc-diff='0.0001'>nouveau</word>
<word rank='14' count='93' prob='0.00952' cumulative='0.18195' docs='65' word-length='7.0000' coherence='-1.5881' uniform_dist='0.0421' corpus_dist='0.0122' token-doc-diff='0.0000'>intérêt</word>
<word rank='15' count='85' prob='0.00870' cumulative='0.19065' docs='71' word-length='8.0000' coherence='-1.4952' uniform_dist='0.0377' corpus_dist='0.0190' token-doc-diff='0.0002'>nombreux</word>
<word rank='16' count='83' prob='0.00849' cumulative='0.19914' docs='68' word-length='9.0000' coherence='-1.4649' uniform_dist='0.0366' corpus_dist='0.0151' token-doc-diff='0.0002'>véritable</word>
<word rank='17' count='83' prob='0.00849' cumulative='0.20763' docs='48' word-length='8.0000' coherence='-1.9566' uniform_dist='0.0366' corpus_dist='0.0171' token-doc-diff='0.0001'>autorité</word>
<word rank='18' count='81' prob='0.00829' cumulative='0.21592' docs='53' word-length='6.0000' coherence='-1.9219' uniform_dist='0.0355' corpus_dist='0.0160' token-doc-diff='0.0000'>siècle</word>
<word rank='19' count='79' prob='0.00808' cumulative='0.22401' docs='67' word-length='7.0000' coherence='-1.5222' uniform_dist='0.0344' corpus_dist='0.0174' token-doc-diff='0.0002'>domaine</word>
<word rank='20' count='77' prob='0.00788' cumulative='0.23189' docs='63' word-length='4.0000' coherence='-1.8694' uniform_dist='0.0333' corpus_dist='0.0185' token-doc-diff='0.0002'>pire</word>
</topic>
<topic id='13' tokens='10437.0000' document_entropy='5.2244' word-length='7.3000' coherence='-203.3730' uniform_dist='3.5933' corpus_dist='1.8291' eff_num_words='105.6545' token-doc-diff='0.0066' rank_1_docs='0.0619' allocation_ratio='0.0090' allocation_count='0.0248'>
<word rank='1' count='512' prob='0.04906' cumulative='0.04906' docs='159' word-length='10.0000' coherence='0.0000' uniform_dist='0.2973' corpus_dist='0.1394' token-doc-diff='0.0038'>entreprise</word>
<word rank='2' count='309' prob='0.02961' cumulative='0.07866' docs='130' word-length='6.0000' coherence='-0.6743' uniform_dist='0.1645' corpus_dist='0.0738' token-doc-diff='0.0004'>emploi</word>
<word rank='3' count='277' prob='0.02654' cumulative='0.10520' docs='140' word-length='5.0000' coherence='-0.5801' uniform_dist='0.1445' corpus_dist='0.0332' token-doc-diff='0.0000'>grand</word>
<word rank='4' count='256' prob='0.02453' cumulative='0.12973' docs='130' word-length='10.0000' coherence='-0.6144' uniform_dist='0.1316' corpus_dist='0.0484' token-doc-diff='0.0000'>économique</word>
<word rank='5' count='247' prob='0.02367' cumulative='0.15340' docs='130' word-length='6.0000' coherence='-0.7249' uniform_dist='0.1262' corpus_dist='0.0354' token-doc-diff='0.0000'>social</word>
<word rank='6' count='182' prob='0.01744' cumulative='0.17083' docs='105' word-length='4.0000' coherence='-0.8060' uniform_dist='0.0876' corpus_dist='0.0094' token-doc-diff='0.0001'>pays</word>
<word rank='7' count='167' prob='0.01600' cumulative='0.18684' docs='103' word-length='5.0000' coherence='-0.8599' uniform_dist='0.0790' corpus_dist='0.0300' token-doc-diff='0.0002'>moyen</word>
<word rank='8' count='163' prob='0.01562' cumulative='0.20245' docs='90' word-length='9.0000' coherence='-1.0432' uniform_dist='0.0768' corpus_dist='0.0310' token-doc-diff='0.0000'>frontière</word>
<word rank='9' count='155' prob='0.01485' cumulative='0.21730' docs='86' word-length='11.0000' coherence='-1.0983' uniform_dist='0.0722' corpus_dist='0.0402' token-doc-diff='0.0000'>concurrence</word>
<word rank='10' count='154' prob='0.01476' cumulative='0.23206' docs='88' word-length='8.0000' coherence='-0.9577' uniform_dist='0.0717' corpus_dist='0.0290' token-doc-diff='0.0001'>économie</word>
<word rank='11' count='132' prob='0.01265' cumulative='0.24471' docs='69' word-length='7.0000' coherence='-1.4543' uniform_dist='0.0595' corpus_dist='0.0359' token-doc-diff='0.0000'>salarié</word>
<word rank='12' count='123' prob='0.01178' cumulative='0.25649' docs='83' word-length='5.0000' coherence='-1.0082' uniform_dist='0.0546' corpus_dist='0.0111' token-doc-diff='0.0003'>monde</word>
<word rank='13' count='116' prob='0.01111' cumulative='0.26761' docs='67' word-length='7.0000' coherence='-1.3072' uniform_dist='0.0508' corpus_dist='0.0297' token-doc-diff='0.0000'>produit</word>
<word rank='14' count='114' prob='0.01092' cumulative='0.27853' docs='80' word-length='8.0000' coherence='-1.1059' uniform_dist='0.0498' corpus_dist='-0.0004' token-doc-diff='0.0004'>français</word>
<word rank='15' count='110' prob='0.01054' cumulative='0.28907' docs='69' word-length='5.0000' coherence='-1.3072' uniform_dist='0.0477' corpus_dist='0.0045' token-doc-diff='0.0002'>droit</word>
<word rank='16' count='99' prob='0.00949' cumulative='0.29855' docs='58' word-length='6.0000' coherence='-1.4329' uniform_dist='0.0419' corpus_dist='0.0232' token-doc-diff='0.0001'>fiscal</word>
<word rank='17' count='97' prob='0.00929' cumulative='0.30785' docs='41' word-length='15.0000' coherence='-1.6605' uniform_dist='0.0409' corpus_dist='0.0264' token-doc-diff='0.0001'>protectionnisme</word>
<word rank='18' count='91' prob='0.00872' cumulative='0.31657' docs='57' word-length='6.0000' coherence='-1.7555' uniform_dist='0.0378' corpus_dist='0.0147' token-doc-diff='0.0001'>marché</word>
<word rank='19' count='90' prob='0.00862' cumulative='0.32519' docs='57' word-length='7.0000' coherence='-1.3269' uniform_dist='0.0373' corpus_dist='0.0169' token-doc-diff='0.0001'>salaire</word>
<word rank='20' count='87' prob='0.00834' cumulative='0.33352' docs='67' word-length='6.0000' coherence='-1.3209' uniform_dist='0.0357' corpus_dist='0.0158' token-doc-diff='0.0006'>niveau</word>
</topic>
<topic id='14' tokens='5065.0000' document_entropy='4.3740' word-length='7.6000' coherence='-264.7451' uniform_dist='3.2971' corpus_dist='2.1441' eff_num_words='157.5009' token-doc-diff='0.0038' rank_1_docs='0.0367' allocation_ratio='0.0392' allocation_count='0.0275'>
<word rank='1' count='174' prob='0.03435' cumulative='0.03435' docs='71' word-length='6.0000' coherence='0.0000' uniform_dist='0.1959' corpus_dist='0.0938' token-doc-diff='0.0008'>public</word>
<word rank='2' count='127' prob='0.02507' cumulative='0.05943' docs='67' word-length='7.0000' coherence='-0.8609' uniform_dist='0.1351' corpus_dist='0.0646' token-doc-diff='0.0000'>service</word>
<word rank='3' count='114' prob='0.02251' cumulative='0.08193' docs='49' word-length='8.0000' coherence='-1.0431' uniform_dist='0.1189' corpus_dist='0.0576' token-doc-diff='0.0003'>publique</word>
<word rank='4' count='88' prob='0.01737' cumulative='0.09931' docs='48' word-length='9.0000' coherence='-1.0838' uniform_dist='0.0872' corpus_dist='0.0046' token-doc-diff='0.0000'>politique</word>
<word rank='5' count='77' prob='0.01520' cumulative='0.11451' docs='43' word-length='7.0000' coherence='-1.1592' uniform_dist='0.0743' corpus_dist='0.0322' token-doc-diff='0.0000'>général</word>
<word rank='6' count='73' prob='0.01441' cumulative='0.12892' docs='40' word-length='8.0000' coherence='-1.2172' uniform_dist='0.0697' corpus_dist='0.0268' token-doc-diff='0.0000'>personne</word>
<word rank='7' count='70' prob='0.01382' cumulative='0.14274' docs='26' word-length='11.0000' coherence='-1.6920' uniform_dist='0.0662' corpus_dist='0.0450' token-doc-diff='0.0006'>département</word>
<word rank='8' count='70' prob='0.01382' cumulative='0.15656' docs='41' word-length='7.0000' coherence='-1.3702' uniform_dist='0.0662' corpus_dist='0.0264' token-doc-diff='0.0001'>affaire</word>
<word rank='9' count='65' prob='0.01283' cumulative='0.16940' docs='39' word-length='5.0000' coherence='-1.3172' uniform_dist='0.0606' corpus_dist='0.0398' token-doc-diff='0.0001'>local</word>
<word rank='10' count='59' prob='0.01165' cumulative='0.18105' docs='28' word-length='14.0000' coherence='-1.8659' uniform_dist='0.0538' corpus_dist='0.0362' token-doc-diff='0.0000'>administration</word>
<word rank='11' count='48' prob='0.00948' cumulative='0.19052' docs='33' word-length='6.0000' coherence='-1.6380' uniform_dist='0.0418' corpus_dist='0.0192' token-doc-diff='0.0004'>niveau</word>
<word rank='12' count='48' prob='0.00948' cumulative='0.20000' docs='28' word-length='6.0000' coherence='-1.7144' uniform_dist='0.0418' corpus_dist='0.0232' token-doc-diff='0.0001'>fiscal</word>
<word rank='13' count='48' prob='0.00948' cumulative='0.20948' docs='28' word-length='6.0000' coherence='-1.5640' uniform_dist='0.0418' corpus_dist='0.0055' token-doc-diff='0.0001'>social</word>
<word rank='14' count='44' prob='0.00869' cumulative='0.21816' docs='27' word-length='6.0000' coherence='-1.5368' uniform_dist='0.0376' corpus_dist='0.0166' token-doc-diff='0.0001'>argent</word>
<word rank='15' count='42' prob='0.00829' cumulative='0.22646' docs='26' word-length='12.0000' coherence='-1.9399' uniform_dist='0.0355' corpus_dist='0.0244' token-doc-diff='0.0001'>collectivité</word>
<word rank='16' count='41' prob='0.00809' cumulative='0.23455' docs='15' word-length='7.0000' coherence='-2.6063' uniform_dist='0.0345' corpus_dist='0.0208' token-doc-diff='0.0004'>dépense</word>
<word rank='17' count='40' prob='0.00790' cumulative='0.24245' docs='19' word-length='7.0000' coherence='-1.9178' uniform_dist='0.0334' corpus_dist='0.0182' token-doc-diff='0.0000'>conseil</word>
<word rank='18' count='40' prob='0.00790' cumulative='0.25035' docs='22' word-length='9.0000' coherence='-2.6261' uniform_dist='0.0334' corpus_dist='0.0210' token-doc-diff='0.0000'>injustice</word>
<word rank='19' count='39' prob='0.00770' cumulative='0.25805' docs='27' word-length='5.0000' coherence='-1.6380' uniform_dist='0.0324' corpus_dist='0.0009' token-doc-diff='0.0004'>droit</word>
<word rank='20' count='38' prob='0.00750' cumulative='0.26555' docs='17' word-length='6.0000' coherence='-2.1222' uniform_dist='0.0314' corpus_dist='0.0209' token-doc-diff='0.0001'>morale</word>
</topic>
<topic id='15' tokens='17997.0000' document_entropy='5.4779' word-length='6.6000' coherence='-127.9047' uniform_dist='3.6730' corpus_dist='1.4934' eff_num_words='90.7446' token-doc-diff='0.0092' rank_1_docs='0.1602' allocation_ratio='0.0000' allocation_count='0.0304'>
<word rank='1' count='832' prob='0.04623' cumulative='0.04623' docs='212' word-length='4.0000' coherence='0.0000' uniform_dist='0.2774' corpus_dist='0.1061' token-doc-diff='0.0036'>gens</word>
<word rank='2' count='578' prob='0.03212' cumulative='0.07835' docs='223' word-length='9.0000' coherence='-0.2506' uniform_dist='0.1810' corpus_dist='0.0282' token-doc-diff='0.0002'>politique</word>
<word rank='3' count='564' prob='0.03134' cumulative='0.10968' docs='208' word-length='8.0000' coherence='-0.3327' uniform_dist='0.1759' corpus_dist='0.0319' token-doc-diff='0.0004'>français</word>
<word rank='4' count='487' prob='0.02706' cumulative='0.13675' docs='202' word-length='4.0000' coherence='-0.3637' uniform_dist='0.1479' corpus_dist='0.0265' token-doc-diff='0.0001'>pays</word>
<word rank='5' count='486' prob='0.02700' cumulative='0.16375' docs='183' word-length='8.0000' coherence='-0.4443' uniform_dist='0.1475' corpus_dist='0.0519' token-doc-diff='0.0002'>problème</word>
<word rank='6' count='455' prob='0.02528' cumulative='0.18903' docs='158' word-length='10.0000' coherence='-0.5018' uniform_dist='0.1364' corpus_dist='0.0579' token-doc-diff='0.0005'>conséquent</word>
<word rank='7' count='434' prob='0.02412' cumulative='0.21315' docs='190' word-length='5.0000' coherence='-0.3898' uniform_dist='0.1290' corpus_dist='0.0445' token-doc-diff='0.0000'>chose</word>
<word rank='8' count='430' prob='0.02389' cumulative='0.23704' docs='185' word-length='6.0000' coherence='-0.4007' uniform_dist='0.1276' corpus_dist='0.0440' token-doc-diff='0.0000'>nombre</word>
<word rank='9' count='351' prob='0.01950' cumulative='0.25654' docs='165' word-length='3.0000' coherence='-0.5629' uniform_dist='0.1002' corpus_dist='0.0253' token-doc-diff='0.0000'>foi</word>
<word rank='10' count='291' prob='0.01617' cumulative='0.27271' docs='157' word-length='3.0000' coherence='-0.5417' uniform_dist='0.0800' corpus_dist='0.0325' token-doc-diff='0.0002'>cas</word>
<word rank='11' count='275' prob='0.01528' cumulative='0.28799' docs='140' word-length='12.0000' coherence='-0.6560' uniform_dist='0.0748' corpus_dist='0.0220' token-doc-diff='0.0001'>gouvernement</word>
<word rank='12' count='262' prob='0.01456' cumulative='0.30255' docs='155' word-length='5.0000' coherence='-0.5741' uniform_dist='0.0705' corpus_dist='0.0167' token-doc-diff='0.0004'>monde</word>
<word rank='13' count='234' prob='0.01300' cumulative='0.31555' docs='140' word-length='5.0000' coherence='-0.6836' uniform_dist='0.0615' corpus_dist='0.0168' token-doc-diff='0.0004'>petit</word>
<word rank='14' count='228' prob='0.01267' cumulative='0.32822' docs='137' word-length='2.0000' coherence='-0.7025' uniform_dist='0.0596' corpus_dist='0.0039' token-doc-diff='0.0004'>an</word>
<word rank='15' count='195' prob='0.01084' cumulative='0.33906' docs='113' word-length='8.0000' coherence='-0.9072' uniform_dist='0.0493' corpus_dist='0.0167' token-doc-diff='0.0003'>question</word>
<word rank='16' count='185' prob='0.01028' cumulative='0.34934' docs='121' word-length='9.0000' coherence='-0.8018' uniform_dist='0.0462' corpus_dist='0.0088' token-doc-diff='0.0006'>président</word>
<word rank='17' count='175' prob='0.00972' cumulative='0.35906' docs='114' word-length='7.0000' coherence='-0.8961' uniform_dist='0.0432' corpus_dist='0.0152' token-doc-diff='0.0005'>affaire</word>
<word rank='18' count='173' prob='0.00961' cumulative='0.36867' docs='109' word-length='9.0000' coherence='-0.9526' uniform_dist='0.0426' corpus_dist='0.0121' token-doc-diff='0.0004'>situation</word>
<word rank='19' count='172' prob='0.00956' cumulative='0.37823' docs='114' word-length='6.0000' coherence='-0.9668' uniform_dist='0.0423' corpus_dist='0.0144' token-doc-diff='0.0006'>raison</word>
<word rank='20' count='149' prob='0.00828' cumulative='0.38651' docs='94' word-length='9.0000' coherence='-1.0983' uniform_dist='0.0354' corpus_dist='0.0154' token-doc-diff='0.0004'>important</word>
</topic>
<topic id='16' tokens='4252.0000' document_entropy='4.7828' word-length='7.0500' coherence='-281.4838' uniform_dist='3.5354' corpus_dist='2.7346' eff_num_words='88.5512' token-doc-diff='0.0088' rank_1_docs='0.0269' allocation_ratio='0.0000' allocation_count='0.0045'>
<word rank='1' count='292' prob='0.06867' cumulative='0.06867' docs='100' word-length='6.0000' coherence='0.0000' uniform_dist='0.4392' corpus_dist='0.2348' token-doc-diff='0.0051'>guerre</word>
<word rank='2' count='151' prob='0.03551' cumulative='0.10419' docs='72' word-length='5.0000' coherence='-0.6929' uniform_dist='0.2037' corpus_dist='0.0725' token-doc-diff='0.0004'>monde</word>
<word rank='3' count='117' prob='0.02752' cumulative='0.13170' docs='62' word-length='5.0000' coherence='-0.9671' uniform_dist='0.1508' corpus_dist='0.0972' token-doc-diff='0.0001'>armée</word>
<word rank='4' count='100' prob='0.02352' cumulative='0.15522' docs='61' word-length='6.0000' coherence='-0.9938' uniform_dist='0.1252' corpus_dist='0.0516' token-doc-diff='0.0000'>nation</word>
<word rank='5' count='78' prob='0.01834' cumulative='0.17357' docs='53' word-length='13.0000' coherence='-1.0783' uniform_dist='0.0931' corpus_dist='0.0513' token-doc-diff='0.0002'>international</word>
<word rank='6' count='72' prob='0.01693' cumulative='0.19050' docs='48' word-length='9.0000' coherence='-1.2033' uniform_dist='0.0846' corpus_dist='0.0554' token-doc-diff='0.0002'>militaire</word>
<word rank='7' count='70' prob='0.01646' cumulative='0.20696' docs='46' word-length='10.0000' coherence='-1.1847' uniform_dist='0.0818' corpus_dist='0.0461' token-doc-diff='0.0001'>population</word>
<word rank='8' count='61' prob='0.01435' cumulative='0.22131' docs='39' word-length='7.0000' coherence='-1.2927' uniform_dist='0.0693' corpus_dist='0.0369' token-doc-diff='0.0001'>mondial</word>
<word rank='9' count='57' prob='0.01341' cumulative='0.23471' docs='31' word-length='4.0000' coherence='-1.4703' uniform_dist='0.0638' corpus_dist='0.0431' token-doc-diff='0.0000'>paix</word>
<word rank='10' count='52' prob='0.01223' cumulative='0.24694' docs='38' word-length='9.0000' coherence='-1.5131' uniform_dist='0.0571' corpus_dist='0.0341' token-doc-diff='0.0003'>américain</word>
<word rank='11' count='49' prob='0.01152' cumulative='0.25847' docs='35' word-length='9.0000' coherence='-1.3463' uniform_dist='0.0531' corpus_dist='0.0284' token-doc-diff='0.0002'>intérieur</word>
<word rank='12' count='48' prob='0.01129' cumulative='0.26976' docs='41' word-length='5.0000' coherence='-1.3329' uniform_dist='0.0518' corpus_dist='0.0321' token-doc-diff='0.0008'>civil</word>
<word rank='13' count='43' prob='0.01011' cumulative='0.27987' docs='34' word-length='6.0000' coherence='-1.8419' uniform_dist='0.0453' corpus_dist='0.0267' token-doc-diff='0.0005'>risque</word>
<word rank='14' count='42' prob='0.00988' cumulative='0.28975' docs='32' word-length='4.0000' coherence='-1.6385' uniform_dist='0.0440' corpus_dist='0.0210' token-doc-diff='0.0003'>mort</word>
<word rank='15' count='41' prob='0.00964' cumulative='0.29939' docs='24' word-length='8.0000' coherence='-2.0767' uniform_dist='0.0427' corpus_dist='0.0262' token-doc-diff='0.0000'>musulman</word>
<word rank='16' count='39' prob='0.00917' cumulative='0.30856' docs='22' word-length='5.0000' coherence='-2.3587' uniform_dist='0.0402' corpus_dist='0.0310' token-doc-diff='0.0000'>arabe</word>
<word rank='17' count='35' prob='0.00823' cumulative='0.31679' docs='21' word-length='10.0000' coherence='-2.2050' uniform_dist='0.0352' corpus_dist='0.0308' token-doc-diff='0.0000'>combattant</word>
<word rank='18' count='33' prob='0.00776' cumulative='0.32455' docs='26' word-length='7.0000' coherence='-1.8419' uniform_dist='0.0327' corpus_dist='0.0094' token-doc-diff='0.0003'>nouveau</word>
<word rank='19' count='32' prob='0.00753' cumulative='0.33208' docs='22' word-length='4.0000' coherence='-2.3149' uniform_dist='0.0315' corpus_dist='0.0177' token-doc-diff='0.0001'>arme</word>
<word rank='20' count='32' prob='0.00753' cumulative='0.33960' docs='18' word-length='9.0000' coherence='-2.4963' uniform_dist='0.0315' corpus_dist='0.0230' token-doc-diff='0.0000'>nucléaire</word>
</topic>
<topic id='17' tokens='11536.0000' document_entropy='5.2757' word-length='7.1000' coherence='-168.9115' uniform_dist='3.5817' corpus_dist='1.7708' eff_num_words='104.0090' token-doc-diff='0.0038' rank_1_docs='0.0640' allocation_ratio='0.0000' allocation_count='0.0274'>
<word rank='1' count='536' prob='0.04646' cumulative='0.04646' docs='196' word-length='8.0000' coherence='0.0000' uniform_dist='0.2790' corpus_dist='0.0792' token-doc-diff='0.0016'>national</word>
<word rank='2' count='340' prob='0.02947' cumulative='0.07594' docs='152' word-length='9.0000' coherence='-0.5506' uniform_dist='0.1636' corpus_dist='0.0233' token-doc-diff='0.0002'>politique</word>
<word rank='3' count='308' prob='0.02670' cumulative='0.10264' docs='152' word-length='8.0000' coherence='-0.5129' uniform_dist='0.1455' corpus_dist='0.0502' token-doc-diff='0.0000'>élection</word>
<word rank='4' count='266' prob='0.02306' cumulative='0.12569' docs='121' word-length='5.0000' coherence='-0.7136' uniform_dist='0.1223' corpus_dist='0.0460' token-doc-diff='0.0001'>parti</word>
<word rank='5' count='237' prob='0.02054' cumulative='0.14624' docs='128' word-length='4.0000' coherence='-0.6336' uniform_dist='0.1066' corpus_dist='0.0297' token-doc-diff='0.0000'>seul</word>
<word rank='6' count='219' prob='0.01898' cumulative='0.16522' docs='98' word-length='8.0000' coherence='-0.8591' uniform_dist='0.0970' corpus_dist='0.0441' token-doc-diff='0.0001'>électeur</word>
<word rank='7' count='218' prob='0.01890' cumulative='0.18412' docs='108' word-length='9.0000' coherence='-0.8087' uniform_dist='0.0965' corpus_dist='0.0456' token-doc-diff='0.0000'>mouvement</word>
<word rank='8' count='198' prob='0.01716' cumulative='0.20128' docs='110' word-length='5.0000' coherence='-0.7893' uniform_dist='0.0860' corpus_dist='0.0157' token-doc-diff='0.0000'>droit</word>
<word rank='9' count='198' prob='0.01716' cumulative='0.21845' docs='108' word-length='8.0000' coherence='-0.8353' uniform_dist='0.0860' corpus_dist='0.0177' token-doc-diff='0.0000'>européen</word>
<word rank='10' count='179' prob='0.01552' cumulative='0.23396' docs='91' word-length='4.0000' coherence='-0.9341' uniform_dist='0.0762' corpus_dist='0.0327' token-doc-diff='0.0000'>voix</word>
<word rank='11' count='152' prob='0.01318' cumulative='0.24714' docs='93' word-length='9.0000' coherence='-0.9472' uniform_dist='0.0625' corpus_dist='0.0340' token-doc-diff='0.0002'>assemblée</word>
<word rank='12' count='144' prob='0.01248' cumulative='0.25962' docs='86' word-length='6.0000' coherence='-0.9738' uniform_dist='0.0586' corpus_dist='0.0159' token-doc-diff='0.0001'>gauche</word>
<word rank='13' count='142' prob='0.01231' cumulative='0.27193' docs='68' word-length='5.0000' coherence='-1.2360' uniform_dist='0.0576' corpus_dist='0.0322' token-doc-diff='0.0000'>liste</word>
<word rank='14' count='141' prob='0.01222' cumulative='0.28415' docs='66' word-length='6.0000' coherence='-1.3098' uniform_dist='0.0571' corpus_dist='0.0295' token-doc-diff='0.0000'>région</word>
<word rank='15' count='137' prob='0.01188' cumulative='0.29603' docs='83' word-length='5.0000' coherence='-1.0583' uniform_dist='0.0551' corpus_dist='0.0053' token-doc-diff='0.0001'>grand</word>
<word rank='16' count='135' prob='0.01170' cumulative='0.30773' docs='93' word-length='10.0000' coherence='-1.0012' uniform_dist='0.0541' corpus_dist='0.0299' token-doc-diff='0.0004'>législatif</word>
<word rank='17' count='132' prob='0.01144' cumulative='0.31917' docs='89' word-length='9.0000' coherence='-1.0181' uniform_dist='0.0527' corpus_dist='0.0225' token-doc-diff='0.0004'>électoral</word>
<word rank='18' count='130' prob='0.01127' cumulative='0.33044' docs='73' word-length='8.0000' coherence='-1.1997' uniform_dist='0.0517' corpus_dist='0.0279' token-doc-diff='0.0000'>régional</word>
<word rank='19' count='128' prob='0.01110' cumulative='0.34154' docs='83' word-length='10.0000' coherence='-1.0294' uniform_dist='0.0507' corpus_dist='0.0185' token-doc-diff='0.0003'>socialiste</word>
<word rank='20' count='127' prob='0.01101' cumulative='0.35255' docs='79' word-length='6.0000' coherence='-1.2158' uniform_dist='0.0503' corpus_dist='0.0261' token-doc-diff='0.0002'>député</word>
</topic>
<topic id='18' tokens='14251.0000' document_entropy='5.3938' word-length='5.8500' coherence='-182.6935' uniform_dist='3.4038' corpus_dist='1.6125' eff_num_words='111.5835' token-doc-diff='0.0091' rank_1_docs='0.1246' allocation_ratio='0.0000' allocation_count='0.0397'>
<word rank='1' count='737' prob='0.05172' cumulative='0.05172' docs='223' word-length='6.0000' coherence='0.0000' uniform_dist='0.3161' corpus_dist='0.1036' token-doc-diff='0.0044'>peuple</word>
<word rank='2' count='426' prob='0.02989' cumulative='0.08161' docs='156' word-length='7.0000' coherence='-0.5868' uniform_dist='0.1663' corpus_dist='0.0637' token-doc-diff='0.0011'>liberté</word>
<word rank='3' count='421' prob='0.02954' cumulative='0.11115' docs='184' word-length='8.0000' coherence='-0.4346' uniform_dist='0.1640' corpus_dist='0.0283' token-doc-diff='0.0003'>français</word>
<word rank='4' count='349' prob='0.02449' cumulative='0.13564' docs='166' word-length='4.0000' coherence='-0.4963' uniform_dist='0.1314' corpus_dist='0.0216' token-doc-diff='0.0001'>pays</word>
<word rank='5' count='233' prob='0.01635' cumulative='0.15199' docs='117' word-length='4.0000' coherence='-0.8449' uniform_dist='0.0811' corpus_dist='0.0393' token-doc-diff='0.0000'>cher</word>
<word rank='6' count='230' prob='0.01614' cumulative='0.16813' docs='123' word-length='8.0000' coherence='-0.7531' uniform_dist='0.0799' corpus_dist='0.0366' token-doc-diff='0.0000'>histoire</word>
<word rank='7' count='218' prob='0.01530' cumulative='0.18343' docs='129' word-length='7.0000' coherence='-0.7604' uniform_dist='0.0749' corpus_dist='0.0197' token-doc-diff='0.0001'>pouvoir</word>
<word rank='8' count='196' prob='0.01375' cumulative='0.19718' docs='119' word-length='6.0000' coherence='-0.9082' uniform_dist='0.0659' corpus_dist='0.0279' token-doc-diff='0.0002'>avenir</word>
<word rank='9' count='194' prob='0.01361' cumulative='0.21079' docs='121' word-length='5.0000' coherence='-0.7626' uniform_dist='0.0650' corpus_dist='0.0079' token-doc-diff='0.0002'>grand</word>
<word rank='10' count='194' prob='0.01361' cumulative='0.22441' docs='123' word-length='4.0000' coherence='-0.7702' uniform_dist='0.0650' corpus_dist='0.0141' token-doc-diff='0.0003'>seul</word>
<word rank='11' count='190' prob='0.01333' cumulative='0.23774' docs='115' word-length='5.0000' coherence='-0.8427' uniform_dist='0.0634' corpus_dist='0.0175' token-doc-diff='0.0001'>petit</word>
<word rank='12' count='186' prob='0.01305' cumulative='0.25079' docs='107' word-length='3.0000' coherence='-0.9891' uniform_dist='0.0618' corpus_dist='0.0213' token-doc-diff='0.0001'>ami</word>
<word rank='13' count='160' prob='0.01123' cumulative='0.26202' docs='108' word-length='5.0000' coherence='-0.9761' uniform_dist='0.0515' corpus_dist='0.0100' token-doc-diff='0.0004'>monde</word>
<word rank='14' count='139' prob='0.00975' cumulative='0.27177' docs='94' word-length='11.0000' coherence='-1.0002' uniform_dist='0.0433' corpus_dist='0.0180' token-doc-diff='0.0003'>compatriote</word>
<word rank='15' count='128' prob='0.00898' cumulative='0.28075' docs='84' word-length='8.0000' coherence='-1.1584' uniform_dist='0.0392' corpus_dist='0.0006' token-doc-diff='0.0002'>national</word>
<word rank='16' count='127' prob='0.00891' cumulative='0.28966' docs='87' word-length='4.0000' coherence='-1.1038' uniform_dist='0.0388' corpus_dist='0.0214' token-doc-diff='0.0003'>beau</word>
<word rank='17' count='124' prob='0.00870' cumulative='0.29837' docs='89' word-length='10.0000' coherence='-1.2467' uniform_dist='0.0377' corpus_dist='0.0078' token-doc-diff='0.0004'>république</word>
<word rank='18' count='109' prob='0.00765' cumulative='0.30601' docs='74' word-length='4.0000' coherence='-1.3638' uniform_dist='0.0321' corpus_dist='0.0160' token-doc-diff='0.0003'>cœur</word>
<word rank='19' count='97' prob='0.00681' cumulative='0.31282' docs='64' word-length='3.0000' coherence='-1.6426' uniform_dist='0.0278' corpus_dist='0.0050' token-doc-diff='0.0002'>vie</word>
<word rank='20' count='96' prob='0.00674' cumulative='0.31956' docs='61' word-length='5.0000' coherence='-1.5268' uniform_dist='0.0274' corpus_dist='0.0156' token-doc-diff='0.0001'>amour</word>
</topic>
<topic id='19' tokens='10748.0000' document_entropy='5.1193' word-length='6.8000' coherence='-190.1659' uniform_dist='3.2959' corpus_dist='1.5345' eff_num_words='171.7982' token-doc-diff='0.0018' rank_1_docs='0.1176' allocation_ratio='0.0000' allocation_count='0.0341'>
<word rank='1' count='266' prob='0.02475' cumulative='0.02475' docs='130' word-length='9.0000' coherence='0.0000' uniform_dist='0.1330' corpus_dist='0.0152' token-doc-diff='0.0002'>politique</word>
<word rank='2' count='219' prob='0.02038' cumulative='0.04512' docs='108' word-length='5.0000' coherence='-0.6332' uniform_dist='0.1056' corpus_dist='0.0221' token-doc-diff='0.0002'>droit</word>
<word rank='3' count='212' prob='0.01972' cumulative='0.06485' docs='103' word-length='5.0000' coherence='-0.6388' uniform_dist='0.1016' corpus_dist='0.0324' token-doc-diff='0.0002'>chose</word>
<word rank='4' count='206' prob='0.01917' cumulative='0.08402' docs='107' word-length='3.0000' coherence='-0.6047' uniform_dist='0.0981' corpus_dist='0.0245' token-doc-diff='0.0001'>foi</word>
<word rank='5' count='201' prob='0.01870' cumulative='0.10272' docs='100' word-length='6.0000' coherence='-0.6652' uniform_dist='0.0953' corpus_dist='0.0184' token-doc-diff='0.0001'>peuple</word>
<word rank='6' count='186' prob='0.01731' cumulative='0.12002' docs='100' word-length='5.0000' coherence='-0.7698' uniform_dist='0.0868' corpus_dist='0.0142' token-doc-diff='0.0000'>grand</word>
<word rank='7' count='143' prob='0.01330' cumulative='0.13333' docs='80' word-length='7.0000' coherence='-0.9159' uniform_dist='0.0633' corpus_dist='0.0296' token-doc-diff='0.0000'>manière</word>
<word rank='8' count='135' prob='0.01256' cumulative='0.14589' docs='80' word-length='8.0000' coherence='-0.7982' uniform_dist='0.0590' corpus_dist='0.0013' token-doc-diff='0.0000'>français</word>
<word rank='9' count='127' prob='0.01182' cumulative='0.15770' docs='72' word-length='10.0000' coherence='-0.9928' uniform_dist='0.0548' corpus_dist='0.0205' token-doc-diff='0.0000'>socialiste</word>
<word rank='10' count='120' prob='0.01116' cumulative='0.16887' docs='75' word-length='8.0000' coherence='-0.9928' uniform_dist='0.0511' corpus_dist='0.0116' token-doc-diff='0.0001'>problème</word>
<word rank='11' count='109' prob='0.01014' cumulative='0.17901' docs='76' word-length='9.0000' coherence='-0.9967' uniform_dist='0.0455' corpus_dist='0.0133' token-doc-diff='0.0003'>situation</word>
<word rank='12' count='108' prob='0.01005' cumulative='0.18906' docs='69' word-length='11.0000' coherence='-1.1459' uniform_dist='0.0450' corpus_dist='0.0195' token-doc-diff='0.0001'>responsable</word>
<word rank='13' count='108' prob='0.01005' cumulative='0.19911' docs='66' word-length='5.0000' coherence='-1.1624' uniform_dist='0.0450' corpus_dist='0.0095' token-doc-diff='0.0000'>année</word>
<word rank='14' count='102' prob='0.00949' cumulative='0.20860' docs='70' word-length='6.0000' coherence='-1.1111' uniform_dist='0.0419' corpus_dist='0.0087' token-doc-diff='0.0002'>nombre</word>
<word rank='15' count='94' prob='0.00875' cumulative='0.21734' docs='63' word-length='7.0000' coherence='-1.2374' uniform_dist='0.0379' corpus_dist='0.0064' token-doc-diff='0.0001'>pouvoir</word>
<word rank='16' count='92' prob='0.00856' cumulative='0.22590' docs='62' word-length='4.0000' coherence='-1.1847' uniform_dist='0.0369' corpus_dist='0.0098' token-doc-diff='0.0001'>vrai</word>
<word rank='17' count='91' prob='0.00847' cumulative='0.23437' docs='52' word-length='7.0000' coherence='-1.3852' uniform_dist='0.0364' corpus_dist='0.0138' token-doc-diff='0.0000'>réalité</word>
<word rank='18' count='90' prob='0.00837' cumulative='0.24274' docs='48' word-length='6.0000' coherence='-1.4962' uniform_dist='0.0359' corpus_dist='0.0195' token-doc-diff='0.0000'>vision</word>
<word rank='19' count='88' prob='0.00819' cumulative='0.25093' docs='56' word-length='10.0000' coherence='-1.2803' uniform_dist='0.0350' corpus_dist='0.0155' token-doc-diff='0.0001'>démocratie</word>
<word rank='20' count='83' prob='0.00772' cumulative='0.25865' docs='46' word-length='5.0000' coherence='-1.6563' uniform_dist='0.0325' corpus_dist='0.0127' token-doc-diff='0.0000'>choix</word>
</topic>
</model>

