<?xml version='1.0' ?>
<topicModel>
  <topic id='0' alpha='0.8390866770456991' totalTokens='15141'>
	<word rank='1'>président</word>
	<word rank='2'>candidat</word>
	<word rank='3'>république</word>
	<word rank='4'>élection</word>
	<word rank='5'>campagne</word>
	<word rank='6'>présidentiel</word>
	<word rank='7'>gauche</word>
	<word rank='8'>national</word>
	<word rank='9'>politique</word>
	<word rank='10'>tour</word>
	<word rank='11'>droit</word>
	<word rank='12'>ministre</word>
	<word rank='13'>vrai</word>
	<word rank='14'>système</word>
	<word rank='15'>immigration</word>
	<word rank='16'>pouvoir</word>
	<word rank='17'>dernier</word>
	<word rank='18'>vote</word>
	<word rank='19'>voix</word>
  </topic>
  <topic id='1' alpha='0.3715329103512208' totalTokens='7003'>
	<word rank='1'>européen</word>
	<word rank='2'>peuple</word>
	<word rank='3'>union</word>
	<word rank='4'>souveraineté</word>
	<word rank='5'>français</word>
	<word rank='6'>pays</word>
	<word rank='7'>frontière</word>
	<word rank='8'>traité</word>
	<word rank='9'>constitution</word>
	<word rank='10'>politique</word>
	<word rank='11'>libre</word>
	<word rank='12'>nation</word>
	<word rank='13'>monnaie</word>
	<word rank='14'>économique</word>
	<word rank='15'>national</word>
	<word rank='16'>international</word>
	<word rank='17'>construction</word>
	<word rank='18'>mondial</word>
	<word rank='19'>commun</word>
  </topic>
  <topic id='2' alpha='0.20059847627330465' totalTokens='4951'>
	<word rank='1'>an</word>
	<word rank='2'>patrie</word>
	<word rank='3'>grand</word>
	<word rank='4'>mai</word>
	<word rank='5'>foi</word>
	<word rank='6'>mort</word>
	<word rank='7'>national</word>
	<word rank='8'>jeunesse</word>
	<word rank='9'>roi</word>
	<word rank='10'>terre</word>
	<word rank='11'>temps</word>
	<word rank='12'>jeune</word>
	<word rank='13'>victoire</word>
	<word rank='14'>siècle</word>
	<word rank='15'>fête</word>
	<word rank='16'>saint</word>
	<word rank='17'>chef</word>
	<word rank='18'>dieu</word>
	<word rank='19'>guerre</word>
  </topic>
  <topic id='3' alpha='0.5032857533413376' totalTokens='10296'>
	<word rank='1'>immigration</word>
	<word rank='2'>droit</word>
	<word rank='3'>pays</word>
	<word rank='4'>étranger</word>
	<word rank='5'>français</word>
	<word rank='6'>an</word>
	<word rank='7'>national</word>
	<word rank='8'>social</word>
	<word rank='9'>clandestin</word>
	<word rank='10'>gauche</word>
	<word rank='11'>enfant</word>
	<word rank='12'>nationalité</word>
	<word rank='13'>travail</word>
	<word rank='14'>seul</word>
	<word rank='15'>situation</word>
	<word rank='16'>religion</word>
	<word rank='17'>origine</word>
	<word rank='18'>identité</word>
	<word rank='19'>frontière</word>
  </topic>
  <topic id='4' alpha='0.2690331426051185' totalTokens='5651'>
	<word rank='1'>école</word>
	<word rank='2'>enfant</word>
	<word rank='3'>famille</word>
	<word rank='4'>social</word>
	<word rank='5'>travail</word>
	<word rank='6'>jeune</word>
	<word rank='7'>éducation</word>
	<word rank='8'>national</word>
	<word rank='9'>société</word>
	<word rank='10'>vie</word>
	<word rank='11'>métier</word>
	<word rank='12'>formation</word>
	<word rank='13'>autorité</word>
	<word rank='14'>maître</word>
	<word rank='15'>élève</word>
	<word rank='16'>égalité</word>
	<word rank='17'>femme</word>
	<word rank='18'>professionnel</word>
	<word rank='19'>scolaire</word>
  </topic>
  <topic id='5' alpha='0.3488995560125923' totalTokens='6282'>
	<word rank='1'>politique</word>
	<word rank='2'>projet</word>
	<word rank='3'>système</word>
	<word rank='4'>mondialisation</word>
	<word rank='5'>nation</word>
	<word rank='6'>seul</word>
	<word rank='7'>débat</word>
	<word rank='8'>social</word>
	<word rank='9'>modèle</word>
	<word rank='10'>monde</word>
	<word rank='11'>économique</word>
	<word rank='12'>vérité</word>
	<word rank='13'>réalité</word>
	<word rank='14'>classe</word>
	<word rank='15'>rôle</word>
	<word rank='16'>chômage</word>
	<word rank='17'>mensonge</word>
	<word rank='18'>caste</word>
	<word rank='19'>question</word>
  </topic>
  <topic id='6' alpha='0.9247942149409474' totalTokens='14082'>
	<word rank='1'>an</word>
	<word rank='2'>vie</word>
	<word rank='3'>million</word>
	<word rank='4'>homme</word>
	<word rank='5'>jour</word>
	<word rank='6'>grand</word>
	<word rank='7'>moi</word>
	<word rank='8'>français</word>
	<word rank='9'>politique</word>
	<word rank='10'>année</word>
	<word rank='11'>femme</word>
	<word rank='12'>personne</word>
	<word rank='13'>mesure</word>
	<word rank='14'>vrai</word>
	<word rank='15'>façon</word>
	<word rank='16'>jeune</word>
	<word rank='17'>général</word>
	<word rank='18'>raison</word>
	<word rank='19'>part</word>
  </topic>
  <topic id='7' alpha='0.11041898113708139' totalTokens='3719'>
	<word rank='1'>paysan</word>
	<word rank='2'>agriculture</word>
	<word rank='3'>agricole</word>
	<word rank='4'>terre</word>
	<word rank='5'>rural</word>
	<word rank='6'>agriculteur</word>
	<word rank='7'>ville</word>
	<word rank='8'>million</word>
	<word rank='9'>mesure</word>
	<word rank='10'>environnement</word>
	<word rank='11'>village</word>
	<word rank='12'>campagne</word>
	<word rank='13'>planétaire</word>
	<word rank='14'>ruralité</word>
	<word rank='15'>nature</word>
	<word rank='16'>eau</word>
	<word rank='17'>mur</word>
	<word rank='18'>chasseur</word>
	<word rank='19'>disparition</word>
  </topic>
  <topic id='8' alpha='0.3411703623286879' totalTokens='7528'>
	<word rank='1'>an</word>
	<word rank='2'>million</word>
	<word rank='3'>milliard</word>
	<word rank='4'>retraite</word>
	<word rank='5'>travail</word>
	<word rank='6'>impôt</word>
	<word rank='7'>social</word>
	<word rank='8'>euro</word>
	<word rank='9'>année</word>
	<word rank='10'>chômage</word>
	<word rank='11'>emploi</word>
	<word rank='12'>nombre</word>
	<word rank='13'>effet</word>
	<word rank='14'>chiffre</word>
	<word rank='15'>politique</word>
	<word rank='16'>revenu</word>
	<word rank='17'>croissance</word>
	<word rank='18'>gouvernement</word>
	<word rank='19'>syndicat</word>
  </topic>
  <topic id='9' alpha='0.29317099928644424' totalTokens='6212'>
	<word rank='1'>loi</word>
	<word rank='2'>peine</word>
	<word rank='3'>prison</word>
	<word rank='4'>justice</word>
	<word rank='5'>insécurité</word>
	<word rank='6'>délinquant</word>
	<word rank='7'>crime</word>
	<word rank='8'>peur</word>
	<word rank='9'>violence</word>
	<word rank='10'>délinquance</word>
	<word rank='11'>police</word>
	<word rank='12'>banlieue</word>
	<word rank='13'>mort</word>
	<word rank='14'>victime</word>
	<word rank='15'>criminel</word>
	<word rank='16'>policier</word>
	<word rank='17'>délit</word>
	<word rank='18'>liberté</word>
	<word rank='19'>territoire</word>
  </topic>
  <topic id='10' alpha='0.3860793074910944' totalTokens='9237'>
	<word rank='1'>milliard</word>
	<word rank='2'>dette</word>
	<word rank='3'>an</word>
	<word rank='4'>euro</word>
	<word rank='5'>pays</word>
	<word rank='6'>économie</word>
	<word rank='7'>projet</word>
	<word rank='8'>européen</word>
	<word rank='9'>marché</word>
	<word rank='10'>intérêt</word>
	<word rank='11'>monnaie</word>
	<word rank='12'>banque</word>
	<word rank='13'>économique</word>
	<word rank='14'>plan</word>
	<word rank='15'>financier</word>
	<word rank='16'>seul</word>
	<word rank='17'>augmentation</word>
	<word rank='18'>prix</word>
	<word rank='19'>système</word>
  </topic>
  <topic id='11' alpha='0.20205950627492733' totalTokens='4644'>
	<word rank='1'>parlementaire</word>
	<word rank='2'>ami</word>
	<word rank='3'>communiste</word>
	<word rank='4'>parti</word>
	<word rank='5'>socialiste</word>
	<word rank='6'>nouveau</word>
	<word rank='7'>prochain</word>
	<word rank='8'>communisme</word>
	<word rank='9'>populaire</word>
	<word rank='10'>affaire</word>
	<word rank='11'>mars</word>
	<word rank='12'>effort</word>
	<word rank='13'>électoral</word>
	<word rank='14'>succès</word>
	<word rank='15'>accord</word>
	<word rank='16'>presse</word>
	<word rank='17'>combat</word>
	<word rank='18'>menace</word>
	<word rank='19'>mesure</word>
  </topic>
  <topic id='12' alpha='0.6193089991288622' totalTokens='9772'>
	<word rank='1'>politique</word>
	<word rank='2'>sécurité</word>
	<word rank='3'>homme</word>
	<word rank='4'>loi</word>
	<word rank='5'>publique</word>
	<word rank='6'>ordre</word>
	<word rank='7'>défense</word>
	<word rank='8'>respect</word>
	<word rank='9'>société</word>
	<word rank='10'>gouvernement</word>
	<word rank='11'>action</word>
	<word rank='12'>responsabilité</word>
	<word rank='13'>nouveau</word>
	<word rank='14'>intérêt</word>
	<word rank='15'>nombreux</word>
	<word rank='16'>véritable</word>
	<word rank='17'>autorité</word>
	<word rank='18'>siècle</word>
	<word rank='19'>domaine</word>
  </topic>
  <topic id='13' alpha='0.5189691081692593' totalTokens='10437'>
	<word rank='1'>entreprise</word>
	<word rank='2'>emploi</word>
	<word rank='3'>grand</word>
	<word rank='4'>économique</word>
	<word rank='5'>social</word>
	<word rank='6'>pays</word>
	<word rank='7'>moyen</word>
	<word rank='8'>frontière</word>
	<word rank='9'>concurrence</word>
	<word rank='10'>économie</word>
	<word rank='11'>salarié</word>
	<word rank='12'>monde</word>
	<word rank='13'>produit</word>
	<word rank='14'>français</word>
	<word rank='15'>droit</word>
	<word rank='16'>fiscal</word>
	<word rank='17'>protectionnisme</word>
	<word rank='18'>marché</word>
	<word rank='19'>salaire</word>
  </topic>
  <topic id='14' alpha='0.22007822433655724' totalTokens='5065'>
	<word rank='1'>public</word>
	<word rank='2'>service</word>
	<word rank='3'>publique</word>
	<word rank='4'>politique</word>
	<word rank='5'>général</word>
	<word rank='6'>personne</word>
	<word rank='7'>département</word>
	<word rank='8'>affaire</word>
	<word rank='9'>local</word>
	<word rank='10'>administration</word>
	<word rank='11'>niveau</word>
	<word rank='12'>fiscal</word>
	<word rank='13'>social</word>
	<word rank='14'>argent</word>
	<word rank='15'>collectivité</word>
	<word rank='16'>dépense</word>
	<word rank='17'>conseil</word>
	<word rank='18'>injustice</word>
	<word rank='19'>droit</word>
  </topic>
  <topic id='15' alpha='0.8491765953691892' totalTokens='17997'>
	<word rank='1'>gens</word>
	<word rank='2'>politique</word>
	<word rank='3'>français</word>
	<word rank='4'>pays</word>
	<word rank='5'>problème</word>
	<word rank='6'>conséquent</word>
	<word rank='7'>chose</word>
	<word rank='8'>nombre</word>
	<word rank='9'>foi</word>
	<word rank='10'>cas</word>
	<word rank='11'>gouvernement</word>
	<word rank='12'>monde</word>
	<word rank='13'>petit</word>
	<word rank='14'>an</word>
	<word rank='15'>question</word>
	<word rank='16'>président</word>
	<word rank='17'>affaire</word>
	<word rank='18'>situation</word>
	<word rank='19'>raison</word>
  </topic>
  <topic id='16' alpha='0.2217146807881772' totalTokens='4252'>
	<word rank='1'>guerre</word>
	<word rank='2'>monde</word>
	<word rank='3'>armée</word>
	<word rank='4'>nation</word>
	<word rank='5'>international</word>
	<word rank='6'>militaire</word>
	<word rank='7'>population</word>
	<word rank='8'>mondial</word>
	<word rank='9'>paix</word>
	<word rank='10'>américain</word>
	<word rank='11'>intérieur</word>
	<word rank='12'>civil</word>
	<word rank='13'>risque</word>
	<word rank='14'>mort</word>
	<word rank='15'>musulman</word>
	<word rank='16'>arabe</word>
	<word rank='17'>combattant</word>
	<word rank='18'>nouveau</word>
	<word rank='19'>arme</word>
  </topic>
  <topic id='17' alpha='0.5357056237297793' totalTokens='11536'>
	<word rank='1'>national</word>
	<word rank='2'>politique</word>
	<word rank='3'>élection</word>
	<word rank='4'>parti</word>
	<word rank='5'>seul</word>
	<word rank='6'>électeur</word>
	<word rank='7'>mouvement</word>
	<word rank='8'>droit</word>
	<word rank='9'>européen</word>
	<word rank='10'>voix</word>
	<word rank='11'>assemblée</word>
	<word rank='12'>gauche</word>
	<word rank='13'>liste</word>
	<word rank='14'>région</word>
	<word rank='15'>grand</word>
	<word rank='16'>législatif</word>
	<word rank='17'>électoral</word>
	<word rank='18'>régional</word>
	<word rank='19'>socialiste</word>
  </topic>
  <topic id='18' alpha='0.7188193753413405' totalTokens='14251'>
	<word rank='1'>peuple</word>
	<word rank='2'>liberté</word>
	<word rank='3'>français</word>
	<word rank='4'>pays</word>
	<word rank='5'>cher</word>
	<word rank='6'>histoire</word>
	<word rank='7'>pouvoir</word>
	<word rank='8'>avenir</word>
	<word rank='9'>grand</word>
	<word rank='10'>seul</word>
	<word rank='11'>petit</word>
	<word rank='12'>ami</word>
	<word rank='13'>monde</word>
	<word rank='14'>compatriote</word>
	<word rank='15'>national</word>
	<word rank='16'>beau</word>
	<word rank='17'>république</word>
	<word rank='18'>cœur</word>
	<word rank='19'>vie</word>
  </topic>
  <topic id='19' alpha='0.47342426635874907' totalTokens='10748'>
	<word rank='1'>politique</word>
	<word rank='2'>droit</word>
	<word rank='3'>chose</word>
	<word rank='4'>foi</word>
	<word rank='5'>peuple</word>
	<word rank='6'>grand</word>
	<word rank='7'>manière</word>
	<word rank='8'>français</word>
	<word rank='9'>socialiste</word>
	<word rank='10'>problème</word>
	<word rank='11'>situation</word>
	<word rank='12'>responsable</word>
	<word rank='13'>année</word>
	<word rank='14'>nombre</word>
	<word rank='15'>pouvoir</word>
	<word rank='16'>vrai</word>
	<word rank='17'>réalité</word>
	<word rank='18'>vision</word>
	<word rank='19'>démocratie</word>
  </topic>
</topicModel>
