<?xml version='1.0' ?>
<topics>
  <topic id="0" alpha="0.8390866770456991" totalTokens="15141" titles="république président, présidentiel élection, présidentiel campagne, candidat, gauche, national, politique, tour, droit, ministre">
	<word weight="0.03804240142659005" count="576">président</word>
	<word weight="0.036325209695528694" count="550">candidat</word>
	<word weight="0.029852717786143585" count="452">république</word>
	<word weight="0.0243048675780992" count="368">élection</word>
	<word weight="0.02179512581731722" count="330">campagne</word>
	<word weight="0.021134667459216695" count="320">présidentiel</word>
	<word weight="0.01730400898223367" count="262">gauche</word>
	<word weight="0.016577504788323098" count="251">national</word>
	<word weight="0.01571890892279242" count="238">politique</word>
	<word weight="0.013869625520110958" count="210">tour</word>
	<word weight="0.013077075490390331" count="198">droit</word>
	<word weight="0.012350571296479757" count="187">ministre</word>
	<word weight="0.012284525460669705" count="186">vrai</word>
	<word weight="0.011690112938379234" count="177">système</word>
	<word weight="0.010831517072848558" count="164">immigration</word>
	<word weight="0.010765471237038506" count="163">pouvoir</word>
	<word weight="0.009708737864077669" count="147">dernier</word>
	<word weight="0.009312462849217357" count="141">vote</word>
	<word weight="0.009312462849217357" count="141">voix</word>
	<phrase weight="0.05010438413361169" count="96">république président</phrase>
	<phrase weight="0.016701461377870562" count="32">présidentiel élection</phrase>
	<phrase weight="0.012526096033402923" count="24">présidentiel campagne</phrase>
	<phrase weight="0.005741127348643006" count="11">candidat candidat</phrase>
	<phrase weight="0.005741127348643006" count="11">république présidence</phrase>
	<phrase weight="0.005741127348643006" count="11">présidentiel élection tour</phrase>
	<phrase weight="0.004697286012526096" count="9">électoral campagne</phrase>
	<phrase weight="0.0036534446764091857" count="7">après midi</phrase>
	<phrase weight="0.0036534446764091857" count="7">présidentiel candidat</phrase>
	<phrase weight="0.003131524008350731" count="6">tour candidat</phrase>
	<phrase weight="0.003131524008350731" count="6">campagne candidat</phrase>
	<phrase weight="0.003131524008350731" count="6">presse conférence</phrase>
	<phrase weight="0.003131524008350731" count="6">président président</phrase>
	<phrase weight="0.003131524008350731" count="6">république présidence candidat</phrase>
	<phrase weight="0.003131524008350731" count="6">présidentiel élection candidat</phrase>
	<phrase weight="0.003131524008350731" count="6">gauche droit</phrase>
	<phrase weight="0.003131524008350731" count="6">insécurité immigration</phrase>
	<phrase weight="0.0026096033402922755" count="5">vote vote</phrase>
	<phrase weight="0.0026096033402922755" count="5">général secrétaire</phrase>
	<phrase weight="0.0026096033402922755" count="5">gauche gauche</phrase>
  </topic>
  <topic id="1" alpha="0.3715329103512208" totalTokens="7003" titles="européen union, peuple, souveraineté, français, pays, frontière, constitution, traité, politique, libre">
	<word weight="0.10624018277880908" count="744">européen</word>
	<word weight="0.029987148364986435" count="210">peuple</word>
	<word weight="0.027702413251463658" count="194">union</word>
	<word weight="0.023418534913608454" count="164">souveraineté</word>
	<word weight="0.020991003855490502" count="147">français</word>
	<word weight="0.01956304440953877" count="137">pays</word>
	<word weight="0.01870626874196773" count="131">frontière</word>
	<word weight="0.017849493074396688" count="125">traité</word>
	<word weight="0.017849493074396688" count="125">constitution</word>
	<word weight="0.01727830929601599" count="121">politique</word>
	<word weight="0.016135941739254606" count="113">libre</word>
	<word weight="0.014993574182493218" count="105">nation</word>
	<word weight="0.014422390404112523" count="101">monnaie</word>
	<word weight="0.012280451235184921" count="86">économique</word>
	<word weight="0.011138083678423533" count="78">national</word>
	<word weight="0.010566899900042838" count="74">international</word>
	<word weight="0.009710124232471798" count="68">construction</word>
	<word weight="0.009567328287876624" count="67">mondial</word>
	<word weight="0.009424532343281451" count="66">commun</word>
	<phrase weight="0.07142857142857142" count="65">européen union</phrase>
	<phrase weight="0.02197802197802198" count="20">européen constitution</phrase>
	<phrase weight="0.01868131868131868" count="17">européen parlement</phrase>
	<phrase weight="0.014285714285714285" count="13">européen traité</phrase>
	<phrase weight="0.007692307692307693" count="7">européen construction</phrase>
	<phrase weight="0.007692307692307693" count="7">circulation libre</phrase>
	<phrase weight="0.006593406593406593" count="6">européen commission</phrase>
	<phrase weight="0.006593406593406593" count="6">français peuple</phrase>
	<phrase weight="0.004395604395604396" count="4">unique monnaie</phrase>
	<phrase weight="0.004395604395604396" count="4">européen partenaire</phrase>
	<phrase weight="0.0032967032967032967" count="3">européen institution</phrase>
	<phrase weight="0.0032967032967032967" count="3">frontière européen</phrase>
	<phrase weight="0.0032967032967032967" count="3">souveraineté indépendance</phrase>
	<phrase weight="0.0032967032967032967" count="3">monétaire souveraineté</phrase>
	<phrase weight="0.0032967032967032967" count="3">européen commissaire</phrase>
	<phrase weight="0.0032967032967032967" count="3">financier marché</phrase>
	<phrase weight="0.0032967032967032967" count="3">européen pays</phrase>
	<phrase weight="0.0032967032967032967" count="3">européen fédéraliste</phrase>
	<phrase weight="0.002197802197802198" count="2">commissaire commissaire</phrase>
	<phrase weight="0.002197802197802198" count="2">européen national</phrase>
  </topic>
  <topic id="2" alpha="0.20059847627330465" totalTokens="4951" titles="an, patrie, grand, mai, foi, mort, national, jeunesse, roi, terre">
	<word weight="0.018986063421531005" count="94">an</word>
	<word weight="0.018178145829125428" count="90">patrie</word>
	<word weight="0.017370228236719853" count="86">grand</word>
	<word weight="0.015350434255705918" count="76">mai</word>
	<word weight="0.01494647545950313" count="74">foi</word>
	<word weight="0.013128660876590587" count="65">mort</word>
	<word weight="0.012320743284185013" count="61">national</word>
	<word weight="0.011916784487982226" count="59">jeunesse</word>
	<word weight="0.01050292870127247" count="52">roi</word>
	<word weight="0.010098969905069683" count="50">terre</word>
	<word weight="0.00989699050696829" count="49">temps</word>
	<word weight="0.00989699050696829" count="49">jeune</word>
	<word weight="0.00989699050696829" count="49">victoire</word>
	<word weight="0.009493031710765503" count="47">siècle</word>
	<word weight="0.009291052312664107" count="46">fête</word>
	<word weight="0.009089072914562714" count="45">saint</word>
	<word weight="0.00888709351646132" count="44">chef</word>
	<word weight="0.00888709351646132" count="44">dieu</word>
	<word weight="0.008685114118359927" count="43">guerre</word>
	<phrase weight="0.006734006734006734" count="4">guerre chef</phrase>
	<phrase weight="0.005050505050505051" count="3">humaniste chrétien</phrase>
	<phrase weight="0.005050505050505051" count="3">patrie patrie</phrase>
	<phrase weight="0.003367003367003367" count="2">ennemi vigoureux</phrase>
	<phrase weight="0.003367003367003367" count="2">courageux lucide</phrase>
	<phrase weight="0.003367003367003367" count="2">contact mystérieux</phrase>
	<phrase weight="0.003367003367003367" count="2">vent marée vent</phrase>
	<phrase weight="0.003367003367003367" count="2">comble révolutionnaire fureur</phrase>
	<phrase weight="0.003367003367003367" count="2">royaume pitié</phrase>
	<phrase weight="0.003367003367003367" count="2">chef grand guerre chef</phrase>
	<phrase weight="0.003367003367003367" count="2">patriotique sursaut</phrase>
	<phrase weight="0.003367003367003367" count="2">décisif moment</phrase>
	<phrase weight="0.003367003367003367" count="2">événement travailleur</phrase>
	<phrase weight="0.003367003367003367" count="2">démonstration révolutionnaire</phrase>
	<phrase weight="0.003367003367003367" count="2">impérissable souvenir</phrase>
	<phrase weight="0.003367003367003367" count="2">drapeau drapeau</phrase>
	<phrase weight="0.003367003367003367" count="2">fardeau injustice</phrase>
	<phrase weight="0.003367003367003367" count="2">roi secours lorrain berger</phrase>
	<phrase weight="0.003367003367003367" count="2">peste famine guerre royaume pitié</phrase>
	<phrase weight="0.003367003367003367" count="2">épreuve référence</phrase>
  </topic>
  <topic id="3" alpha="0.5032857533413376" totalTokens="10296" titles="immigration, droit, pays, étranger, français, national, social, clandestin, gauche, enfant">
	<word weight="0.05371017871017871" count="553">immigration</word>
	<word weight="0.040695415695415696" count="419">droit</word>
	<word weight="0.03972416472416473" count="409">pays</word>
	<word weight="0.03515928515928516" count="362">étranger</word>
	<word weight="0.031857031857031856" count="328">français</word>
	<word weight="0.029914529914529916" count="308">an</word>
	<word weight="0.023892773892773892" count="246">national</word>
	<word weight="0.022144522144522144" count="228">social</word>
	<word weight="0.015151515151515152" count="156">clandestin</word>
	<word weight="0.015151515151515152" count="156">gauche</word>
	<word weight="0.014374514374514374" count="148">enfant</word>
	<word weight="0.012237762237762238" count="126">nationalité</word>
	<word weight="0.01048951048951049" count="108">travail</word>
	<word weight="0.010392385392385392" count="107">seul</word>
	<word weight="0.009906759906759906" count="102">situation</word>
	<word weight="0.009324009324009324" count="96">religion</word>
	<word weight="0.00912975912975913" count="94">origine</word>
	<word weight="0.00912975912975913" count="94">identité</word>
	<word weight="0.008547008547008548" count="88">frontière</word>
	<phrase weight="0.008017492711370262" count="11">national préférence</phrase>
	<phrase weight="0.008017492711370262" count="11">gauche droit</phrase>
	<phrase weight="0.007288629737609329" count="10">français nationalité</phrase>
	<phrase weight="0.00510204081632653" count="7">étranger étranger</phrase>
	<phrase weight="0.00510204081632653" count="7">social logement</phrase>
	<phrase weight="0.004373177842565598" count="6">atomique bombe</phrase>
	<phrase weight="0.004373177842565598" count="6">droit gauche</phrase>
	<phrase weight="0.004373177842565598" count="6">jambe cautère</phrase>
	<phrase weight="0.004373177842565598" count="6">an an</phrase>
	<phrase weight="0.004373177842565598" count="6">clandestin immigration</phrase>
	<phrase weight="0.0036443148688046646" count="5">immigration immigration</phrase>
	<phrase weight="0.0036443148688046646" count="5">migratoire flux</phrase>
	<phrase weight="0.0036443148688046646" count="5">familial regroupement</phrase>
	<phrase weight="0.0036443148688046646" count="5">pays an</phrase>
	<phrase weight="0.0036443148688046646" count="5">peuplement immigration</phrase>
	<phrase weight="0.0029154518950437317" count="4">nationalité acquisition</phrase>
	<phrase weight="0.0029154518950437317" count="4">an étranger</phrase>
	<phrase weight="0.0029154518950437317" count="4">loi loi</phrase>
	<phrase weight="0.0029154518950437317" count="4">étranger origine</phrase>
	<phrase weight="0.0029154518950437317" count="4">français travailleur</phrase>
  </topic>
  <topic id="4" alpha="0.2690331426051185" totalTokens="5651" titles="école, enfant, famille, social, travail, jeune, éducation, national, société, vie">
	<word weight="0.03256060874181561" count="184">école</word>
	<word weight="0.028490532649088657" count="161">enfant</word>
	<word weight="0.024774376216598833" count="140">famille</word>
	<word weight="0.019819500973279065" count="112">social</word>
	<word weight="0.018226862502211998" count="103">travail</word>
	<word weight="0.014864625729959299" count="84">jeune</word>
	<word weight="0.013625906919129358" count="77">éducation</word>
	<word weight="0.013095027428773668" count="74">national</word>
	<word weight="0.01203326844806229" count="68">société</word>
	<word weight="0.01203326844806229" count="68">vie</word>
	<word weight="0.010794549637232349" count="61">métier</word>
	<word weight="0.010617589807113786" count="60">formation</word>
	<word weight="0.010617589807113786" count="60">autorité</word>
	<word weight="0.010086710316758096" count="57">maître</word>
	<word weight="0.009909750486639533" count="56">élève</word>
	<word weight="0.009909750486639533" count="56">égalité</word>
	<word weight="0.009201911166165281" count="52">femme</word>
	<word weight="0.009024951336046718" count="51">professionnel</word>
	<word weight="0.009024951336046718" count="51">scolaire</word>
	<phrase weight="0.007352941176470588" count="5">famille mère</phrase>
	<phrase weight="0.0058823529411764705" count="4">national éducation</phrase>
	<phrase weight="0.0058823529411764705" count="4">professionnel formation</phrase>
	<phrase weight="0.0058823529411764705" count="4">famille familial</phrase>
	<phrase weight="0.0058823529411764705" count="4">social protection</phrase>
	<phrase weight="0.004411764705882353" count="3">école famille</phrase>
	<phrase weight="0.004411764705882353" count="3">scolaire manuel</phrase>
	<phrase weight="0.004411764705882353" count="3">moral intellectuel</phrase>
	<phrase weight="0.004411764705882353" count="3">savoir transmission</phrase>
	<phrase weight="0.004411764705882353" count="3">républicain école</phrase>
	<phrase weight="0.0029411764705882353" count="2">fondamental principe</phrase>
	<phrase weight="0.0029411764705882353" count="2">jeunesse publication</phrase>
	<phrase weight="0.0029411764705882353" count="2">citoyen égalité</phrase>
	<phrase weight="0.0029411764705882353" count="2">famille effort</phrase>
	<phrase weight="0.0029411764705882353" count="2">manuel travail</phrase>
	<phrase weight="0.0029411764705882353" count="2">primaire école</phrase>
	<phrase weight="0.0029411764705882353" count="2">bourse classe cour élève supérieur classe</phrase>
	<phrase weight="0.0029411764705882353" count="2">école spécialiste</phrase>
	<phrase weight="0.0029411764705882353" count="2">civique éducation</phrase>
	<phrase weight="0.0029411764705882353" count="2">professionnel activité</phrase>
  </topic>
  <topic id="5" alpha="0.3488995560125923" totalTokens="6282" titles="politique, projet, système, mondialisation, nation, seul, débat, social, modèle, monde">
	<word weight="0.030563514804202482" count="192">politique</word>
	<word weight="0.024036930913721746" count="151">projet</word>
	<word weight="0.02117160140082776" count="133">système</word>
	<word weight="0.018465456860872333" count="116">mondialisation</word>
	<word weight="0.017351162050302453" count="109">nation</word>
	<word weight="0.01687360713148679" count="106">seul</word>
	<word weight="0.016714422158548233" count="105">débat</word>
	<word weight="0.014963387456224133" count="94">social</word>
	<word weight="0.014963387456224133" count="94">modèle</word>
	<word weight="0.013371537726838587" count="84">monde</word>
	<word weight="0.013371537726838587" count="84">économique</word>
	<word weight="0.012098057943330149" count="76">vérité</word>
	<word weight="0.011302133078637377" count="71">réalité</word>
	<word weight="0.010665393186883159" count="67">classe</word>
	<word weight="0.009869468322190385" count="62">rôle</word>
	<word weight="0.009551098376313277" count="60">chômage</word>
	<word weight="0.009232728430436167" count="58">mensonge</word>
	<word weight="0.008436803565743395" count="53">caste</word>
	<word weight="0.008118433619866285" count="51">question</word>
	<phrase weight="0.007861635220125786" count="5">politique classe</phrase>
	<phrase weight="0.007861635220125786" count="5">patriotique bouclier</phrase>
	<phrase weight="0.006289308176100629" count="4">indépassable horizon</phrase>
	<phrase weight="0.006289308176100629" count="4">social économique</phrase>
	<phrase weight="0.0047169811320754715" count="3">économique patriotisme</phrase>
	<phrase weight="0.0047169811320754715" count="3">modèle modèle</phrase>
	<phrase weight="0.0047169811320754715" count="3">sauvage mondialisation</phrase>
	<phrase weight="0.0047169811320754715" count="3">outil outil</phrase>
	<phrase weight="0.0031446540880503146" count="2">magique pipeau</phrase>
	<phrase weight="0.0031446540880503146" count="2">financier économique</phrase>
	<phrase weight="0.0031446540880503146" count="2">obsession rengaine</phrase>
	<phrase weight="0.0031446540880503146" count="2">méprisant caste</phrase>
	<phrase weight="0.0031446540880503146" count="2">chômage service</phrase>
	<phrase weight="0.0031446540880503146" count="2">identité nation</phrase>
	<phrase weight="0.0031446540880503146" count="2">politique projet</phrase>
	<phrase weight="0.0031446540880503146" count="2">sourd oligarque</phrase>
	<phrase weight="0.0031446540880503146" count="2">réel retour présidente</phrase>
	<phrase weight="0.0031446540880503146" count="2">solution seul</phrase>
	<phrase weight="0.0031446540880503146" count="2">contrat jeune</phrase>
	<phrase weight="0.0031446540880503146" count="2">social protection système</phrase>
  </topic>
  <topic id="6" alpha="0.9247942149409474" totalTokens="14082" titles="an, vie, million, homme, jour, grand, moi, français, politique, année">
	<word weight="0.040477204942479764" count="570">an</word>
	<word weight="0.024925436727737536" count="351">vie</word>
	<word weight="0.023505183922738246" count="331">million</word>
	<word weight="0.022795057520238603" count="321">homme</word>
	<word weight="0.019102400227240447" count="269">jour</word>
	<word weight="0.017185058940491407" count="242">grand</word>
	<word weight="0.01611986933674194" count="227">moi</word>
	<word weight="0.016048856696491975" count="226">français</word>
	<word weight="0.015906831415992046" count="224">politique</word>
	<word weight="0.01548075557449226" count="218">année</word>
	<word weight="0.012143161482743928" count="171">femme</word>
	<word weight="0.011504047720494247" count="162">personne</word>
	<word weight="0.010651896037494673" count="150">mesure</word>
	<word weight="0.010509870756994746" count="148">vrai</word>
	<word weight="0.008592529470245703" count="121">façon</word>
	<word weight="0.008521516829995739" count="120">jeune</word>
	<word weight="0.008379491549495811" count="118">général</word>
	<word weight="0.008024428348245988" count="113">raison</word>
	<word weight="0.007882403067746058" count="111">part</word>
	<phrase weight="0.013109978150036417" count="18">an an</phrase>
	<phrase weight="0.010924981791697014" count="15">femme homme</phrase>
	<phrase weight="0.010196649672250545" count="14">demi million</phrase>
	<phrase weight="0.007283321194464676" count="10">unique pensée</phrase>
	<phrase weight="0.005826656955571741" count="8">politique homme</phrase>
	<phrase weight="0.004369992716678805" count="6">million million</phrase>
	<phrase weight="0.003641660597232338" count="5">millier centaine</phrase>
	<phrase weight="0.003641660597232338" count="5">personne million</phrase>
	<phrase weight="0.003641660597232338" count="5">moi moi</phrase>
	<phrase weight="0.003641660597232338" count="5">vie vie</phrase>
	<phrase weight="0.0029133284777858705" count="4">an moi</phrase>
	<phrase weight="0.0029133284777858705" count="4">mesure mesure</phrase>
	<phrase weight="0.0029133284777858705" count="4">habitant million</phrase>
	<phrase weight="0.0029133284777858705" count="4">air appel</phrase>
	<phrase weight="0.0029133284777858705" count="4">moi semaine</phrase>
	<phrase weight="0.0029133284777858705" count="4">année nombreux</phrase>
	<phrase weight="0.0029133284777858705" count="4">père père</phrase>
	<phrase weight="0.0029133284777858705" count="4">million demi</phrase>
	<phrase weight="0.0029133284777858705" count="4">an âge</phrase>
	<phrase weight="0.0021849963583394027" count="3">an an an</phrase>
  </topic>
  <topic id="7" alpha="0.11041898113708139" totalTokens="3719" titles="paysan, agriculture, agricole, terre, rural, agriculteur, ville, million, mesure, environnement">
	<word weight="0.03468674374831944" count="129">paysan</word>
	<word weight="0.02635116966926593" count="98">agriculture</word>
	<word weight="0.023393385318634042" count="87">agricole</word>
	<word weight="0.021511158913686476" count="80">terre</word>
	<word weight="0.019091153535896747" count="71">rural</word>
	<word weight="0.0169400376445281" count="63">agriculteur</word>
	<word weight="0.015595590212422693" count="58">ville</word>
	<word weight="0.011831137402527562" count="44">million</word>
	<word weight="0.010486689970422156" count="39">mesure</word>
	<word weight="0.009411132024737832" count="35">environnement</word>
	<word weight="0.009142242538316752" count="34">village</word>
	<word weight="0.008335574079053509" count="31">campagne</word>
	<word weight="0.007797795106211347" count="29">planétaire</word>
	<word weight="0.007260016133369185" count="27">ruralité</word>
	<word weight="0.007260016133369185" count="27">nature</word>
	<word weight="0.006991126646948105" count="26">eau</word>
	<word weight="0.006722237160527024" count="25">mur</word>
	<word weight="0.006453347674105943" count="24">chasseur</word>
	<word weight="0.006184458187684862" count="23">disparition</word>
	<phrase weight="0.0088339222614841" count="5">paysan matin</phrase>
	<phrase weight="0.007067137809187279" count="4">rural zone</phrase>
	<phrase weight="0.00530035335689046" count="3">pêcheur agriculteur</phrase>
	<phrase weight="0.00530035335689046" count="3">campagne intervention</phrase>
	<phrase weight="0.00530035335689046" count="3">communautaire préférence</phrase>
	<phrase weight="0.00530035335689046" count="3">agriculteur actuel</phrase>
	<phrase weight="0.00530035335689046" count="3">bovin viande secteur</phrase>
	<phrase weight="0.00530035335689046" count="3">soixante huitard</phrase>
	<phrase weight="0.0035335689045936395" count="2">carbonique gaz</phrase>
	<phrase weight="0.0035335689045936395" count="2">foncier phytosanitaire</phrase>
	<phrase weight="0.0035335689045936395" count="2">indication multilatéral</phrase>
	<phrase weight="0.0035335689045936395" count="2">agricole exportation</phrase>
	<phrase weight="0.0035335689045936395" count="2">rural agricole</phrase>
	<phrase weight="0.0035335689045936395" count="2">climatique réchauffement</phrase>
	<phrase weight="0.0035335689045936395" count="2">sidérurgie acier acier</phrase>
	<phrase weight="0.0035335689045936395" count="2">décembre juillet</phrase>
	<phrase weight="0.0035335689045936395" count="2">vigneron viticole</phrase>
	<phrase weight="0.0035335689045936395" count="2">négociation agriculture</phrase>
	<phrase weight="0.0035335689045936395" count="2">paysan agriculture paysan agriculture</phrase>
	<phrase weight="0.0035335689045936395" count="2">perspectif date</phrase>
  </topic>
  <topic id="8" alpha="0.3411703623286879" totalTokens="7528" titles="an, million, milliard, retraite, travail, impôt, social, euro, année, chômage">
	<word weight="0.033076514346439954" count="249">an</word>
	<word weight="0.030685441020191287" count="231">million</word>
	<word weight="0.02404357066950053" count="181">milliard</word>
	<word weight="0.02324654622741764" count="175">retraite</word>
	<word weight="0.02058979808714134" count="155">travail</word>
	<word weight="0.01926142401700319" count="145">impôt</word>
	<word weight="0.01514346439957492" count="114">social</word>
	<word weight="0.015010626992561105" count="113">euro</word>
	<word weight="0.014346439957492029" count="108">année</word>
	<word weight="0.011822529224229543" count="89">chômage</word>
	<word weight="0.011158342189160468" count="84">emploi</word>
	<word weight="0.011025504782146653" count="83">nombre</word>
	<word weight="0.011025504782146653" count="83">effet</word>
	<word weight="0.009829968119022316" count="74">chiffre</word>
	<word weight="0.009829968119022316" count="74">politique</word>
	<word weight="0.008900106269925611" count="67">revenu</word>
	<word weight="0.008501594048884165" count="64">croissance</word>
	<word weight="0.00730605738575983" count="55">gouvernement</word>
	<word weight="0.0071732199787460146" count="54">syndicat</word>
	<phrase weight="0.009625668449197862" count="9">an an</phrase>
	<phrase weight="0.009625668449197862" count="9">euro milliard</phrase>
	<phrase weight="0.008556149732620321" count="8">obligatoire prélèvement</phrase>
	<phrase weight="0.0074866310160427805" count="7">revenu impôt</phrase>
	<phrase weight="0.0053475935828877" count="5">milliard milliard</phrase>
	<phrase weight="0.0032085561497326204" count="3">public pouvoir</phrase>
	<phrase weight="0.0032085561497326204" count="3">chômeur million</phrase>
	<phrase weight="0.0032085561497326204" count="3">succession impôt</phrase>
	<phrase weight="0.0032085561497326204" count="3">travail revenu impôt</phrase>
	<phrase weight="0.0032085561497326204" count="3">pauvreté seuil</phrase>
	<phrase weight="0.0032085561497326204" count="3">bonnet rose rose bonnet</phrase>
	<phrase weight="0.0032085561497326204" count="3">durée allongement</phrase>
	<phrase weight="0.0032085561497326204" count="3">personne million</phrase>
	<phrase weight="0.0032085561497326204" count="3">an retraite</phrase>
	<phrase weight="0.0032085561497326204" count="3">impôt revenu impôt</phrase>
	<phrase weight="0.0021390374331550803" count="2">publique dépense</phrase>
	<phrase weight="0.0021390374331550803" count="2">démographique crise</phrase>
	<phrase weight="0.0021390374331550803" count="2">social avantage</phrase>
	<phrase weight="0.0021390374331550803" count="2">voiture incendie</phrase>
	<phrase weight="0.0021390374331550803" count="2">annuel solde</phrase>
  </topic>
  <topic id="9" alpha="0.29317099928644424" totalTokens="6212" titles="loi, peine, prison, justice, insécurité, délinquant, crime, peur, violence, délinquance">
	<word weight="0.02704443013522215" count="168">loi</word>
	<word weight="0.025434642627173213" count="158">peine</word>
	<word weight="0.025112685125563427" count="156">prison</word>
	<word weight="0.02141017385705087" count="133">justice</word>
	<word weight="0.02092723760463619" count="130">insécurité</word>
	<word weight="0.016902768834513845" count="105">délinquant</word>
	<word weight="0.016419832582099163" count="102">crime</word>
	<word weight="0.016097875080489377" count="100">peur</word>
	<word weight="0.015614938828074694" count="97">violence</word>
	<word weight="0.015292981326464906" count="95">délinquance</word>
	<word weight="0.014649066323245332" count="91">police</word>
	<word weight="0.014649066323245332" count="91">banlieue</word>
	<word weight="0.014649066323245332" count="91">mort</word>
	<word weight="0.014327108821635544" count="89">victime</word>
	<word weight="0.013683193818415968" count="85">criminel</word>
	<word weight="0.013683193818415968" count="85">policier</word>
	<word weight="0.012395363811976819" count="77">délit</word>
	<word weight="0.011429491307147457" count="71">liberté</word>
	<word weight="0.009980682549903412" count="62">territoire</word>
	<phrase weight="0.019473081328751432" count="17">mort peine</phrase>
	<phrase weight="0.0057273768613974796" count="5">délit crime</phrase>
	<phrase weight="0.0057273768613974796" count="5">prison peine</phrase>
	<phrase weight="0.0057273768613974796" count="5">délit crime délit crime</phrase>
	<phrase weight="0.0057273768613974796" count="5">criminalité délinquance criminalité délinquance</phrase>
	<phrase weight="0.004581901489117984" count="4">délinquance criminalité</phrase>
	<phrase weight="0.004581901489117984" count="4">drogue trafic</phrase>
	<phrase weight="0.004581901489117984" count="4">radical islam</phrase>
	<phrase weight="0.004581901489117984" count="4">loi loi</phrase>
	<phrase weight="0.003436426116838488" count="3">crime délit</phrase>
	<phrase weight="0.003436426116838488" count="3">criminalité délinquance</phrase>
	<phrase weight="0.003436426116838488" count="3">ferme prison</phrase>
	<phrase weight="0.003436426116838488" count="3">jungle loi</phrase>
	<phrase weight="0.003436426116838488" count="3">justice sécurité</phrase>
	<phrase weight="0.003436426116838488" count="3">prison prison</phrase>
	<phrase weight="0.003436426116838488" count="3">peur peur</phrase>
	<phrase weight="0.003436426116838488" count="3">police justice</phrase>
	<phrase weight="0.003436426116838488" count="3">insécurité insécurité</phrase>
	<phrase weight="0.003436426116838488" count="3">instruction juge</phrase>
	<phrase weight="0.003436426116838488" count="3">peur peur peur</phrase>
  </topic>
  <topic id="10" alpha="0.3860793074910944" totalTokens="9237" titles="milliard, dette, an, euro, pays, économie, projet, européen, marché, intérêt">
	<word weight="0.02511637977698387" count="232">milliard</word>
	<word weight="0.02035292843996969" count="188">dette</word>
	<word weight="0.01872902457507849" count="173">an</word>
	<word weight="0.017213380967846702" count="159">euro</word>
	<word weight="0.016996860452527875" count="157">pays</word>
	<word weight="0.016888600194868465" count="156">économie</word>
	<word weight="0.016239038648911984" count="150">projet</word>
	<word weight="0.016239038648911984" count="150">européen</word>
	<word weight="0.015372956587636679" count="142">marché</word>
	<word weight="0.014615134784020786" count="135">intérêt</word>
	<word weight="0.014506874526361372" count="134">monnaie</word>
	<word weight="0.013099491176789001" count="121">banque</word>
	<word weight="0.01277471040381076" count="118">économique</word>
	<word weight="0.012558189888491935" count="116">plan</word>
	<word weight="0.012449929630832522" count="115">financier</word>
	<word weight="0.012016888600194868" count="111">seul</word>
	<word weight="0.011908628342535456" count="110">augmentation</word>
	<word weight="0.011908628342535456" count="110">prix</word>
	<word weight="0.011908628342535456" count="110">système</word>
	<phrase weight="0.0140625" count="18">euro milliard</phrase>
	<phrase weight="0.00859375" count="11">financier marché</phrase>
	<phrase weight="0.00703125" count="9">achat pouvoir</phrase>
	<phrase weight="0.00625" count="8">salaire baisse</phrase>
	<phrase weight="0.00546875" count="7">protection système</phrase>
	<phrase weight="0.00546875" count="7">européen union</phrase>
	<phrase weight="0.0046875" count="6">intérêt tau</phrase>
	<phrase weight="0.0046875" count="6">an an</phrase>
	<phrase weight="0.0046875" count="6">vital carte</phrase>
	<phrase weight="0.00390625" count="5">an euro milliard</phrase>
	<phrase weight="0.00390625" count="5">économique plan</phrase>
	<phrase weight="0.003125" count="4">chômeur million</phrase>
	<phrase weight="0.003125" count="4">présidentiel projet</phrase>
	<phrase weight="0.003125" count="4">social protection</phrase>
	<phrase weight="0.003125" count="4">milliard milliard</phrase>
	<phrase weight="0.003125" count="4">main main</phrase>
	<phrase weight="0.003125" count="4">monnaie retour</phrase>
	<phrase weight="0.00234375" count="3">social économique</phrase>
	<phrase weight="0.00234375" count="3">essence prix</phrase>
	<phrase weight="0.00234375" count="3">banque dépôt banque</phrase>
  </topic>
  <topic id="11" alpha="0.20205950627492733" totalTokens="4644" titles="parlementaire, ami, communiste, parti, socialiste, nouveau, prochain, communisme, populaire, affaire">
	<word weight="0.012704565030146426" count="59">parlementaire</word>
	<word weight="0.011627906976744186" count="54">ami</word>
	<word weight="0.011412575366063738" count="53">communiste</word>
	<word weight="0.01119724375538329" count="52">parti</word>
	<word weight="0.010766580534022395" count="50">socialiste</word>
	<word weight="0.009905254091300603" count="46">nouveau</word>
	<word weight="0.00904392764857881" count="42">prochain</word>
	<word weight="0.008828596037898364" count="41">communisme</word>
	<word weight="0.008397932816537468" count="39">populaire</word>
	<word weight="0.008397932816537468" count="39">affaire</word>
	<word weight="0.008397932816537468" count="39">mars</word>
	<word weight="0.008397932816537468" count="39">effort</word>
	<word weight="0.007967269595176572" count="37">électoral</word>
	<word weight="0.007751937984496124" count="36">succès</word>
	<word weight="0.0068906115417743325" count="32">accord</word>
	<word weight="0.006675279931093884" count="31">presse</word>
	<word weight="0.006459948320413436" count="30">combat</word>
	<word weight="0.006459948320413436" count="30">menace</word>
	<word weight="0.006029285099052541" count="28">mesure</word>
	<phrase weight="0.012170385395537525" count="6">communiste parti</phrase>
	<phrase weight="0.008113590263691683" count="4">populaire consultation</phrase>
	<phrase weight="0.008113590263691683" count="4">émissaire bouc</phrase>
	<phrase weight="0.006085192697768763" count="3">parlementaire immunité</phrase>
	<phrase weight="0.006085192697768763" count="3">tiers mondiste</phrase>
	<phrase weight="0.004056795131845842" count="2">tiers mondiste invasion</phrase>
	<phrase weight="0.004056795131845842" count="2">franc vote</phrase>
	<phrase weight="0.004056795131845842" count="2">juif chrétien</phrase>
	<phrase weight="0.004056795131845842" count="2">minute minute</phrase>
	<phrase weight="0.004056795131845842" count="2">parlementaire majorité</phrase>
	<phrase weight="0.004056795131845842" count="2">audiovisuel presse</phrase>
	<phrase weight="0.004056795131845842" count="2">populaire initiative</phrase>
	<phrase weight="0.004056795131845842" count="2">scène devant</phrase>
	<phrase weight="0.004056795131845842" count="2">querelle rivalité</phrase>
	<phrase weight="0.004056795131845842" count="2">scandale boue</phrase>
	<phrase weight="0.004056795131845842" count="2">adepte adepte</phrase>
	<phrase weight="0.002028397565922921" count="1">amalgame fin nuance socialiste</phrase>
	<phrase weight="0.002028397565922921" count="1">espoir rang</phrase>
	<phrase weight="0.002028397565922921" count="1">lieu électoral échéance prochain</phrase>
	<phrase weight="0.002028397565922921" count="1">parlé franc</phrase>
  </topic>
  <topic id="12" alpha="0.6193089991288622" totalTokens="9772" titles="politique, sécurité, homme, loi, publique, ordre, défense, respect, société, gouvernement">
	<word weight="0.02640196479738027" count="258">politique</word>
	<word weight="0.015452312730249693" count="151">sécurité</word>
	<word weight="0.014838313548915268" count="145">homme</word>
	<word weight="0.014326647564469915" count="140">loi</word>
	<word weight="0.014019647973802701" count="137">publique</word>
	<word weight="0.012177650429799427" count="119">ordre</word>
	<word weight="0.011461318051575931" count="112">défense</word>
	<word weight="0.011154318460908719" count="109">respect</word>
	<word weight="0.010949652067130578" count="107">société</word>
	<word weight="0.010847318870241505" count="106">gouvernement</word>
	<word weight="0.010744985673352435" count="105">action</word>
	<word weight="0.010130986492018011" count="99">responsabilité</word>
	<word weight="0.009926320098239868" count="97">nouveau</word>
	<word weight="0.009516987310683586" count="93">intérêt</word>
	<word weight="0.00869832173557102" count="85">nombreux</word>
	<word weight="0.008493655341792878" count="83">véritable</word>
	<word weight="0.008493655341792878" count="83">autorité</word>
	<word weight="0.008288988948014737" count="81">siècle</word>
	<word weight="0.008084322554236594" count="79">domaine</word>
	<phrase weight="0.003409090909090909" count="3">faiblesse faiblesse</phrase>
	<phrase weight="0.003409090909090909" count="3">intérêt défense</phrase>
	<phrase weight="0.003409090909090909" count="3">ordre respect</phrase>
	<phrase weight="0.003409090909090909" count="3">publique autorité</phrase>
	<phrase weight="0.003409090909090909" count="3">folle vache</phrase>
	<phrase weight="0.0022727272727272726" count="2">révolution véritable</phrase>
	<phrase weight="0.0022727272727272726" count="2">notion notion</phrase>
	<phrase weight="0.0022727272727272726" count="2">étranger politique</phrase>
	<phrase weight="0.0022727272727272726" count="2">siècle siècle</phrase>
	<phrase weight="0.0022727272727272726" count="2">domaine pire</phrase>
	<phrase weight="0.0022727272727272726" count="2">universel mission</phrase>
	<phrase weight="0.0022727272727272726" count="2">politique culturel</phrase>
	<phrase weight="0.0022727272727272726" count="2">publique finance</phrase>
	<phrase weight="0.0022727272727272726" count="2">société protecteur</phrase>
	<phrase weight="0.0022727272727272726" count="2">spécifique génie civilisation</phrase>
	<phrase weight="0.0022727272727272726" count="2">salvateur action</phrase>
	<phrase weight="0.0022727272727272726" count="2">ordre condition</phrase>
	<phrase weight="0.0022727272727272726" count="2">gouvernement gouvernement</phrase>
	<phrase weight="0.0022727272727272726" count="2">politique influence</phrase>
	<phrase weight="0.0022727272727272726" count="2">mal pire</phrase>
  </topic>
  <topic id="13" alpha="0.5189691081692593" totalTokens="10437" titles="entreprise, emploi, grand, économique, social, pays, moyen, frontière, concurrence, économie">
	<word weight="0.04905624221519594" count="512">entreprise</word>
	<word weight="0.02960620868065536" count="309">emploi</word>
	<word weight="0.026540193542205614" count="277">grand</word>
	<word weight="0.02452812110759797" count="256">économique</word>
	<word weight="0.02366580434990898" count="247">social</word>
	<word weight="0.017437961099932932" count="182">pays</word>
	<word weight="0.01600076650378461" count="167">moyen</word>
	<word weight="0.015617514611478395" count="163">frontière</word>
	<word weight="0.014851010826865957" count="155">concurrence</word>
	<word weight="0.014755197853789403" count="154">économie</word>
	<word weight="0.012647312446105202" count="132">salarié</word>
	<word weight="0.01178499568841621" count="123">monde</word>
	<word weight="0.011114304876880329" count="116">produit</word>
	<word weight="0.010922678930727221" count="114">français</word>
	<word weight="0.010539427038421003" count="110">droit</word>
	<word weight="0.009485484334578902" count="99">fiscal</word>
	<word weight="0.009293858388425794" count="97">protectionnisme</word>
	<word weight="0.008718980549966466" count="91">marché</word>
	<word weight="0.00862316757688991" count="90">salaire</word>
	<phrase weight="0.00843558282208589" count="11">entreprise grand</phrase>
	<phrase weight="0.007668711656441718" count="10">déloyal concurrence</phrase>
	<phrase weight="0.004601226993865031" count="6">entreprise entreprise</phrase>
	<phrase weight="0.004601226993865031" count="6">social protection</phrase>
	<phrase weight="0.004601226993865031" count="6">industriel emploi</phrase>
	<phrase weight="0.004601226993865031" count="6">emploi emploi</phrase>
	<phrase weight="0.003834355828220859" count="5">social économique</phrase>
	<phrase weight="0.003834355828220859" count="5">plus value</phrase>
	<phrase weight="0.003834355828220859" count="5">intelligent protectionnisme</phrase>
	<phrase weight="0.003067484662576687" count="4">libre échange</phrase>
	<phrase weight="0.003067484662576687" count="4">économique social</phrase>
	<phrase weight="0.003067484662576687" count="4">commercial balance</phrase>
	<phrase weight="0.003067484662576687" count="4">entreprise priorité</phrase>
	<phrase weight="0.003067484662576687" count="4">salarié entreprise</phrase>
	<phrase weight="0.003067484662576687" count="4">douane droit</phrase>
	<phrase weight="0.003067484662576687" count="4">territorial collectivité</phrase>
	<phrase weight="0.003067484662576687" count="4">emploi création</phrase>
	<phrase weight="0.003067484662576687" count="4">automobile industrie</phrase>
	<phrase weight="0.003067484662576687" count="4">concurrence frontière</phrase>
	<phrase weight="0.003067484662576687" count="4">protectionnisme protectionnisme</phrase>
  </topic>
  <topic id="14" alpha="0.22007822433655724" totalTokens="5065" titles="public, service, publique, politique, général, personne, département, affaire, local, administration">
	<word weight="0.03435340572556762" count="174">public</word>
	<word weight="0.025074037512339584" count="127">service</word>
	<word weight="0.02250740375123396" count="114">publique</word>
	<word weight="0.017374136229022705" count="88">politique</word>
	<word weight="0.015202369200394866" count="77">général</word>
	<word weight="0.01441263573543929" count="73">personne</word>
	<word weight="0.013820335636722606" count="70">département</word>
	<word weight="0.013820335636722606" count="70">affaire</word>
	<word weight="0.012833168805528134" count="65">local</word>
	<word weight="0.011648568608094769" count="59">administration</word>
	<word weight="0.00947680157946693" count="48">niveau</word>
	<word weight="0.00947680157946693" count="48">fiscal</word>
	<word weight="0.00947680157946693" count="48">social</word>
	<word weight="0.008687068114511353" count="44">argent</word>
	<word weight="0.008292201382033564" count="42">collectivité</word>
	<word weight="0.00809476801579467" count="41">dépense</word>
	<word weight="0.007897334649555774" count="40">conseil</word>
	<word weight="0.007897334649555774" count="40">injustice</word>
	<word weight="0.007699901283316881" count="39">droit</word>
	<phrase weight="0.025157232704402517" count="16">public service</phrase>
	<phrase weight="0.0110062893081761" count="7">général conseil</phrase>
	<phrase weight="0.007861635220125786" count="5">âgé personne</phrase>
	<phrase weight="0.006289308176100629" count="4">local collectivité</phrase>
	<phrase weight="0.006289308176100629" count="4">régional conseil</phrase>
	<phrase weight="0.006289308176100629" count="4">fiscal administration</phrase>
	<phrase weight="0.0047169811320754715" count="3">publique morale</phrase>
	<phrase weight="0.0047169811320754715" count="3">publique fonction</phrase>
	<phrase weight="0.0031446540880503146" count="2">fort général</phrase>
	<phrase weight="0.0031446540880503146" count="2">public agent</phrase>
	<phrase weight="0.0031446540880503146" count="2">crédible alternatif</phrase>
	<phrase weight="0.0031446540880503146" count="2">demandeur département euro</phrase>
	<phrase weight="0.0031446540880503146" count="2">importance récupération</phrase>
	<phrase weight="0.0031446540880503146" count="2">collusion fiscal fraude</phrase>
	<phrase weight="0.0031446540880503146" count="2">maison contrat</phrase>
	<phrase weight="0.0031446540880503146" count="2">priorité sen résolution extrême</phrase>
	<phrase weight="0.0031446540880503146" count="2">stabilisation contrat</phrase>
	<phrase weight="0.0031446540880503146" count="2">aide compétence investissement drastique</phrase>
	<phrase weight="0.0031446540880503146" count="2">colère publique</phrase>
	<phrase weight="0.0031446540880503146" count="2">ami cher politique</phrase>
  </topic>
  <topic id="15" alpha="0.8491765953691892" totalTokens="17997" titles="gens, politique, français, pays, problème, conséquent, chose, nombre, foi, cas">
	<word weight="0.046229927210090574" count="832">gens</word>
	<word weight="0.03211646385508696" count="578">politique</word>
	<word weight="0.03133855642607101" count="564">français</word>
	<word weight="0.027060065566483302" count="487">pays</word>
	<word weight="0.027004500750125022" count="486">problème</word>
	<word weight="0.025281991443018282" count="455">conséquent</word>
	<word weight="0.024115130299494362" count="434">chose</word>
	<word weight="0.023892871034061233" count="430">nombre</word>
	<word weight="0.01950325054175696" count="351">foi</word>
	<word weight="0.016169361560260043" count="291">cas</word>
	<word weight="0.015280324498527533" count="275">gouvernement</word>
	<word weight="0.014557981885869866" count="262">monde</word>
	<word weight="0.013002167027837973" count="234">petit</word>
	<word weight="0.012668778129688281" count="228">an</word>
	<word weight="0.010835139189864977" count="195">question</word>
	<word weight="0.010279491026282159" count="185">président</word>
	<word weight="0.009723842862699339" count="175">affaire</word>
	<word weight="0.009612713229982774" count="173">situation</word>
	<word weight="0.009557148413624494" count="172">raison</word>
	<phrase weight="0.0052588996763754045" count="13">gens nombre</phrase>
	<phrase weight="0.0052588996763754045" count="13">français politique</phrase>
	<phrase weight="0.0040453074433656954" count="10">gens gens</phrase>
	<phrase weight="0.0040453074433656954" count="10">pays pays</phrase>
	<phrase weight="0.0040453074433656954" count="10">problème problème</phrase>
	<phrase weight="0.0028317152103559872" count="7">gens conséquent</phrase>
	<phrase weight="0.0020226537216828477" count="5">pays gens</phrase>
	<phrase weight="0.0020226537216828477" count="5">gens chose</phrase>
	<phrase weight="0.0020226537216828477" count="5">chose chose</phrase>
	<phrase weight="0.0020226537216828477" count="5">important chose</phrase>
	<phrase weight="0.0020226537216828477" count="5">président conséquent</phrase>
	<phrase weight="0.0020226537216828477" count="5">affaire affaire</phrase>
	<phrase weight="0.0020226537216828477" count="5">problème conséquent</phrase>
	<phrase weight="0.0020226537216828477" count="5">chose nombre</phrase>
	<phrase weight="0.0020226537216828477" count="5">politique politique</phrase>
	<phrase weight="0.0016181229773462784" count="4">problème gens</phrase>
	<phrase weight="0.0016181229773462784" count="4">conséquent an</phrase>
	<phrase weight="0.0016181229773462784" count="4">qualité qualité</phrase>
	<phrase weight="0.0016181229773462784" count="4">qualité nombre</phrase>
	<phrase weight="0.0016181229773462784" count="4">gouvernement gouvernement</phrase>
  </topic>
  <topic id="16" alpha="0.2217146807881772" totalTokens="4252" titles="guerre, monde, armée, nation, international, militaire, population, mondial, paix, américain">
	<word weight="0.06867356538099718" count="292">guerre</word>
	<word weight="0.03551269990592662" count="151">monde</word>
	<word weight="0.02751646284101599" count="117">armée</word>
	<word weight="0.023518344308560677" count="100">nation</word>
	<word weight="0.018344308560677328" count="78">international</word>
	<word weight="0.016933207902163686" count="72">militaire</word>
	<word weight="0.016462841015992474" count="70">population</word>
	<word weight="0.014346190028222013" count="61">mondial</word>
	<word weight="0.013405456255879586" count="57">paix</word>
	<word weight="0.012229539040451553" count="52">américain</word>
	<word weight="0.011523988711194732" count="49">intérieur</word>
	<word weight="0.011288805268109126" count="48">civil</word>
	<word weight="0.01011288805268109" count="43">risque</word>
	<word weight="0.009877704609595485" count="42">mort</word>
	<word weight="0.009642521166509878" count="41">musulman</word>
	<word weight="0.009172154280338664" count="39">arabe</word>
	<word weight="0.008231420507996237" count="35">combattant</word>
	<word weight="0.007761053621825023" count="33">nouveau</word>
	<word weight="0.007525870178739417" count="32">arme</word>
	<phrase weight="0.02771362586605081" count="12">mondial guerre</phrase>
	<phrase weight="0.018475750577367205" count="8">civil guerre</phrase>
	<phrase weight="0.013856812933025405" count="6">guerre guerre</phrase>
	<phrase weight="0.006928406466512702" count="3">arrondissement arrondissement</phrase>
	<phrase weight="0.006928406466512702" count="3">combattant ancien</phrase>
	<phrase weight="0.006928406466512702" count="3">députation arabe</phrase>
	<phrase weight="0.004618937644341801" count="2">monde équilibre</phrase>
	<phrase weight="0.004618937644341801" count="2">combattant combattant</phrase>
	<phrase weight="0.004618937644341801" count="2">historique disque</phrase>
	<phrase weight="0.004618937644341801" count="2">expéditionnaire corps</phrase>
	<phrase weight="0.004618937644341801" count="2">golfe guerre</phrase>
	<phrase weight="0.004618937644341801" count="2">géopolitique équilibre</phrase>
	<phrase weight="0.004618937644341801" count="2">entier monde</phrase>
	<phrase weight="0.004618937644341801" count="2">civil paix</phrase>
	<phrase weight="0.004618937644341801" count="2">poitrine coulpe</phrase>
	<phrase weight="0.004618937644341801" count="2">armée militaire</phrase>
	<phrase weight="0.004618937644341801" count="2">nord nord</phrase>
	<phrase weight="0.004618937644341801" count="2">américain nucléaire</phrase>
	<phrase weight="0.004618937644341801" count="2">population divers</phrase>
	<phrase weight="0.0023094688221709007" count="1">perpétuel défense</phrase>
  </topic>
  <topic id="17" alpha="0.5357056237297793" totalTokens="11536" titles="national, politique, élection, parti, seul, électeur, mouvement, droit, européen, voix">
	<word weight="0.046463245492371706" count="536">national</word>
	<word weight="0.029472954230235784" count="340">politique</word>
	<word weight="0.02669902912621359" count="308">élection</word>
	<word weight="0.023058252427184466" count="266">parti</word>
	<word weight="0.020544382801664356" count="237">seul</word>
	<word weight="0.01898404993065187" count="219">électeur</word>
	<word weight="0.018897364771151177" count="218">mouvement</word>
	<word weight="0.01716366158113731" count="198">droit</word>
	<word weight="0.01716366158113731" count="198">européen</word>
	<word weight="0.015516643550624133" count="179">voix</word>
	<word weight="0.013176144244105409" count="152">assemblée</word>
	<word weight="0.012482662968099861" count="144">gauche</word>
	<word weight="0.012309292649098474" count="142">liste</word>
	<word weight="0.01222260748959778" count="141">région</word>
	<word weight="0.011875866851595007" count="137">grand</word>
	<word weight="0.01170249653259362" count="135">législatif</word>
	<word weight="0.01144244105409154" count="132">électoral</word>
	<word weight="0.011269070735090153" count="130">régional</word>
	<word weight="0.011095700416088766" count="128">socialiste</word>
	<phrase weight="0.012148337595907928" count="19">national assemblée</phrase>
	<phrase weight="0.011508951406649617" count="18">législatif élection</phrase>
	<phrase weight="0.0076726342710997444" count="12">socialiste parti</phrase>
	<phrase weight="0.00639386189258312" count="10">cantonal élection</phrase>
	<phrase weight="0.004475703324808184" count="7">régional conseiller</phrase>
	<phrase weight="0.0038363171355498722" count="6">régional élection</phrase>
	<phrase weight="0.0038363171355498722" count="6">exécutif bureau</phrase>
	<phrase weight="0.0038363171355498722" count="6">scrutin mode</phrase>
	<phrase weight="0.0038363171355498722" count="6">électeur électeur</phrase>
	<phrase weight="0.0038363171355498722" count="6">universel suffrage</phrase>
	<phrase weight="0.00319693094629156" count="5">municipal conseiller</phrase>
	<phrase weight="0.00319693094629156" count="5">européen député</phrase>
	<phrase weight="0.0025575447570332483" count="4">électoral loi</phrase>
	<phrase weight="0.0025575447570332483" count="4">opposition opposition</phrase>
	<phrase weight="0.0025575447570332483" count="4">voix voix</phrase>
	<phrase weight="0.0025575447570332483" count="4">électoral campagne</phrase>
	<phrase weight="0.0025575447570332483" count="4">liste liste</phrase>
	<phrase weight="0.0025575447570332483" count="4">communiste parti</phrase>
	<phrase weight="0.0025575447570332483" count="4">politique mouvement</phrase>
	<phrase weight="0.0025575447570332483" count="4">national rassemblement</phrase>
  </topic>
  <topic id="18" alpha="0.7188193753413405" totalTokens="14251" titles="ami cher, français peuple, liberté, pays, histoire, pouvoir, avenir, grand, seul, petit">
	<word weight="0.05171566907585433" count="737">peuple</word>
	<word weight="0.029892639113044697" count="426">liberté</word>
	<word weight="0.02954178654129535" count="421">français</word>
	<word weight="0.024489509508104693" count="349">pays</word>
	<word weight="0.016349729843519754" count="233">cher</word>
	<word weight="0.016139218300470142" count="230">histoire</word>
	<word weight="0.0152971721282717" count="218">pouvoir</word>
	<word weight="0.013753420812574557" count="196">avenir</word>
	<word weight="0.013613079783874816" count="194">grand</word>
	<word weight="0.013613079783874816" count="194">seul</word>
	<word weight="0.013332397726475336" count="190">petit</word>
	<word weight="0.013051715669075854" count="186">ami</word>
	<word weight="0.011227282295979229" count="160">monde</word>
	<word weight="0.009753701494631955" count="139">compatriote</word>
	<word weight="0.008981825836783384" count="128">national</word>
	<word weight="0.008911655322433513" count="127">beau</word>
	<word weight="0.008701143779383903" count="124">république</word>
	<word weight="0.00764858606413585" count="109">cœur</word>
	<word weight="0.006806539891937408" count="97">vie</word>
	<phrase weight="0.017313746065057714" count="33">ami cher</phrase>
	<phrase weight="0.012067156348373556" count="23">français peuple</phrase>
	<phrase weight="0.008394543546694649" count="16">compatriote cher</phrase>
	<phrase weight="0.007345225603357817" count="14">peuple peuple</phrase>
	<phrase weight="0.00472193074501574" count="9">liberté liberté</phrase>
	<phrase weight="0.0031479538300104933" count="6">individuel liberté</phrase>
	<phrase weight="0.0031479538300104933" count="6">public service</phrase>
	<phrase weight="0.0026232948583420775" count="5">peuple liberté</phrase>
	<phrase weight="0.0026232948583420775" count="5">artisan commerçant</phrase>
	<phrase weight="0.002098635886673662" count="4">commerçant artisan</phrase>
	<phrase weight="0.002098635886673662" count="4">exigence relèvement</phrase>
	<phrase weight="0.002098635886673662" count="4">souverain peuple</phrase>
	<phrase weight="0.002098635886673662" count="4">pays histoire</phrase>
	<phrase weight="0.002098635886673662" count="4">liberté peuple</phrase>
	<phrase weight="0.002098635886673662" count="4">pays avenir</phrase>
	<phrase weight="0.002098635886673662" count="4">histoire histoire</phrase>
	<phrase weight="0.002098635886673662" count="4">patrie amour</phrase>
	<phrase weight="0.0015739769150052466" count="3">liberté français</phrase>
	<phrase weight="0.0015739769150052466" count="3">esprit cœur</phrase>
	<phrase weight="0.0015739769150052466" count="3">liberté combat</phrase>
  </topic>
  <topic id="19" alpha="0.47342426635874907" totalTokens="10748" titles="politique, droit, chose, foi, peuple, grand, manière, français, socialiste, problème">
	<word weight="0.024748790472646075" count="266">politique</word>
	<word weight="0.02037588388537402" count="219">droit</word>
	<word weight="0.01972459992556755" count="212">chose</word>
	<word weight="0.01916635653144771" count="206">foi</word>
	<word weight="0.018701153703014513" count="201">peuple</word>
	<word weight="0.017305545217714925" count="186">grand</word>
	<word weight="0.01330480089318943" count="143">manière</word>
	<word weight="0.012560476367696315" count="135">français</word>
	<word weight="0.0118161518422032" count="127">socialiste</word>
	<word weight="0.011164867882396725" count="120">problème</word>
	<word weight="0.010141421659843691" count="109">situation</word>
	<word weight="0.010048381094157052" count="108">responsable</word>
	<word weight="0.010048381094157052" count="108">année</word>
	<word weight="0.009490137700037217" count="102">nombre</word>
	<word weight="0.008745813174544101" count="94">pouvoir</word>
	<word weight="0.008559732043170823" count="92">vrai</word>
	<word weight="0.008466691477484183" count="91">réalité</word>
	<word weight="0.008373650911797544" count="90">vision</word>
	<word weight="0.008187569780424266" count="88">démocratie</word>
	<phrase weight="0.00724112961622013" count="10">homosexuel mariage</phrase>
	<phrase weight="0.005068790731354091" count="7">soi disant</phrase>
	<phrase weight="0.005068790731354091" count="7">socialiste parti</phrase>
	<phrase weight="0.004344677769732078" count="6">politique responsable</phrase>
	<phrase weight="0.003620564808110065" count="5">peuple peuple</phrase>
	<phrase weight="0.003620564808110065" count="5">français peuple</phrase>
	<phrase weight="0.003620564808110065" count="5">année année</phrase>
	<phrase weight="0.002896451846488052" count="4">austérité cure</phrase>
	<phrase weight="0.002896451846488052" count="4">droit extrême</phrase>
	<phrase weight="0.002172338884866039" count="3">chose seul</phrase>
	<phrase weight="0.002172338884866039" count="3">huile lampe</phrase>
	<phrase weight="0.002172338884866039" count="3">acte acte</phrase>
	<phrase weight="0.002172338884866039" count="3">politique classe</phrase>
	<phrase weight="0.002172338884866039" count="3">initiative référendum</phrase>
	<phrase weight="0.002172338884866039" count="3">dramatique situation</phrase>
	<phrase weight="0.002172338884866039" count="3">union gouvernement</phrase>
	<phrase weight="0.002172338884866039" count="3">achat pouvoir</phrase>
	<phrase weight="0.002172338884866039" count="3">droit droit</phrase>
	<phrase weight="0.002172338884866039" count="3">foi foi</phrase>
	<phrase weight="0.002172338884866039" count="3">œuvre mise</phrase>
  </topic>
</topics>
