{"edges":[{"label":"","source":"24","target":"27","id":"104","attributes":{},"color":"rgb(1,167,167)","size":0.026956288143992424},{"label":"","source":"23","target":"40","id":"102","attributes":{},"color":"rgb(84,84,84)","size":0.05244171991944313},{"label":"","source":"15","target":"27","id":"72","attributes":{},"color":"rgb(84,84,84)","size":0.004634256009012461},{"label":"","source":"27","target":"33","id":"112","attributes":{},"color":"rgb(1,167,167)","size":0.004530980251729488},{"label":"","source":"2","target":"23","id":"8","attributes":{},"color":"rgb(84,84,84)","size":0.004705795552581549},{"label":"","source":"23","target":"41","id":"103","attributes":{},"color":"rgb(167,1,1)","size":0.02410304732620716},{"label":"","source":"16","target":"27","id":"74","attributes":{},"color":"rgb(84,84,84)","size":0.002848787698894739},{"label":"","source":"27","target":"38","id":"117","attributes":{},"color":"rgb(84,84,84)","size":2.1734321489930153E-4},{"label":"","source":"13","target":"27","id":"68","attributes":{},"color":"rgb(84,84,84)","size":0.01712377928197384},{"label":"","source":"27","target":"29","id":"108","attributes":{},"color":"rgb(84,84,84)","size":0.002509718993678689},{"label":"","source":"23","target":"29","id":"91","attributes":{},"color":"rgb(167,1,1)","size":0.00867398176342249},{"label":"","source":"23","target":"28","id":"90","attributes":{},"color":"rgb(167,1,1)","size":0.002390057547017932},{"label":"","source":"15","target":"23","id":"71","attributes":{},"color":"rgb(167,1,1)","size":0.010707523673772812},{"label":"","source":"8","target":"27","id":"58","attributes":{},"color":"rgb(1,167,167)","size":0.018219733610749245},{"label":"","source":"9","target":"23","id":"59","attributes":{},"color":"rgb(167,1,1)","size":1.8892316438723356E-4},{"label":"","source":"9","target":"27","id":"60","attributes":{},"color":"rgb(84,84,84)","size":1.8661351350601763E-4},{"label":"","source":"20","target":"23","id":"81","attributes":{},"color":"rgb(167,1,1)","size":0.008693375624716282},{"label":"","source":"23","target":"31","id":"93","attributes":{},"color":"rgb(167,1,1)","size":2.9782779165543616E-4},{"label":"","source":"26","target":"27","id":"106","attributes":{},"color":"rgb(84,84,84)","size":3.3893270301632583E-4},{"label":"","source":"2","target":"27","id":"9","attributes":{},"color":"rgb(1,167,167)","size":0.016329370439052582},{"label":"","source":"19","target":"23","id":"79","attributes":{},"color":"rgb(167,1,1)","size":0.01714508980512619},{"label":"","source":"19","target":"27","id":"80","attributes":{},"color":"rgb(84,84,84)","size":0.006859458051621914},{"label":"","source":"23","target":"33","id":"95","attributes":{},"color":"rgb(84,84,84)","size":0.0024116714484989643},{"label":"","source":"27","target":"39","id":"118","attributes":{},"color":"rgb(84,84,84)","size":3.0423369025811553E-4},{"label":"","source":"23","target":"30","id":"92","attributes":{},"color":"rgb(167,1,1)","size":0.0047184983268380165},{"label":"","source":"22","target":"27","id":"86","attributes":{},"color":"rgb(1,167,167)","size":0.0738530382514},{"label":"","source":"11","target":"27","id":"64","attributes":{},"color":"rgb(84,84,84)","size":0.002714049769565463},{"label":"","source":"10","target":"23","id":"61","attributes":{},"color":"rgb(84,84,84)","size":5.495831137523055E-4},{"label":"","source":"8","target":"23","id":"57","attributes":{},"color":"rgb(84,84,84)","size":0.015020289458334446},{"label":"","source":"10","target":"27","id":"62","attributes":{},"color":"rgb(1,167,167)","size":0.02566557191312313},{"label":"","source":"7","target":"27","id":"24","attributes":{},"color":"rgb(84,84,84)","size":0.030335500836372375},{"label":"","source":"27","target":"36","id":"115","attributes":{},"color":"rgb(84,84,84)","size":0.005077195819467306},{"label":"","source":"27","target":"30","id":"109","attributes":{},"color":"rgb(84,84,84)","size":0.002658889628946781},{"label":"","source":"23","target":"24","id":"87","attributes":{},"color":"rgb(84,84,84)","size":0.0026170292403548956},{"label":"","source":"5","target":"27","id":"18","attributes":{},"color":"rgb(84,84,84)","size":2.1195050794631243E-4},{"label":"","source":"4","target":"27","id":"15","attributes":{},"color":"rgb(84,84,84)","size":2.560609136708081E-4},{"label":"","source":"1","target":"23","id":"5","attributes":{},"color":"rgb(167,1,1)","size":1.8687891133595258E-4},{"label":"","source":"4","target":"23","id":"14","attributes":{},"color":"rgb(167,1,1)","size":2.518440305721015E-4},{"label":"","source":"20","target":"27","id":"82","attributes":{},"color":"rgb(84,84,84)","size":0.004587274976074696},{"label":"","source":"23","target":"36","id":"98","attributes":{},"color":"rgb(167,1,1)","size":0.008898915722966194},{"label":"","source":"23","target":"35","id":"97","attributes":{},"color":"rgb(84,84,84)","size":0.0066183204762637615},{"label":"","source":"23","target":"25","id":"88","attributes":{},"color":"rgb(167,1,1)","size":2.586139307823032E-4},{"label":"","source":"27","target":"31","id":"110","attributes":{},"color":"rgb(84,84,84)","size":2.959693956654519E-4},{"label":"","source":"27","target":"34","id":"113","attributes":{},"color":"rgb(84,84,84)","size":0.015797151252627373},{"label":"","source":"11","target":"23","id":"63","attributes":{},"color":"rgb(167,1,1)","size":0.010914532467722893},{"label":"","source":"0","target":"27","id":"3","attributes":{},"color":"rgb(84,84,84)","size":0.00922027975320816},{"label":"","source":"3","target":"23","id":"11","attributes":{},"color":"rgb(84,84,84)","size":0.006748313549906015},{"label":"","source":"27","target":"37","id":"116","attributes":{},"color":"rgb(84,84,84)","size":0.01089879497885704},{"label":"","source":"23","target":"39","id":"101","attributes":{},"color":"rgb(167,1,1)","size":0.002365896012634039},{"label":"","source":"0","target":"23","id":"2","attributes":{},"color":"rgb(167,1,1)","size":0.011413421481847763},{"label":"","source":"18","target":"27","id":"78","attributes":{},"color":"rgb(1,167,167)","size":0.018379800021648407},{"label":"","source":"17","target":"27","id":"76","attributes":{},"color":"rgb(84,84,84)","size":2.50749260885641E-4},{"label":"","source":"27","target":"41","id":"120","attributes":{},"color":"rgb(84,84,84)","size":0.007173480466008186},{"label":"","source":"22","target":"23","id":"85","attributes":{},"color":"rgb(84,84,84)","size":0.05378926172852516},{"label":"","source":"7","target":"23","id":"23","attributes":{},"color":"rgb(167,1,1)","size":0.027517376467585564},{"label":"","source":"1","target":"27","id":"6","attributes":{},"color":"rgb(84,84,84)","size":1.876499009085819E-4},{"label":"","source":"23","target":"38","id":"100","attributes":{},"color":"rgb(167,1,1)","size":2.213949046563357E-4},{"label":"","source":"5","target":"23","id":"17","attributes":{},"color":"rgb(167,1,1)","size":2.163497993024066E-4},{"label":"","source":"12","target":"27","id":"66","attributes":{},"color":"rgb(1,167,167)","size":0.008665140718221664},{"label":"","source":"16","target":"23","id":"73","attributes":{},"color":"rgb(167,1,1)","size":0.02432599477469921},{"label":"","source":"23","target":"26","id":"89","attributes":{},"color":"rgb(167,1,1)","size":0.0023104576393961906},{"label":"","source":"23","target":"37","id":"99","attributes":{},"color":"rgb(167,1,1)","size":0.017072193324565887},{"label":"","source":"27","target":"40","id":"119","attributes":{},"color":"rgb(1,167,167)","size":0.0783480629324913},{"label":"","source":"23","target":"32","id":"94","attributes":{},"color":"rgb(84,84,84)","size":0.01332893781363964},{"label":"","source":"18","target":"23","id":"77","attributes":{},"color":"rgb(84,84,84)","size":0.0026573201175779104},{"label":"","source":"25","target":"27","id":"105","attributes":{},"color":"rgb(84,84,84)","size":2.5650186580605805E-4},{"label":"","source":"23","target":"34","id":"96","attributes":{},"color":"rgb(167,1,1)","size":0.04693243280053139},{"label":"","source":"12","target":"23","id":"65","attributes":{},"color":"rgb(84,84,84)","size":4.856877203565091E-4},{"label":"","source":"21","target":"27","id":"84","attributes":{},"color":"rgb(1,167,167)","size":0.00435923645272851},{"label":"","source":"3","target":"27","id":"12","attributes":{},"color":"rgb(1,167,167)","size":0.014623495750129223},{"label":"","source":"6","target":"23","id":"20","attributes":{},"color":"rgb(167,1,1)","size":0.010531417094171047},{"label":"","source":"27","target":"35","id":"114","attributes":{},"color":"rgb(1,167,167)","size":0.008958968333899975},{"label":"","source":"27","target":"32","id":"111","attributes":{},"color":"rgb(1,167,167)","size":0.03699862211942673},{"label":"","source":"21","target":"23","id":"83","attributes":{},"color":"rgb(84,84,84)","size":4.0960172191262245E-4},{"label":"","source":"14","target":"27","id":"70","attributes":{},"color":"rgb(84,84,84)","size":0.024323100224137306},{"label":"","source":"6","target":"27","id":"21","attributes":{},"color":"rgb(84,84,84)","size":5.441140383481979E-4},{"label":"","source":"17","target":"23","id":"75","attributes":{},"color":"rgb(167,1,1)","size":2.570208453107625E-4},{"label":"","source":"13","target":"23","id":"67","attributes":{},"color":"rgb(167,1,1)","size":0.015672864392399788},{"label":"","source":"14","target":"23","id":"69","attributes":{},"color":"rgb(167,1,1)","size":0.034174639731645584},{"label":"","source":"27","target":"28","id":"107","attributes":{},"color":"rgb(84,84,84)","size":4.436870221979916E-4}],"nodes":[{"label":"président candidat république politique ministre maire jour moi élection citoyen chef homme présidentiel loi démocratie promesse façon fonction moment ","x":227.17465209960938,"y":-540.1834716796875,"id":"14","attributes":{"Modularity Class":"0"},"color":"rgb(167,1,1)","size":30.0},{"label":"peuple liberté pays petit monde avenir seul intérêt ami libre cher autorité élite souveraineté ordre confiance main puissance entier ","x":1037.26171875,"y":-16.297456741333008,"id":"32","attributes":{"Modularity Class":"1"},"color":"rgb(1,167,167)","size":30.0},{"label":"affaire liberté responsabilité évident ministre signature national nom droit façon occasion adversaire tribunal moyen démarche formule administration sentiment groupe ","x":-3046.816650390625,"y":-2448.581787109375,"id":"29","attributes":{"Modularity Class":"0"},"color":"rgb(167,1,1)","size":30.0},{"label":"année siècle dernier révolution nouveau terre esprit effet novembre défense idée corps exemple mondial secteur formation mission vieux humain ","x":-405.43072509765625,"y":-3538.294677734375,"id":"11","attributes":{"Modularity Class":"0"},"color":"rgb(167,1,1)","size":30.0},{"label":"nation national monde loi république société communauté identité français histoire sen modèle mondialisation principe civilisation siècle seul culture homme ","x":2216.841064453125,"y":417.5673828125,"id":"3","attributes":{"Modularity Class":"1"},"color":"rgb(1,167,167)","size":30.0},{"label":"socialiste ami parlementaire suffrage assemblée mars nombre parlement actuel plan opposition référendum presse accord minute majorité libération mort universel ","x":8574.1435546875,"y":-11942.75,"id":"17","attributes":{"Modularity Class":"0"},"color":"rgb(167,1,1)","size":30.0},{"label":"justice affaire syndicat juge mesure magistrat judiciaire grave injustice faible policier magistrature confiance cœur bombe procès nom plainte examen ","x":-9893.0810546875,"y":10934.94140625,"id":"25","attributes":{"Modularity Class":"0"},"color":"rgb(167,1,1)","size":30.0},{"label":"gauche droit politique homme français pouvoir ami petit extrême vérité mensonge propre centre rupture parti différence justice politicien commerce ","x":-790.6693725585938,"y":821.0548706054688,"id":"8","attributes":{"Modularity Class":"1"},"color":"rgb(1,167,167)","size":30.0},{"label":"vie famille enfant jeune social travail français an femme principe société service familial parent mère moral année meilleur effort ","x":-1916.5157470703125,"y":-1161.6927490234375,"id":"41","attributes":{"Modularity Class":"0"},"color":"rgb(167,1,1)","size":30.0},{"label":"musulman peur religieux religion banlieue territoire quartier islam enfant mosquée femme policier voile radical laïcité islamiste police arme fondamentalisme ","x":15221.1884765625,"y":2714.440673828125,"id":"4","attributes":{"Modularity Class":"0"},"color":"rgb(167,1,1)","size":30.0},{"label":"affaire morale politique publique mars culture contrôle niveau argent public local cantonal transparence nomination ami national logement gestion corruption ","x":3002.802978515625,"y":15296.4462890625,"id":"1","attributes":{"Modularity Class":"0"},"color":"rgb(167,1,1)","size":30.0},{"label":"élection national électeur voix tour électoral parti gauche campagne législatif seul socialiste droit an député responsabilité foi prochain assemblée ","x":199.72557067871094,"y":-1072.4053955078125,"id":"34","attributes":{"Modularity Class":"0"},"color":"rgb(167,1,1)","size":30.0},{"label":"politique manière chose démocratie parti socialiste résultat vision responsable mariage réalité union gouvernement projet peuple homosexuel œuvre nombre classe ","x":1490.9847412109375,"y":2368.29443359375,"id":"10","attributes":{"Modularity Class":"1"},"color":"rgb(1,167,167)","size":30.0},{"label":"femme politique choix responsabilité système foi vrai décision idée homme peuple sentiment nucléaire enfant énergie dérive leçon responsable recherche ","x":552.2798461914062,"y":5200.82421875,"id":"21","attributes":{"Modularity Class":"1"},"color":"rgb(1,167,167)","size":30.0},{"label":"histoire compatriote cher cœur peuple grand français pays vif politique vie beau amour retour volonté devoir chemin esprit sentiment ","x":-1739.73046875,"y":770.9140014648438,"id":"0","attributes":{"Modularity Class":"0"},"color":"rgb(167,1,1)","size":30.0},{"label":"école enfant autorité élève éducation enseignement maître formation apprentissage savoir classe égalité manuel enseignant scolaire métier fondamental neutralité parent ","x":-13856.2763671875,"y":1873.3375244140625,"id":"31","attributes":{"Modularity Class":"0"},"color":"rgb(167,1,1)","size":30.0},{"label":"parti mouvement national heure communiste militant action communisme combat journaliste congrès adversaire ligne adhérent journal phrase peine partiel démocratique ","x":2591.085693359375,"y":-6658.9619140625,"id":"28","attributes":{"Modularity Class":"0"},"color":"rgb(167,1,1)","size":30.0},{"label":"européen peuple français union constitution souveraineté nation pays traité économique indépendance monnaie parlement libre pouvoir foi mai article souverain ","x":-2797.85595703125,"y":491.0851135253906,"id":"36","attributes":{"Modularity Class":"0"},"color":"rgb(167,1,1)","size":30.0},{"label":"grand pays droit seul question pouvoir ensemble situation loi moyen social proposition dernier moi moment mesure problème règle sécurité ","x":43.75029373168945,"y":122.57422637939453,"id":"40","attributes":{"Modularity Class":"1"},"color":"rgb(1,167,167)","size":30.0},{"label":"guerre armée monde nation mort international mondial militaire civil risque population paix terrorisme partie soldat arme terroriste ordre conflit ","x":-2205.017333984375,"y":-3756.686279296875,"id":"6","attributes":{"Modularity Class":"0"},"color":"rgb(167,1,1)","size":30.0},{"label":"système projet choix peuple campagne présidentiel candidat crise économique solution seul financier caste vérité changement foi mondialisation sondage insécurité ","x":656.5185546875,"y":2338.24609375,"id":"24","attributes":{"Modularity Class":"1"},"color":"rgb(1,167,167)","size":30.0},{"label":"économique pays monnaie emploi européen frontière entreprise français concurrence économie marché produit protection protectionnisme prix modèle déloyal monde réalité ","x":2222.406494140625,"y":1702.0269775390625,"id":"18","attributes":{"Modularity Class":"1"},"color":"rgb(1,167,167)","size":30.0},{"label":"gens français foi problème nombre politique conséquent an chose cas petit pays monde raison vrai gouvernement situation année personne ","x":131.9161376953125,"y":-77.59410858154297,"id":"22","attributes":{"Modularity Class":"1"},"color":"rgb(1,167,167)","size":30.0},{"label":"milliard euro an dette financier marché économie intérêt argent déficit année plan gouvernement million grand public budget banque seul ","x":2298.6044921875,"y":-86.9840087890625,"id":"2","attributes":{"Modularity Class":"1"},"color":"rgb(1,167,167)","size":30.0},{"label":"million an chiffre pays année monde homme population intérieur gouvernement chômage politique crime officiel immigration cause nombre chômeur insécurité ","x":-1225.2230224609375,"y":-2596.010498046875,"id":"16","attributes":{"Modularity Class":"0"},"color":"rgb(167,1,1)","size":30.0},{"label":"politique français pouvoir nouveau débat vrai gouvernement peuple jour volonté année vie idée unique réel chômage faux réalité objectif ","x":-339.0306701660156,"y":29.018898010253906,"id":"7","attributes":{"Modularity Class":"0"},"color":"rgb(167,1,1)","size":30.0},{"label":"MLP","x":644.9876098632812,"y":980.4116821289062,"id":"27","attributes":{"Modularity Class":"1"},"color":"rgb(1,167,167)","size":60.0},{"label":"politique région national liste régional président européen élu mouvement bureau ville campagne municipal gouvernement parti conseil conseiller député merci ","x":928.7290649414062,"y":-2700.114013671875,"id":"15","attributes":{"Modularity Class":"0"},"color":"rgb(167,1,1)","size":30.0},{"label":"immigration politique moi grand jour national grave réalité massif crise européen main semaine socialiste prix année centaine heure étranger ","x":-947.7947387695312,"y":357.04345703125,"id":"13","attributes":{"Modularity Class":"0"},"color":"rgb(167,1,1)","size":30.0},{"label":"entreprise travail emploi impôt salarié économique social économie fiscal syndicat chômage ouvrier niveau salaire loi revenu richesse activité investissement ","x":-1326.900634765625,"y":2039.1690673828125,"id":"35","attributes":{"Modularity Class":"1"},"color":"rgb(1,167,167)","size":30.0},{"label":"prison loi peine insécurité délinquant justice délinquance criminel an police société violence victime ordre autorité sécurité crime criminalité laxisme ","x":2553.004638671875,"y":-3204.640380859375,"id":"30","attributes":{"Modularity Class":"0"},"color":"rgb(167,1,1)","size":30.0},{"label":"social salaire pouvoir achat logement moyen classe prix système travailleur baisse enfant million pauvre augmentation entreprise hausse aide chômeur ","x":3093.77490234375,"y":3092.082275390625,"id":"12","attributes":{"Modularity Class":"1"},"color":"rgb(1,167,167)","size":30.0},{"label":"national social emploi travail prospérité frontière effet publique million solidarité compatriote libre mondial personne travailleur industrie droit vérité masse ","x":-1996.0732421875,"y":-343.1176452636719,"id":"19","attributes":{"Modularity Class":"0"},"color":"rgb(167,1,1)","size":30.0},{"label":"an patrie grand foi mai roi guerre français chef siècle saint martyr temps trahison juin spirituel vif dieu hommage ","x":-1063.51611328125,"y":-7785.6103515625,"id":"39","attributes":{"Modularity Class":"0"},"color":"rgb(167,1,1)","size":30.0},{"label":"JMLP","x":-730.638671875,"y":-1282.445068359375,"id":"23","attributes":{"Modularity Class":"0"},"color":"rgb(167,1,1)","size":60.0},{"label":"fête effort famille européen ami patrie populaire lettre chrétien forain menace enthousiasme dévouement succès injuste propre décadence soviétique fidèle ","x":-7106.38916015625,"y":12832.119140625,"id":"5","attributes":{"Modularity Class":"0"},"color":"rgb(167,1,1)","size":30.0},{"label":"immigration étranger pays droit français national an nationalité clandestin origine social seul frontière situation contrôle préférence territoire identité aide ","x":1037.2996826171875,"y":-1318.9595947265625,"id":"37","attributes":{"Modularity Class":"0"},"color":"rgb(167,1,1)","size":30.0},{"label":"public service général publique département fonctionnaire personne dépense fonction euro local conseil âgé campagne collectivité compétence essentiel aide médecin ","x":-2032.66796875,"y":3677.762451171875,"id":"33","attributes":{"Modularity Class":"1"},"color":"rgb(1,167,167)","size":30.0},{"label":"paysan agriculture agricole rural agriculteur terre mesure campagne eau village planétaire mur monde grand million chasseur ruralité nature disparition ","x":14433.1201171875,"y":-4127.0810546875,"id":"38","attributes":{"Modularity Class":"0"},"color":"rgb(167,1,1)","size":30.0},{"label":"retraite an privé heure régime cotisation croissance retraité pension âge jeune système actif répartition fonctionnaire charge durée caisse allongement ","x":13725.8779296875,"y":2446.16552734375,"id":"9","attributes":{"Modularity Class":"0"},"color":"rgb(167,1,1)","size":30.0},{"label":"jeune ami jeunesse temps mort homme victime campagne fonctionnaire cause fille équipe femme nom tête soutien militant circonstance victoire ","x":-3135.626953125,"y":-687.9000854492188,"id":"20","attributes":{"Modularity Class":"0"},"color":"rgb(167,1,1)","size":30.0},{"label":"politique environnement sécurité défense étranger armée puissance équilibre américain respect international gouvernement arabe culturel menace nucléaire activité condition intérieur ","x":-7277.76611328125,"y":287.9931945800781,"id":"26","attributes":{"Modularity Class":"0"},"color":"rgb(167,1,1)","size":30.0}]}