<?xml version='1.0' ?>
<topicModel>
  <topic id='0' alpha='0.40098624485580975' totalTokens='4577'>
	<word rank='1'>million</word>
	<word rank='2'>an</word>
	<word rank='3'>chiffre</word>
	<word rank='4'>pays</word>
	<word rank='5'>année</word>
	<word rank='6'>monde</word>
	<word rank='7'>homme</word>
	<word rank='8'>population</word>
	<word rank='9'>intérieur</word>
	<word rank='10'>gouvernement</word>
	<word rank='11'>chômage</word>
	<word rank='12'>politique</word>
	<word rank='13'>crime</word>
	<word rank='14'>officiel</word>
	<word rank='15'>immigration</word>
	<word rank='16'>cause</word>
	<word rank='17'>nombre</word>
	<word rank='18'>chômeur</word>
	<word rank='19'>insécurité</word>
  </topic>
  <topic id='1' alpha='0.12331430369415818' totalTokens='1838'>
	<word rank='1'>socialiste</word>
	<word rank='2'>ami</word>
	<word rank='3'>parlementaire</word>
	<word rank='4'>suffrage</word>
	<word rank='5'>assemblée</word>
	<word rank='6'>mars</word>
	<word rank='7'>nombre</word>
	<word rank='8'>parlement</word>
	<word rank='9'>actuel</word>
	<word rank='10'>plan</word>
	<word rank='11'>opposition</word>
	<word rank='12'>référendum</word>
	<word rank='13'>presse</word>
	<word rank='14'>accord</word>
	<word rank='15'>minute</word>
	<word rank='16'>majorité</word>
	<word rank='17'>libération</word>
	<word rank='18'>mort</word>
	<word rank='19'>universel</word>
  </topic>
  <topic id='2' alpha='0.669817759011749' totalTokens='7594'>
	<word rank='1'>président</word>
	<word rank='2'>candidat</word>
	<word rank='3'>république</word>
	<word rank='4'>politique</word>
	<word rank='5'>ministre</word>
	<word rank='6'>maire</word>
	<word rank='7'>jour</word>
	<word rank='8'>moi</word>
	<word rank='9'>élection</word>
	<word rank='10'>citoyen</word>
	<word rank='11'>chef</word>
	<word rank='12'>homme</word>
	<word rank='13'>présidentiel</word>
	<word rank='14'>loi</word>
	<word rank='15'>démocratie</word>
	<word rank='16'>promesse</word>
	<word rank='17'>façon</word>
	<word rank='18'>fonction</word>
	<word rank='19'>moment</word>
  </topic>
  <topic id='3' alpha='0.33002645491944504' totalTokens='3774'>
	<word rank='1'>politique</word>
	<word rank='2'>région</word>
	<word rank='3'>national</word>
	<word rank='4'>liste</word>
	<word rank='5'>régional</word>
	<word rank='6'>président</word>
	<word rank='7'>européen</word>
	<word rank='8'>élu</word>
	<word rank='9'>mouvement</word>
	<word rank='10'>bureau</word>
	<word rank='11'>ville</word>
	<word rank='12'>campagne</word>
	<word rank='13'>municipal</word>
	<word rank='14'>gouvernement</word>
	<word rank='15'>parti</word>
	<word rank='16'>conseil</word>
	<word rank='17'>conseiller</word>
	<word rank='18'>député</word>
	<word rank='19'>merci</word>
  </topic>
  <topic id='4' alpha='0.2926435199723335' totalTokens='3394'>
	<word rank='1'>jeune</word>
	<word rank='2'>ami</word>
	<word rank='3'>jeunesse</word>
	<word rank='4'>temps</word>
	<word rank='5'>mort</word>
	<word rank='6'>homme</word>
	<word rank='7'>victime</word>
	<word rank='8'>campagne</word>
	<word rank='9'>fonctionnaire</word>
	<word rank='10'>cause</word>
	<word rank='11'>fille</word>
	<word rank='12'>équipe</word>
	<word rank='13'>femme</word>
	<word rank='14'>nom</word>
	<word rank='15'>tête</word>
	<word rank='16'>soutien</word>
	<word rank='17'>militant</word>
	<word rank='18'>circonstance</word>
	<word rank='19'>victoire</word>
  </topic>
  <topic id='5' alpha='0.19611045857421508' totalTokens='2596'>
	<word rank='1'>femme</word>
	<word rank='2'>politique</word>
	<word rank='3'>choix</word>
	<word rank='4'>responsabilité</word>
	<word rank='5'>système</word>
	<word rank='6'>foi</word>
	<word rank='7'>vrai</word>
	<word rank='8'>décision</word>
	<word rank='9'>idée</word>
	<word rank='10'>homme</word>
	<word rank='11'>peuple</word>
	<word rank='12'>sentiment</word>
	<word rank='13'>nucléaire</word>
	<word rank='14'>enfant</word>
	<word rank='15'>énergie</word>
	<word rank='16'>dérive</word>
	<word rank='17'>leçon</word>
	<word rank='18'>responsable</word>
	<word rank='19'>recherche</word>
  </topic>
  <topic id='6' alpha='0.2961963697428774' totalTokens='5629'>
	<word rank='1'>économique</word>
	<word rank='2'>pays</word>
	<word rank='3'>monnaie</word>
	<word rank='4'>emploi</word>
	<word rank='5'>européen</word>
	<word rank='6'>frontière</word>
	<word rank='7'>entreprise</word>
	<word rank='8'>français</word>
	<word rank='9'>concurrence</word>
	<word rank='10'>économie</word>
	<word rank='11'>marché</word>
	<word rank='12'>produit</word>
	<word rank='13'>protection</word>
	<word rank='14'>protectionnisme</word>
	<word rank='15'>prix</word>
	<word rank='16'>modèle</word>
	<word rank='17'>déloyal</word>
	<word rank='18'>monde</word>
	<word rank='19'>réalité</word>
  </topic>
  <topic id='7' alpha='0.4145235758432258' totalTokens='5222'>
	<word rank='1'>national</word>
	<word rank='2'>social</word>
	<word rank='3'>emploi</word>
	<word rank='4'>travail</word>
	<word rank='5'>prospérité</word>
	<word rank='6'>frontière</word>
	<word rank='7'>effet</word>
	<word rank='8'>publique</word>
	<word rank='9'>million</word>
	<word rank='10'>solidarité</word>
	<word rank='11'>compatriote</word>
	<word rank='12'>libre</word>
	<word rank='13'>mondial</word>
	<word rank='14'>personne</word>
	<word rank='15'>travailleur</word>
	<word rank='16'>industrie</word>
	<word rank='17'>droit</word>
	<word rank='18'>vérité</word>
	<word rank='19'>masse</word>
  </topic>
  <topic id='8' alpha='0.3130119989248846' totalTokens='3645'>
	<word rank='1'>année</word>
	<word rank='2'>siècle</word>
	<word rank='3'>dernier</word>
	<word rank='4'>révolution</word>
	<word rank='5'>nouveau</word>
	<word rank='6'>terre</word>
	<word rank='7'>esprit</word>
	<word rank='8'>effet</word>
	<word rank='9'>novembre</word>
	<word rank='10'>défense</word>
	<word rank='11'>idée</word>
	<word rank='12'>corps</word>
	<word rank='13'>exemple</word>
	<word rank='14'>mondial</word>
	<word rank='15'>secteur</word>
	<word rank='16'>formation</word>
	<word rank='17'>mission</word>
	<word rank='18'>vieux</word>
	<word rank='19'>humain</word>
  </topic>
  <topic id='9' alpha='0.2267109214819631' totalTokens='3102'>
	<word rank='1'>social</word>
	<word rank='2'>salaire</word>
	<word rank='3'>pouvoir</word>
	<word rank='4'>achat</word>
	<word rank='5'>logement</word>
	<word rank='6'>moyen</word>
	<word rank='7'>classe</word>
	<word rank='8'>prix</word>
	<word rank='9'>système</word>
	<word rank='10'>travailleur</word>
	<word rank='11'>baisse</word>
	<word rank='12'>enfant</word>
	<word rank='13'>million</word>
	<word rank='14'>pauvre</word>
	<word rank='15'>augmentation</word>
	<word rank='16'>entreprise</word>
	<word rank='17'>hausse</word>
	<word rank='18'>aide</word>
	<word rank='19'>chômeur</word>
  </topic>
  <topic id='10' alpha='0.32834904166288514' totalTokens='4804'>
	<word rank='1'>milliard</word>
	<word rank='2'>euro</word>
	<word rank='3'>an</word>
	<word rank='4'>dette</word>
	<word rank='5'>financier</word>
	<word rank='6'>marché</word>
	<word rank='7'>économie</word>
	<word rank='8'>intérêt</word>
	<word rank='9'>argent</word>
	<word rank='10'>déficit</word>
	<word rank='11'>année</word>
	<word rank='12'>plan</word>
	<word rank='13'>gouvernement</word>
	<word rank='14'>million</word>
	<word rank='15'>grand</word>
	<word rank='16'>public</word>
	<word rank='17'>budget</word>
	<word rank='18'>banque</word>
	<word rank='19'>seul</word>
  </topic>
  <topic id='11' alpha='0.35244957830255974' totalTokens='4254'>
	<word rank='1'>nation</word>
	<word rank='2'>national</word>
	<word rank='3'>monde</word>
	<word rank='4'>loi</word>
	<word rank='5'>république</word>
	<word rank='6'>société</word>
	<word rank='7'>communauté</word>
	<word rank='8'>identité</word>
	<word rank='9'>français</word>
	<word rank='10'>histoire</word>
	<word rank='11'>sen</word>
	<word rank='12'>modèle</word>
	<word rank='13'>mondialisation</word>
	<word rank='14'>principe</word>
	<word rank='15'>civilisation</word>
	<word rank='16'>siècle</word>
	<word rank='17'>seul</word>
	<word rank='18'>culture</word>
	<word rank='19'>homme</word>
  </topic>
  <topic id='12' alpha='0.3960752613661536' totalTokens='5431'>
	<word rank='1'>histoire</word>
	<word rank='2'>compatriote</word>
	<word rank='3'>cher</word>
	<word rank='4'>cœur</word>
	<word rank='5'>peuple</word>
	<word rank='6'>grand</word>
	<word rank='7'>français</word>
	<word rank='8'>pays</word>
	<word rank='9'>vif</word>
	<word rank='10'>politique</word>
	<word rank='11'>vie</word>
	<word rank='12'>beau</word>
	<word rank='13'>amour</word>
	<word rank='14'>retour</word>
	<word rank='15'>volonté</word>
	<word rank='16'>devoir</word>
	<word rank='17'>chemin</word>
	<word rank='18'>esprit</word>
	<word rank='19'>sentiment</word>
  </topic>
  <topic id='13' alpha='0.09096953640311876' totalTokens='1611'>
	<word rank='1'>affaire</word>
	<word rank='2'>morale</word>
	<word rank='3'>politique</word>
	<word rank='4'>publique</word>
	<word rank='5'>mars</word>
	<word rank='6'>culture</word>
	<word rank='7'>contrôle</word>
	<word rank='8'>niveau</word>
	<word rank='9'>argent</word>
	<word rank='10'>public</word>
	<word rank='11'>local</word>
	<word rank='12'>cantonal</word>
	<word rank='13'>transparence</word>
	<word rank='14'>nomination</word>
	<word rank='15'>ami</word>
	<word rank='16'>national</word>
	<word rank='17'>logement</word>
	<word rank='18'>gestion</word>
	<word rank='19'>corruption</word>
  </topic>
  <topic id='14' alpha='0.2528951078571571' totalTokens='3398'>
	<word rank='1'>guerre</word>
	<word rank='2'>armée</word>
	<word rank='3'>monde</word>
	<word rank='4'>nation</word>
	<word rank='5'>mort</word>
	<word rank='6'>international</word>
	<word rank='7'>mondial</word>
	<word rank='8'>militaire</word>
	<word rank='9'>civil</word>
	<word rank='10'>risque</word>
	<word rank='11'>population</word>
	<word rank='12'>paix</word>
	<word rank='13'>terrorisme</word>
	<word rank='14'>partie</word>
	<word rank='15'>soldat</word>
	<word rank='16'>arme</word>
	<word rank='17'>terroriste</word>
	<word rank='18'>ordre</word>
	<word rank='19'>conflit</word>
  </topic>
  <topic id='15' alpha='0.6151380166695594' totalTokens='6850'>
	<word rank='1'>politique</word>
	<word rank='2'>français</word>
	<word rank='3'>pouvoir</word>
	<word rank='4'>nouveau</word>
	<word rank='5'>débat</word>
	<word rank='6'>vrai</word>
	<word rank='7'>gouvernement</word>
	<word rank='8'>peuple</word>
	<word rank='9'>jour</word>
	<word rank='10'>volonté</word>
	<word rank='11'>année</word>
	<word rank='12'>vie</word>
	<word rank='13'>idée</word>
	<word rank='14'>unique</word>
	<word rank='15'>réel</word>
	<word rank='16'>chômage</word>
	<word rank='17'>faux</word>
	<word rank='18'>réalité</word>
	<word rank='19'>objectif</word>
  </topic>
  <topic id='16' alpha='0.12234163162773147' totalTokens='1829'>
	<word rank='1'>musulman</word>
	<word rank='2'>peur</word>
	<word rank='3'>religieux</word>
	<word rank='4'>religion</word>
	<word rank='5'>banlieue</word>
	<word rank='6'>territoire</word>
	<word rank='7'>quartier</word>
	<word rank='8'>islam</word>
	<word rank='9'>enfant</word>
	<word rank='10'>mosquée</word>
	<word rank='11'>femme</word>
	<word rank='12'>policier</word>
	<word rank='13'>voile</word>
	<word rank='14'>radical</word>
	<word rank='15'>laïcité</word>
	<word rank='16'>islamiste</word>
	<word rank='17'>police</word>
	<word rank='18'>arme</word>
	<word rank='19'>fondamentalisme</word>
  </topic>
  <topic id='17' alpha='0.10423371789730064' totalTokens='1856'>
	<word rank='1'>fête</word>
	<word rank='2'>effort</word>
	<word rank='3'>famille</word>
	<word rank='4'>européen</word>
	<word rank='5'>ami</word>
	<word rank='6'>patrie</word>
	<word rank='7'>populaire</word>
	<word rank='8'>lettre</word>
	<word rank='9'>chrétien</word>
	<word rank='10'>forain</word>
	<word rank='11'>menace</word>
	<word rank='12'>enthousiasme</word>
	<word rank='13'>dévouement</word>
	<word rank='14'>succès</word>
	<word rank='15'>injuste</word>
	<word rank='16'>propre</word>
	<word rank='17'>décadence</word>
	<word rank='18'>soviétique</word>
	<word rank='19'>fidèle</word>
  </topic>
  <topic id='18' alpha='0.43178856488207806' totalTokens='4539'>
	<word rank='1'>gauche</word>
	<word rank='2'>droit</word>
	<word rank='3'>politique</word>
	<word rank='4'>homme</word>
	<word rank='5'>français</word>
	<word rank='6'>pouvoir</word>
	<word rank='7'>ami</word>
	<word rank='8'>petit</word>
	<word rank='9'>extrême</word>
	<word rank='10'>vérité</word>
	<word rank='11'>mensonge</word>
	<word rank='12'>propre</word>
	<word rank='13'>centre</word>
	<word rank='14'>rupture</word>
	<word rank='15'>parti</word>
	<word rank='16'>différence</word>
	<word rank='17'>justice</word>
	<word rank='18'>politicien</word>
	<word rank='19'>commerce</word>
  </topic>
  <topic id='19' alpha='0.09158679482565671' totalTokens='1305'>
	<word rank='1'>retraite</word>
	<word rank='2'>an</word>
	<word rank='3'>privé</word>
	<word rank='4'>heure</word>
	<word rank='5'>régime</word>
	<word rank='6'>cotisation</word>
	<word rank='7'>croissance</word>
	<word rank='8'>retraité</word>
	<word rank='9'>pension</word>
	<word rank='10'>âge</word>
	<word rank='11'>jeune</word>
	<word rank='12'>système</word>
	<word rank='13'>actif</word>
	<word rank='14'>répartition</word>
	<word rank='15'>fonctionnaire</word>
	<word rank='16'>charge</word>
	<word rank='17'>durée</word>
	<word rank='18'>caisse</word>
	<word rank='19'>allongement</word>
  </topic>
  <topic id='20' alpha='0.4470357682722751' totalTokens='6076'>
	<word rank='1'>immigration</word>
	<word rank='2'>étranger</word>
	<word rank='3'>pays</word>
	<word rank='4'>droit</word>
	<word rank='5'>français</word>
	<word rank='6'>national</word>
	<word rank='7'>an</word>
	<word rank='8'>nationalité</word>
	<word rank='9'>clandestin</word>
	<word rank='10'>origine</word>
	<word rank='11'>social</word>
	<word rank='12'>seul</word>
	<word rank='13'>frontière</word>
	<word rank='14'>situation</word>
	<word rank='15'>contrôle</word>
	<word rank='16'>préférence</word>
	<word rank='17'>territoire</word>
	<word rank='18'>identité</word>
	<word rank='19'>aide</word>
  </topic>
  <topic id='21' alpha='0.34964154781166795' totalTokens='4939'>
	<word rank='1'>européen</word>
	<word rank='2'>peuple</word>
	<word rank='3'>français</word>
	<word rank='4'>union</word>
	<word rank='5'>constitution</word>
	<word rank='6'>souveraineté</word>
	<word rank='7'>nation</word>
	<word rank='8'>pays</word>
	<word rank='9'>traité</word>
	<word rank='10'>économique</word>
	<word rank='11'>indépendance</word>
	<word rank='12'>monnaie</word>
	<word rank='13'>parlement</word>
	<word rank='14'>libre</word>
	<word rank='15'>pouvoir</word>
	<word rank='16'>foi</word>
	<word rank='17'>mai</word>
	<word rank='18'>article</word>
	<word rank='19'>souverain</word>
  </topic>
  <topic id='22' alpha='0.3341994452740964' totalTokens='4583'>
	<word rank='1'>entreprise</word>
	<word rank='2'>travail</word>
	<word rank='3'>emploi</word>
	<word rank='4'>impôt</word>
	<word rank='5'>salarié</word>
	<word rank='6'>économique</word>
	<word rank='7'>social</word>
	<word rank='8'>économie</word>
	<word rank='9'>fiscal</word>
	<word rank='10'>syndicat</word>
	<word rank='11'>chômage</word>
	<word rank='12'>ouvrier</word>
	<word rank='13'>niveau</word>
	<word rank='14'>salaire</word>
	<word rank='15'>loi</word>
	<word rank='16'>revenu</word>
	<word rank='17'>richesse</word>
	<word rank='18'>activité</word>
	<word rank='19'>investissement</word>
  </topic>
  <topic id='23' alpha='0.6581955037037917' totalTokens='8968'>
	<word rank='1'>élection</word>
	<word rank='2'>national</word>
	<word rank='3'>électeur</word>
	<word rank='4'>voix</word>
	<word rank='5'>tour</word>
	<word rank='6'>électoral</word>
	<word rank='7'>parti</word>
	<word rank='8'>gauche</word>
	<word rank='9'>campagne</word>
	<word rank='10'>législatif</word>
	<word rank='11'>seul</word>
	<word rank='12'>socialiste</word>
	<word rank='13'>droit</word>
	<word rank='14'>an</word>
	<word rank='15'>député</word>
	<word rank='16'>responsabilité</word>
	<word rank='17'>foi</word>
	<word rank='18'>prochain</word>
	<word rank='19'>assemblée</word>
  </topic>
  <topic id='24' alpha='0.4919305399362572' totalTokens='5653'>
	<word rank='1'>vie</word>
	<word rank='2'>famille</word>
	<word rank='3'>enfant</word>
	<word rank='4'>jeune</word>
	<word rank='5'>social</word>
	<word rank='6'>travail</word>
	<word rank='7'>français</word>
	<word rank='8'>an</word>
	<word rank='9'>femme</word>
	<word rank='10'>principe</word>
	<word rank='11'>société</word>
	<word rank='12'>service</word>
	<word rank='13'>familial</word>
	<word rank='14'>parent</word>
	<word rank='15'>mère</word>
	<word rank='16'>moral</word>
	<word rank='17'>année</word>
	<word rank='18'>meilleur</word>
	<word rank='19'>effort</word>
  </topic>
  <topic id='25' alpha='1.157054691473905' totalTokens='12296'>
	<word rank='1'>grand</word>
	<word rank='2'>pays</word>
	<word rank='3'>droit</word>
	<word rank='4'>seul</word>
	<word rank='5'>question</word>
	<word rank='6'>pouvoir</word>
	<word rank='7'>ensemble</word>
	<word rank='8'>situation</word>
	<word rank='9'>loi</word>
	<word rank='10'>moyen</word>
	<word rank='11'>social</word>
	<word rank='12'>proposition</word>
	<word rank='13'>dernier</word>
	<word rank='14'>moi</word>
	<word rank='15'>moment</word>
	<word rank='16'>mesure</word>
	<word rank='17'>problème</word>
	<word rank='18'>règle</word>
	<word rank='19'>sécurité</word>
  </topic>
  <topic id='26' alpha='0.14931281563991214' totalTokens='2730'>
	<word rank='1'>an</word>
	<word rank='2'>patrie</word>
	<word rank='3'>grand</word>
	<word rank='4'>foi</word>
	<word rank='5'>mai</word>
	<word rank='6'>roi</word>
	<word rank='7'>guerre</word>
	<word rank='8'>français</word>
	<word rank='9'>chef</word>
	<word rank='10'>siècle</word>
	<word rank='11'>saint</word>
	<word rank='12'>martyr</word>
	<word rank='13'>temps</word>
	<word rank='14'>trahison</word>
	<word rank='15'>juin</word>
	<word rank='16'>spirituel</word>
	<word rank='17'>vif</word>
	<word rank='18'>dieu</word>
	<word rank='19'>hommage</word>
  </topic>
  <topic id='27' alpha='0.10688576638850705' totalTokens='2576'>
	<word rank='1'>paysan</word>
	<word rank='2'>agriculture</word>
	<word rank='3'>agricole</word>
	<word rank='4'>rural</word>
	<word rank='5'>agriculteur</word>
	<word rank='6'>terre</word>
	<word rank='7'>mesure</word>
	<word rank='8'>campagne</word>
	<word rank='9'>eau</word>
	<word rank='10'>village</word>
	<word rank='11'>planétaire</word>
	<word rank='12'>mur</word>
	<word rank='13'>monde</word>
	<word rank='14'>grand</word>
	<word rank='15'>million</word>
	<word rank='16'>chasseur</word>
	<word rank='17'>ruralité</word>
	<word rank='18'>nature</word>
	<word rank='19'>disparition</word>
  </topic>
  <topic id='28' alpha='0.5282913087544696' totalTokens='6964'>
	<word rank='1'>peuple</word>
	<word rank='2'>liberté</word>
	<word rank='3'>pays</word>
	<word rank='4'>petit</word>
	<word rank='5'>monde</word>
	<word rank='6'>avenir</word>
	<word rank='7'>seul</word>
	<word rank='8'>intérêt</word>
	<word rank='9'>ami</word>
	<word rank='10'>libre</word>
	<word rank='11'>cher</word>
	<word rank='12'>autorité</word>
	<word rank='13'>élite</word>
	<word rank='14'>souveraineté</word>
	<word rank='15'>ordre</word>
	<word rank='16'>confiance</word>
	<word rank='17'>main</word>
	<word rank='18'>puissance</word>
	<word rank='19'>entier</word>
  </topic>
  <topic id='29' alpha='0.14229714582890043' totalTokens='2034'>
	<word rank='1'>école</word>
	<word rank='2'>enfant</word>
	<word rank='3'>autorité</word>
	<word rank='4'>élève</word>
	<word rank='5'>éducation</word>
	<word rank='6'>enseignement</word>
	<word rank='7'>maître</word>
	<word rank='8'>formation</word>
	<word rank='9'>apprentissage</word>
	<word rank='10'>savoir</word>
	<word rank='11'>classe</word>
	<word rank='12'>égalité</word>
	<word rank='13'>manuel</word>
	<word rank='14'>enseignant</word>
	<word rank='15'>scolaire</word>
	<word rank='16'>métier</word>
	<word rank='17'>fondamental</word>
	<word rank='18'>neutralité</word>
	<word rank='19'>parent</word>
  </topic>
  <topic id='30' alpha='0.2625816295671162' totalTokens='3901'>
	<word rank='1'>politique</word>
	<word rank='2'>manière</word>
	<word rank='3'>chose</word>
	<word rank='4'>démocratie</word>
	<word rank='5'>parti</word>
	<word rank='6'>socialiste</word>
	<word rank='7'>résultat</word>
	<word rank='8'>vision</word>
	<word rank='9'>responsable</word>
	<word rank='10'>mariage</word>
	<word rank='11'>réalité</word>
	<word rank='12'>union</word>
	<word rank='13'>gouvernement</word>
	<word rank='14'>projet</word>
	<word rank='15'>peuple</word>
	<word rank='16'>homosexuel</word>
	<word rank='17'>œuvre</word>
	<word rank='18'>nombre</word>
	<word rank='19'>classe</word>
  </topic>
  <topic id='31' alpha='0.47256007620414453' totalTokens='4539'>
	<word rank='1'>immigration</word>
	<word rank='2'>politique</word>
	<word rank='3'>moi</word>
	<word rank='4'>grand</word>
	<word rank='5'>jour</word>
	<word rank='6'>national</word>
	<word rank='7'>grave</word>
	<word rank='8'>réalité</word>
	<word rank='9'>massif</word>
	<word rank='10'>crise</word>
	<word rank='11'>européen</word>
	<word rank='12'>main</word>
	<word rank='13'>semaine</word>
	<word rank='14'>socialiste</word>
	<word rank='15'>prix</word>
	<word rank='16'>année</word>
	<word rank='17'>centaine</word>
	<word rank='18'>heure</word>
	<word rank='19'>étranger</word>
  </topic>
  <topic id='32' alpha='0.1639699877470008' totalTokens='2298'>
	<word rank='1'>politique</word>
	<word rank='2'>environnement</word>
	<word rank='3'>sécurité</word>
	<word rank='4'>défense</word>
	<word rank='5'>étranger</word>
	<word rank='6'>armée</word>
	<word rank='7'>puissance</word>
	<word rank='8'>équilibre</word>
	<word rank='9'>américain</word>
	<word rank='10'>respect</word>
	<word rank='11'>international</word>
	<word rank='12'>gouvernement</word>
	<word rank='13'>arabe</word>
	<word rank='14'>culturel</word>
	<word rank='15'>menace</word>
	<word rank='16'>nucléaire</word>
	<word rank='17'>activité</word>
	<word rank='18'>condition</word>
	<word rank='19'>intérieur</word>
  </topic>
  <topic id='33' alpha='0.31056453650470595' totalTokens='3937'>
	<word rank='1'>système</word>
	<word rank='2'>projet</word>
	<word rank='3'>choix</word>
	<word rank='4'>peuple</word>
	<word rank='5'>campagne</word>
	<word rank='6'>présidentiel</word>
	<word rank='7'>candidat</word>
	<word rank='8'>crise</word>
	<word rank='9'>économique</word>
	<word rank='10'>solution</word>
	<word rank='11'>seul</word>
	<word rank='12'>financier</word>
	<word rank='13'>caste</word>
	<word rank='14'>vérité</word>
	<word rank='15'>changement</word>
	<word rank='16'>foi</word>
	<word rank='17'>mondialisation</word>
	<word rank='18'>sondage</word>
	<word rank='19'>insécurité</word>
  </topic>
  <topic id='34' alpha='0.1256303339687057' totalTokens='1692'>
	<word rank='1'>justice</word>
	<word rank='2'>affaire</word>
	<word rank='3'>syndicat</word>
	<word rank='4'>juge</word>
	<word rank='5'>mesure</word>
	<word rank='6'>magistrat</word>
	<word rank='7'>judiciaire</word>
	<word rank='8'>grave</word>
	<word rank='9'>injustice</word>
	<word rank='10'>faible</word>
	<word rank='11'>policier</word>
	<word rank='12'>magistrature</word>
	<word rank='13'>confiance</word>
	<word rank='14'>cœur</word>
	<word rank='15'>bombe</word>
	<word rank='16'>procès</word>
	<word rank='17'>nom</word>
	<word rank='18'>plainte</word>
	<word rank='19'>examen</word>
  </topic>
  <topic id='35' alpha='0.19690089513127934' totalTokens='2468'>
	<word rank='1'>parti</word>
	<word rank='2'>mouvement</word>
	<word rank='3'>national</word>
	<word rank='4'>heure</word>
	<word rank='5'>communiste</word>
	<word rank='6'>militant</word>
	<word rank='7'>action</word>
	<word rank='8'>communisme</word>
	<word rank='9'>combat</word>
	<word rank='10'>journaliste</word>
	<word rank='11'>congrès</word>
	<word rank='12'>adversaire</word>
	<word rank='13'>ligne</word>
	<word rank='14'>adhérent</word>
	<word rank='15'>journal</word>
	<word rank='16'>phrase</word>
	<word rank='17'>peine</word>
	<word rank='18'>partiel</word>
	<word rank='19'>démocratique</word>
  </topic>
  <topic id='36' alpha='0.21013651174868297' totalTokens='3080'>
	<word rank='1'>public</word>
	<word rank='2'>service</word>
	<word rank='3'>général</word>
	<word rank='4'>publique</word>
	<word rank='5'>département</word>
	<word rank='6'>fonctionnaire</word>
	<word rank='7'>personne</word>
	<word rank='8'>dépense</word>
	<word rank='9'>fonction</word>
	<word rank='10'>euro</word>
	<word rank='11'>local</word>
	<word rank='12'>conseil</word>
	<word rank='13'>âgé</word>
	<word rank='14'>campagne</word>
	<word rank='15'>collectivité</word>
	<word rank='16'>compétence</word>
	<word rank='17'>essentiel</word>
	<word rank='18'>aide</word>
	<word rank='19'>médecin</word>
  </topic>
  <topic id='37' alpha='1.0981325342313757' totalTokens='15695'>
	<word rank='1'>gens</word>
	<word rank='2'>français</word>
	<word rank='3'>foi</word>
	<word rank='4'>problème</word>
	<word rank='5'>nombre</word>
	<word rank='6'>politique</word>
	<word rank='7'>conséquent</word>
	<word rank='8'>an</word>
	<word rank='9'>chose</word>
	<word rank='10'>cas</word>
	<word rank='11'>petit</word>
	<word rank='12'>pays</word>
	<word rank='13'>monde</word>
	<word rank='14'>raison</word>
	<word rank='15'>vrai</word>
	<word rank='16'>gouvernement</word>
	<word rank='17'>situation</word>
	<word rank='18'>année</word>
	<word rank='19'>personne</word>
  </topic>
  <topic id='38' alpha='0.2743933451163254' totalTokens='3112'>
	<word rank='1'>affaire</word>
	<word rank='2'>liberté</word>
	<word rank='3'>responsabilité</word>
	<word rank='4'>évident</word>
	<word rank='5'>ministre</word>
	<word rank='6'>signature</word>
	<word rank='7'>national</word>
	<word rank='8'>nom</word>
	<word rank='9'>droit</word>
	<word rank='10'>façon</word>
	<word rank='11'>occasion</word>
	<word rank='12'>adversaire</word>
	<word rank='13'>tribunal</word>
	<word rank='14'>moyen</word>
	<word rank='15'>démarche</word>
	<word rank='16'>formule</word>
	<word rank='17'>administration</word>
	<word rank='18'>sentiment</word>
	<word rank='19'>groupe</word>
  </topic>
  <topic id='39' alpha='0.2544197172562796' totalTokens='4015'>
	<word rank='1'>prison</word>
	<word rank='2'>loi</word>
	<word rank='3'>peine</word>
	<word rank='4'>insécurité</word>
	<word rank='5'>délinquant</word>
	<word rank='6'>justice</word>
	<word rank='7'>délinquance</word>
	<word rank='8'>criminel</word>
	<word rank='9'>an</word>
	<word rank='10'>police</word>
	<word rank='11'>société</word>
	<word rank='12'>violence</word>
	<word rank='13'>victime</word>
	<word rank='14'>ordre</word>
	<word rank='15'>autorité</word>
	<word rank='16'>sécurité</word>
	<word rank='17'>crime</word>
	<word rank='18'>criminalité</word>
	<word rank='19'>laxisme</word>
  </topic>
</topicModel>
