measure,first,second
10.684788460118998,monopole,marchés
11.915401388260413,fabriquer,esclaves
13.144220078756295,zapatero,berlusconi
9.118684986649152,administration,fiscale
11.42997456109017,musique,militaire
6.199508017712805,verrons,bien
12.804370075871667,suffrage,universel
7.858817859894044,rétablir,frontières
9.2253568414817,années,1970
6.306493604207104,années,années
5.294619503918813,années,viennent
0.8656072811593702,années,bien
10.471794736784796,tête,cochon
7.427400617426343,tête,liste
4.155890429525206,tête,écoutez
3.43104839444149,tête,front
11.166940155256377,exception,culturelle
3.3132097978097743,étranger,français
9.984348741977906,travailleurs,manuels
3.516743191894907,travailleurs,français
9.59347329337305,véritable,honte
6.371080872036604,véritable,démocratie
3.140614328659238,prouve,bien
7.727873708579157,front,national
6.763623733528357,front,républicain
2.449732957706413,front,gauche
6.11631408218641,sarkozy,croit
5.472457892411686,sarkozy,réussi
3.7764640793017836,sarkozy,parle
3.0610316466852208,sarkozy,nicolas
2.648708532103413,sarkozy,ecoutez
2.433319498504723,sarkozy,pouvoir
1.899083365965737,sarkozy,était
1.8731400987134599,sarkozy,soit
1.0077896254082397,sarkozy,faut
0.9463890807440976,sarkozy,france
0.904425787640406,sarkozy,ailleurs
0.5108345641247389,sarkozy,crois
0.1716020211429239,sarkozy,bien
0.1505297975243245,sarkozy,plus
6.13929740018725,effondrement,pouvoir
4.947464286041265,évidemment,objectif
3.21755344940901,évidemment,absolument
2.5501287884958828,évidemment,immigration
1.0761976001634679,évidemment,plus
-0.054733269662978756,évidemment,bien
10.836791553564046,marchés,financiers
7.555505443174031,marchés,publics
3.408664054844758,marchés,suis
10.389332576592825,payent,plein
6.36696476356437,payent,leurs
8.886832236063643,aggravation,insécurité
8.751902655977535,combien,coûte
11.067404481705463,propres,besoins
3.6069410008664864,vivre,français
7.426886379302598,quoi,sert
4.352395835198013,quoi,veut
2.104958284415236,quoi,faut
1.8104707176184114,quoi,faire
1.3711323977796006,quoi,dire
12.974295077313982,carte,vitale
9.804370075871667,carte,identité
10.726367563870394,etats,unis
9.014937061811327,joue,rôle
10.868095673482056,religion,chrétienne
9.730592149732121,religion,musulmane
5.006862939770407,aimerais,bien
7.897479480263149,résoudre,problèmes
7.003177348348851,résoudre,problème
5.135091289217035,rapport,entre
6.1225460358979245,serai,candidat
4.429330644524745,quelqu,dont
7.2585237054168985,considère,étant
8.496247780509334,maîtrise,frontières
3.4729001655729927,preuve,ailleurs
8.502168385828318,jour,lendemain
8.093283113531067,mouvements,politiques
14.974295077313982,karl,marx
12.45972190448422,arabe,députation
11.59578345406025,cure,austérité
9.678653673946894,second,tour
9.09982595939784,tirer,conséquences
10.623797830229847,délinquants,criminels
13.974295077313982,gaudin,pacha
8.004668726357497,essayer,empêcher
7.91720588510716,essayer,sauver
11.514863458676682,aide,médicale
6.371905504834642,aide,sociale
5.281776436544002,pourrais,faire
11.362860365231635,idéologie,ultralibérale
6.5934732933730515,demi,voix
4.547436311784615,pourrait,faire
2.371132397779599,pourrait,dire
6.242976046288918,euros,dette
6.124331549790295,euros,mois
2.4302161039164556,occurrence,crois
9.24637462275078,financement,public
9.858817859894046,intelligentes,frontières
11.858817859894046,cures,austérité
6.944547733919929,2002,avais
8.158378141752952,maitrise,frontières
13.336865156698689,valse,étiquettes
5.348586234249515,route,front
9.340089057572976,élections,générales
9.05058244037799,élections,présidentielles
8.275958720153259,élections,législatives
8.275958720153259,élections,régionales
7.9250515582941325,élections,européennes
7.465619939656834,élections,municipales
7.3400890575729765,élections,cantonales
0.5653019979718046,élections,bien
8.569626551418683,père,mort
9.291133350604722,automatique,nationalité
8.777897864510479,grandes,villes
8.7454763868181,grandes,écoles
7.915401388260413,grandes,institutions
7.713767527090763,grandes,économies
7.706406822139506,grandes,entreprises
12.237329483147775,syndic,faillite
7.799369394813299,lutte,contre
13.014937061811327,eglise,catholique
9.729534842949079,commissaire,européen
8.03178057197474,trois,semaines
7.314180302675464,trois,quatre
6.690743654139672,trois,mois
5.464739979250847,trois,jours
2.8208837894761203,trois,plus
8.56490414117628,milliard,euros
8.559257578035135,telle,telle
5.65424671564484,politiciens,français
8.384331895534457,attendez,attendez
3.678143617360041,idée,faut
7.871627916380186,moment,donné
3.7138982119081785,moment,sera
1.8149843370224943,moment,était
0.40943108708703946,moment,bien
13.559257578035137,hénin,beaumont
4.629444393370989,viens,dire
9.056757237505956,révolution,fiscale
6.486901629175007,révolution,française
9.136351835422952,suppression,aide
8.432553105191946,suppression,impôt
8.399386241256748,suppression,double
13.974295077313982,saddam,hussein
6.40022721769612,près,loin
5.845012060369013,près,milliards
5.836450046865586,près,millions
11.014937061811327,philippe,villiers
5.126193812913069,groupe,front
10.478884161571118,caméras,télévision
14.974295077313982,dalil,boubakeur
5.764570960996259,probablement,probablement
8.617645603248254,hommes,politiques
7.341703713635072,hommes,femmes
7.904621549507169,sens,terme
6.145629649010965,sens,projet
8.751902655977531,joué,rôle
11.166940155256377,connu,gaullistes
7.079477314006036,connu,parti
4.504362599241226,voit,bien
3.259906442238794,voit,ailleurs
11.974295077313982,juge,instruction
10.27385535917289,juge,libertés
8.675087058926701,processus,démocratique
8.829070516499991,monnaie,forte
8.652913561346164,monnaie,unique
8.466500437115284,monnaie,commune
6.9790544423083904,monnaie,nationale
4.85506572503294,monnaie,économie
8.81442374053559,préférence,nationale
5.364911104796397,presse,française
6.804370075871667,rentrent,france
5.025441188601771,passage,ailleurs
13.974295077313982,goulots,étranglement
7.030043954201533,algérie,française
5.475778250703296,algérie,gouvernement
9.572196633742632,secrétaire,général
7.886832236063642,secrétaire,parti
8.652366982426619,huit,jours
5.1264547216832685,passe,aujourd
7.040463938887182,vote,étrangers
6.3939318111646415,vote,public
4.641587143673375,lorsqu,était
9.149866641897436,jeunes,filles
3.687159891227278,jeunes,gens
11.137793809596857,conseiller,régional
8.648365051869124,bruxelles,paris
4.568444498881528,morale,politique
8.897479480263149,fond,commerce
5.389332576592825,fond,choses
7.576976973476853,construction,européenne
5.65424671564484,gouvernants,français
10.929900957955528,moralisation,publique
8.49451481328488,1957,premier
2.536023021189152,justement,politique
7.138455196403324,résultat,élections
6.1325997005618476,rien,voir
5.434490042212664,rien,change
5.385580441731717,rien,extraordinaire
3.737882185662599,rien,surtout
2.62713512015506,rien,savez
2.5655979113463623,rien,dire
2.5577614171143974,rien,puisque
2.4407219959241804,rien,rien
2.111851435101684,rien,faire
1.016346632066,rien,suis
0.3266867526781496,rien,plus
-0.06727852298209314,rien,bien
8.929900957955528,vendre,chômeurs
7.208760330951003,arrive,tête
5.149866641897436,arrive,situation
4.461225495074613,arrive,pouvoir
8.613813741657227,taux,intérêt
5.480217315869792,programme,celui
4.737151522167171,programme,front
11.929900957955528,fondamentalistes,islamiques
10.80437007587167,ancien,officier
7.2559334511756255,ancien,ministre
7.8364500468655915,député,européen
6.383084428927647,député,socialiste
3.2757350923911126,député,français
6.2831331727609,défendre,intérêts
6.209423486577888,défendre,intérêt
3.067404481705463,défendre,france
2.6542467156448435,défendre,français
4.084030800292872,désir,bien
10.483969450730898,région,parisienne
5.056028118221416,région,monde
10.734829142618592,donnent,instructions
4.8891546156122185,liste,front
10.429974561090171,lionel,jospin
9.27797146764512,médicale,etat
3.741208055181298,continuer,faire
8.707508536619079,rendent,compte
9.308959160128804,trésor,intérêt
10.126298170759028,pupille,nation
4.311745373758411,signale,ailleurs
7.166940155256377,allons,gagner
6.7822763050210515,allons,vers
5.270775966240919,allons,mettre
3.670818727289898,allons,faire
8.80437007587167,nation,structure
4.819476968261876,nation,française
4.007068818477988,cadre,national
10.574364470425348,décisions,prises
8.16897546484514,lutter,contre
7.237329483147775,propre,mouvement
4.503975142533946,propre,pays
8.482441980984307,nombre,actifs
7.745476386818101,nombre,activités
5.946389080744096,nombre,propositions
5.482441980984303,nombre,sujets
5.113208171318588,nombre,services
4.782002262843214,nombre,immigrés
4.709852477087379,nombre,députés
4.6079728630681664,nombre,groupes
4.482441980984305,nombre,choses
4.452694637590255,nombre,responsables
4.14854124443087,nombre,années
4.019735230314147,nombre,gens
4.001315291247691,nombre,conditions
3.7227050791594394,nombre,autres
3.641139727003365,nombre,candidats
3.4235482919307394,nombre,voix
3.263273460522143,nombre,temps
3.14854124443087,nombre,électeurs
2.0121220462042757,nombre,pays
8.707508536619079,république,référendaire
5.511111323815577,république,chef
4.900153614561475,république,démocratie
4.307577929730442,république,française
2.242622487889676,république,président
2.0752403211195656,république,était
0.6869915192785676,république,crois
0.45012069392642573,république,dire
7.599255645967055,obtenir,nationalité
8.877433538061393,toute,série
7.777897864510477,toute,évidence
7.192935363789321,toute,circonstance
6.913959414086504,toute,façon
6.826807464991425,toute,hypothèse
6.25182905284289,toute,petite
4.366471618784011,toute,campagne
3.49991311721071,toute,chose
2.25182905284289,toute,france
5.573415641031797,affaire,affaire
5.025927845729305,affaire,grand
12.099825959397839,bruno,gollnisch
11.152293379291972,bruno,mégret
8.330438887539257,seul,endroit
8.160513886096943,seul,souverain
8.03178057197474,seul,moyen
7.5148634586766825,permettez,rappeler
5.802145410757156,permettez,aphatie
4.586756377158471,permettez,hein
3.842438116705189,permettez,dire
14.237329483147775,nelson,mandela
8.929900957955526,responsabilité,lourde
10.915401388260413,réserve,légale
12.144220078756295,qatar,arabie
5.564904141176282,adversaires,politiques
10.292471037340237,groupes,politico
8.056757237505956,dramatique,plan
8.396027229166835,sommes,confrontés
7.226102227724521,sommes,arrivés
6.936595610529537,sommes,passés
6.752171039392108,sommes,seuls
6.641139727003365,sommes,obligés
3.4335443075949943,sommes,aujourd
2.9866362930291306,sommes,situation
2.7557822929444846,sommes,pays
1.1841389346208295,sommes,ailleurs
0.430242944504748,sommes,plus
8.274883285857548,importe,quoi
4.565375687198092,importe,pays
9.482441980984309,laisse,développer
12.559257578035137,puissances,financières
3.8618555705324287,ensemble,monde
2.2212873083687352,ensemble,français
7.1769938199203,inquiète,voir
10.53688976500668,dumping,social
11.225356841481698,menti,menti
9.545237107720203,référendum,initiative
8.858817859894042,guerre,civile
8.520704337265744,guerre,mondiale
7.7062599904218185,guerre,irak
5.969294396255615,guerre,libye
5.927474220560988,guerre,algérie
3.780632832231717,guerre,après
3.21755344940901,guerre,entre
2.102560927119079,guerre,était
1.2144068940921464,guerre,dire
12.599899562532482,ségolène,royal
9.443780360615202,aller,emprunter
8.273855359172888,aller,chercher
7.27385535917289,aller,angleterre
6.688892858451734,aller,battre
6.443780360615202,aller,bout
2.214961670119319,aller,plus
12.974295077313982,lieux,saints
9.429974561090171,lieux,publics
12.858817859894046,harlem,désir
9.027876117518822,ores,déjà
9.362860365231635,commis,crime
8.826807464991425,commis,erreur
5.646966994684028,verra,bien
10.751902655977533,origine,immigrée
9.652366982426617,origine,étrangère
5.876262994353455,arrivé,pouvoir
11.447749262818142,chers,compatriotes
8.27385535917289,aura,préparé
5.584556198636996,aura,candidats
5.573415641031797,aura,élus
3.5513893347017955,aura,beaucoup
3.4235482919307394,aura,plus
4.906860716557457,combat,politique
4.571283053738982,simplement,faire
11.652366982426617,conseils,régionaux
11.45972190448422,conseils,généraux
13.974295077313979,regroupement,familial
10.24940231544835,recherche,parrainages
8.605061267648264,doivent,comprendre
7.042125073257104,doivent,savoir
4.507029184687735,doivent,pouvoir
6.427400617426345,heures,travail
12.09982595939784,traité,lisbonne
8.077458146369384,traité,européen
9.24940231544835,mère,famille
10.201705573417055,majorité,silencieuse
7.616743072695899,majorité,socialo
3.9405509008014814,majorité,français
1.8419560130947232,majorité,bien
8.246374622750782,fraude,sociale
7.755126556851819,temps,antenne
6.340089057572975,temps,coûte
6.027811132719332,temps,temps
4.252626216322637,temps,travail
2.8752030088435703,temps,président
1.9370770339979764,temps,faire
0.9803394972506467,temps,bien
7.763975488278108,responsables,politiques
6.120119298503383,responsables,situation
9.055431840039386,nombreuses,années
4.010820953339092,immigrés,france
3.388497925114013,immigrés,pays
10.799924170840479,soyons,sérieux
4.741208055181298,tenter,faire
7.879777478529693,monde,entier
6.709852477087379,monde,arabe
5.544334577167845,monde,sait
4.5636317362363314,monde,compris
1.3562155224726773,monde,pense
1.247509263030178,monde,était
1.0931811166388847,monde,faut
1.0317805719747426,monde,france
0.7986935498420564,monde,faire
0.5789216072609307,monde,bien
9.688892858451734,lois,appliquent
4.040768337040204,consiste,faire
9.314497343670237,disposer,mêmes
11.144220078756295,bout,souffle
9.237329483147775,bout,logique
10.207582139753722,bâtiments,publics
7.2831331727609,suis,attachée
7.2831331727609,suis,opposant
7.283133172760897,suis,désolée
7.102560927119079,suis,sûre
6.868095673482058,suis,optimiste
6.868095673482056,suis,heureuse
6.631056476181202,suis,allée
6.390048376677409,suis,convaincu
6.2831331727609,suis,exprimée
6.2831331727609,suis,pupille
6.2831331727609,suis,xénophobe
6.283133172760898,suis,fier
6.0607407514244525,suis,fanatique
6.0607407514244525,suis,prêt
5.868095673482056,suis,leader
5.868095673482056,suis,resté
5.842560581374915,suis,hostile
5.698170672039746,suis,défenseur
5.698170672039746,suis,modeste
5.698170672039746,suis,partisan
5.408664054844758,suis,favorable
5.195670331510559,suis,présidente
5.167655955340965,suis,désaccord
5.0607407514244525,suis,inquiète
4.868095673482056,suis,candidate
4.219002835341181,suis,seule
4.101803408046333,suis,accord
3.9977309538986514,suis,député
3.5826934546198057,suis,totalement
3.5489446632652673,suis,assez
3.5461675785946944,suis,esprit
3.528245670597432,suis,avis
3.1956703315105592,suis,tête
3.1835974992099842,suis,homme
3.113208171318588,suis,quelqu
3.1132081713185844,suis,seul
2.890815749982142,suis,candidat
2.8737422366231975,suis,contre
2.8737422366231957,suis,train
2.780632832231717,suis,absolument
2.7132775644299514,suis,liberté
2.710243504340319,suis,premier
2.328936862374025,suis,petit
2.233284623310336,suis,président
1.8128132379808655,suis,campagne
1.780632832231717,suis,parti
1.2775086235670194,suis,certain
0.9255811681428163,suis,monde
0.5919712682078178,suis,suis
0.07124487821489467,suis,ailleurs
0.021978500145326763,suis,français
-0.9742546699317494,suis,dire
-1.097688611180029,suis,plus
9.118684986649152,économiques,sociales
8.884813068426986,nobel,économie
7.125324457634646,lors,élection
2.9236905964649953,présidentielle,pense
1.4094310870870395,présidentielle,bien
8.555505443174031,question,posée
5.737882185662599,question,pose
5.729534842949079,question,savoir
5.044543523896651,question,excusez
3.6106469973664908,question,question
1.6013091327871543,question,suis
0.5176839777390647,question,bien
10.684788460118998,semaine,prochaine
6.355450775547327,bureau,politique
10.96431098874136,plateaux,télévision
4.977115596376359,savons,bien
9.09982595939784,extrêmement,difficiles
8.707508536619079,extrêmement,claire
6.890372593768891,extrêmement,grave
8.965176432703057,deuxième,tour
6.2585237054168985,deuxième,position
6.0123631181474995,deuxième,guerre
8.174114188144113,pris,risques
7.911079782310317,pris,décision
6.976174810532205,pris,charge
6.589151687422955,pris,mesure
4.571283053738986,voulait,faire
9.707508536619079,intervention,syrie
12.014937061811327,monnaies,nationales
6.734829142618592,actuellement,train
14.559257578035139,sonnette,alarme
10.389332576592826,prix,nobel
9.652366982426619,prix,pompe
8.80437007587167,prix,essence
8.652366982426619,prix,pétrole
11.877433538061393,aspect,symbolique
5.330438887539257,réalité,face
5.160513886096945,réalité,fond
3.5702179410727464,réalité,problème
5.506689527230986,important,celui
3.8832270600537253,propositions,faire
5.857951116076512,bataille,politique
10.94454773391993,bompard,bompard
6.637416640960648,vivons,aujourd
12.389332576592825,témoin,assisté
13.067404481705463,prélèvements,obligatoires
8.716069310949806,élection,présidentielle
8.184218146688213,élection,législative
6.068740929268277,élection,françois
3.719332097958807,élection,président
13.751902655977531,small,business
12.237329483147773,mosquées,cathédrales
4.5461675785946944,mosquées,suis
8.997015153814063,présenter,candidature
6.117696636236529,présenter,élections
13.751902655977531,giscard,estaing
5.775440818714957,crise,économique
6.696620220476344,sera,présent
5.31415058365393,sera,probablement
4.111657719755186,sera,candidat
2.345545779929463,sera,plus
8.927474220560988,européenne,construite
4.840011379310649,européenne,train
7.7344755842193464,président,république
7.5094090285845745,président,sortant
6.117091605805815,président,groupe
5.076449621308468,président,conseil
3.6910551075777107,président,front
3.6025184329760584,président,chirac
3.1170916058058147,président,candidat
2.0664655327358474,président,sarkozy
5.198959151417089,écoutez,bourdin
4.719791314718533,écoutez,simple
4.360710221413704,écoutez,aphatie
4.28915696038867,écoutez,sens
3.354610021877285,écoutez,vais
2.9930548528692125,écoutez,abord
2.722931022249096,écoutez,voilà
2.5521913662224627,écoutez,suis
2.508643650549706,écoutez,vrai
2.2228362534350303,écoutez,crois
2.058477927867262,écoutez,aujourd
1.8129007191100115,écoutez,pense
1.1348288139973768,écoutez,faut
0.298641209732061,écoutez,bien
4.482441980984309,histoire,france
3.59708454692543,histoire,pays
7.177714626850554,aucun,résultat
6.4840458666868965,aucun,sens
6.209423486577888,aucun,rapport
5.995298681225041,aucun,intérêt
5.619127541553693,aucun,problème
4.787768108534541,explique,faut
8.822291983868933,derniers,jours
6.237329483147777,budget,milliards
8.379348488020204,avons,exporté
7.794385987299046,avons,versé
7.642382893853997,avons,subi
6.642382893853997,avons,intervenir
6.472457892411683,avons,payé
6.379348488020204,avons,gagné
5.876848147491019,avons,places
5.642382893853998,avons,perdu
5.5719935659626,avons,proposé
4.67890876987911,avons,élus
4.409722137063721,avons,armée
4.2638712706002675,avons,moyens
3.538046234039262,avons,candidats
3.4565163485426638,avons,mêmes
3.3003971466253788,avons,millions
2.9371261594151257,avons,plus
2.8874953916905266,avons,jamais
2.8479670275038895,avons,déjà
7.183946580562067,sert,rien
3.6548738380371955,sert,plus
5.371080872036604,ayons,plus
7.485116115282631,répondu,question
2.820883789476122,pratiquement,plus
10.500363888981571,apporte,solutions
7.307775167414926,argent,public
1.6759460616557966,argent,bien
12.974295077313982,gaïa,intervenus
7.9714800617069255,changé,avis
3.6469295653480405,ailleurs,appelle
3.5818345371261557,ailleurs,voit
3.3777429325326533,ailleurs,faudrait
2.844868942959952,ailleurs,plan
2.6194488289259343,ailleurs,étais
2.4245371440115946,ailleurs,façon
2.408769828153277,ailleurs,seule
2.2920868479879424,ailleurs,raison
2.2493372005286076,ailleurs,hein
2.1379159178601803,ailleurs,déjà
2.1249768621526854,ailleurs,avais
1.972329852142206,ailleurs,moment
1.9127410558524076,ailleurs,assez
1.7724604474319001,ailleurs,trouve
1.6820333663039584,ailleurs,savez
1.612659663263294,ailleurs,vrai
1.4729001655729945,ailleurs,beaucoup
1.4404786878806135,ailleurs,chirac
1.3549029561745414,ailleurs,enfin
1.238844826710963,ailleurs,faut
0.9267072350164121,ailleurs,certain
0.7524226941953565,ailleurs,avons
0.7151010679896181,ailleurs,était
0.7131632637481289,ailleurs,autres
0.5492446874850678,ailleurs,crois
0.5400143614315311,ailleurs,avait
0.3931729731022564,ailleurs,suis
0.23102532225166428,ailleurs,politique
0.14769693865277134,ailleurs,gens
0.08684173326591704,ailleurs,pense
-0.03345250045179782,ailleurs,plus
-0.05564274008586523,ailleurs,faire
-0.12295065129089977,ailleurs,pays
-0.42741777611204057,ailleurs,bien
-0.494981059924676,ailleurs,dire
-0.6507509832926424,ailleurs,français
4.103673490456526,hein,veux
2.788800153103116,hein,voilà
1.9376635390175956,hein,faut
9.142610825894634,soient,claires
4.873807939601228,soient,gauche
2.069911337316036,soient,plus
6.643378199199365,succès,candidat
13.237329483147773,bachar,assad
8.176993819920302,solidarité,nationale
3.212743844869502,laquelle,était
5.938121464760496,jospin,chirac
3.0607407514244507,jospin,était
3.5611373112533613,sondages,français
3.5387405606946256,sondages,crois
7.9519272642855245,éducation,leurs
7.81442374053559,éducation,nationale
8.7454763868181,victimes,victimes
9.078669307801276,baisser,salaires
3.741208055181298,laisser,faire
8.956868005555798,rendu,public
14.559257578035139,aversion,viscérale
8.858817859894042,peuple,libyen
7.4665004371152826,peuple,souverain
5.30127018449825,peuple,français
5.081836586879961,peuple,libre
4.128630798358902,peuple,peuple
2.808288954363489,peuple,soit
0.670641153895513,peuple,plus
0.27667587823526674,peuple,bien
7.344938457234372,pèse,ensemble
10.419706225636343,libre,échange
9.589631227078657,libre,circulation
7.282202701886407,libre,entreprise
9.27385535917289,forces,ordre
6.356317519364861,forces,politiques
7.73708511655896,puisque,définition
5.76565426875573,puisque,père
4.398283203107198,puisque,sommes
4.017193035751696,puisque,rappelle
4.017193035751692,puisque,avais
3.966566962681725,puisque,avons
3.285389146701265,puisque,gouvernement
2.661317608940994,puisque,europe
2.133386053256217,puisque,suis
0.46479839748696605,puisque,bien
2.7993693948133043,exemple,voilà
9.948759985206841,créent,emploi
8.019452542933818,strictement,rien
6.051462937836442,porte,monnaie
2.614545516991649,porte,bien
7.075441800770879,extrême,gauche
3.090156364002368,agit,faire
2.2357805448847134,agit,dire
1.7183813279761928,agit,bien
7.330438887539257,payé,milliards
7.512133665921111,partout,partout
6.597084546925428,culture,française
8.477108536681268,réglera,problème
8.929900957955526,lourde,responsabilité
5.1514587278131625,national,monter
3.8144237405355916,national,arrive
3.784676397141542,national,revanche
3.007068818477988,national,rappelle
2.759141305034399,national,sera
2.538299335261353,national,veut
2.5290215216733447,national,aura
2.516743191894907,national,part
2.3993862412567495,national,aurait
2.2294612398144302,national,avait
1.8371438170356704,national,gens
1.820070303676733,national,contre
1.753727808848037,national,conséquent
1.4451899308698728,national,était
1.3549921218982952,national,beaucoup
1.188714897471126,national,front
1.1562122577837997,national,soit
0.9689336895912142,national,pense
0.7939067231950787,national,crois
0.6559943779311048,national,plus
0.4546741802132601,national,bien
0.29086178447857947,national,faut
0.18749794671074582,national,ailleurs
14.974295077313982,quartier,latin
8.419706225636343,coûte,cher
4.008510792651894,coûte,plus
8.292471037340237,petits,groupes
8.14457234222792,petits,enfants
10.704834402320753,candidature,arabe
9.845012060369015,ville,toulon
9.974295077313982,portugal,grèce
14.974295077313982,mantes,jolie
4.523656577134689,existe,entre
3.6194685019059936,existe,plus
9.524611435228245,nulle,part
8.075915981560978,quelques,semaines
7.32187687403583,quelques,centaines
6.923912888115929,quelques,jours
6.71780555036697,quelques,mois
5.409439905920671,quelques,années
3.7465645433483914,quelques,autres
3.5241721220119473,quelques,temps
3.342461206191926,quelques,millions
0.7775563578120206,quelques,plus
4.794201746823617,enfin,veux
4.25088694346095,enfin,écoutez
3.612594940333672,enfin,petit
3.352472129919777,enfin,sais
2.8185984011310836,enfin,sommes
2.4846422093666742,enfin,problème
1.7213011997761711,enfin,pense
1.016044465337302,enfin,plus
0.9613117326588743,enfin,crois
6.518967857009418,place,protectionnisme
5.738280885413895,place,conditions
6.83286013511368,classe,politique
6.660404301492038,gauche,exclusivement
5.660404301492036,gauche,extrême
3.9879789595205413,gauche,parti
3.7178897961527966,gauche,puis
3.591626023506624,gauche,gauche
2.977409717810355,gauche,pouvoir
2.4485160069460328,gauche,ailleurs
1.7918903775965696,gauche,crois
0.3006547411697085,gauche,bien
9.777897864510479,niveau,exigence
5.5036362032534285,niveau,économique
7.062071037402422,vaste,problème
6.774622732477617,gens,rentrent
6.359585233198775,gens,parlent
6.359585233198775,gens,riches
5.900153614561477,gens,sentent
5.704233404586217,gens,condamnés
5.526695219034028,gens,travaillent
5.315191113840319,gens,aient
5.013810396357041,gens,viennent
4.774622732477617,gens,banlieues
4.730228613119161,gens,savent
4.334050141091634,gens,veulent
4.251060776420603,gens,avaient
4.238569832237406,gens,disent
3.687159891227278,gens,jeunes
3.130766542702892,gens,peuvent
2.8465156509594003,gens,pouvoir
2.370900546426606,gens,pendant
1.8757694559345168,gens,gauche
1.814620800409532,gens,dont
1.1747098902904902,gens,aujourd
1.1489138894131514,gens,front
0.900153614561475,gens,beaucoup
0.5749503876412518,gens,gens
0.39380094853668624,gens,plus
0.3716107089026188,gens,faire
0.22222809421288758,gens,bien
7.555505443174031,jouer,rôle
8.214961670119319,venir,soutien
8.12185226572784,venir,soutenir
6.144572342227921,venir,chez
2.951927264285528,venir,france
5.979941640455122,voté,contre
7.088598703974585,activité,économique
7.038311570185137,disent,administration
5.686198030373667,électeurs,doivent
4.014685497696076,électeurs,front
3.7415410642174436,électeurs,gauche
2.0573115732576106,électeurs,français
12.559257578035139,bombe,atomique
13.559257578035133,kosciusko,morizet
6.961577434319244,autres,mouvements
5.961577434319244,autres,domaines
5.083749304313187,autres,candidats
4.639649339431884,autres,partis
4.507199043408233,autres,raisons
4.372269463322127,autres,pays
2.9250515582941325,autres,choses
2.362809134073057,autres,gens
1.1502644986929589,autres,bien
1.079561507349755,autres,pense
0.8087075970566637,autres,politique
0.7131632637481289,autres,ailleurs
0.08270121488032345,autres,dire
6.246752737034402,partie,population
3.951869465161268,partie,entre
3.0064384077006885,partie,gens
6.831337123471938,étais,invité
4.644338608670681,étais,contre
1.4505153395310089,étais,plus
6.652366982426617,banque,france
6.797706345590658,était,trompé
5.382668846311816,était,prévu
5.2127438448695,était,venu
4.747080272520689,était,faite
4.560667148289806,était,échec
4.060740751424451,était,villiers
3.7224182182864194,était,bonne
3.319659048786015,était,ministre
2.7102435043403172,était,premier
2.5901109261822928,était,première
2.2831331727609,était,homme
2.2831331727609,était,milliards
2.212743844869502,était,candidat
2.201339081597254,était,accord
2.1704330400115346,était,assez
2.073679807131949,était,déjà
1.5552127181977013,était,président
1.5070291846877346,était,pouvoir
1.1956703315105628,était,contre
0.6508649572613834,était,était
0.3931729731022564,était,ailleurs
0.2453117073259321,était,bien
0.13474133286823076,était,pays
-0.36072301701382514,était,plus
7.466500437115284,augmentation,impôts
10.035695621978126,etant,entendu
3.8360232771417593,revanche,faut
3.253385829366847,revanche,suis
9.877433538061391,dieu,merci
9.640394340760544,dieu,prête
5.939954622619453,dieu,sait
8.356317519364861,totalement,faux
4.864464423035187,totalement,contre
5.291300493632297,arriver,pouvoir
6.0942014102039614,delà,certain
8.4217540542852,perte,souveraineté
8.237329483147775,perte,indépendance
5.046187995795767,perte,pouvoir
12.65236698242662,circonstance,aggravante
5.205874419496817,responsable,politique
7.858817859894046,charge,fiscale
6.4665004371152826,charge,etat
8.740675400554279,revenu,impôt
8.301869735342482,revenu,travail
11.379348488020202,nord,calais
5.092416369713536,tiens,dire
4.677378870434694,tiens,voilà
6.979941640455124,contre,ententes
6.757549219118678,contre,intervention
6.65801354556776,contre,terrorisme
6.564904141176278,contre,discrimination
6.449426923756345,contre,corruption
5.195670331510561,contre,mariage
5.062403800647095,contre,insécurité
4.792314637279352,contre,socialistes
4.529280231445556,contre,chômage
4.219129304334549,contre,concurrence
3.52415779883297,contre,front
3.1054725225389817,contre,toute
2.81001663901281,contre,immigration
2.4016737923079763,contre,europe
0.9799416404551238,contre,france
8.986367909614556,décision,prise
3.884918163676783,semble,président
6.4054522419561,voter,socialiste
5.166940155256379,voter,candidat
4.652366982426619,voter,chirac
10.443780360615202,listes,électorales
9.067404481705463,mettrais,place
8.228564738284334,pouvoir,achat
5.876262994353455,pouvoir,socialo
5.586756377158471,pouvoir,relancer
5.402331806021044,pouvoir,résoudre
4.13929740018725,pouvoir,défendre
2.9800988053379953,pouvoir,mettre
2.865568393557215,pouvoir,faire
2.4687591677600196,pouvoir,enfin
0.9408032465481639,pouvoir,dire
11.514863458676686,neutralité,religieuse
6.272988615355356,neutralité,politique
13.974295077313982,goulot,étranglement
11.026762497208114,socialo,communistes
10.84876419523012,socialo,communiste
10.067404481705463,règle,générale
4.272988615355358,règle,politique
7.6705143291368785,vais,apprendre
7.642499952967279,vais,répondre
6.223055352165657,vais,donner
4.9677153381218595,vais,dire
4.5113157342876224,vais,mettre
3.65981972834064,vais,faire
5.412476788048453,gouvernements,gauche
3.7282472970886165,gouvernements,français
9.58579936548763,radio,télévision
6.705948022631464,déjà,nombreuses
6.635558694740064,déjà,condamnés
6.29091052335262,déjà,considérable
6.29091052335262,déjà,perdu
5.857951116076514,déjà,largement
4.730195568878141,déjà,bonne
4.344179663212309,déjà,certain
3.6939753809653872,déjà,années
3.081457157723671,déjà,déjà
9.389332576592825,dissolution,assemblée
7.503975142533948,pays,émergents
6.2815827211975,pays,moderne
6.2815827211975,pays,voisins
6.088937643255104,pays,respectent
6.079477314006036,pays,européens
4.5970845469254265,pays,musulmans
4.200194394356846,pays,étrangers
3.883388732082068,pays,monde
3.4816073295054917,pays,européen
3.4165123012836087,pays,lequel
3.158200305692219,pays,parait
2.9961805023352515,pays,mêmes
2.9596546263101384,pays,près
2.6295060246178057,pays,union
2.1030957062517643,pays,millions
2.0777103878318464,pays,europe
2.0363695924509493,pays,ecoutez
1.5439732104658646,pays,dont
1.4983505933400707,pays,certain
0.9804131864769339,pays,faut
0.9515805042692165,pays,bien
0.9090285532401694,pays,avons
0.708115859314173,pays,plus
0.6295060246178075,pays,beaucoup
0.3043027976975843,pays,gens
-0.10150437552772118,pays,crois
-0.18718676201913453,pays,suis
5.871881894597671,aujourd,ultralibéralisme
5.204457233684543,aujourd,salariés
4.17798502232335,aujourd,clairement
2.964991298989151,aujourd,situation
2.584305304501086,aujourd,euro
1.7794356458330753,aujourd,avons
0.9040623003468227,aujourd,pays
0.7894197344056977,aujourd,france
0.6832203305737714,aujourd,suis
0.40859795046476677,aujourd,plus
7.8088297240623685,création,emploi
8.19293536378932,coûté,milliards
4.428365308228512,pense,honnêtement
4.1591786754131235,pense,faudrait
3.7830301895278744,pense,pourrait
3.5121336659211106,pense,seule
3.3798667905373243,pense,électeurs
3.3601305724760557,pense,faut
3.211267186561578,pense,mesure
3.1694470108669517,pense,rôle
2.7441411761342813,pense,surtout
2.5572630414107724,pense,grande
2.0382024775886975,pense,pense
1.9858470725275623,pense,président
1.9790579068649237,pense,puisque
1.862018485674703,pense,rien
1.85578653196319,pense,avons
1.7595712167038862,pense,gouvernement
1.6157354441302338,pense,pouvoir
1.5901163782251224,pense,français
1.5762640033408246,pense,beaucoup
1.4595262397149753,pense,évidemment
1.2931054786180383,pense,certain
1.2708240312420322,pense,sarkozy
1.1138546849036324,pense,aujourd
0.9291326815332397,pense,gens
0.673021184747455,pense,front
0.5018792325447592,pense,ailleurs
0.344533717425044,pense,était
0.128805026369605,pense,france
-0.06101953251041081,pense,bien
-0.2520167575713259,pense,plus
6.436170827054074,insécurité,chômage
14.144220078756295,inter,lgbt
5.512133665921112,entendu,parler
8.260049559647857,mouvement,populaire
4.34337794324675,mouvement,politique
12.27385535917289,acquisition,automatique
8.599255645967057,acquisition,nationalité
7.645824136559845,partis,politiques
8.068740929268277,partir,moment
6.927474220560988,pire,jospin
8.599255645967055,double,nationalité
8.576264003340828,double,peine
12.777897864510477,dossier,complémentaire
7.389332576592826,made,france
3.256047629090361,emploi,pays
2.7263675638703972,emploi,france
11.450733121256967,logements,sociaux
7.262341371155848,dirigeants,européens
5.8473038718770045,dirigeants,politiques
11.311330064591552,maintient,territoire
8.156956066683756,population,mondiale
11.751902655977535,meilleur,score
8.18966023175646,meilleur,candidat
9.889191508937564,salaires,manuels
7.545237107720201,salaires,travailleurs
6.448121907800429,adhérents,front
11.13299282333304,impôt,successions
10.740675400554279,impôt,revenu
8.81442374053559,trouve,affreux
8.136351835422952,trouve,choquant
7.81442374053559,trouve,scandaleux
5.9399546226194495,trouve,normal
5.134683015062336,trouve,assez
4.239514904478359,trouve,trouve
2.5249171233406074,trouve,beaucoup
1.7082243367036654,trouve,suis
4.843724514508555,ecoutez,instant
4.595226201832638,ecoutez,vais
4.428687015229711,ecoutez,fais
4.011278611488121,ecoutez,abord
3.4622954078725297,ecoutez,sais
2.808100604777831,ecoutez,crois
2.4004901233990594,ecoutez,suis
1.8311244777289204,ecoutez,pense
9.447252552522007,nationalité,hérite
7.369250040520731,nationalité,française
2.660656190631201,nationalité,faut
7.036816161872036,identité,nationale
6.141405063149238,identité,française
3.9190126418127935,identité,pays
6.399386241256744,répondre,question
8.144220078756295,souhaite,souhaite
8.482441980984307,plutôt,subir
2.2493549588516206,plutôt,faire
8.012363118147498,posé,question
9.886832236063643,travail,manuel
6.38433189553446,travail,famille
8.02231659217692,totale,frontières
10.166940155256377,divers,journaux
13.067404481705463,raconter,histoires
6.605061267648264,personne,parlé
5.265211264763636,personne,parle
4.328936862374025,personne,veut
4.113208171318588,personne,jamais
6.768909081283221,comprends,question
3.997874156543155,comprends,bien
8.506210146917255,modèle,économique
6.39812569505083,choisir,entre
8.466500437115284,ministre,vichy
8.36696476356437,ministre,intérieur
8.366964763564368,ministre,propagande
8.203466031281488,ministre,finances
6.68889285845173,ministre,budget
4.149734047343699,ministre,gouvernement
8.338476206604675,clivage,gauche
9.038311570185137,devait,apporter
11.166940155256375,syndicat,magistrature
10.27385535917289,désindustrialisation,massive
4.059536238372123,sentiment,national
3.364100714321264,savez,rien
3.07722887421302,savez,suis
2.8135482443859416,savez,savez
2.7040971019699427,savez,bien
2.434490042212662,savez,beaucoup
1.2884421427882913,savez,crois
9.305410093047733,fonction,publique
8.924446527863418,droit,asile
7.130897405330847,droit,représentants
7.04474076158113,droit,international
6.808969310443484,droit,vote
5.224006809722326,droit,venir
3.8089693104434836,droit,savoir
2.1652906940631453,droit,faire
1.7259523742243346,droit,dire
1.6194488289259361,droit,ailleurs
5.398125695050831,décider,entre
9.55550544317403,chef,armées
6.7335037451520225,chef,entreprise
6.254335908453465,chef,justice
5.560667148289808,chef,gouvernement
5.275397523981294,chef,parti
5.233577348286667,chef,etat
8.05025717509104,raison,laquelle
7.150338187919246,raison,simple
3.028241711567551,raison,conséquent
8.764841711685031,pouvait,croire
12.09982595939784,xxème,siècle
3.931780691173749,expliquer,français
6.788868982331481,compétitivité,entreprises
6.079477314006038,chez,jeunes
7.05146293783644,autorité,etat
8.237329483147775,milliards,bénéfices
8.149866641897438,milliards,euros
7.989401969704192,milliards,francs
7.652366982426617,milliards,habitants
7.237329483147775,milliards,supplémentaires
5.455969769623115,milliards,économie
5.2831331727609,milliards,intérêts
5.067404481705461,milliards,milliards
13.751902655977533,maurice,allais
5.15624555446014,prêts,faire
13.389332576592825,cartes,vitales
9.055431840039384,dernières,années
6.585201555409508,dernières,élections
8.994648139270149,jacques,chirac
7.575551385375787,amis,amis
5.564904141176282,amis,politiques
3.1839465805620666,donné,faut
2.0350831946475836,donné,dire
9.056757237505956,appareils,politiques
11.559257578035139,points,négociables
10.063402551147966,aides,sociales
8.858817859894046,marché,financier
8.759282186343126,marché,intérieur
11.237329483147775,titre,individuel
9.389332576592825,titre,personnel
9.430767468524746,grande,distribution
9.358358972996692,grande,bretagne
9.040183012970434,grande,finance
8.402753092355148,grande,mosquée
7.3323637644637465,grande,puissance
7.315290251104809,grande,considération
7.2195312682993755,grande,partie
10.263324691680717,ouverture,totale
6.984348741977906,ouverture,frontières
6.937938277020944,ouverture,gauche
8.509409028584576,flotteur,droit
10.564904141176278,partenaires,européens
7.160513886096945,contraire,contraire
9.614399132227598,grands,groupes
9.429974561090171,grands,patrons
8.94454773391993,grands,projets
7.845012060369013,grands,parents
6.466500437115284,grands,partis
5.981073609945042,grands,choix
5.944547733919929,grands,sujets
7.552612735276179,tiers,monde
6.4192799602939346,souci,faire
9.069496860666701,protection,sociale
13.144220078756295,candidatures,fantaisistes
5.7075085366190805,sais,combien
5.1656147577898075,sais,rien
4.3210917152800015,sais,quoi
3.9602746069990467,sais,jour
2.8855068385970757,sais,sais
2.5701513976331967,sais,bien
1.6693734077323086,sais,pense
1.2387390534024476,sais,suis
0.9093839406150153,sais,crois
0.6725131152628769,sais,dire
3.7667214449032524,pensent,français
13.237329483147775,collectivités,territoriales
6.886243020192316,entrer,étrangers
4.134741332868231,entrer,pays
7.737882185662599,pose,question
6.244447779890988,pose,problème
6.031780571974743,journal,monde
10.27385535917289,communistes,verts
10.84876419523012,niche,fiscale
9.548030322611883,niche,copé
13.33686515669869,utopie,européiste
12.974295077313982,plans,renflouement
9.676614528673296,vaut,mieux
8.124629350398413,assez,banal
7.902236929061965,assez,drôle
7.762059271013701,assez,étonnant
7.387663756232207,assez,facilement
6.250160232482273,assez,normal
5.802701255511051,assez,scandaleux
5.186029895062557,assez,simple
3.7209071643474037,assez,accord
0.7648797900760833,assez,bien
13.33686515669869,lire,écrire
7.951927264285526,pensons,seul
13.389332576592825,cumul,mandats
5.716907234621328,voilà,clair
4.790907816065106,voilà,vérité
4.427400617426345,voilà,bourdin
3.8868322360636416,voilà,choses
3.794075095143789,voilà,choix
3.371132397779599,voilà,voyez
2.9443177307244017,voilà,veux
2.7993693948133043,voilà,exemple
2.7783077792854733,voilà,pense
2.6032808128893343,voilà,crois
2.221496318878465,voilà,abord
2.1956703315105592,voilà,suis
1.8261363043760888,voilà,conséquent
1.5172348897849623,voilà,gens
0.26404826990751573,voilà,bien
0.044481892649834265,voilà,dire
7.99244242402424,voudrais,rappeler
7.255476829858036,voudrais,simplement
4.590140912672858,voudrais,abord
4.500589327694563,voudrais,dire
2.6116206400833057,voudrais,plus
9.025927845729303,rendre,comptes
8.103930357730576,rendre,compte
11.067404481705461,droits,douane
6.1605138860969415,droits,homme
4.411204757070331,voulez,parler
2.268720283718551,voulez,faire
1.5074538689923784,voulez,dire
1.3119827469712178,voulez,bien
9.014937061811327,toutes,assemblées
7.91540138826041,toutes,circonstances
7.4299745610901695,toutes,qualités
7.014937061811327,toutes,organisations
7.014937061811327,toutes,religions
6.729534842949079,toutes,forces
6.622619639032569,toutes,régions
6.491375105754315,toutes,économies
6.260049559647857,toutes,semaines
5.729534842949079,toutes,lois
5.555505443174031,toutes,conséquences
5.371080872036604,toutes,mesures
3.981514060273879,toutes,entreprises
3.7957685413491653,toutes,élections
6.935985720416506,redonner,peuple
10.463333158036601,paris,1957
2.536543004990378,paris,bien
8.482441980984307,allez,vendre
6.714888066984674,allez,voir
3.5469822331790173,allez,dire
7.961205077873537,après,midi
5.265211264763636,après,demain
5.195670331510559,après,guerre
4.063964652298738,après,autres
3.8128132379808672,après,sera
6.857951116076512,mènent,politique
8.399386241256748,unité,nationale
11.389332576592825,zone,interdite
8.599255645967055,zone,euro
6.239209216365998,français,souche
6.083090014448713,français,sachent
5.0219785001453285,français,doivent
4.739135613231351,français,savent
4.583857387753442,français,rendent
4.391212309811047,français,musulmans
4.313209797809774,français,travaillent
4.239209216365998,français,origine
4.2212873083687334,français,payent
3.3516839456244103,français,pensent
3.3132097978097743,français,étranger
3.2599677765327897,français,soient
3.050175391975978,français,veulent
2.917281121478638,français,ainsi
2.747356120036322,français,peuvent
2.7031563161257885,français,disent
2.678494261891519,français,dirais
2.60113537918528,français,compris
2.480763894789341,français,abord
2.4526128544751913,français,avaient
2.4526128544751913,français,notamment
2.2212873083687352,français,vois
2.1517463751156605,français,train
2.006548459575722,français,jour
1.9852199501352068,français,droit
1.6784942618915188,français,part
1.6303999736904728,français,voyez
1.5058548757521706,français,nicolas
1.468380170333507,français,peuple
1.2850129059791229,français,après
1.2414651903063643,français,puisque
1.1017056926160649,français,toute
1.0935317611703645,français,ecoutez
1.0753080025514556,français,écoutez
0.8958013940681866,français,savez
0.7187869678395487,français,voilà
0.7156472603089838,français,pense
0.7038880914602146,français,bien
0.6926233873578944,français,crois
0.6750052758116354,français,faut
0.6011353791852798,français,dont
0.5838573877534401,français,avait
0.5630170444715823,français,français
0.5555127620594824,français,certain
0.5004413795658067,français,conséquent
0.4631052282928323,français,pouvoir
0.3179633277804115,français,soit
0.2850129059791229,français,suis
0.10170569261606488,français,beaucoup
0.021978500145326763,français,était
-0.07910762496898727,français,pays
-0.18225455207228336,français,plus
-0.42683721304279487,français,faire
-0.6507509832926424,français,ailleurs
7.592752126129396,police,justice
7.205008196089896,présidente,république
5.846085893720332,présidente,front
3.072003716277278,savoir,président
2.1676559553409636,savoir,était
2.133877741431686,savoir,faire
8.921597654224314,causes,chômage
8.067404481705463,essaie,donner
5.15624555446014,essaie,faire
9.178698126132547,baisse,salaires
5.988453140310639,semaines,quelques
13.751902655977533,cancer,prostate
8.440893237296478,mise,œuvre
7.825329694507316,mise,place
7.592896330741528,mise,concurrence
6.73801507333744,simple,bonne
3.783853058531154,crois,contraire
3.4512777194442847,crois,pire
3.253338341832377,crois,honnêtement
3.181188556076542,crois,objectif
3.172418346448808,crois,peur
2.984151709016988,crois,surtout
2.8452536031952977,crois,justice
2.845253603195296,crois,faut
2.7058505465298843,crois,crois
2.656097511332783,crois,bonne
2.4512777194442847,crois,absolument
2.4302161039164556,crois,occurrence
2.353865217786339,crois,effet
2.083413340390063,crois,aura
2.011263554634226,crois,puis
1.9688849523636769,crois,liberté
1.953778059973466,crois,aurait
1.9314102469450134,crois,savoir
1.8244950430284987,crois,serait
1.7365473437527967,crois,gouvernement
1.6318499650861078,crois,homme
1.610370237675653,crois,savez
1.5387405606946238,crois,choses
1.5191498323367405,crois,assez
1.4943464413361696,crois,beaucoup
1.3763492319377164,crois,enfin
1.2719540199997255,crois,question
1.2700816056669488,crois,certain
1.2055852103840081,crois,sommes
1.2013213840647623,crois,ailleurs
1.129349624556923,crois,situation
1.032532171387878,crois,soit
0.9556577931916905,crois,français
0.7541057151371042,crois,gens
0.596226055355384,crois,monde
0.5912079805887558,crois,france
0.5845442503077507,crois,était
0.4565915193407548,crois,problème
0.2813527180019726,crois,voilà
0.14642313791586403,crois,avait
0.10828800902909208,crois,pense
-0.012006224688619227,crois,plus
-0.3223463453007689,crois,suis
-0.5666441885529778,crois,dire
-0.577603400542845,crois,politique
10.822291983868933,tunisie,egypte
14.974295077313982,cohn,bendit
6.863532148339809,économique,social
6.226102227724523,économique,patriotisme
5.627464790106286,économique,sociale
2.4395058658337128,économique,faut
12.159326971146502,dominique,strauss
12.90718088145544,balance,commerciale
6.636425438557598,choix,économiques
5.865596392525106,choix,choix
4.548962597307259,choix,politiques
4.5341872446268585,choix,entre
4.0972666274495655,choix,gouvernement
2.648450914261442,choix,faire
8.807367285983881,campagne,électorale
6.829375429328117,campagne,présidentielle
5.774622732477617,accueillir,gens
11.65236698242662,esclaves,vendre
3.15624555446014,vient,faire
3.1319447339001716,vient,dire
7.956868005555798,sociale,démocrate
4.187480933697213,sociale,réalité
2.462103313806219,sociale,était
2.307775167414926,sociale,faut
5.845012060369015,empêcher,candidat
5.196583140804467,empêcher,front
5.1447044632079955,viennent,gauche
10.684788460118995,mode,scrutin
5.777897864510475,aime,beaucoup
4.140614328659238,aime,bien
8.804370075871669,nations,européennes
4.067404481705461,indépendance,france
3.767009548367742,indépendance,pays
8.436860946675411,relancer,emploi
8.31846624587318,relancer,économie
9.203906481610325,entreprises,cac40
9.110797077218844,entreprises,allemandes
8.153865799110728,entreprises,françaises
4.4924115749602365,entreprises,entreprises
2.0555146417176537,entreprises,pays
4.899113084375088,hollande,nicolas
3.926489523306394,hollande,sarkozy
14.559257578035137,steeve,briois
4.873632738308782,vois,quoi
1.859658014828181,vois,bien
2.9366794905865863,voir,gens
8.062403800647095,train,préparer
6.948232780727784,train,passer
6.2537024528819725,train,mettre
3.068782713209801,train,faire
2.307516298483627,train,dire
9.301869735342486,personnellement,conteste
4.543842525648451,personnellement,pense
7.717955324054197,fiscale,copé
4.459617546638258,voix,front
4.281195368519409,voix,élections
3.130766542702892,voix,gens
1.1406143286592396,voix,bien
4.166850705211962,accord,accord
3.7313691031660277,accord,entre
3.6879298419011306,accord,ecoutez
2.2870214680886605,accord,crois
1.9436470974381237,accord,ailleurs
6.576976973476853,constitution,européenne
9.55550544317403,armées,chef
10.356911098900445,conseil,constitutionnel
9.356911098900445,conseil,régional
7.878370657315443,conseil,administration
7.402271632300321,conseil,général
5.997015153814063,conseil,etat
10.652366982426617,frères,musulmans
3.421585958854566,achat,français
8.330438887539257,peuvent,compter
3.249354958851619,peuvent,faire
2.4880885441254463,peuvent,dire
3.0994417700455497,souvent,ailleurs
8.301869735342486,cause,principale
8.077458146369384,sait,pertinemment
3.7945241830978844,sait,bien
1.8144237405355916,sait,france
1.4336019565946607,sait,plus
9.14140506314924,grand,patronat
7.334050141091634,grand,groupe
7.0940993483708805,grand,danger
6.787768108534539,grand,succès
6.667473874816828,grand,père
6.404439468983034,grand,mouvement
5.44838281657063,grand,chose
4.456906888877166,grand,nombre
6.361631319261331,traiter,problème
4.532734135515371,rappelle,élections
3.5400143614315294,rappelle,ailleurs
10.195852847171617,tendance,oublier
13.751902655977535,anglo,saxon
7.001474802004765,participer,campagne
9.59347329337305,système,bancaire
8.555998587954386,système,protection
8.214961670119319,système,judiciaire
8.134041674735753,système,électoral
7.856507699206846,système,fiscal
2.0620918328567406,système,politique
10.079477314006038,faux,témoignages
7.7993693948133025,faux,faux
1.8680047807404385,nationale,politique
1.3615647758217797,nationale,bien
3.4192799602939346,devoir,faire
10.974295077313982,chiffres,officiels
8.514863458676684,chiffres,ministère
9.575883896622548,françois,hollande
9.563361976367872,françois,mitterrand
8.017515605913104,françois,copé
5.283133172760898,jours,après
2.2715451984856863,jours,plus
1.8775799228254435,jours,bien
6.228340699920521,faut,anticiper
6.228340699920521,faut,autoriser
5.865770620535811,faut,arrêter
5.524733702700745,faut,oublier
5.450733121256967,faut,rétablir
5.335255903837034,faut,traiter
5.249099260087316,faut,supprimer
5.202805607813383,faut,admettre
5.035695621978125,faut,attaquer
4.9482327807277855,faut,attendre
4.865770620535811,faut,revenir
4.713767527090761,faut,choisir
4.576264003340828,faut,respecter
4.543842525648449,faut,poser
4.496536810870092,faut,demander
4.45073312125697,faut,rappeler
4.391839432203401,faut,changer
4.33525590383703,faut,savoir
4.128805026369607,faut,sortir
4.08149931159125,faut,retrouver
4.035695621978125,faut,laisser
3.991301502619672,faut,régler
3.920218404558188,faut,aller
3.8318232886124726,faut,prendre
3.750293403115876,faut,rendre
3.2571744633109176,faut,faire
3.2490992600873163,faut,parler
3.191998852856795,faut,mettre
3.0451798713215155,faut,bien
2.991301502619672,faut,extrêmement
2.785397204071792,faut,abord
2.737665794788125,faut,dire
2.5121336659211124,faut,soient
2.481106770300487,faut,surtout
1.9482327807277855,faut,absolument
0.4849488365948815,faut,plus
-0.13234964624596657,faut,français
10.149866641897434,crimes,délits
10.96431098874136,chiffre,officiel
6.928687079010638,chiffre,chômage
13.237329483147775,grosse,bœuf
14.559257578035139,cautère,jambe
10.986367909614554,bleu,marine
7.929900957955528,rend,compte
8.308959160128802,présidence,république
9.877433538061393,faits,divers
4.488717306410791,action,politique
7.869259606615692,bonne,nouvelle
7.617720839619729,bonne,direction
7.53911100492336,bonne,volonté
6.206294593893265,bonne,raison
5.398629781373529,bonne,chose
10.33686515669869,petites,communes
7.718479654440083,petites,entreprises
9.21940757515051,remettre,cause
8.182047047646584,veulent,travailler
7.357133754204675,veulent,imposer
7.357133754204675,veulent,vivre
7.195852847171617,veulent,rester
5.195852847171617,veulent,aller
2.493280541737711,veulent,faire
1.5365430049903779,veulent,bien
6.260049559647859,chirac,battu
6.260049559647857,chirac,jospin
4.008510792651894,chirac,voix
2.997015153814063,chirac,avait
2.9870310652414425,chirac,abord
2.6025184329760584,chirac,président
0.2926174221042892,chirac,bien
8.308959160128804,augmenter,impôts
8.726367563870395,face,mondialisation
5.149866641897436,face,situation
6.827938547010074,domaine,lequel
10.559257578035139,bras,corps
8.664439814727192,vice,premier
12.389332576592825,barrer,route
9.878370657315445,dizaines,milliers
7.392466827316957,dizaines,années
6.495413129030524,dizaines,millions
9.127411791069742,hostilité,égard
14.237329483147775,bouches,rhône
9.184218146688213,euro,imploser
6.540361956913486,euro,fort
5.521253133965784,euro,franc
4.261386007210673,euro,monnaie
4.230021836301335,euro,veut
2.584305304501086,euro,aujourd
2.3387280957438357,euro,pense
2.2300218363013364,euro,était
0.9268303039955619,euro,dire
0.8033963627472822,euro,plus
0.40943108708703946,euro,bien
11.237329483147775,secteurs,stratégiques
10.237329483147775,secteurs,économiques
9.362860365231635,pages,faits
9.192935363789323,rendus,compte
6.767009548367742,travailler,veulent
3.049152777149242,travailler,plus
5.745476386818099,dette,milliards
9.514863458676682,chefs,entreprise
7.788868982331483,chefs,entreprises
6.688379169629895,parfaitement,parfaitement
5.842652436699771,parfaitement,accord
7.2194075751505125,parle,journalistes
5.0494825737081985,parle,parle
4.634445074429355,parle,jamais
4.37141066859556,parle,immigration
3.9299009579555264,parle,beaucoup
3.8501737654847936,parle,gouvernement
3.2044572336845416,parle,aujourd
2.4235482919307394,parle,plus
6.3113300645915515,société,française
5.390710808097161,puissent,faire
2.2681828312949293,effet,suis
10.839135494032343,emplois,industriels
10.786668074138209,emplois,aidés
3.616743072695897,emplois,france
9.858817859894046,arme,nucléaire
9.751902655977535,trompé,porte
11.503975142533946,banques,dépôt
10.421754054285202,commission,discipline
9.24940231544835,puissance,moyenne
6.740675400554279,puissance,économique
9.399386241256748,peines,prison
5.676614528673298,celui,porte
3.722418218286421,celui,gouvernement
2.7224182182864194,celui,était
2.635868186329988,celui,front
11.443780360615204,campagnes,électorales
9.067404481705463,donner,parrainage
8.160513886096943,donner,leçons
7.20942348657789,donner,chiffre
5.3018697353424855,donner,exemple
12.559257578035137,milieu,culturel
12.311330064591552,strauss,kahn
9.004668726357501,électorale,législative
6.951557389897937,électorale,présidentielle
5.694813463770712,électorale,européenne
9.195852847171617,moindre,coût
8.118684986649152,moindre,choses
1.0491527771492422,serait,plus
4.716383475297775,conséquence,avons
5.630985964950241,égard,étrangers
3.724095369341722,égard,front
2.8794842776261547,égard,pays
2.3516839456244103,égard,français
9.266935945233097,unis,amérique
3.0994417700455497,unis,ailleurs
5.120985521910306,mener,politique
5.239209216365998,contribuables,français
13.237329483147775,dévaluation,compétitive
14.559257578035139,canard,enchaîné
9.088937643255104,parité,franc
13.559257578035137,mosquée,cathédrale
2.8457278604536036,européen,suis
4.724786528050917,entreprise,moment
11.029436631506442,initiative,populaire
10.62852024047225,concurrence,sauvage
9.844248931527687,concurrence,déloyale
9.4268863793026,concurrence,internationale
9.915401388260413,suffit,convaincre
11.559257578035135,cour,cassation
10.311330064591548,cour,comptes
9.529510234641087,cour,appel
7.228340699920521,cour,justice
12.099825959397839,xxième,siècle
5.260049559647859,coup,etat
3.4351362662059515,coup,était
3.8092019844284852,autant,plus
3.177444282046821,demande,ailleurs
11.886832236063643,énergies,nouvelles
11.701276582907564,corée,nord
7.242976046288916,situation,légale
6.734829142618592,situation,dramatique
6.114242732166714,situation,crise
5.138639386474182,situation,économique
4.792314637279352,situation,chômage
4.757549219118676,situation,laquelle
2.6367970596580665,situation,pouvoir
2.416512301283607,situation,pays
1.1840823572353472,situation,plus
1.129349624556923,situation,crois
7.456844395318827,première,principale
6.166786815718483,première,chose
5.0848756179318695,première,deuxième
5.014486290040468,première,question
4.456844395318829,première,guerre
11.65236698242662,poids,écrasant
4.936473611879013,comprenez,bien
5.275397523981294,politiques,clairement
3.9879789595205413,politiques,gauche
1.8887119692818644,politiques,français
0.697007677183624,politiques,bien
10.081499311591248,internationale,déloyale
13.751902655977535,nathalie,kosciusko
4.843724514508555,vérité,ecoutez
1.9515805042692236,vérité,bien
2.2298816667563273,croyez,bien
13.500363888981571,taxer,taxer
5.613813741657227,mesure,intérêt
4.8375887170437935,mesure,temps
9.478884161571118,devant,caméras
9.116314082186408,devant,tribunaux
7.701276582907564,devant,commission
4.876848147491021,devant,situation
8.068740929268277,exactement,inverse
6.261386007210673,exactement,mêmes
5.394141216062444,exactement,exactement
5.027713661008221,exactement,celle
4.1692678052222405,exactement,chose
5.4472525525220075,sortir,euro
9.731961580343619,compte,tenu
11.09982595939784,préparé,sortie
6.912398900098889,quatre,enfants
5.04046393888718,élus,front
4.383084428927647,élus,conséquent
9.793410863881801,général,gaulle
5.4918232172786166,général,intérêt
5.050175391975978,devenir,français
3.086735959957398,clairement,suis
2.7797775977287014,clairement,français
2.7573808471699657,clairement,crois
6.697454871955157,matière,immigration
3.220521195461222,matière,politique
10.684788460118998,sortie,concertée
7.894711529493225,sortie,euro
8.726367563870395,mois,juin
6.819476968261876,mois,demi
5.215405644593014,mois,mois
4.450243158596157,mois,après
1.3455457799294628,mois,plus
9.24940231544835,prise,conscience
8.788428532002646,prise,charge
9.304229008216407,armée,allemande
6.894244736663847,armée,française
13.389332576592825,tapé,caisse
7.427400617426345,cinq,heures
6.149866641897436,cinq,jours
5.864464423035187,tenu,situation
8.175013455792058,régler,problèmes
7.0176769180439695,régler,problème
5.568444498881529,moral,politique
4.773490762987699,peux,dire
9.574364470425346,pétrole,taxes
11.822291983868933,performante,assurer
1.620168160038471,française,était
1.4658400136471776,française,faut
0.21461491010301614,française,bien
14.559257578035139,lepénisation,esprits
6.99130150261967,étant,entendu
3.4943464413361713,étant,crois
7.550268794807883,seule,vouloir
7.128805026369605,seule,solution
6.411204757070331,seule,opposition
5.895214398428292,seule,chose
5.602736214702016,seule,manière
5.496536810870092,seule,personne
4.980413186476934,seule,raison
2.1933452785643155,seule,dire
9.58579936548763,priorité,accès
9.379348488020204,priorité,donnée
7.541405246129175,priorité,nationale
9.334050141091636,jusqu,présent
8.533722485927997,jusqu,bout
8.141405063149241,jusqu,smic
7.357133754204677,jusqu,dernier
5.35132813252347,jusqu,moment
2.3921530956552033,espère,bien
7.989401969704192,homme,femme
6.379348488020204,homme,nouveau
4.536023021189148,homme,politique
4.4904793000497225,homme,gauche
2.845012060369015,homme,avait
1.6318499650861078,homme,crois
12.336865156698689,port,voile
13.559257578035137,arabie,saoudite
6.051462937836442,réponse,peuple
3.5684444988815276,volonté,politique
8.079477314006036,premier,secrétaire
7.923358112088756,premier,ministre
7.706668050116491,premier,tour
5.161939474198011,premier,plan
4.757549219118674,premier,homme
7.2831331727609,petit,commerce
5.4351362662059515,petit,coup
4.650864957261385,petit,petit
3.549778832147073,petit,pays
2.8092019844284835,petit,plus
6.533195281448943,absolument,nécessaire
6.28197017790478,absolument,aucune
4.613813741657227,absolument,aucun
1.8448689429599519,absolument,ailleurs
10.273855359172888,protectionnisme,intelligent
6.649364494265095,protectionnisme,égard
6.573415641031795,protectionnisme,frontières
2.0457026816337702,socialiste,bien
3.678143617360041,objectif,faut
5.637416640960646,constate,chose
8.60894470213549,contribution,sociale
4.898172298530929,territoire,français
6.1109691646575754,tour,élection
1.5412965349610133,tour,bien
10.559257578035139,représentés,assemblée
6.492495645648228,économie,marché
5.01539717823713,économie,française
7.503975142533948,nombreux,mois
10.330438887539255,centaines,milliers
10.322764959653833,télévision,radio
8.183428278044945,candidat,présidence
6.2069382231882955,candidat,présidentielle
5.691206724289978,candidat,socialiste
3.9477716347942167,candidat,élections
2.923766171783427,candidat,soit
2.837143817035674,candidat,national
1.890815749982142,candidat,suis
5.117045857520832,bien,évident
4.977115596376359,bien,aimé
4.977115596376359,bien,triste
4.784470518433963,bien,gentil
4.325038899796667,bien,cohen
4.260908562376951,bien,entendu
4.173972925605668,bien,souvent
3.9771155963763594,bien,dimanche
3.784470518433963,bien,serons
3.740076399075509,bien,verra
3.731359181974401,bien,compris
3.682232324503225,bien,évidemment
3.6145455169916527,bien,agriculteurs
3.6145455169916527,bien,obligés
3.3250388997966667,bien,auront
3.0620044939628706,bien,normal
2.9771155963763594,bien,vouloir
2.7076549213831314,bien,contraire
2.6145455169916527,bien,disait
2.536543004990378,bien,continue
2.468566211174373,bien,écoutez
2.426918513815881,bien,objectif
2.426918513815881,bien,signale
2.418148304188147,bien,longtemps
2.3921530956552033,bien,espère
2.3250388997966667,bien,étant
2.1771402046843527,bien,appelle
2.1697606743187556,bien,loin
2.1120451764624697,bien,ceci
1.9771155963763611,bien,matière
1.970689327216924,bien,êtes
1.9117465259766355,bien,dire
1.84699160299202,bien,voir
1.83027420804709,bien,reste
1.8244685863658816,bien,moment
1.7844705184339666,bien,aurait
1.7291880829327724,bien,sera
1.7183813279761928,bien,agit
1.7030821915933068,bien,vais
1.651071393016764,bien,aura
1.5974720036327064,bien,situation
1.4990682995717144,bien,savoir
1.4446205155493388,bien,vois
1.4392870712462944,bien,problème
1.3615647758217797,bien,trouve
1.338911074378224,bien,faut
1.3250388997966667,bien,permettez
1.260908562376951,bien,seule
1.2546495719052686,bien,question
1.2453117073259357,bien,gouvernement
1.2378846894258615,bien,crois
1.1551138983543545,bien,compte
1.1502644986929589,bien,autres
1.049760898208124,bien,vrai
0.8920794925205584,bien,sais
0.8561001954149923,bien,abord
0.8537331808710782,bien,voyez
0.8186862337718779,bien,système
0.7732432630107091,bien,sommes
0.7307385344961688,bien,suis
0.7291880829327724,bien,raison
0.7156922404485506,bien,gauche
0.697007677183624,bien,absolument
0.6917133775141089,bien,peuple
0.6759460616557931,bien,pense
0.6245991816555758,bien,sait
0.5556518279380818,bien,réalité
0.5484563265338771,bien,quelque
0.4513151681233474,bien,europe
0.3415270225852325,bien,avons
0.23372373305072003,bien,plus
0.23207588016923708,bien,bien
0.14965946826224297,bien,président
-0.057879824979846006,bien,voilà
-0.16972579195291004,bien,était
-0.20502535477559647,bien,ailleurs
-0.20988291842489204,bien,contre
-0.22115403075991225,bien,certain
-0.38545448300834906,bien,france
-0.3961490838045876,bien,faire
-0.4262008253516605,bien,front
-0.5851268278447144,bien,gens
-0.6749611002033333,bien,beaucoup
-0.9168359435246636,bien,politique
-1.2708119170672276,bien,pays
-1.7986122490689667,bien,français
10.684788460118998,emprunter,marchés
8.056757237505956,article,constitution
7.819476968261876,culturelle,française
4.536023021189148,appliquer,politique
8.815096482464726,assurer,sécurité
11.389332576592825,certaines,catégories
6.51186097051516,opposition,nationale
10.4717947367848,plan,vigueur
9.149866641897436,plan,rigueur
8.056757237505956,plan,financier
6.979941640455124,plan,social
6.460567481361542,plan,économique
6.096755305437872,sauver,euro
6.090972952843867,sauver,système
7.951927264285526,million,enfants
7.56490414117628,million,euros
8.301869735342486,croissance,zone
8.198776242378383,croissance,mondiale
11.389332576592825,sécuriser,nucléaire
8.730592149732121,dernier,sondage
5.814984337022494,dernier,moment
3.601430017201393,pouvez,dire
7.544307236569166,chose,égale
6.736952314511562,chose,claire
4.789419734405698,chose,important
3.109679008932442,chose,assez
2.1138546849036324,chose,pense
1.5563327122730115,chose,faire
1.4279632753316989,chose,politique
1.353865217786339,chose,crois
8.726367563870397,raisons,lesquelles
7.311330064591553,raisons,économiques
5.2238672233412125,raisons,politiques
5.716907234621329,problèmes,insécurité
3.0494825737081985,problèmes,france
7.088937643255104,gouverné,pays
11.273855359172888,hérite,mérite
9.574364470425346,demandeurs,emploi
10.89629256531271,députation,paris
7.596939923092828,candidats,présidence
5.9630678218907285,candidats,seront
5.2585237054168985,candidats,deuxième
3.507283980268573,candidats,front
13.559257578035137,jambe,bois
8.443780360615202,choses,claires
5.843050544035725,choses,soient
1.5387405606946238,choses,crois
0.7844705184339666,choses,bien
6.741208055181298,manières,faire
6.751902655977533,avait,déclaré
6.429974561090173,avait,promis
5.919012641812792,avait,choisi
5.260049559647857,avait,voulu
3.696620220476344,avait,raison
3.2205211954612203,avait,déjà
3.108046466202808,avait,voix
2.292471037340235,avait,beaucoup
1.6697536146236622,avait,problème
1.3823053096988538,avait,gens
1.276979955597735,avait,ailleurs
9.751902655977533,avais,deviné
7.751902655977533,avais,appelé
6.529510234641085,avais,trouvé
4.023982201414334,avais,droit
3.80548369618238,avais,déjà
2.5400143614315276,avais,ailleurs
14.237329483147775,vedettes,américaines
5.019710997796725,voyez,quoi
3.855930736575324,voyez,veux
2.821165318414648,voyez,avait
2.7282022987872168,voyez,bien
1.9373583359191713,voyez,suis
8.520463265322514,nicolas,sarkozy
7.027876117518826,politique,familiale
6.73242023399265,politique,menée
6.027876117518826,politique,mène
5.568444498881529,politique,ultralibérale
5.44291361679767,politique,américaine
4.779948604075237,politique,française
4.504314161461814,politique,internationale
4.44291361679767,politique,étrangère
3.7149931622344674,politique,sociale
3.3840199277441005,politique,changer
3.281025934420775,politique,gauche
3.239041283432016,politique,économique
2.8700239483770886,politique,européenne
2.688026114634198,politique,immigration
1.9256379235880878,politique,entre
1.7082039965718288,politique,puisque
1.3625402003336475,politique,abord
1.1997396333247146,politique,soit
1.0297558507370468,politique,français
0.9999701209489409,politique,sarkozy
0.9741441335810315,politique,suis
0.9671801858312747,politique,conséquent
0.6484977504475609,politique,politique
0.5949167102427175,politique,france
0.4887173064107948,politique,était
0.40216727445436007,politique,front
-0.577603400542845,politique,crois
-0.9168359435246636,politique,bien
8.845012060369013,service,militaire
8.24637462275078,service,public
7.694452383793632,selon,laquelle
4.83431745957278,capables,faire
11.605061267648264,mariage,homosexuel
4.029583016270495,connais,bien
6.389332576592825,ambassadeur,france
7.73801507333744,ferait,mieux
11.149866641897434,pieds,noirs
8.330438887539257,logement,social
7.574364470425346,logement,emploi
5.571283053738986,cherchent,faire
7.868095673482056,unes,après
10.877433538061393,anticiper,sortie
11.178435794094206,avortements,clandestins
7.076785717999771,intérêt,général
6.241844964270268,intérêt,marchés
3.7537440028016977,intérêt,france
3.6934083395742228,intérêt,national
2.533231314683473,intérêt,français
8.443780360615202,terme,extrême
4.335255903837034,terme,faut
8.298730027811919,signatures,maires
4.084030800292872,imaginez,bien
5.423548291930736,structure,plus
7.556442562428083,pardon,excusez
3.949709439035706,puisqu,avait
3.420185924739979,puisqu,aujourd
2.6603492066047743,puisqu,bien
2.4965368108700936,puisqu,faut
10.597325618868657,radicalement,différent
7.091652027952138,tant,mieux
5.88153793639413,tant,aura
4.88153793639413,tant,ministre
3.532734135515371,tant,autres
13.822291983868933,enrichissement,uranium
8.672404735663164,assemblée,nationale
7.555505443174031,rôle,jouer
6.675087058926701,rôle,important
4.380126011639609,rôle,président
6.581977654535221,flux,immigration
8.206110752537056,large,partie
3.7190041754569094,pouvons,plus
9.444936829647778,année,dernière
11.088937643255104,dépôt,banques
7.767009548367742,vraie,raison
7.292471037340235,vraie,question
4.852617671773473,grave,problème
7.296491555615916,prendre,mesures
6.84759060447079,prendre,charge
6.811064728445677,prendre,risque
6.630492482803858,prendre,décision
4.641139727003365,prendre,place
3.6199232410936677,prendre,pouvoir
8.24637462275078,aurez,droit
10.334291213034861,places,prison
6.85708489266959,vision,avenir
6.3018697353424855,vision,homme
7.523083965481652,bénéfice,grands
8.292471037340237,poser,question
9.267703132191293,période,électorale
5.3939318111646415,santé,président
9.564904141176278,posez,questions
7.789970696811054,posez,question
6.055431840039388,projet,projet
5.724786528050917,projet,présidentielle
3.4741171163333764,projet,front
9.1018766989626,prend,décisions
4.504314161461814,ligne,politique
12.389332576592825,feuille,route
6.374382235126854,mauvaise,chose
5.120985521910306,adversaire,politique
12.166940155256377,mandats,exécutifs
11.915401388260413,associations,communautaristes
12.974295077313982,sang,contaminé
8.963067821890727,patriotisme,économique
7.745476386818101,patriotisme,social
8.915401388260413,réussi,obtenir
4.512389364685415,réussi,faire
9.80437007587167,pensée,harkis
9.531351581465254,pensée,unique
13.488868250143739,présomption,innocence
7.602736214702016,gagner,argent
6.514863458676686,gagner,deuxième
6.492092151018024,gagner,temps
5.75512655685182,gagner,élections
4.871706927034435,déloyale,pays
3.5572923528633655,compris,ailleurs
2.8149843370224943,compris,était
1.8033963627472822,compris,plus
8.696501023959495,parti,socialiste
8.378685332393317,parti,communiste
7.597325618868657,parti,démocrate
2.6773788704346906,parti,politique
7.288962251563097,langue,française
11.684788460118996,sondage,récent
4.494346441336171,sondage,crois
8.599255645967057,obtenu,nationalité
8.330438887539257,obtenu,voix
7.30659214558489,œuvre,patriotisme
8.75405112255611,afghans,viennent
9.108046466202808,etat,stratège
8.693008966923966,etat,collectivités
7.108046466202808,etat,fort
6.3144973436702365,etat,autorité
2.7717630783383758,etat,soit
2.168819888474598,etat,français
10.158378141752952,court,terme
6.845012060369015,jamais,rencontré
4.543842525648451,jamais,entendu
4.462542423546603,jamais,aucune
3.897479480263149,jamais,jamais
3.5375835351767666,jamais,rien
12.336865156698689,proximité,idéologique
11.116314082186408,ligue,nord
8.316083594562185,quoique,soit
4.440749032684346,législatives,avons
5.609992030704818,puisse,dire
7.813303200641677,maires,petites
6.512133665921112,maires,avaient
3.4507331212569703,maires,france
9.915401388260413,créer,richesse
8.448833588341486,créer,emploi
7.464739979250849,créer,emplois
6.751902655977533,équipe,france
13.42997456109017,prêter,trésor
14.974295077313982,carla,ponte
7.720053789938195,rapports,entre
7.536889765006682,frontières,nationales
4.4325531051919445,frontières,europe
11.056757237505956,troisième,quatrième
7.149866641897436,troisième,homme
12.373391032723802,politico,religieux
8.122546035897924,vème,république
4.662546762309022,reste,monde
3.1347413328682308,reste,pays
6.897479480263149,changer,avis
3.3840199277441005,changer,politique
10.099825959397839,ministère,intérieur
9.929900957955528,élire,musulmane
6.339484027142264,élire,président
6.5934732933730515,plus,apte
6.5934732933730515,plus,exigeant
6.5934732933730515,plus,value
6.271545198485686,plus,performante
6.271545198485686,plus,élevé
6.178435794094208,plus,rapides
6.008510792651894,plus,tard
5.856507699206844,plus,grosses
5.5934732933730515,plus,efficaces
5.5934732933730515,plus,porc
5.593473293373048,plus,proche
5.371080872036604,plus,enfonce
5.371080872036604,plus,ultra
5.371080872036602,plus,nombreux
5.330438887539255,plus,proches
5.271545198485686,plus,importantes
5.134041674735752,plus,favorable
5.108046466202806,plus,importants
5.06622629050818,plus,loin
5.008510792651894,plus,faibles
5.008510792651894,plus,finir
5.008510792651892,plus,importante
4.930508280650622,plus,faible
4.735492298245477,plus,facile
4.539025509350676,plus,important
4.523083965481652,plus,forte
4.477996075953115,plus,pauvres
4.3840199277441005,plus,grave
4.271545198485688,plus,leçons
4.03888444169541,plus,cher
4.008510792651894,plus,efficace
3.9154013882604115,plus,difficile
3.786118371315448,plus,petits
3.700388497289559,plus,moyens
3.506010452122709,plus,confiance
3.345545779929463,plus,grand
3.271545198485688,plus,décider
3.1739344018592632,plus,grande
2.921047951401553,plus,jeunes
2.8020599151844685,plus,jamais
2.786118371315446,plus,près
2.6865826977645337,plus,main
2.6548738380371937,plus,maires
2.6548738380371937,plus,simple
2.6486148475655114,plus,rien
2.5934732933730515,plus,face
2.5345796043194824,plus,voix
2.5145219519782245,plus,millions
2.151250964767975,plus,plus
1.98861123521419,plus,aucune
1.7354922982454788,plus,aucun
0.8452804437835901,plus,europe
0.8033963627472822,plus,euro
0.7190041754569094,plus,beaucoup
0.6010069660584598,plus,enfin
0.5436247439224893,plus,président
0.5327773616854934,plus,conséquent
0.49544121041252254,plus,pouvoir
0.4235482919307394,plus,immigration
0.18893992088464628,plus,ailleurs
0.12470381015641507,plus,suis
-0.03223554969141773,plus,front
-0.04073272636795622,plus,autres
-0.9300886626839606,plus,faut
-0.9914892073481028,plus,france
6.041834236638662,chacun,sait
5.0245378320936,beaucoup,mieux
4.800265677538935,beaucoup,choses
4.576264003340828,beaucoup,argent
4.524513628710402,beaucoup,autres
3.861962129298952,beaucoup,plus
3.5028908170106057,beaucoup,électeurs
3.4851161152826293,beaucoup,gens
3.344938457234372,beaucoup,problèmes
3.067977093358497,beaucoup,entre
2.2144685253389618,beaucoup,pays
2.101705692616065,beaucoup,français
1.640394340760544,beaucoup,beaucoup
0.49434644133616956,beaucoup,crois
-0.1575618832948109,beaucoup,dire
8.824191516784412,somme,toute
5.698946523115655,chômeurs,millions
3.8832270600537253,capable,faire
9.777897864510479,savent,pertinemment
10.201705573417055,moyen,orient
8.78666807413821,moyen,pression
10.283133172760897,services,publics
9.081499311591248,services,sociaux
10.788428532002646,destruction,massive
9.167655955340965,parlement,européen
4.606941000866486,parlement,français
12.684788460118996,super,menteur
12.09982595939784,xixème,siècle
10.693008966923966,chine,inde
7.885654044866362,chine,chine
7.207582139753724,chine,etats
6.379872247343757,dois,dire
7.15624555446014,faire,club
6.933853133123694,faire,valoir
6.15624555446014,faire,cesser
6.056709880909224,faire,soigner
5.696813935822844,faire,semblant
5.653745213930957,faire,rentrer
5.493280541737711,faire,oublier
5.478173649347502,faire,objet
5.4192799602939346,faire,grosse
5.281776436544002,faire,cadeau
5.281776436544002,faire,études
5.249354958851622,faire,alliance
5.230246135903915,faire,baisser
5.208712974354274,faire,élire
5.040768337040205,faire,sacrifices
4.696813935822844,faire,respecter
4.531754689552347,faire,croire
4.493280541737711,faire,monter
4.249354958851622,faire,appliquer
4.2020492440732635,faire,entrer
4.068782713209799,faire,confiance
4.040768337040204,faire,effort
3.959848341656638,faire,peur
3.7870117447944214,faire,vivre
3.632683598403128,faire,passer
3.611925038236331,faire,travailler
3.5712830537389824,faire,face
3.455805836319044,faire,choix
3.068782713209803,faire,travail
2.7188402421528437,faire,venir
2.401358052296672,faire,demain
2.308248647905188,faire,sorte
2.217646099124286,faire,parler
2.1009631189589477,faire,campagne
1.9083180410165568,faire,grand
1.8343174595727803,faire,milliards
1.7870117447944232,faire,petit
1.6537452139309572,faire,guerre
1.4909096372749637,faire,abord
1.4650836499070614,faire,veut
1.4080527048706806,faire,europe
1.2932983064392154,faire,aujourd
1.2817764365439999,faire,toute
1.259005128885338,faire,autres
1.1412952129941694,faire,chose
1.0399015932226696,faire,politique
1.0064984349554607,faire,puisque
0.9020042670843544,faire,évidemment
0.36964919256933015,faire,faut
0.28177643654399986,faire,beaucoup
0.13572853711962907,faire,crois
-0.002183808144348376,faire,plus
-0.03357900441987738,faire,bien
-0.10428199576307762,faire,pense
-0.6618039683936985,faire,faire
11.50036388898157,régularisé,clandestins
4.741208055181298,fallu,faire
10.33686515669869,cesse,aggraver
7.258218728131988,franc,euro
5.767009548367742,franc,serait
8.132992823333039,europe,fédérale
7.045529982082698,europe,maastricht
6.148099715723248,europe,bruxelles
3.6955875110257406,europe,frontières
3.0628718788562175,europe,europe
2.6478343795773753,europe,sommes
2.0362776688445052,europe,bien
1.8452804437835901,europe,plus
1.5991764338996717,europe,ailleurs
5.827938547010072,crime,contre
6.075441800770882,victoire,gauche
5.900153614561477,proposé,république
4.064327011342787,vrai,problème
3.6788705026136643,vrai,ecoutez
3.6748008383046162,vrai,vrai
3.576620444365714,vrai,grand
3.2395854570881433,vrai,toujours
3.229601368515521,vrai,avons
3.195191337729689,vrai,sais
2.661317608940994,vrai,sommes
1.6546229563669854,vrai,france
1.540996534634992,vrai,crois
1.133386053256217,vrai,suis
12.974295077313982,conseillers,municipaux
11.389332576592825,conseillers,régionaux
8.270775966240917,mettre,péril
7.88435914490184,mettre,œuvre
7.3232433861350525,mettre,place
7.171240292690003,mettre,entrée
5.586277791968847,mettre,droits
2.9800988053379953,mettre,pouvoir
8.32643695698176,liberté,monétaire
7.819476968261878,liberté,pensée
7.326436956981761,liberté,égalité
6.667473874816826,liberté,esprit
6.529970351066892,liberté,souveraineté
5.445081453480379,liberté,démocratie
5.0665698302266495,liberté,peuple
2.4044394689830337,liberté,france
11.50036388898157,terminer,phrase
8.145629649010964,retrouver,souveraineté
6.334050141091636,avez,raison
6.103930357730578,avez,petite
5.601430017201393,avez,vision
5.580368401673564,avez,entendu
5.545934904609689,avez,parfaitement
9.962322435647904,plusieurs,reprises
8.436860946675411,plusieurs,dizaines
7.514863458676684,plusieurs,semaines
6.266935945233097,plusieurs,mois
5.283909023836813,plusieurs,millions
12.471794736784798,saint,denis
12.471794736784798,saint,eloi
6.34049255220318,attends,voir
4.590140912672858,abord,voudrais
3.175103413394016,abord,vais
2.8117726194960877,abord,problème
2.37035970479295,abord,faut
2.3703597047929463,abord,pense
1.6177972555757236,abord,suis
1.0758721379961216,abord,faire
0.6365338181573108,abord,dire
4.465840013647178,justice,française
2.632683598403128,justice,faire
4.474227799139896,avenir,pays
3.3595852331987732,avenir,france
9.356317519364863,long,terme
8.56490414117628,long,histoire
6.581977654535221,réindustrialisation,france
8.42997456109017,sujets,lesquels
8.201446863644836,millions,chômeurs
7.9657330638105535,millions,habitants
7.058842468202036,millions,demi
6.779866518499221,millions,pauvres
6.439559894297007,millions,étrangers
6.3339497063364085,millions,euros
5.457938423611859,millions,immigrés
5.32187687403583,millions,voix
5.046869826535961,millions,électeurs
4.07942680035813,millions,millions
3.2757350923911126,millions,français
2.6956713910827936,millions,gens
1.7775563578120206,millions,plus
7.46568765115526,sécurité,sociale
7.033736768940068,sécurité,publique
8.799369394813302,traités,européens
11.443780360615202,discrimination,positive
13.559257578035137,couleur,peau
6.886832236063642,toujours,refusé
5.203466031281488,toujours,mêmes
1.0085107926518937,toujours,plus
10.536889765006682,fédéralisme,européen
7.576976973476853,moyenne,européenne
5.001474802004767,moyenne,pays
9.336221240133261,code,nationalité
8.389332576592826,manière,concertée
6.092295657247172,manière,dont
5.344938457234372,manière,extrêmement
2.4351362662059515,manière,était
1.8385857912095815,manière,plus
9.482441980984309,présenté,candidature
7.7919007239094515,dont,bénéficié
7.184218146688213,dont,parliez
6.397621784797405,dont,parlez
6.376863224630609,dont,félicite
6.376863224630609,dont,voyons
5.184218146688213,dont,parlé
5.024346809909824,dont,sait
5.014293145245899,dont,disait
4.7919007239094515,dont,puisse
4.528866318075657,dont,rappelle
4.060096834859024,dont,personne
3.844368143803587,dont,parle
2.338728095743839,dont,pense
1.6450593355801786,dont,suis
0.9723298521422095,dont,ailleurs
7.128805026369607,avaient,voté
4.980413186476936,avaient,raison
4.919351660740656,avaient,déjà
11.726367563870392,classes,moyennes
11.359585233198771,classes,populaires
7.886832236063642,arrivée,tête
5.876262994353455,arrivée,pouvoir
7.2194075751505125,journalistes,parle
9.934766713127345,affaires,étrangères
8.436860946675411,souveraineté,monétaire
6.261882717506811,souveraineté,nationale
12.559257578035137,téléspectateurs,auditeurs
14.559257578035137,dupont,aignan
9.868095673482056,intérêts,électoraux
5.097266627449564,intérêts,peuple
3.7570643610933097,intérêts,france
2.6069410008664864,intérêts,français
8.77527716435134,nouveau,franc
5.932331784210289,égale,ailleurs
11.514863458676686,payer,rançon
3.5490791740145973,payer,plus
14.237329483147775,pompes,aspirantes
8.464739979250849,perdu,emplois
5.523542036620885,faudrait,mettre
8.777897864510477,institutions,françaises
13.974295077313979,racines,chrétiennes
9.162041355843535,part,entière
3.722418218286421,part,gouvernement
9.36943301915512,aucune,garantie
7.910001400517823,aucune,importance
7.511452024027546,aucune,chance
6.281970177904782,aucune,vision
6.121505505711532,aucune,raison
11.356317519364863,construire,prisons
8.80437007587167,immigration,clandestine
7.91128527978818,immigration,massive
7.581977654535221,immigration,masse
7.219407575150511,immigration,légale
6.80437007587167,immigration,zéro
6.038835329508691,immigration,insécurité
5.80437007587167,immigration,étrangère
5.141405063149239,immigration,continue
3.7169072346213294,immigration,travail
3.6344450744293564,immigration,immigration
2.641139727003363,immigration,europe
2.429330644524745,immigration,dont
1.334050141091634,immigration,pays
1.2808081198146581,immigration,faut
0.44462051554933524,immigration,bien
11.197801118961136,conférence,presse
8.84043933057919,étrangers,légaux
4.846085893720332,étrangers,situation
3.7851568950780035,étrangers,pays
1.8957272695357048,étrangers,bien
3.703513093714406,ainsi,ailleurs
9.228340699920519,pouvoirs,publics
6.348586234249515,quitté,front
13.559257578035137,protections,intelligentes
8.443780360615202,protections,frontières
11.614399132227597,dimanche,prochain
5.742473898656577,fracture,politique
9.237329483147775,valeurs,nationales
5.7075085366190805,valeurs,république
8.545635807471502,quelque,sorte
7.395755885919419,quelque,chose
3.986959998270617,quelque,soit
3.610525338215526,quelque,part
9.414461561718845,union,européenne
4.524917123340607,union,nationale
2.83027420804709,aurais,bien
4.954611693290488,économies,faire
5.919012641812792,dettes,pays
8.366612500092739,aurait,fallu
4.652366982426619,aurait,jamais
2.7412080551812963,aurait,faire
7.498561646347584,conséquent,soucis
4.480639738350318,conséquent,vois
3.6912067242899784,conséquent,tant
3.628196926764179,conséquent,aura
3.2761692250111363,conséquent,avais
3.08352414706874,conséquent,aurait
2.9542411301237728,conséquent,serait
2.8073997417945016,conséquent,suis
2.779743398891638,conséquent,vais
2.7638520261217447,conséquent,vrai
2.7503687967581225,conséquent,sommes
2.197392111627014,conséquent,faut
1.6530715954032047,conséquent,pense
1.4578153040042743,conséquent,front
1.2988893015112204,conséquent,gens
0.9671801858312747,conséquent,politique
0.9461670080828561,conséquent,bien
0.8930821282859114,conséquent,crois
6.6156438764210925,soit,respecte
6.441614476646045,soit,retrouve
4.483193580397444,soit,raisons
4.257189905508618,soit,domaine
3.4334405452003445,soit,celui
3.0306813756999382,soit,ministre
2.657872111810395,soit,soit
1.6818775748211827,soit,autres
1.4261233949035415,soit,ailleurs
1.1164112497258216,soit,gens
0.6722274047874599,soit,plus
8.845012060369015,envie,travailler
4.868910328066377,envie,dire
9.98940196970419,réformes,nécessaires
9.067404481705463,meilleure,manière
8.55363302884126,certain,montant
8.225010281379888,certain,nombre
3.6563926032664575,certain,temps
9.2253568414817,morts,morts
7.220075644178836,pendant,cinq
7.155535391984127,pendant,décennies
6.352149372129469,pendant,années
6.111141272625673,pendant,longtemps
5.685215457204093,pendant,campagne
5.290464972070234,pendant,guerre
5.2130208866448875,pendant,trois
4.73768287709823,pendant,mois
4.111141272625673,pendant,toute
3.5649483420690924,pendant,certain
2.201339081597254,pendant,était
7.195852847171617,fais,effort
5.1281082405357825,fais,partie
3.5169141982414445,fais,politique
8.39435065135945,chômage,masse
10.691895346613256,jean,marie
9.067404481705463,jean,paul
8.634445074429356,jean,mélenchon
7.688892858451734,jean,françois
5.590529948851774,veut,dire
4.431384131344842,veut,rien
4.2170439823031245,veut,mettre
2.6874760712435055,veut,faire
0.9233836124385668,veut,bien
6.077458146369386,voulu,voir
5.056709880909224,voulu,faire
13.751902655977535,voitures,brûlées
5.639649339431882,différence,autres
9.166940155256375,hier,soir
4.359585233198775,hier,avait
12.652366982426617,prières,rues
9.693008966923966,démocratie,totalitaire
2.845012060369015,démocratie,france
7.650864957261385,défense,intérêts
7.08149931159125,défense,justice
3.674943941517636,lequel,ailleurs
9.61089034645046,peser,baisse
7.5148634586766825,jeune,homme
8.720053789938195,entre,maintient
7.983088195771989,entre,tours
7.720053789938191,entre,mains
4.912698867880589,entre,régions
3.8212005133950946,entre,gauche
3.3981256950508314,entre,homme
3.3082401915336312,entre,autres
3.271593289121899,entre,entreprises
2.357483710553481,entre,france
2.2573470392680335,entre,gens
10.65236698242662,écrit,livre
8.027876117518826,habitude,opposition
8.169088621834952,mort,jeune
7.821165318414648,mort,préfet
4.207858191999529,mort,certain
4.043557739751096,mort,france
5.239209216365998,citoyens,part
3.761161919561351,citoyens,français
7.879777478529693,délocalisations,chômage
6.944547733919929,celles,allons
9.406127819135804,mises,œuvre
6.44877426821891,conditions,extrêmement
4.092416369713536,dire,pensent
3.909552312563724,dire,presque
3.778307779285475,dire,importe
3.4689797211777442,dire,vérité
3.2574756159840295,dire,clairement
3.1080979919458045,dire,quoi
3.0924163697135363,dire,prend
3.053942221898902,dire,suite
3.016467516480237,dire,possibilité
2.4689797211777442,dire,jusqu
2.4389224873215625,dire,chose
2.3476734249556106,dire,sens
2.0924163697135363,dire,voulez
1.9928806961626186,dire,déjà
1.8732104655000015,dire,quelque
1.8465425150379247,dire,avez
1.842438116705189,dire,union
1.8100166390128116,dire,donner
1.7169072346213277,dire,aurait
1.688710342790678,dire,suis
1.6696015198429706,dire,était
1.560402748941339,dire,grande
1.5536768857530276,dire,sommes
1.5369981446063932,dire,avons
1.4945148132848836,dire,avais
1.4407828293470928,dire,après
1.4131264864442237,dire,vais
1.407051972034541,dire,premier
1.3917040077011045,dire,gens
1.3711323977796006,dire,voyez
1.308822495984252,dire,faut
1.3041257092828538,dire,puisque
1.3041257092828538,dire,vrai
1.3018697353424855,dire,choses
1.2962451861486066,dire,certain
1.2465872998412983,dire,raison
1.2144068940921464,dire,absolument
1.20383765238196,dire,hein
1.1419983985640947,dire,trouve
1.1379685215279416,dire,écoutez
1.1319447339001698,dire,avait
1.1169943924342007,dire,aujourd
1.0730510448466042,dire,réalité
1.0648305380416332,dire,beaucoup
1.051571317436153,dire,savez
0.9268303039955619,dire,euro
0.7956613460357396,dire,soit
0.31389521104632934,dire,faire
0.2520211858919268,dire,président
0.07305104484660063,dire,plus
0.044481892649834265,dire,voilà
-0.12858281632304625,dire,pense
-0.2812130321604478,dire,français
-0.3238391077219802,dire,front
-0.3383752008798595,dire,pays
-0.5666441885529778,dire,crois
-0.8035150139051197,dire,dire
-0.8354874036433984,dire,bien
8.831337123471938,diversité,sociale
4.325038899796667,suffisant,bien
10.040932270344271,peur,représailles
4.85506572503294,peur,peuple
2.959848341656638,peur,faire
2.5205100218178256,peur,dire
11.311330064591552,égalité,fraternité
10.436860946675413,égalité,chances
8.819476968261876,égalité,droits
10.067404481705463,normes,règles
8.767009548367742,centre,ville
6.583409610028353,centre,droit
7.640394340760542,bourdin,bourdin
8.897479480263149,main,main
7.458595239029938,main,œuvre
8.576264003340828,supprimer,double
5.3406186674216585,puis,après
4.74637835311249,puis,aura
2.0931811166388847,puis,faut
9.284167733609024,immense,majorité
10.09982595939784,italie,espagne
10.362860365231633,prison,perpétuelle
9.173826540841615,prison,ferme
2.1988905578099995,avis,crois
11.55026879480788,rassemblement,bleu
11.149866641897434,délits,crimes
10.4717947367848,délits,graves
6.974295077313981,france,prérogative
6.652366982426619,france,1942
6.067404481705461,france,vive
5.389332576592823,france,soir
4.9742950773139825,france,tunisie
3.1929353637893207,france,existe
3.0108209533390937,france,aller
2.226102227724521,france,europe
2.2194075751505125,france,toujours
2.1338318434444368,france,enfin
1.9884531403106394,france,millions
1.9856103905418152,france,pendant
1.9190126418127917,france,sera
1.8062498090898913,france,français
1.6614121220296276,france,droit
1.5649041411762816,france,situation
1.4680866880072365,france,soit
1.4429136167976715,france,déjà
1.4293306445247431,france,dont
1.3089591601288042,france,savez
1.2395854570881433,france,vrai
0.9135991456264279,france,conséquent
0.8921460359601099,france,problème
0.8762629943534535,france,pouvoir
0.7454763868181011,france,plus
0.698170672039744,france,suis
0.5438425256484472,france,pense
0.3340501410916339,france,pays
0.02958301627049309,france,bien
0.02009876692710577,france,était
-0.21614694146884617,france,crois
-0.42871694626101586,france,faire
-0.8680552660998266,france,dire
6.560667148289808,gouvernement,raffarin
4.544365335960707,gouvernement,socialiste
3.6069410008664846,gouvernement,français
3.549778832147073,gouvernement,nicolas
3.065902456540231,gouvernement,gouvernement
13.099825959397839,chevalier,blanc
6.74014294251506,problème,majeur
4.722221034517796,problème,fond
4.181652653155092,problème,immigration
3.9746081961520847,problème,insécurité
3.787809376145372,problème,économique
3.70451903278434,problème,chômage
3.1917063178190173,problème,avez
2.9799219960485495,problème,problème
2.327361417176583,problème,puisque
1.9640389544418966,problème,pouvoir
1.5229122262943875,problème,suis
0.953546580624252,problème,faut
0.8921460359601099,problème,france
0.4565915193407548,problème,crois
0.11735897635893267,problème,bien
4.850173765484794,mégret,était
7.388497925114011,mêmes,charges
6.592031319199142,mêmes,idées
6.5596098415067665,mêmes,droits
5.570336248099824,mêmes,conditions
8.951927264285526,leurs,traitants
7.782002262843212,leurs,propres
7.32187687403583,leurs,enfants
5.729534842949079,leurs,impôts
5.5826934546198075,leurs,intérêts
5.1583781417529515,leurs,frontières
4.9399546226194495,leurs,électeurs
10.051462937836442,condamnés,peines
10.74334064247411,anciens,combattants
4.084030800292872,tombe,bien
6.086228355997116,veux,protéger
5.7422739547797566,veux,expliquer
5.290092567566127,veux,dire
3.7205788836804388,veux,mettre
3.6267967373598218,veux,voir
3.258125168479353,veux,faire
1.426918513815881,veux,bien
11.636425438557598,retour,monnaies
6.935985720416506,retour,monnaie
8.684788460118998,grèce,italie
5.5934732933730515,pourrons,plus
11.514863458676686,religieuse,neutralité
11.429974561090173,armes,chimiques
10.622619639032564,armes,destruction
5.953778059973468,faible,monde
13.014937061811327,implantation,locale
7.482441980984307,contrairement,dites
8.693008966923966,série,secteurs
6.793971479311454,aphatie,aphatie
2.678494261891519,aphatie,français
8.503975142533948,différents,gouvernements
4.696620220476344,différents,pays
6.7284028734591566,êtes,train
4.926716701488248,êtes,accord
2.36465460287717,êtes,plus
8.912313206472838,peine,mort
