word,raw_frequency
règle,2
idéal,1
nazisme,1
georges,1
présentées,1
exporter,4
police,11
1957,2
moindre,2
brillant,1
jégu,2
troisième,3
demandeurs,1
maintenu,2
regardais,1
américaine,5
féodalité,1
vivons,1
dépénalisation,1
disponibilités,1
atteint,1
additionner,1
américains,10
régularisé,2
rectifie,1
combattants,1
guerre,22
bavarder,1
danemark,2
précisé,1
sodomisés,1
réprouve,1
coups,1
calculait,1
demandant,1
concurrent,1
parfaite,1
sodomisée,1
doivent,10
juridique,1
alentours,1
apparait,2
abrogation,1
avoue,1
performante,2
pensées,1
partie,19
dieu,8
accompli,1
totale,1
maintien,1
arriver,6
coup,4
reposait,1
symbolique,1
partir,7
partis,3
place,13
conquérir,3
souffrent,2
ramollino,1
battu,7
réalisation,1
montré,2
défende,1
soulèvement,1
disparaissent,1
sirius,2
déclarent,1
selon,6
vérité,5
croiraient,1
quinze,4
jeux,1
inclut,1
capituler,2
dont,51
chevalier,1
méchants,1
prend,3
produits,5
mentale,1
militaire,4
particulières,1
musulman,1
organisateur,1
abandons,1
bureaux,1
bruno,3
démissionner,1
mènerais,1
devez,1
déferlement,1
déchirés,1
évoquez,1
salaires,15
coupé,1
loyalement,1
viol,1
mieux,10
leader,1
quinquennat,5
destiné,1
fermement,1
formules,2
patrie,5
préoccupation,1
vraisemblable,1
lavé,1
otan,1
racisme,1
exercer,3
paradoxe,1
résoudre,9
résoudra,2
considérable,1
rejette,1
parlementaire,6
asiatique,2
morts,3
inconnus,1
accompagner,2
fournir,3
quoiqu,1
1986,1
hisser,1
respirent,1
bénéficié,1
pensais,3
pourrais,2
pourrait,11
pensait,2
commerce,1
international,3
girouette,1
réciprocité,1
réclament,2
fermeté,1
gollnisch,1
préfèrent,1
oukases,1
obtenir,7
insécurité,35
écoeurés,1
compatriotes,6
possibilité,2
abstention,1
fiscalisme,2
convenance,1
sachez,2
réforme,5
montée,3
écrirais,1
suggestives,1
faisaient,1
proposent,1
reconstruire,1
patriote,2
pourrions,2
course,3
apporter,8
milliards,15
consenties,1
signeraient,1
déclaré,4
mettrai,2
cadres,2
caution,1
fonctions,5
puisse,6
cependant,3
coupables,1
affinités,1
roubaix,1
depuis,2
recouvrent,1
transit,1
showbiz,1
professionnel,1
fidélité,1
ambigüité,1
attendait,2
service,2
mené,1
transporter,1
savoir,16
donnera,1
guérir,1
naisse,1
naïf,3
priorité,2
nationale,27
syndicalisme,2
pédagogie,1
mort,20
tiers,7
socialo,4
bâton,1
tranche,1
sociale,14
soirée,1
bénéficiaire,1
disent,11
espoir,2
pouvant,1
civile,7
traversé,1
ingérence,2
édition,1
civils,1
reconnaissent,1
rallie,1
prouve,3
gérer,2
échanger,2
exportons,1
matières,1
déclare,2
trouvais,1
trouvait,1
broutilles,1
gogos,1
major,1
israël,3
corses,1
apparaitre,1
plume,1
essayer,9
interdisant,1
mille,3
pauses,1
devenir,1
insupportable,2
légèreté,1
kansas,1
silence,1
voiture,1
continuerons,1
unir,1
unis,17
équilibrée,1
régner,1
sanctionner,1
drastiques,4
aillent,1
leurre,2
résistant,1
efforcent,2
absolue,1
britannique,2
drapé,1
reste,10
électoral,2
douzième,1
entend,2
communautaires,1
confond,2
permettaient,1
dites,11
santé,2
abusé,1
brusquement,6
armée,7
votent,5
pinet,1
dures,1
lycée,1
concrets,1
attal,2
rétablissement,1
prévenir,3
reconquête,1
arrivais,1
reconquerrais,1
pêcheur,1
quatre,10
devoir,7
trouvons,3
étant,6
socialistes,4
protéger,2
espèrent,1
autant,10
dirigeant,1
essentielles,2
dépensés,1
sûrement,1
personnel,3
redoutable,1
venue,2
hein,6
équilibre,2
réveillés,1
votant,1
continuer,1
cour,1
élire,11
contre,45
connu,5
plaise,2
professionnels,1
complémentarité,1
appartiendra,1
soldats,1
adresse,4
haute,1
activités,2
arrêter,1
parallèles,1
militaires,1
parisien,1
faveur,2
avertir,1
rappelle,10
intérieur,11
vitesse,1
confondez,4
misérables,1
obligés,3
monté,4
retraits,1
échecs,1
vitalité,1
frappe,3
abord,52
indigner,1
nord,3
préparé,2
remonter,1
récent,1
révélateur,1
croyez,4
éducation,6
retraite,2
déteste,3
moyen,11
abuse,1
raisons,7
trembler,1
lever,1
seillière,5
renoncé,1
parlant,1
territoire,1
envisager,1
lancera,1
combattre,1
parachutistes,1
dames,1
autorité,4
bouchant,1
boucs,1
sorte,24
revenus,1
douane,4
promets,1
précises,2
pays,67
confiture,1
protégés,1
réjouis,2
arrondissement,2
chiffre,5
égale,2
incarner,1
madelin,3
fermeture,1
sauter,2
efficacité,5
pétrole,3
progresse,1
histoire,6
buffet,1
date,3
accueilli,1
supprime,2
stratagème,2
aéroport,2
agresseurs,1
portent,2
apercevoir,1
vecteurs,1
lieux,4
madame,4
mégret,6
capable,4
marche,2
directe,6
avance,1
salut,2
officines,2
prévenu,1
entendu,3
subissent,1
berger,1
pompidou,5
étranger,2
équilibres,1
travailleurs,14
réaction,1
ethnique,1
choisit,1
abstentionnisme,1
sang,2
partent,1
diverses,4
fête,2
flatté,1
expliqué,3
subir,4
flatteur,1
solidarités,1
équipe,1
malheurs,1
publicité,2
sans,1
produit,3
vais,14
jours,8
rien,13
française,36
appellent,1
tenez,3
déperdition,1
cheftaine,1
modernes,1
pénitentiaires,1
entrainés,2
rester,1
distorsion,1
déploient,1
trahi,1
xixème,2
comment,9
redonner,1
machiavélique,1
nécessaires,3
importation,1
pitoyable,2
occuper,2
remarquer,1
révélées,1
libéral,1
boulogne,1
javier,1
personnellement,10
briser,1
bras,3
bâtisse,1
critique,2
policiers,3
vont,1
wagner,1
acculés,2
cohérence,1
arrivé,1
investissements,1
quelle,1
appartements,2
pierre,2
idéologie,1
ordres,2
antenne,1
virage,1
longtemps,4
sens,4
prononcée,1
hargnes,2
promettant,1
menée,7
législatives,3
supérieure,1
défendez,1
immigrées,1
pouvaient,1
sèchement,1
notions,3
communs,1
explique,5
forme,2
passerane,1
hauteur,1
exportation,3
nuancer,1
groupes,2
ainsi,8
rendait,1
employer,1
juridiques,1
auriez,1
prestations,1
articulées,1
estimions,1
cohabitation,6
taupe,1
origine,5
septennat,3
appel,2
amnistie,2
fonctionner,1
discuter,1
vecchio,1
gauche,60
renvoi,1
rude,1
qualité,9
rejoint,1
constitutionnels,2
menteurs,1
présenté,2
diminuer,1
universel,2
constater,3
sait,22
notamment,1
sais,18
procédé,2
moule,1
diabolisé,1
brigand,1
inadapté,1
bilan,3
vigipirate,1
odieux,1
indécent,1
défaite,1
combat,3
espèce,12
israélien,1
plein,2
réserve,1
public,6
trahison,3
soutiens,1
mots,1
vers,12
fille,1
accueillir,1
nécessités,1
miennes,1
15ème,1
importait,1
prends,6
énergies,1
invitant,1
parents,4
exactement,11
tract,1
change,1
outre,2
budgétaire,4
récemment,2
assurer,4
accommodent,1
construisent,1
admis,2
minoritaires,1
développement,2
constituer,3
producteurs,2
proclamation,1
liens,1
pseudo,1
commettre,1
découvrir,1
concurrence,5
publiques,7
décrit,1
gagner,5
matière,2
emploi,4
vérifié,1
prononcé,1
diffamation,2
botte,1
surprises,1
seconde,1
homme,25
taux,1
mobiliser,2
protection,2
marin,2
souhait,1
ferme,6
ferions,2
reconquérions,1
expérience,3
borloo,2
accidents,1
porter,3
demandons,1
concédé,1
diversité,2
aggravante,1
millions,33
témoins,1
précédentes,1
valse,1
perdue,1
aucune,9
arbitrage,1
désapprouver,1
rétablir,4
progresser,2
jeune,3
francophones,1
subventions,1
miséricorde,1
algérien,1
sujets,3
gangster,1
changé,5
consensus,1
monstrueux,1
poncif,1
submergés,3
migratoire,2
délités,1
consignes,1
inacceptable,1
pardon,2
enfermer,1
mondialisation,1
provoqué,1
économique,13
père,4
imiter,1
gentils,1
étudié,1
france,85
profit,1
entiers,2
accès,1
traduise,1
jouera,3
secrétaire,1
pourquoi,17
pouvait,5
face,7
robert,1
popularité,1
soviétoïde,1
sommes,32
francs,7
suffit,8
entièrement,1
consenti,2
presse,5
dépasseront,1
ayez,2
enlève,2
grandes,4
sorciers,1
meetings,3
région,2
assume,1
observateurs,2
prolonger,1
associations,1
moduler,2
exclusive,1
civisme,1
retiré,1
condamne,2
engagement,3
verbalement,1
simple,3
erronée,1
envers,1
courant,1
années,14
alcool,3
borne,1
simplement,8
savez,30
assuré,3
office,1
appliqué,1
heureux,2
pense,66
temps,23
dufour,2
pardonner,1
deuxième,32
sortent,2
grand,22
étonnamment,1
gravissime,1
ambigüe,1
voyage,1
commencer,1
petits,3
produise,2
entier,2
excellent,1
commandée,1
oppose,3
distribution,1
vent,1
maire,2
passer,4
grandissant,1
sénat,1
importer,3
réunionnais,1
dénoncée,1
divergences,1
défense,13
étendus,1
politiciens,6
solidarité,4
globaliser,1
ambition,3
égalité,2
appliquent,1
rendez,1
industries,1
successions,4
effort,5
filles,4
socialiste,10
rassemblement,3
complètement,2
démontrerai,1
impressionnent,1
professais,1
copain,2
jetons,1
dérapé,2
adaptations,1
budget,1
condamné,8
applique,2
cesser,2
choqués,1
auraient,5
défenseurs,1
voyous,2
minoritaire,2
noms,1
vraiment,3
dramatiques,1
suspense,1
complot,1
dirigés,1
adolescents,1
plan,5
sort,4
pensé,1
criminel,2
incapacité,1
clair,3
armes,1
dirigée,1
réjouir,1
agirait,1
recourir,1
massivement,1
vivres,1
crains,1
télévision,3
mission,7
inefficacement,1
puisqu,12
pour,13
ferons,2
choisir,4
putsch,2
nouvelles,1
2001,2
pêcheurs,2
phrase,2
2004,1
parental,2
prouver,2
raison,9
duels,1
prépare,1
arguer,1
correspondre,1
souffrir,1
espace,2
traditionnellement,1
consommation,2
prenez,1
plusieurs,7
béret,1
prospérité,1
perd,1
passeport,1
lois,7
loin,4
terroristes,4
diminue,1
violences,3
option,1
cambadélis,1
nixon,1
citer,1
matérialiste,1
grossières,1
acceptant,1
somme,7
injustice,1
congrès,2
constatent,1
bruxelles,5
mesure,8
sept,6
intelligent,1
mnef,1
charge,4
sincèrement,4
actuelles,1
présence,4
passionne,1
séparent,1
voter,13
intereuropéens,1
lancer,2
allait,6
monde,49
cerveaux,1
collection,1
allais,4
calomnie,1
trahit,1
discrimination,1
trahir,1
représailles,4
forcer,1
assurerai,1
mathématique,1
industriel,1
fiscal,1
professions,1
lien,2
comédie,2
crainte,1
lancé,1
jugement,1
grisant,1
dénoncé,1
ayant,7
voyez,12
exprimé,1
gèrent,1
responsables,6
modifier,1
justement,13
acception,1
remerciement,1
lieu,3
humaines,1
surprend,2
bercés,1
brigands,1
dénonçait,1
plaisir,1
peiner,1
terrorisme,4
apparaissent,1
franchi,2
évolutions,1
laissez,1
maires,30
sélecteur,1
quatrième,2
religions,6
laisser,4
défauts,1
dorée,3
reculant,1
censés,1
effet,20
entretenir,1
vichy,3
peuple,17
sérieuse,2
villages,1
passionné,1
celle,18
vieillissant,1
comprendre,1
déposées,1
président,66
enfin,20
péremptoire,1
film,1
soutenir,2
supprimé,1
agrandis,1
explosion,4
agissait,1
différencier,1
agressivité,1
locaux,1
parcouru,1
ukrainien,1
agressions,1
rolande,1
souhaitable,1
rapprochement,2
lance,3
risque,7
prévisible,1
thérapeutique,2
personnalité,3
barthélemy,2
contredire,1
perturbante,1
encore,1
allégeait,1
évolué,1
asie,1
municipales,1
adversaires,6
programmes,2
traitements,3
éventuels,1
siège,2
kurdes,1
exprime,4
trotskiste,1
continue,3
déroule,2
extrapolant,1
forcément,8
terminé,1
déroulement,1
réticence,1
délibérément,4
torturé,1
particulier,22
compte,34
aurais,11
aboutissement,1
aurait,20
milieu,1
avec,1
défendues,2
signé,2
rendu,9
assises,1
dimensions,2
réserves,1
message,2
monsieur,20
attendrai,1
généralement,6
canard,3
intrigue,1
dépouilles,1
souhaiteraient,1
donnait,2
métier,2
plier,1
travailleront,1
ultra,1
provoque,1
hérite,3
vulnérable,1
porteraient,1
totalement,5
mondialiste,1
canards,1
niveau,7
avortement,1
rallier,1
choix,5
démontrer,2
trahies,1
écarter,5
auprès,1
elle,12
issus,1
naturalisation,2
interchangeables,1
chalutier,1
surtout,6
événement,1
prendrons,1
magma,1
vingt,10
passée,3
syndicats,3
accepterait,2
enfance,1
devait,1
condamnerais,1
réformer,2
milliers,4
condamnation,1
journaliste,1
commerçants,2
termine,1
turquie,1
décrire,1
bien,214
exerçaient,1
europe,31
recèle,1
nicolas,1
cortèges,1
présenter,6
arletty,1
effrontément,1
respectable,2
patrimoines,1
méritent,2
terrorisent,4
causes,5
interdite,1
supplémentaire,5
énoncent,1
regroupement,1
ruinées,1
immigration,32
ruiner,2
réflexion,1
resteront,1
premières,3
classes,1
vaste,2
dangereuse,1
précarité,1
eglise,1
naturalisations,1
déçu,1
concevez,1
amsterdam,2
magistrats,3
confesse,1
fabriquée,2
affronter,1
paraissait,1
suppression,8
clandestins,5
partagez,1
douze,1
marins,1
plutôt,17
heure,7
volé,1
réciproques,1
rendre,14
présidence,9
résistante,1
tracts,1
candidat,26
blois,1
velléitaire,1
diminution,1
peser,3
diversion,1
durs,1
schengen,1
étonnante,1
félicite,4
constitution,6
pendant,30
bleu,1
coûtent,3
zinedine,1
disons,7
longueur,1
actuel,1
attendez,11
dernières,3
futurs,2
réintégration,1
pasqua,5
autosuffisance,1
présidente,1
artisanales,1
exerçait,1
incitent,1
société,8
prouvé,1
préventifs,1
balladur,2
jugé,2
mesurerait,1
mains,4
lyon,1
fréquenté,1
paix,1
exporte,1
désisteront,1
attirées,1
rêvé,1
amené,3
prétend,1
froid,1
venaient,1
fracture,2
aggraver,1
citoyens,14
décadent,1
méthode,1
hersant,1
menace,5
réponds,1
naitre,1
policier,1
remplacé,1
enseignement,4
toits,2
grève,3
jeunesse,12
famille,10
féroce,1
aidé,2
noirs,1
importante,5
polytechnique,1
environ,1
chargé,3
enfermés,1
progressive,2
choisi,6
napoléon,1
arabe,2
télévisés,1
évêque,2
importants,2
récuse,1
discours,7
considérant,1
félicitent,1
vivants,2
manufacturés,1
logmeent,1
manuels,10
souhaitait,2
évaluent,1
carrière,2
manipulent,1
exemplaires,1
discipline,3
réservée,1
juge,2
disponibilité,1
ailleurs,73
briques,1
sursis,3
renégocier,1
syndic,2
politiques,17
tient,4
commerciaux,2
armées,3
tiens,2
préparer,4
meilleure,2
aperçoit,5
métiers,3
délinquant,1
conseils,1
définition,1
finni,1
malade,1
mouvement,7
remplacer,2
respecte,1
normaux,1
voix,27
pouvoir,28
respectée,1
différent,1
menacé,4
existaient,1
mauvaise,1
voit,7
établies,1
ennemi,1
centrée,1
concédant,1
rééducation,1
apprentis,2
pourrissent,1
opéra,1
position,9
remboursement,1
maintenir,5
compétition,4
injures,1
vienne,1
répression,7
remplies,1
secteur,1
aide,4
violer,1
allez,1
traditions,1
mode,2
fermer,2
connivence,1
sport,1
faciliter,1
justiciable,1
apporté,2
tonnerre,1
positionnement,1
soutenons,1
parlent,2
sursaut,2
apparences,2
dois,21
fils,2
soutenant,1
quitterait,1
assisté,1
payer,6
union,4
charme,1
répond,2
chevallier,1
accepter,4
euromondialiste,1
avenir,9
beaux,1
vouloir,4
1988,4
dusse,1
sportive,1
1987,1
œuvre,5
1981,4
sociaux,4
orly,1
nécessité,2
consentis,1
excusez,2
familiale,1
tombe,1
participerais,2
quelles,1
crime,5
définitivement,1
maintient,1
engrenage,1
recouvrais,1
détruits,1
sienne,1
dernière,8
critère,1
relations,3
jacques,43
assumer,4
sonora,1
votaient,1
bande,1
avantages,2
commun,2
intellectuelle,2
élections,20
salop,1
nette,1
disant,6
réussie,1
avons,40
éplucherait,1
trouvé,3
triangulaires,1
dissolution,1
genoux,1
économiquement,1
réalités,1
ecoutez,24
nuisibles,1
travailler,8
euphorie,1
persécutés,1
passant,1
citoyen,6
caviglioli,2
intéressantes,1
absolument,16
responsable,11
moutons,1
reçu,5
proposition,3
modo,3
créait,1
fragile,2
soustraites,1
certains,6
venant,1
suite,7
arrivée,3
point,3
mouvements,1
plurielle,1
inestimable,1
voyait,1
entrepreneurs,2
éclairé,1
défendus,1
voyais,1
opposition,6
quitus,2
marine,3
malbouffe,1
adapter,1
pratiquement,16
télévisuels,1
landernau,1
jetée,1
défendre,7
redevient,1
antimarxiste,1
indépendance,26
permet,4
quarante,1
trouve,22
digue,1
mourir,3
bord,3
collier,1
griffes,1
regrouper,1
hostilité,1
préfecture,1
foncé,1
confronté,1
obtenu,4
triste,1
nationalement,1
mineur,1
parcourt,1
véritablement,1
énormément,1
période,7
paris,10
apportent,2
inexact,2
nombre,41
urnes,5
fallu,1
secrétariats,1
fabriqué,1
dissoute,1
saluer,1
maisons,3
votez,3
touchait,1
rumeur,1
menottes,1
amis,9
riches,1
déchainement,1
abhorre,1
européennes,1
trouvent,4
approuvée,1
enthousiasme,1
vaut,1
aurions,2
finances,1
phrases,3
repérés,1
agriculture,6
tours,2
prochain,2
sanctions,2
gazettes,1
moderne,1
formidable,5
compromettre,2
asseoir,1
hypothèse,3
répondez,1
regardez,2
attirer,1
envoyer,1
privera,1
dissidents,1
regarder,6
récupérer,1
halphen,1
veut,17
milieux,1
veux,7
aller,4
familiales,3
détournée,1
innocents,2
gênerait,2
connaissez,2
interlocuteurs,1
prendrais,1
francophonie,1
décence,2
intentions,1
condamner,4
fondamentale,1
preuves,2
électorale,13
durbec,1
mineure,1
arrêté,1
gouvernent,1
peine,11
chose,25
nationaliste,1
plait,1
garde,4
chemise,1
sévèrement,2
journaux,7
optique,1
préopinent,1
midi,1
gâteau,2
fort,1
capacité,2
originale,1
sera,15
femmes,3
extravagant,2
dilution,1
leçons,5
tobin,3
illégale,2
compliment,1
apportée,2
tous,2
maçonnique,1
établir,3
établis,1
sevran,1
route,1
inondations,1
soutien,5
nuire,1
régionaux,1
réellement,2
recule,1
jusque,1
maladroite,1
subalterne,1
deux,2
remette,1
marée,1
faisait,4
détournent,1
brique,1
progression,1
urgence,1
sécuritaire,1
artisanaux,1
avant,2
algérienne,1
dessus,9
criminelle,2
oklahoma,1
lourde,1
politicienne,1
hauts,1
dents,1
perdre,1
échanges,4
palestinien,1
fondation,1
pierres,1
déséquilibrant,1
série,3
pont,2
prononcer,1
peau,1
extrémisme,1
protectionnisme,1
occupation,5
ensemble,6
découvrait,1
hautes,1
présentés,1
montre,1
proposer,3
désastreuse,2
misère,4
imposé,1
proposez,1
etat,15
chances,1
liberté,8
satisfaire,1
nauséabondes,1
efforce,2
hôpital,1
fantaisistes,3
consent,1
jean,9
espérance,1
gaulle,2
verser,1
adressais,1
match,3
laborieux,1
allusion,1
chabaniser,1
centaine,1
sauvant,1
classe,6
gravement,2
anticommuniste,1
hommes,16
marie,8
législation,3
distractions,1
quoique,1
défi,1
axée,1
bandes,3
générale,1
prudence,1
image,1
secrète,2
médiatique,5
interprétez,1
tixier,1
alain,1
quittent,1
zemmour,1
dettes,2
ores,1
exercice,2
populations,2
scrutin,2
chômage,7
produire,1
vague,1
aggravée,1
trente,4
surplus,1
concurrents,5
extrémiste,2
remettre,3
portant,1
conduite,2
volonté,12
épouse,1
nation,7
vraie,1
feront,2
tesson,2
bonaparte,1
élaborée,1
sorcières,1
ridicule,1
soutient,1
rassembler,3
insinuations,1
nait,1
inutiles,2
redevenir,1
agir,1
emporter,1
dévouement,2
reprendre,1
gouvernement,22
déçues,1
dreux,3
rassure,1
comportés,1
suffirait,1
prévu,2
irréparable,1
louis,1
mandela,1
différence,4
lourd,1
espère,5
imposer,1
construire,3
présidentialiserais,1
arracher,1
créancier,1
euro,11
élever,2
triple,1
mienne,2
gestion,2
descends,1
nôtre,8
processus,3
soixante,1
salue,1
responsabilité,6
personnels,1
culture,1
tony,1
centaines,1
normaliser,1
dynamique,1
joueurs,1
elysée,1
imaginer,2
internement,1
fabrique,1
voudra,2
soient,17
lutte,6
faute,2
portés,3
contrôle,5
déplorable,2
résume,1
bâtiment,3
européistes,2
siècles,2
obsède,1
douanes,1
dette,1
devenons,1
sofres,1
confiance,3
politique,98
lobbies,1
inscrivent,1
abattions,1
menacent,1
revenir,3
républicain,3
commissaire,2
bats,1
suivante,2
industrie,1
complaisance,1
intégrer,4
déterminent,1
fraternité,2
engagées,1
nôtres,2
militant,1
flic,1
gâtés,1
renforce,1
protégé,1
grâce,2
aider,2
aides,3
sérieux,1
étranglement,6
attendus,1
connaissais,1
hystérie,3
critiques,1
hostile,5
bonne,7
points,9
légal,1
avis,10
téléspectateurs,2
préserver,1
débat,5
poil,1
garçons,1
jouons,1
savent,3
adjuvant,1
faudra,2
préventive,1
abri,1
allier,1
liées,4
faibles,2
feint,1
principalement,2
tendent,1
envoyés,1
donnent,3
constamment,1
démenti,1
sert,1
fonctionnaire,1
matignon,1
atmosphère,2
manipulé,1
désolé,1
unanimisme,1
amoralisme,1
pauvres,4
redistribution,1
algérie,2
utile,4
calcul,1
opposerait,1
banques,1
semaines,4
mobilisé,2
manifester,1
question,9
saura,1
durafour,2
régional,2
sondage,6
parrainage,1
aussi,1
irréversible,1
minorité,2
accorde,1
rentrez,1
conséquent,38
reproduise,1
rentrer,1
pieds,1
proportionnelle,1
devient,1
samedi,1
violentes,1
reprocher,2
dirigent,1
habituer,1
paquebot,1
systématique,2
propre,8
province,1
vendent,1
dires,1
nombreux,1
convaincre,6
constate,11
alpes,1
direz,1
intrinsèque,1
naturellement,2
interprétée,1
différences,2
pactoles,1
portugal,1
charges,3
obligé,9
conscience,3
blair,6
maastricht,5
codéveloppement,1
création,1
constitutionnelles,1
socialisme,4
dessous,2
faits,7
vœux,1
accorder,1
inviter,1
préfèrerais,2
suffisait,1
spécialiste,1
forcé,2
saint,6
facultatif,1
toute,26
femme,1
riposter,1
surprise,4
proches,2
travaillé,1
renforcé,2
quasi,1
députés,1
délibérée,1
tête,12
patries,2
goulots,3
preuve,7
excluais,1
regardant,1
amputé,1
autorisés,1
volontaire,1
plaintes,2
vacances,1
score,1
défiler,1
vote,5
nettement,1
dissolvant,1
entrepris,1
alliance,2
réglé,1
capitulant,1
submerger,1
école,10
élaborer,1
financier,1
éteinte,1
britanniques,1
delors,2
doctrinaire,1
exige,3
retirées,1
tout,21
insuffisant,1
diffusion,1
capitule,1
retrouvé,1
bonnes,5
reçoivent,1
découvrent,1
heurtons,1
délits,2
oublie,1
exclut,3
industrielles,2
interdit,1
schroeder,3
exclus,1
secrètes,1
manquer,1
conflits,4
fraternellement,1
considèrent,1
prostitution,1
baisser,1
manuel,2
criminels,4
dérisoirement,1
communautarisme,1
faisons,3
pied,2
évident,12
commentateurs,1
adolescence,1
intolérable,2
offres,1
travaille,2
assure,1
assemblée,4
honnêteté,1
guider,1
destitué,2
écartés,2
manifestations,2
incroyable,1
étape,1
mondiale,5
productions,3
succès,3
circonstance,4
précise,1
écartée,1
orpr,1
annonce,3
militants,4
quotidien,1
considéré,1
baissé,2
exclusivement,6
permettez,1
correspondantes,1
originaires,1
argent,4
empare,1
présidentielles,3
manque,1
noter,1
normalement,2
indépendants,4
nobel,4
article,1
expulser,1
menacés,2
premiers,2
systématiquement,3
procédure,1
occupe,1
servir,4
extérieur,1
toucher,1
inadmissible,1
appareil,2
moratoire,2
énorme,4
étrangers,13
décidés,1
préalable,2
douces,2
désigné,1
subi,1
matin,3
circonstances,6
parlerait,1
intégrationniste,1
remboursées,1
grecque,1
retraites,2
chers,4
euros,4
durée,1
lisais,1
éliminé,1
contestable,1
ancien,6
révéler,1
xénophobes,1
fantaisiste,1
téléphoner,1
chantage,2
sacrifice,1
répartition,1
afrique,5
maîtres,2
directes,1
exception,1
mentent,1
immédiatement,1
organisation,2
acceptent,1
supportent,1
bazardé,1
illustre,1
sauver,2
complexe,2
supplémentaires,3
italie,3
xvième,2
besoins,1
sinécures,1
suivisme,1
marquer,1
crié,1
potentielles,2
modulant,1
corée,1
gants,1
exerce,1
menacée,3
refusé,6
actions,2
commerciales,2
exclu,1
laisse,2
engager,1
islam,1
correctionnels,1
abaisser,1
aboutit,2
radio,2
gardées,1
réductions,1
occupé,1
dessin,1
déjà,16
humaine,4
arguments,1
suffisamment,3
dangereux,2
égard,10
dirait,1
envie,1
propagande,1
clémenceau,1
géographie,1
marseille,5
asseyait,1
avaient,17
unijambistes,1
traités,2
fondamentales,1
pourvu,1
failli,1
attaque,2
rappelé,1
posé,4
enseignée,1
sagement,1
syndicaux,1
menaçante,1
attendre,1
digues,1
craignez,1
piédestal,1
hésitent,1
aviez,1
communauté,1
contestataires,1
privé,2
manquons,1
endroit,2
déléguées,1
cela,4
précédée,1
virgules,1
redynamiser,1
souhaitent,3
journal,1
tourne,4
crie,1
grades,1
maginot,2
verrez,1
barre,3
palais,1
export,2
élan,1
écartent,1
éventuellement,4
refuse,1
sérieuses,1
vraies,1
nations,4
apercevez,2
pratique,3
interlocuteur,1
palestiniens,4
appeler,3
lionel,1
république,52
idées,7
obtient,3
aura,19
guyane,3
restera,3
correction,2
lescure,1
chasser,1
merci,4
frontières,17
attristé,1
appelé,3
partager,6
laquelle,10
constante,1
faisant,3
exerceront,2
commissions,2
trotskoïde,1
principal,2
notre,3
elles,3
préventions,1
françois,2
souhaitons,1
soumis,1
émissaires,1
européens,11
cochon,1
perdu,3
écrite,1
gère,1
garçon,1
réservé,2
honnêtement,1
souvent,10
précisant,1
conserveront,1
majorité,16
ouvrières,2
sachiez,1
moyennes,1
fermées,1
adieu,1
essentiel,3
cible,1
époque,2
génération,1
déclenché,2
sentimentaux,1
crée,2
adopter,1
sélections,1
intelligente,1
arvor,2
irrésistible,1
européenne,8
affirme,3
donneur,1
lancerait,1
continuent,1
noyau,1
alors,39
entourages,1
justicier,1
découverts,1
reprochés,1
cités,2
passés,6
prioritairement,1
lointaines,1
espérances,1
besoin,18
jouent,2
leurs,21
remplacement,1
textile,1
slovaquie,1
erreur,2
terreur,2
financière,1
revanche,12
balayés,1
participer,1
pensez,1
lequel,8
transformé,1
dispersion,1
républicaine,3
cheval,1
problème,49
indulgences,1
mondialistes,1
football,1
extrêmes,1
agriculteurs,2
importé,1
jeunes,15
nourrir,1
synagogues,1
groupements,1
finir,1
redressement,1
respect,5
repartir,1
beur,1
oubliera,1
probablement,8
mettre,9
personnage,1
allègre,1
étonnant,5
restent,3
aveuglement,1
propos,1
lens,1
trois,15
détachement,1
créé,4
exacts,1
contacts,1
résolution,1
impôt,21
mépris,2
extraordinaire,4
différentes,4
intimider,1
exemple,33
1999,2
1995,4
quartiers,3
exacte,1
réinvestir,1
talent,2
endroits,1
siècle,3
goulot,3
poids,1
voulait,2
fonction,5
diaboliser,1
réduit,2
disparaitre,5
clinquant,1
tirs,2
venir,6
établissements,1
commerciale,2
détermine,2
affaire,12
renvoyer,1
laxisme,3
porté,1
distinguez,1
échec,2
salaire,2
russie,1
racistes,1
opinion,11
baïonnette,1
secret,4
balle,1
vignancour,1
écurie,1
attaques,2
attaquer,1
subordonné,1
réélu,2
élaboré,2
activité,2
éliminer,3
écart,2
instrument,2
admiration,1
afghanistan,1
corruption,1
sinon,1
désolait,1
poli,1
populaire,1
actuellement,7
commis,3
chevauchée,1
campagne,27
roms,1
liaison,1
déploraient,1
méchet,1
échoué,5
devise,3
assister,1
déposés,1
solana,1
africain,1
fuient,1
amour,2
venus,1
candidate,3
fixé,1
affaires,10
affrontements,1
disques,2
commence,2
aligne,1
numéro,1
continuera,1
candidats,21
progressivement,3
yeux,1
imité,1
bourbon,1
prisons,5
rang,3
lesquels,3
intensif,1
quelque,42
plaisantez,3
nazi,1
injuste,3
possibilités,1
trouvés,1
installer,1
avancée,1
demi,3
estime,4
décomposition,2
porto,1
hostiles,1
complicité,2
fera,4
garantie,2
tiré,1
barbarie,1
porte,6
derrière,2
profonde,1
précipitent,1
notion,2
nourriture,1
trouveront,1
cinquième,2
rapprocher,3
agissions,1
enchaîné,3
fédérale,4
secteurs,2
soutiennent,1
groupe,5
supérieur,2
bénéfice,3
régler,2
prêt,5
choisissait,1
pénurie,1
digne,2
quelconque,1
conséquences,12
bureaucratie,1
médicale,1
dénoncent,3
mammouth,1
fusse,1
masses,1
corruptions,1
franchement,2
miens,1
colonna,1
événements,3
invraisemblable,1
partisan,8
ouverture,3
forces,2
serrer,1
amenait,1
banlieues,5
parmi,1
général,10
voyons,7
formule,2
année,5
entraver,1
gardien,1
existé,1
débiteur,1
entretien,1
touche,4
dûment,2
rapports,4
démographie,1
rappelez,1
avions,12
propose,7
performant,1
désespérerait,1
supporté,1
ancré,1
aligner,1
poche,2
habites,1
chiraquienne,1
nues,1
entrainé,1
regretterez,1
enviable,1
étrangère,5
contribuable,1
homogénéité,1
cent,1
ramener,3
oser,1
conforme,1
apportera,1
boutin,2
ramasser,1
aznar,2
dévoyés,1
accuse,1
reculer,2
désastreux,1
petit,12
établissement,3
arrivent,1
environnement,1
ânes,1
généreuse,1
waffen,2
trafic,1
juré,2
véto,1
confrères,1
voterai,2
officielle,2
voire,3
succession,1
interdiction,2
raconter,1
répondu,1
aubry,1
reviendra,2
faire,105
tentation,2
reconquiert,1
positions,2
sacrifices,1
vendre,1
existe,2
orée,1
apparenté,2
motos,1
connais,2
maximum,1
poser,3
directement,5
baccalauréat,2
proposé,5
questions,2
poussés,1
objectivement,1
ouvertes,1
mineurs,2
motu,1
doute,9
travers,3
poussée,2
fond,7
détestable,6
exécrations,1
spécial,1
obligation,2
dissoudre,1
second,2
signatures,21
essaye,2
trahissant,1
opprobres,1
procédures,1
usine,2
tirer,2
mensonge,5
sache,1
guigou,1
démocratie,4
circule,1
émises,1
témoigne,1
effondrement,2
modestie,1
récupère,3
honnêtes,2
comptent,1
consacré,1
identifiés,1
texas,1
démarches,2
immoral,5
donnée,3
religieux,2
communisme,2
espérer,1
verra,8
détourner,1
commercer,1
réuni,1
souffert,2
joie,1
certain,45
mélangé,1
perron,2
institutionnels,1
fondamentaux,3
correspond,5
phénomène,6
domaines,5
articulée,1
constitutionnel,5
objet,4
hébétude,1
autorisation,1
considère,9
formait,1
stabilité,1
mines,2
tuyaux,1
dégager,2
lynchage,1
outrecuidance,1
crimes,3
patiemment,1
quitter,1
habitants,4
variées,1
investissement,1
emprunter,1
volontairement,2
arrière,1
êtres,1
bradé,1
regard,1
néfaste,1
dans,6
rassembleur,1
laissés,1
désaccord,4
dissous,1
mémoire,1
circonscriptions,1
insuffisance,3
responsabilités,8
ardemment,1
secondaires,1
consacre,1
entends,1
vieilles,2
êtes,15
qualités,1
désistement,1
libre,4
portera,1
canton,1
quelques,27
unité,3
site,1
monstrueuse,1
intégré,1
oisifs,1
proximité,1
institutionnellement,1
tard,5
descendre,1
modèle,1
noir,1
penser,5
direct,2
croire,5
commencent,1
guerres,1
sollicite,1
touriste,1
dépend,2
analyses,2
analyser,1
suivre,1
celui,33
court,3
iran,1
consomment,2
accordés,1
irak,2
flux,1
spécifiques,1
retour,3
extrêmement,5
largement,3
gouvernements,4
adversaire,8
fondateurs,1
acceptiez,1
inhibe,1
internet,1
indépendante,1
extérieurs,1
municipal,2
chefs,2
rappeler,4
débarquant,1
empêcher,9
mais,115
conduit,1
inconvénient,3
courants,2
directs,1
nationalité,3
tort,2
agricole,1
conseillers,1
devons,5
retourneront,1
combattue,1
travaillisme,1
œillères,1
rejeté,3
engagé,1
éviter,4
valeurs,4
camp,3
conflit,2
venait,1
venais,1
déclarer,1
beau,1
trouver,6
premièrement,1
allié,5
prendre,10
trouvez,1
malversations,1
fallait,7
prendra,1
pédophilie,1
directrice,1
chère,1
accusation,2
éléments,6
balance,1
bombe,1
particulièrement,5
maître,2
dure,3
peur,9
néfastes,1
peut,4
ville,2
bloquées,1
violeurs,1
peux,14
imposent,1
attaqués,1
syndicat,8
accord,10
parrainé,1
éclats,1
voleur,4
bourgeois,1
piégeant,1
telles,1
hier,3
excuserez,1
contribué,3
piéger,1
session,1
travaillais,3
belle,3
composer,1
chef,15
utilité,1
aime,4
partout,3
clients,1
dirigeants,1
serai,3
inférieurs,1
mets,1
indépendant,2
abstiennent,1
danse,2
sympathie,1
modification,1
cher,13
quart,3
coûté,2
investi,2
devrais,2
chez,25
consisté,2
soupçonné,1
gaullien,1
foot,1
payés,1
incapable,1
intéresse,5
tendance,1
caractéristique,2
entière,1
ouvrière,1
sentimentales,1
viennent,8
appelle,7
attacher,1
encouragées,1
reprises,1
perte,2
ministre,19
juive,1
encombrent,1
toutes,20
compris,16
parrainer,4
informés,1
ferai,1
roumanie,1
éditeurs,1
négociations,1
féliciter,3
subventionner,1
gouvernants,2
féminine,1
exactes,1
avait,60
direction,2
impunité,6
avais,16
comme,4
apprendre,1
éloge,1
soyons,2
lignes,2
défendu,1
effacés,1
tant,16
domaine,9
coûts,1
balayeurs,1
pantomime,2
rêve,2
considèrerais,2
iront,1
irons,1
emparer,1
piègera,1
prisonniers,1
efforcer,1
disparition,2
chanteurs,1
signifiait,1
jouer,4
scandalise,1
démonstration,2
favorisés,1
démographique,2
internationaux,1
limite,1
honnête,1
amicaux,1
consiste,3
moitié,3
bulles,1
tenu,4
josse,1
octobre,1
promis,2
comptes,5
cacher,1
administration,5
fâchent,1
diffusée,1
condamnés,1
garder,4
croit,1
achètent,2
tremplin,1
influence,2
situation,18
souci,1
économie,17
réglée,1
hollande,2
appelait,4
marxistes,1
moral,4
espérant,1
piégé,1
frappée,1
gestes,1
cadre,5
pénibilité,1
juger,3
juges,5
poignardant,1
savais,1
savait,3
immoralité,1
cessé,3
coupable,1
fureur,1
intendance,1
différents,2
poignardé,1
embauche,1
eurosceptique,1
certitude,1
attache,1
incontrôlée,1
possible,4
déception,1
terroriser,1
pourrai,1
décourage,1
dégagée,1
abstenu,1
expression,2
durable,2
villes,4
décadence,2
confisqué,1
2000,1
avenue,1
savons,2
astuce,1
mandat,9
pensent,3
industriels,2
aperçu,2
insee,3
dictatorial,1
cité,1
pages,5
contrôler,1
pyramide,1
efface,1
gens,90
célèbre,1
occurrence,2
national,62
construction,1
faillite,2
battre,5
attire,1
promesses,7
décider,3
survie,1
battrait,1
appui,2
acquis,2
important,6
contents,1
origines,1
libertés,1
viendrait,1
favorable,2
libérer,3
internationales,2
2002,3
rédaction,1
départementaux,1
conventionnelle,1
puissance,1
devaient,1
birgy,1
inconnu,1
révélés,1
recevoir,2
papier,3
désisteraient,1
bref,1
comparable,1
révélée,1
mouton,1
philosophie,1
vois,9
adapterais,1
spécialistes,1
gauchiste,1
arabes,1
renforcer,1
options,1
anglo,1
continuerais,1
horreur,1
reprochant,1
exécuter,4
raciste,9
antisémite,3
gouverner,1
évoluerons,2
croient,2
tâche,1
données,1
soumettre,1
écoles,1
nanterre,1
réceptacles,1
opposer,6
pompier,1
lehideux,1
suppressions,1
rêvais,1
voté,3
donnez,1
heures,2
contrairement,5
donner,16
mélanger,1
lancés,1
intérêt,14
bout,5
poncifs,1
victimisation,1
sangatte,2
mentir,3
procès,2
disait,9
affirmait,1
ferais,6
impitoyable,1
détriment,1
représenter,2
nier,2
suis,90
liban,2
déformées,1
risques,2
réel,2
brochure,2
trappes,1
faut,79
unique,4
remarque,1
craignait,1
mérite,11
attendant,1
zidane,3
organisations,1
mettions,1
action,6
thème,2
débats,1
diagnostics,2
débarquement,1
accession,2
inventions,1
ensuite,8
fondée,1
respecter,3
élection,21
classement,1
conviction,2
radiophoniques,2
auront,3
courage,2
personnelles,1
aurons,1
souhaitaient,1
manières,1
tremblent,1
immorale,1
prévue,1
chacun,1
subvention,2
seraient,3
syndicale,2
objectif,6
éclater,1
jospin,70
délicats,1
revenu,8
regrettais,1
tapé,1
camps,2
surcroît,1
cartes,1
dixième,1
succéderait,1
10ème,2
attend,1
naturalise,1
religion,8
exercé,1
certes,1
pertes,1
concepts,1
allions,3
faiblesses,1
eues,2
fouet,1
mois,13
radiophonique,1
capables,2
encourager,3
bénéficiait,1
assimilés,1
titré,1
brut,3
mitterrandiste,1
suisse,2
prétextant,1
syndicaliste,1
chevènement,20
principales,3
réduite,1
statuts,1
évidemment,44
louables,1
ordre,5
intellectuels,3
publique,4
venions,1
duel,3
pêché,1
outrageante,1
valaient,1
meurent,3
tenues,1
mise,1
courageux,2
contrôleurs,1
mauvais,2
croyait,1
erreurs,1
curieusement,2
quant,1
sortir,5
croyais,1
distribue,1
plaisants,1
contestations,1
présidentiel,1
défend,1
rejet,1
sortie,2
quand,9
exercent,1
trotskystes,2
existent,1
problèmes,17
encaisser,1
donne,10
traiter,1
français,75
principes,3
caché,3
déborde,1
velléité,1
partagé,1
déclarations,2
défile,1
long,1
crématoire,2
blanc,2
fixer,1
engagements,2
navale,1
familles,3
actualité,1
sent,1
cyrus,1
télécom,1
révolution,1
programme,15
viendront,1
merveilleuses,1
révélait,1
budgets,2
prison,17
fiscale,3
gouvernerais,1
taille,1
annoncer,1
vivre,1
refléter,1
suède,2
souhaitez,1
appliquer,3
caleçon,1
fais,12
pendules,1
invite,1
meilleur,3
uniquement,1
trafiquants,1
comptabilité,1
faim,2
socialement,1
répondre,1
artisanal,1
durcir,1
haider,2
fier,2
arrive,9
neuf,1
réseaux,1
rencontrait,1
donné,8
voulu,5
retirer,1
gouverneur,3
pourraient,4
1933,1
concerne,1
rêver,1
fasse,3
reprochées,1
chiffres,6
gaulliste,1
limousin,1
votre,1
voulaient,3
cache,1
jamais,32
passion,1
relatif,1
bouche,3
propriété,1
association,3
borné,1
journalistes,1
enfant,1
restreint,2
accompliraient,1
décrivais,1
vieux,3
scientifique,1
quantités,1
figure,2
comptable,1
mondial,3
apte,1
chasseurs,1
aboutir,1
défends,3
nature,1
semble,6
sentiment,9
réussi,5
pertinente,1
giscard,6
rôle,12
représente,4
magouille,2
libanisation,1
trucs,1
meure,1
découvert,5
quitté,1
privés,1
genres,1
investigation,1
après,20
francophile,1
dérisoire,1
antiaméricanisme,1
marché,11
charles,2
prise,3
pressions,6
anciens,1
repose,1
confrère,1
plus,118
tour,28
danger,5
trompé,1
aurez,1
tueurs,5
purgatoire,1
importations,2
fessée,1
sujétion,1
régularisations,1
manipuler,1
bâtiments,1
trentaine,1
réfugiés,1
attirés,1
bourses,1
devant,16
entre,41
revêtir,1
salle,1
pose,4
sauf,8
référendaire,2
turcs,1
musulmans,1
parle,8
passif,1
paca,4
appelons,2
solliciter,1
préfère,1
prérogatives,4
étudiants,5
désigne,1
rencontrer,1
rencontres,1
intérêts,7
dispenser,1
exclusion,2
antidémocratique,1
dirais,15
criminelles,1
démanteler,1
moment,20
conception,1
affichaient,2
abstentionnistes,2
souhaité,1
heurtent,1
terrible,1
considérer,1
épreuve,1
palestine,1
connaitre,1
chiraquiens,2
ennemis,1
tenants,1
craindrais,1
naître,1
avion,2
soupçon,1
plateau,1
mauvaises,1
sociales,6
médecins,1
interethniques,1
démocratique,7
production,7
poste,2
chargés,1
détruite,1
dupe,1
mettraient,1
justice,17
enquêtes,1
permettre,9
spécialisés,1
trompe,2
différente,2
chrétienne,2
chargée,1
richesses,1
redynamisation,1
tissu,1
échelon,1
totalité,2
dresse,1
banlieusards,1
désordre,1
retors,1
averti,1
demander,4
demandes,2
appartient,1
vendions,1
casser,2
grands,4
demandez,1
régaliennes,2
entré,1
obligatoires,3
extravagante,1
baltes,1
conséquence,2
compter,3
remèdes,1
diplomatie,4
parlé,3
bureau,2
grande,15
individuelle,1
marchait,1
efficace,2
jouant,1
mêmes,15
puissent,1
sage,1
autrefois,2
juifs,3
quotidienne,1
perspective,1
lesquelles,1
référer,1
convaincu,2
souhaite,12
trompés,1
soviétique,2
soja,1
reich,2
conditions,2
lancées,1
couloir,1
légitime,1
téléphone,3
difficile,4
menti,2
indemnités,1
géré,2
travaillent,2
trompez,2
chance,3
agitation,1
superpuissance,1
inverse,3
tromper,1
cellules,3
nationaux,7
prélèvements,2
communautaire,1
bush,2
élus,6
sauvera,1
prévention,8
drogues,4
baisse,4
mécontents,1
tuer,3
sûrs,1
education,1
commercions,1
réussir,3
fondamentalement,1
sympathisants,1
changement,2
chasse,1
signale,6
retrouver,1
discutable,1
tenir,4
feraient,1
grave,6
chômeurs,4
tombent,1
geste,3
expliciter,1
passionnelles,1
majoritairement,1
celles,2
organisés,1
golfe,1
prêté,2
logement,1
situés,1
double,1
laisserais,2
obtiendra,1
délinquante,1
amende,1
serais,6
serait,22
échelle,1
baskets,1
décourager,1
délinquants,4
bovins,1
naturalisé,1
déficit,2
électeurs,28
souffrance,1
publics,2
système,10
regarde,1
imaginons,1
social,1
prennent,1
devraient,6
accomplir,1
soit,59
sois,5
citoyennes,1
reporter,1
détenais,1
travaillons,1
puisque,35
voilà,13
publiquement,2
première,15
offensive,1
solides,1
décidé,2
parce,25
lettre,1
premier,33
fabriquent,1
surcroit,3
blesser,1
suffrage,3
charmants,1
rapport,7
reconquérir,1
carte,2
boiteux,1
animaux,1
deuxièmement,1
mobilisation,1
partenaires,1
nouvelle,2
ruine,1
sale,1
violente,1
bayrou,1
étudiant,2
alliés,1
véritable,6
transiger,1
dissuasive,1
légalisation,1
façon,18
violents,1
bases,1
fantastique,2
commandent,1
rigoureusement,1
légalement,1
importance,1
petites,7
filtres,2
mensongère,1
civiles,1
monétaire,1
rudes,1
apocalypse,1
artisans,2
black,1
payant,1
cinq,16
mayotte,1
nationales,1
commencée,1
mazerolle,1
changer,4
dénoncer,1
adverse,1
large,1
collective,1
étonne,2
pourront,1
prêts,5
importantes,3
giberne,1
mener,2
renaissance,1
couverts,1
rafale,1
inutile,1
mesures,8
métropolitains,1
pudeur,1
devront,2
1914,1
deviennent,1
cadeau,6
déjeuner,1
démocrate,4
irakiens,1
réponses,3
solennité,1
places,7
ostracisme,2
assez,18
faudrait,25
apporte,1
générosité,1
dispense,2
champion,1
supprimer,3
injustifiée,1
sachent,1
autorités,1
cause,17
milliard,4
visé,1
entreprise,4
saviez,3
informations,1
affirmations,1
additionnait,1
nécessaire,6
grosso,3
dérouler,1
antillaise,1
ecole,1
incontournable,1
musique,1
stéphane,1
réalité,5
haine,1
supprimant,1
barnier,2
régionales,2
modulons,1
diagnostic,5
décision,1
disposition,1
maroc,1
communistes,1
mondialisme,3
relation,2
réunions,1
demandé,5
enjeu,1
douanières,2
leçon,3
appellerais,3
mettaient,1
alliances,1
devienne,1
naissance,1
nous,21
votait,2
remplit,1
attachent,1
dispose,1
barrières,1
centre,4
attends,1
radicalement,1
acteurs,1
utiles,1
harcèlement,1
démantelée,1
attendra,1
race,1
couvrir,1
membre,1
confondre,3
inquiétant,1
angleterre,3
résistance,1
nulle,1
graves,2
angélisme,1
intitulé,1
extermine,1
estaing,6
décideront,1
employés,1
infiniment,2
reportage,1
vise,2
sentiments,3
communiquées,1
conteste,3
hiver,1
habituel,2
racine,1
populaires,1
conduira,1
balayé,1
choisissent,1
conduire,1
politisation,1
sortis,1
éliminés,1
allemands,1
zone,3
pression,5
personnelle,5
gagne,1
désormais,1
étonné,1
sarkozy,3
demande,15
puis,1
inquiète,1
éclatement,1
escroc,1
personnalités,3
emblématique,1
candidatures,1
groupés,1
balancés,1
bonheur,2
maurice,2
prévoit,1
essayons,1
refus,2
néanmoins,1
disparu,1
certaine,4
sales,1
rend,2
confié,3
communication,1
méprisant,1
dizaines,3
reproche,1
députation,2
beaucoup,71
tomber,1
serons,4
envoie,1
attention,5
seront,7
réélire,1
amener,1
chirac,120
importons,1
abstenus,1
passionnée,1
exact,2
assistés,3
montrer,2
agissent,1
pleine,1
reportées,1
histoires,1
pronostic,1
méritait,2
sauront,1
pire,7
forte,2
sondages,3
allemagne,1
ordinaire,1
prie,1
résultats,6
bénéfique,1
proférée,1
entrer,7
piliers,2
enfants,13
humilité,1
intérieures,3
disque,2
touchent,2
panurge,1
combien,2
opposé,1
commencement,1
colonel,1
bouleversé,1
donnerait,2
proprio,1
gêner,2
sortirions,1
violence,2
pouvais,1
religieuse,1
medef,1
sortes,2
combats,3
amérique,5
proposais,1
périple,1
visiblement,1
parlerai,1
cinquante,1
déboucher,2
pris,7
dérives,1
reproché,2
vieilli,2
forcée,1
inondation,1
certainement,4
criminalité,3
tenait,3
reconstruction,1
orient,9
provoquer,1
remets,1
leaders,1
intégrés,2
dominé,1
héros,1
accepté,1
déclaration,8
huit,2
crise,2
ceci,18
bidon,1
culturelle,1
devenu,3
spirituel,1
écoutes,2
dignité,2
délégués,2
prenne,2
écoutez,28
donc,4
solutions,2
terrain,5
perdent,3
assimiler,1
concitoyens,2
complémentaire,1
battus,1
améliore,1
économies,1
maladroitement,1
éradiquer,2
phoning,1
barbouillé,1
parfois,1
revue,1
serviteurs,1
fonder,1
excluant,2
anarchie,2
occupait,1
apparemment,1
béranger,1
oublier,1
éradiqué,1
illettrés,1
prenant,1
éduque,1
impression,1
admettons,1
jusqu,8
provisoire,1
apothéose,1
connaissance,3
chante,1
virils,1
influencé,1
type,2
règles,1
salariales,1
reposer,1
extrême,4
maréchal,1
recopié,1
décoffrage,1
adaptées,1
hélices,1
créeraient,1
reprenne,1
états,4
discret,1
récompensés,1
présent,2
idée,5
liste,2
anticonstitutionnelle,1
censitaire,1
feriez,1
langue,5
menées,1
participation,2
signature,2
rectifier,1
avez,16
parrainages,8
aveu,3
près,15
commune,2
réagir,1
marqué,1
bockel,1
rémunération,3
réfléchi,2
mythe,1
conseil,7
plainte,2
résolu,2
inhibition,1
genre,6
couvreurs,1
condition,7
étrangères,2
naturalisée,1
considérables,2
démontre,2
nombreuses,3
civique,10
certaines,2
parfaitement,5
évidence,2
difficulté,2
orientées,1
liés,1
super,3
martiniquais,2
invités,2
détenus,2
intention,1
délinquance,6
commission,2
paysans,2
ligne,6
import,2
officiels,1
allant,1
pourtant,2
monnaie,15
très,1
détour,1
libération,1
majeure,1
portées,1
vérités,1
apocalyptique,1
comportement,2
attitude,7
bancale,1
tortionnaires,1
véritables,1
agricoles,6
réunion,1
jetés,1
calculé,1
cesse,2
différencie,1
viens,3
exprimée,1
plie,1
torrent,1
vient,6
serve,1
importe,5
ressortez,1
réprimer,2
oubliées,1
dévaluation,1
montage,2
traitres,1
salons,1
finalité,2
éliminatoire,1
propres,3
divers,4
écarté,2
mémoires,1
attendront,1
denis,1
démontré,2
occasion,4
pègre,1
fassent,3
actuelle,1
suffisante,1
économiques,4
proche,6
bois,2
libanais,1
arbitrer,1
gloire,1
était,74
collèges,1
étais,22
contrôlé,1
dispositions,1
xénophobe,3
triomphent,1
aujourd,20
étonner,1
panique,1
remplacent,1
solde,1
délégué,1
honorable,1
profondes,2
opimes,1
dramatiquement,1
caisse,1
naturalisés,1
exceptionnel,1
affirmation,3
parenthèses,1
consigne,2
présidentielle,20
réponse,1
probabilités,1
agressés,1
défendue,1
pourra,2
hiérarchie,1
vous,30
constaté,1
exprimer,2
entrent,4
cuir,1
scandaleux,2
pêche,3
patron,2
fonctionnement,1
jeter,1
choque,1
indique,1
conserver,2
résultat,4
ministères,2
messieurs,1
patriotes,2
fonctionnaires,4
établi,3
détruit,2
volontariste,1
occupent,1
prouvent,1
guadeloupéens,1
joue,3
permis,6
permanence,2
éternelle,1
boutique,1
franc,5
parlais,1
agit,15
laguiller,5
saupoudrée,1
style,1
agis,1
encadrement,1
dernier,6
malstrom,1
appuis,1
drapeau,1
libres,2
contraire,9
paralysant,1
débarrassée,1
formation,9
anonymes,1
laden,1
consommateurs,1
élément,3
subventionnant,1
historique,2
connait,4
ouvrier,1
américain,3
désintéressions,1
unef,1
soldat,1
considérait,2
considérais,1
entreprises,13
mari,1
compensation,1
pouvoirs,6
prétendus,1
centrale,1
estimons,1
lucidité,1
choqué,1
entrée,3
choquant,2
régions,4
complétés,1
rencontré,9
conseiller,3
conformément,1
pans,1
démagogique,1
front,42
saurait,1
saurais,1
tueur,2
françaises,9
acte,2
essentielle,2
ministère,8
révèle,1
orienter,1
parti,16
espérais,1
appliquant,1
terre,1
voteront,6
demain,6
enlever,1
ouvriers,7
arrivant,1
trait,1
tabous,1
battrai,1
distances,1
train,16
sécurité,12
pénitentiaire,3
calme,1
contredisais,1
autrement,10
messier,1
rendront,1
extraits,3
principale,5
admirateur,1
titres,2
traite,1
créer,2
permettrait,1
contradiction,2
équipes,2
difficultés,3
rétablissons,1
dangers,1
fresnay,1
remonté,1
morale,7
européen,5
instant,8
obligatoire,1
scandaleusement,1
rupture,1
soustraire,2
université,1
orientations,1
autres,48
accepte,2
majoritaire,2
espaces,1
légale,2
revalorisait,2
million,1
kilomètres,1
susceptible,2
réélection,2
appuyant,1
désignons,1
saints,4
r2publique,1
notables,1
rompu,1
droits,4
alger,2
sincère,2
oukase,1
1970,1
mitterrand,7
allons,4
gratis,1
attaqué,2
pauvreté,1
choses,23
rase,1
engagés,2
substituer,2
lénine,1
officiel,2
ragots,1
peuvent,11
rues,3
corps,3
cocotier,1
blocus,1
supériorité,2
retourné,3
téléphoniques,1
formalisée,1
découverte,1
attendu,3
obligez,1
candidature,6
drogue,2
officier,2
outil,1
grimper,1
cédant,1
dire,139
bastonner,1
lèvres,1
souffre,1
jouait,1
emplois,5
voulons,2
arbitrairement,1
gagnent,1
impossible,2
population,4
vérifiée,1
reconnu,1
absent,1
contradictoires,2
sports,1
pièges,1
continuait,1
réunir,1
travail,20
précurseur,1
règne,1
financement,1
moyens,10
entrainant,2
convenus,1
prête,2
lumineux,1
habitude,3
doter,1
truand,1
séché,1
revient,1
commercial,1
crois,100
souveraineté,5
interdisent,1
identité,1
cours,3
armements,2
division,3
constitue,1
sépare,1
massive,7
automatiquement,1
voulez,14
arrivait,3
esprit,6
casse,1
suscite,1
pousser,1
dérivée,1
floue,1
envahissent,1
autonome,1
rivalité,1
institutions,3
recettes,1
gaspillage,1
opinions,1
métalos,1
résumer,1
soir,3
moyenne,3
risquer,1
maintenant,1
chausse,1
honneur,8
ferait,5
israéliens,2
benêt,1
espéraient,2
eloi,2
perpétuation,1
pourriez,1
permanent,1
courtoises,1
parait,6
réorchestré,1
calculant,1
bébé,1
divisions,1
malheureusement,7
plateaux,1
professionnelle,3
victimes,6
études,4
engage,2
toléré,1
intermission,1
presque,5
poivre,2
décident,1
cessaient,1
regrette,3
décembre,1
portait,1
gagné,1
déindustrialisée,1
intéressant,1
assassins,4
anti,1
toujours,19
euphémismes,1
auditoires,1
euromondialisme,1
impôts,2
instrumentalise,1
neutre,1
malgré,2
telle,1
analyse,3
cassé,2
livre,2
mène,1
côtes,1
littéral,1
prudent,1
envoyé,1
seulement,1
sautter,1
parlez,4
sincères,1
former,2
trimestre,1
légitimité,2
infligées,1
parler,10
organisée,2
cesserons,1
voudrait,3
indifférente,1
écrit,2
politiser,1
bénéficiant,1
promouvoir,1
jeanne,3
juste,1
antijudaïsme,1
intervenir,1
bretonnes,1
exceptionnelle,2
rémunérations,3
recueil,1
ronde,1
suffisant,2
terroriste,1
taxe,2
dépenser,2
dépenses,11
york,1
abstenir,3
dresser,1
sortant,5
choc,1
hasard,2
dépendent,2
baron,1
disaient,1
côté,3
représentent,3
strasbourg,2
loisir,1
remplir,5
fonctionnelle,1
pensaient,2
saupoudrage,1
naturelle,1
immunité,1
aile,1
refait,1
quelqu,14
opération,11
laetitia,1
sévères,1
invité,1
député,6
bilatéral,1
relativement,5
bulletins,1
passe,7
prix,12
normal,3
énonçant,1
équivoque,1
solution,1
vôtres,2
drôle,1
tenus,1
renonçons,1
menacer,1
menaces,5
monter,2
etats,15
titre,1
services,1
pouvons,3
veulent,9
appris,1
malle,1
anormal,1
donnerons,1
remède,1
caractère,2
suicidés,1
sondeur,1
faux,5
joué,2
joli,2
automobile,2
réputation,2
manière,14
contribuer,1
circulation,3
antan,1
rhône,1
suivantes,1
agira,1
petite,4
indulgence,1
formulaire,2
submersion,3
pouvez,6
conduisent,1
unes,1
cœur,1
bataille,3
interroge,1
rechercher,1
législative,4
manifeste,1
immigrée,2
paraitre,1
confortablement,1
empêché,1
décidées,1
urss,2
immigrés,16
victoire,4
corse,6
bafouées,1
référendum,2
formel,1
dise,1
sagesse,1
juppé,1
traumatisme,1
agression,2
printanières,1
électorales,1
secrètement,1
incendiaires,1
persuadé,1
utilisé,3
communiste,13
sauvage,1
poserait,1
ouvrir,2
seules,1
magistrature,8
passé,8
sélection,2
autour,2
osera,1
rencontre,4
souhaiterais,2
content,1
péril,1
principe,2
cherche,1
troubles,2
sciences,1
convenu,1
confondu,1
savon,1
licencier,1
incapables,2
permettent,1
parlera,1
dérive,2
insensibles,1
germano,1
record,2
pugnace,1
chanté,1
menteur,6
témoigner,2
brouiller,1
souhaitée,1
voudrais,22
note,2
catholique,1
concurrencer,1
vastes,1
bloquer,1
baratin,1
décisions,1
amicale,1
dignes,1
réformes,8
interrogé,4
rendent,4
présomptueux,1
escarcelle,1
exagérons,1
mériter,1
désir,1
meeting,2
efforts,1
dégagement,1
empêche,4
scission,2
