word,raw_frequency
neuilly,1
idéal,2
1958,1
gesticulations,1
1952,1
police,14
1950,1
opposent,1
citoyenne,1
noble,3
brillant,1
comité,1
scandinaves,1
financera,1
troisième,4
favorisant,3
qualifiés,1
américaine,5
serbie,1
vivons,1
installent,1
furent,1
américains,5
régularisé,1
démesurément,1
oreilles,1
combattants,5
13ème,1
pesanteurs,1
1951,1
subliminal,1
intensifier,1
décadentes,1
conditionne,1
coups,6
performants,1
demandant,1
communautés,1
maitres,2
dodu,1
affrontement,3
quel,3
performante,2
désarmement,1
ouvert,1
productif,1
pétroliers,1
arriver,1
soldats,6
patriotique,9
symbolique,2
restrictif,1
équitable,1
mondiste,1
déshérités,1
place,21
ouvre,1
courage,10
réinsertion,7
noyer,1
soucieuse,2
conscients,1
rebelle,1
impartial,1
selon,18
huilé,1
science,2
demandent,1
diplômé,1
cruciaux,1
méchants,1
prend,1
mènerai,2
sucre,6
médiation,1
castes,1
forages,1
rabattre,1
obèse,1
insulte,1
mener,5
millions,34
structures,4
structurer,1
bruno,1
devez,1
établis,1
entendent,1
chacun,13
salaires,7
coupé,1
mieux,10
inserm,1
fermement,1
arriverais,1
patrie,8
administratif,2
quitteront,1
complexification,1
racisme,2
enlacent,1
instauré,1
idéologiques,1
jolie,2
abusés,1
rangent,1
médaille,1
cathédrales,1
positionnements,1
mécanisme,3
5ème,1
oranges,1
mena,1
établie,1
retard,2
choquante,2
cantonné,1
international,9
incitatives,1
girouette,1
appuyer,1
onera,1
destructions,1
syndicaux,1
familiales,2
prétoires,1
chine,9
massificateur,1
perpétuelle,2
pardi,1
star,1
crédits,6
régionale,1
réforme,11
active,4
montée,3
individuellement,1
reculera,1
faisaient,2
reconstruire,2
douter,1
habite,1
répressif,1
apporter,3
appuyés,1
reflet,1
rentrent,1
cadres,3
avertissements,2
dissuasif,1
fonctions,1
puisse,2
refuse,1
appuyée,1
exposerai,1
entrepreneurial,1
désespérance,2
aventureux,1
enorgueillit,1
disant,4
restaurer,1
étude,1
fausse,3
naïf,1
remplie,1
écraser,1
nunuche,1
hostilité,1
cantines,1
antichars,1
incarnation,1
voyait,2
parlement,4
communautaire,6
machine,3
effets,7
disent,7
criminelle,2
civile,7
gris,1
réserverons,1
ingérence,5
écraseur,1
limites,1
infraction,2
prouve,1
soins,2
monarchie,2
perçoit,1
préservée,1
oserai,2
déclare,1
exploitants,1
broutilles,1
multilatéral,1
interprétation,1
marigot,1
allé,1
trente,9
scandales,1
alarme,3
machin,1
insupportable,1
policières,1
donnerai,1
représentatives,1
réussi,3
adressé,1
animal,2
drôle,1
corrompues,1
bordelaise,1
kopa,1
identiques,1
honorait,1
eues,1
multiples,3
faces,1
confins,1
nombreux,10
resocialisation,1
débarqué,1
communautaires,1
angélus,1
aspirent,2
transmission,4
entamer,1
décentes,1
premièrement,1
pékin,1
conciliation,1
retraité,5
installation,2
école,53
complément,1
séduction,1
irakienne,1
1940,1
1942,1
encourager,1
rétablissement,5
1945,5
1947,1
affirmant,1
pêcheur,1
académie,1
vache,1
classées,1
répartition,16
paroles,1
censeurs,1
génie,3
essentielles,3
crétins,1
personnel,3
fondamentales,5
incurie,1
lacoste,1
philosophie,1
adresse,5
régime,5
arrêter,4
séances,1
réalisée,1
faveur,1
rappelle,3
intérieur,2
idéologues,3
renchéris,1
renouvelé,1
périls,1
matérielle,1
vanté,2
personnage,1
arrêt,2
abord,43
commencent,1
apparaisse,1
camarades,3
chevènement,1
croyez,2
éducation,26
retraite,35
brest,2
moyen,13
stimulée,1
ethniquement,1
coeurs,2
instituteurs,2
foncière,1
stratégiques,1
approvisionnement,1
impérieux,1
exode,1
compare,1
embelli,1
agraire,2
blessés,3
autorité,9
interdire,1
corrompue,1
douane,4
enseignants,7
concentrer,1
débouche,1
insuffisante,1
capitulation,2
incarner,2
contribueront,1
autre,1
changeant,1
histoire,27
qualités,1
date,6
éclat,1
envoler,1
stratagème,1
lazzis,1
accueille,1
portent,1
déduction,1
inquiétude,1
recruterons,1
lieux,2
madame,1
capable,10
montre,4
entendu,6
ferrari,1
contestée,1
étranger,6
croissance,8
misère,5
faciles,1
diverses,1
trêve,1
fête,1
ressources,5
équipe,2
morales,2
intransigeant,1
cacher,2
laissant,4
vais,2
pénalisés,1
couvrant,1
commandants,1
alimentation,1
synergies,1
écrans,1
inéluctable,1
doute,5
forage,1
etat,1
hélas,4
trahi,2
spécialistes,1
recours,3
altier,1
hôpitaux,2
durablement,2
reconstituer,1
briser,2
bras,1
inciter,1
critique,2
pourront,3
pourrons,3
acculés,1
investissements,3
libérant,2
capacités,4
légaliser,1
ordres,1
indispensable,6
round,1
longtemps,18
poètes,1
décide,1
authentiques,1
menée,4
supérieure,5
septembre,4
vieillards,1
vignoble,2
conjurant,1
donnerons,1
forme,5
hauteur,1
nuances,1
nuancer,1
irrémédiablement,1
plaire,2
bafouée,1
entraînant,1
sobriquets,1
dévalorisation,1
braderie,1
assistanat,1
jeux,3
conquérant,1
origine,11
entraves,2
individualités,1
irriguer,1
textes,3
éleveurs,4
repli,1
assurerait,1
plombiers,1
rejoint,2
mortels,1
cessez,1
responsables,4
soumis,1
maîtrise,3
constater,1
erreurs,2
mérite,3
moule,1
concessions,1
équivalent,1
vercingétorix,1
penseurs,2
arrivé,1
utile,1
surproduction,2
mienne,1
plein,2
soumises,3
sortiraient,1
vert,2
vers,15
fille,3
effectuent,1
accueillir,2
burgaud,1
15ème,1
troublés,1
revendications,1
utiles,1
piteuses,1
intellectuellement,1
parents,4
exactement,4
désirable,1
relancé,1
urssaf,1
obligations,1
télégraphique,2
publiques,6
gagner,8
intériorité,1
soupçon,1
pressé,2
croisée,1
posthume,1
seconde,3
promettait,1
allant,2
mobiliser,1
equateur,1
contrée,1
réversions,2
agir,4
incarcérés,1
privilégiés,2
nagasaki,1
diversité,3
devenus,2
gamay,1
comparatives,1
valse,1
indiquées,1
gadget,2
aucune,5
injustifiable,1
successives,1
arbitrage,3
jouèrent,1
canaries,1
rétablir,11
francophones,1
subversif,1
français,112
sujets,4
russes,1
stade,1
fonctionnaires,25
consensus,1
monstrueux,1
papiers,1
proposerai,1
consignes,1
mondialisation,11
submergée,1
économique,23
catimini,2
profit,8
accès,9
mexique,1
agressives,1
médiatique,2
pouvait,3
face,21
sommet,2
sommes,20
systèmes,9
déclarations,2
servira,1
multiplication,3
ayez,4
vint,1
vins,5
équipements,1
multiple,1
long,6
sorciers,1
hallucinant,1
berlin,1
région,7
bruit,1
châteaux,1
moduler,1
euthanasie,2
dresser,1
effectuer,2
contrepoids,1
démocratiquement,1
pléthorique,1
promettent,3
migré,1
dieu,2
rembourser,1
injuriés,2
office,2
heureux,1
pense,14
pénale,8
temps,36
sortent,1
avants,1
médiatiques,1
enfoncer,1
travaillaient,1
refusant,1
marketing,3
acharnement,3
entier,5
coût,7
venu,2
vent,1
maire,4
préoccupation,2
distribuer,1
élémentaires,1
raccourcit,1
importer,1
opérations,2
assurant,3
dénoncée,1
défense,26
armes,2
raccourcie,1
adhésion,1
pinots,1
mascarade,2
unifie,1
cultivateurs,2
prioritaire,1
successions,3
occidentaux,1
socialiste,3
renouveau,3
embarquer,1
placé,1
essayaient,1
condamné,5
applique,1
cesser,5
continuent,3
frontières,15
durer,1
minoritaire,1
inquiétant,2
instituts,3
plan,8
adepte,1
sort,4
pensé,1
vaille,1
désertent,1
rouages,1
pays,92
réjouis,1
pervers,1
abuser,2
ombre,1
choisit,2
puisqu,11
serviteurs,1
choisir,3
choisis,1
jetant,1
pêcheurs,2
phrase,2
travailleur,1
parental,2
choisie,2
devenu,3
permanente,2
pénaliser,1
planchers,2
oeuvre,11
dégradée,1
traditionnellement,1
mosquée,1
internes,1
partent,1
inversion,1
milosevic,1
vicomte,1
diminue,1
redoutable,2
citer,1
parlementaire,1
2014,4
somme,4
injustice,5
congrès,1
riposte,1
ridicule,1
interventions,1
scandaleuse,1
grandeur,6
affiches,1
évolution,3
présence,6
suspects,1
voter,3
allait,4
industries,4
cerveaux,1
arrachés,1
pompiers,5
discrimination,2
trahis,2
transformer,1
capitule,1
impose,5
fondre,1
excellence,3
natation,1
rabatteurs,1
cotisation,2
marocains,1
professions,2
lien,3
abandonne,1
commande,3
iufm,3
lancé,2
jugement,2
carnac,1
solidaire,1
voyez,6
exprimé,1
renouer,2
justement,4
assistance,1
lieu,21
passera,3
mystère,1
mesurées,1
banc,1
signa,1
joint,2
boutoirs,1
organisant,1
guidés,1
diminué,1
correctement,1
surfiscalisé,1
fiers,4
sarko,8
washington,6
sociologue,1
fiscaux,3
peuple,63
osent,5
engagés,1
terrifiants,1
scandaleuses,1
renforcement,1
comprendre,7
espagne,5
enseigner,2
organisent,2
comprendra,1
enfin,32
orient,5
incident,1
soumise,3
bénéficié,1
exonération,1
récolte,1
prévu,4
explosion,3
refinancer,1
locaux,2
malnutrition,1
fils,6
dessert,2
lance,1
risque,14
abandonné,2
personnalité,2
masturbation,1
champ,2
directions,1
gravité,1
excès,1
sinistre,2
continue,9
préférée,2
particulière,2
forcément,2
abandonnée,2
danoise,1
involontaires,1
clefs,2
communisme,1
délibérément,1
assistantes,1
particulier,6
imposer,2
abandonnés,3
signé,1
successivement,1
annonçait,1
contestées,1
2013,5
grand,20
réserves,1
message,1
monsieur,6
précaire,1
généralement,5
montagne,3
souhaiteraient,1
luttions,1
voiture,1
occasionnant,1
prédateurs,2
créancier,1
bateau,1
totalement,2
augmenté,4
désinformation,1
avortement,1
abaissement,1
achever,1
lutte,3
étrange,2
?...,1
complaisance,1
diffamations,2
pitoyables,1
patrimonial,1
déficits,1
magma,1
syndicats,11
vaciller,1
félicité,1
défendent,1
perturbe,1
commerçants,4
termine,1
appareils,3
indéfiniment,1
europe,41
strictement,1
nicolas,1
protègent,1
shanghai,1
antériorité,1
traverse,1
brillante,1
présentez,1
atomique,1
internationalistes,1
reconnais,1
supplémentaire,3
mènerons,1
triomphe,1
signe,2
éthanol,1
ruiner,2
réflexion,2
domiciliation,1
interdits,4
couplé,1
italie,3
fasse,2
maintien,2
échangisme,1
augmente,1
douceur,2
mladic,1
magistrats,25
marine,1
invraisemblance,1
suppression,4
prétextes,1
café,2
marins,2
capitale,1
rendre,14
condamnent,1
moyennes,4
perd,1
succédés,3
habituelle,1
révèlent,1
chercheur,1
mondialisés,1
monoparentale,1
paternalistes,1
mettre,15
irrigation,1
mettra,1
siècle,11
honoraires,1
sanction,5
réversion,1
dernières,7
futurs,5
édifice,1
raisonnable,1
émeutiers,1
société,25
crds,1
mode,4
franchouillard,1
lesquels,4
cache,1
sobriquet,1
municipaux,1
diversités,1
tribunaux,4
libérées,1
multi,3
programmés,2
prétend,1
respecté,1
rajeunir,1
aggraver,3
citoyens,19
répondu,2
sympathique,2
menace,6
réponds,3
environnementale,1
désinformé,1
abstraction,1
extérieures,1
désamour,1
notait,1
maritimes,1
fatalité,2
couvrirent,1
coulpe,1
aidé,1
austère,1
inhumanité,1
gaspillage,1
récompense,1
vents,1
arabe,3
este,1
récuse,1
envisage,1
distinction,1
manuels,3
réservant,2
souhaitait,1
carrière,2
manipulent,2
connaissent,1
discipline,1
soumission,3
juge,2
ailleurs,43
informé,2
politico,3
figurants,1
arrachages,1
vibré,1
métiers,9
délinquant,2
villifiées,1
rouler,1
usagers,1
fondations,1
sapée,1
individus,2
chalut,1
différent,1
audacieuses,1
menacé,3
vénéneux,2
brisé,1
enseignent,1
faugère,1
programmé,3
façonné,2
élémentaire,1
position,2
publicitaires,1
maintenir,5
compétition,3
têtes,2
aide,4
décisif,1
ventre,1
vendre,3
manifs,1
faciliter,1
écroués,1
flexibilité,1
mathématiquement,1
arthur,1
concrétiser,1
méritocratie,2
casser,2
normandie,1
moquer,1
payer,4
fatale,1
mobilisation,1
répond,1
utilisés,2
privés,2
moraux,1
avenir,14
nucléaire,6
indécision,1
capitaine,2
1986,1
1980,1
1981,1
1983,2
moments,1
développer,4
nécessité,8
réfection,1
perturbateurs,1
prélude,1
maintiens,1
excuser,1
fini,2
dernière,5
critère,3
élevées,1
caboches,1
assumer,4
mixte,1
continuerons,1
restitutions,1
financer,4
apercevra,1
demandais,1
besoins,6
idiote,1
détenu,1
réalités,2
ecoutez,9
raffolent,1
taris,1
establishment,1
tirer,2
citoyen,7
considérablement,3
remarquable,1
absolument,3
aggravation,1
mécaniquement,1
prégnance,1
individualisme,1
certaine,1
généralistes,2
certains,16
dispersée,1
venant,2
établissant,1
euro,9
point,12
flores,1
nécessite,3
situent,1
entrepreneurs,4
créatrices,1
sarkozisme,1
empire,2
urbains,1
adapter,1
adoré,1
michel,4
ruraux,2
indépendance,11
permet,11
dirait,1
instruments,7
superficie,1
bord,1
mettent,1
projet,10
combattent,1
obtenu,1
rempli,1
hameau,2
période,8
paris,6
liquider,1
déferlante,1
dramatique,1
urnes,1
aider,3
ruralité,1
marchands,1
besson,1
aides,5
estimés,1
équipement,2
suédoises,1
lutter,5
luttes,1
maisons,1
défi,4
remercier,1
almunia,1
donnant,1
aurore,1
aimerait,1
quiétude,1
énergétique,3
européennes,7
droits,20
dangerosité,1
uhlans,1
dessine,1
caniche,2
quasiment,2
spectacle,4
remboursés,1
cachan,1
gazettes,1
élevé,1
droite,2
précisément,5
évitait,1
cotisaient,1
historiens,1
délégation,1
infernales,1
intervenu,1
fictifs,2
veut,9
rivières,1
disposer,3
affublés,1
grâce,9
âgées,3
agents,16
ocde,2
destructeur,2
réseaux,1
fondamentale,6
apprenait,1
6ème,2
électorale,7
gouvernent,1
tenons,1
mariage,3
périgueux,2
réduites,1
capacité,3
dubois,2
aérospatial,1
illégale,1
dois,3
tous,8
établit,1
établir,3
infléchir,1
libéro,1
biographes,1
humanité,3
consacrés,2
soutien,4
bêtes,2
régionaux,2
mondialisé,1
civils,3
racontent,1
compassion,1
surnom,1
avant,4
fromage,2
dessus,1
singer,1
pouvant,2
représentatifs,1
lourde,1
dits,1
perdre,1
échanges,1
assurément,1
exergue,1
libéralisation,1
autant,19
séminaire,1
média,1
massifiée,1
audit,2
déplorait,1
pareils,1
ensemble,14
présentée,1
sacrifiée,1
traitement,3
hautes,1
congé,1
volte,2
rubrique,1
déplacement,1
sacrifiés,2
légales,1
liberté,50
principalement,1
relatives,1
hôpital,1
corollaire,1
jean,14
tactiques,1
laborieux,2
néolithique,1
saddam,1
abattoir,1
printemps,3
entretient,1
capétienne,1
législation,2
taxe,1
bordeaux,4
bradaient,1
bandes,1
pénalisaient,1
technique,1
copiages,1
image,4
exhibe,1
suffit,3
gêne,3
dettes,2
prescription,1
seuls,8
marge,1
produire,2
démonstrations,1
louvoie,1
israël,3
calomnies,2
mondiales,3
concurrents,1
symboles,1
noms,1
centres,1
empêchera,1
nation,27
sauf,7
essayer,1
rassembler,2
unificatrices,1
emporter,1
montré,2
gouvernement,12
signal,1
clausus,1
ébranlée,1
réglementer,1
louis,2
fossoyeurs,1
espère,3
monopolisent,1
construire,4
accorderons,2
prélèvement,2
arracher,3
once,2
pakistan,2
lareymondie,1
puissante,1
priorités,1
opportun,1
nôtre,2
spontanéisme,1
valoriser,1
responsabilité,22
durcirons,1
mobilité,1
déstabiliser,1
rentabilité,1
gros,2
plancher,1
installé,1
ambitieux,1
faute,4
portés,1
sabotée,1
déplorable,1
physique,3
bâtiment,1
siècles,6
confronter,1
adressant,1
expliquer,1
solitude,1
permettront,1
révolutionnaires,1
lobbies,3
détiennent,1
revenir,6
républicain,5
chose,8
inocule,1
industrie,3
clairement,5
intuition,1
grincer,1
décriées,1
nôtres,1
existence,3
militant,1
lancerai,1
aidez,1
tiendront,1
chouannerie,1
badinter,1
sida,2
mêler,1
partageant,1
unie,1
libéraux,6
points,1
confits,1
lattre,7
débat,2
maires,8
hydre,1
généraux,5
littérature,1
faibles,6
cédé,2
installe,2
valorisation,1
fonctionnaire,2
luzerne,1
manipulé,1
juxtaposés,1
pauvres,5
cuba,1
connais,1
algérie,3
optimale,1
proportionnée,1
mobilisé,1
secte,1
sondage,2
rentrer,2
centristes,2
minorités,1
représentative,1
pieds,2
proportionnelle,2
devient,2
lassés,1
accords,2
aumône,1
dissuasion,1
regard,1
systématique,1
contestent,1
province,2
vendent,1
dires,1
enserrant,1
contraste,1
providentiel,1
intraitable,1
heurte,2
direz,1
doctrinaires,1
17ème,1
natalité,6
agite,1
keaton,1
assimilation,1
charges,2
clémente,1
oublié,7
misères,1
classement,3
emphase,1
dites,2
allemandes,1
boucherie,1
marseille,1
dirigent,3
persécutions,1
intergénérationnels,1
alimenter,2
améliorer,2
guère,2
débuts,1
palais,2
délibérés,1
femme,5
compères,1
évidentes,1
virtuelles,1
incarne,6
philosophiques,1
patries,1
explicite,1
figés,1
expliquent,1
amputé,1
doigt,1
abordons,1
méritants,1
autorisée,1
venir,7
alliance,1
contexte,1
submerger,1
locales,1
isolent,1
poutres,1
pédagogique,3
écorché,1
développés,2
stage,1
diffusion,1
occupent,1
center,1
baby,1
délits,3
exclut,1
décisifs,1
ségozy,2
oblige,1
manquer,2
conflits,5
détermination,1
manuel,2
criminels,3
plans,1
personnels,1
lait,1
faisons,1
alimentent,1
publication,2
coûteuse,1
manuelles,1
prou,1
évident,9
destruction,13
considère,7
résidence,1
surtout,16
récupérons,1
transmissible,1
prof,1
invasion,4
consentent,1
développent,1
consultants,1
promptes,1
croates,1
éviter,2
succès,2
vocation,1
paresse,1
évitez,1
éminent,1
militants,6
martelé,1
compensant,1
développant,1
amicalement,1
argent,3
manque,3
mrap,1
tollé,1
article,1
biomasse,1
systématiquement,4
dispositif,4
existait,2
servis,2
servir,5
répandu,1
usines,2
avantageux,1
moratoire,2
défausse,1
étrangers,10
prométhéennes,1
époque,6
désigné,1
subi,1
sapeurs,1
traditionnels,1
homosexuels,1
régleront,1
salers,1
meilleures,2
résignés,1
euros,9
troqué,1
cèdent,2
ampleur,2
pétrolière,1
litanie,1
révéler,1
renonce,1
qualifications,1
rappela,1
picardie,1
socialistes,4
exécution,3
personnages,1
marches,1
différenciés,1
unitaire,1
ligue,1
lâcheté,2
illustra,1
indemniser,1
contrecoeur,1
people,3
hétéroclite,1
inaugurée,1
sutures,1
implosion,1
canaux,1
militaires,6
désordre,5
totalise,1
menacée,2
continuel,1
commerciales,4
tranchez,1
aboutir,2
tranches,1
touraine,4
nouvel,4
faits,1
antagonistes,1
fédéralistes,1
précis,1
formelle,1
humaine,7
magistrat,2
patriote,5
dirais,5
renvoie,1
capitalisme,1
abouti,3
humains,3
loyauté,2
égales,1
démocratiques,1
clôturer,1
avaient,5
traités,5
ajoute,5
souvenir,1
construits,1
éducative,2
uniformes,1
revalorisation,2
ayons,1
fuite,2
lieutenant,1
souhaitant,1
église,1
naîtront,1
chaque,1
toucherons,1
enrichissement,2
réduisent,1
communauté,3
bases,1
monétaire,1
chauvins,1
terroirs,1
pénurie,1
valait,1
réduisant,1
nécessaire,14
saint,2
provence,2
émulation,1
antiaériens,1
tandis,1
australie,2
laissé,3
prudente,1
élan,4
démunis,5
maître,4
travaux,2
pédagogiques,2
assimilerons,1
adhérents,2
notamment,9
concert,1
idées,11
moulin,1
condamnés,7
arrivent,3
convoquerai,1
altérer,1
valmy,17
exorbitants,1
échangiste,1
popularités,1
constante,2
prises,2
règles,4
complexité,1
commissions,1
catégories,3
notre,4
jouir,2
poète,1
chefs,1
adosse,1
brevet,1
européens,5
culpabiliser,1
guise,2
garçon,1
honnêtement,1
blairiste,1
livré,2
réprimer,3
poussant,1
abrogée,1
craintifs,2
démantèlement,1
insulter,1
insultes,1
essentiel,4
génération,2
berceaux,1
crée,2
joue,4
joug,1
eussent,1
efforçons,1
naquit,1
irrésistible,1
savoirs,3
affirme,8
défaitistes,1
affirma,1
remet,1
volet,1
lumière,1
alors,20
complémentaires,2
annuels,1
éduque,1
justification,1
roupies,1
sponsorisée,1
potes,1
carburants,1
besoin,7
jouent,2
ados,1
leurs,54
modernisée,1
partial,4
annuelle,1
remplacement,3
erreur,4
éducatives,1
foire,1
application,2
voulez,2
lequel,8
transformé,1
singulièrement,1
redonner,2
exécuté,1
meurtrière,1
franchise,1
inconscience,1
agriculteurs,5
jacques,5
vendéenne,1
sceptiques,1
décroché,1
spontanéité,1
égards,1
accueillent,1
respect,10
échecs,1
elle,26
plaintes,2
atlantisme,1
inoffensif,1
brisant,1
joué,1
accueillant,1
trois,16
lent,1
créé,1
tatillonne,1
circences,1
impôt,8
affrontements,2
indigner,1
affirmé,1
symbole,4
détecté,1
réformer,3
réformes,13
1991,3
1990,5
examen,5
estivale,1
finance,2
clandestin,2
répète,2
maison,2
normes,1
voulait,3
fonction,26
martine,2
réduit,4
tiendra,1
meurtriers,1
intimidation,1
brésil,7
ingéniés,1
pleinement,1
forez,1
fermeté,1
compatriotes,21
porté,1
échec,3
clientélisme,1
critiquer,1
1328,1
écrous,1
poulet,3
politise,1
mépriser,1
couler,1
attaques,1
pauvre,1
victoires,1
céfrans,1
activité,14
éliminer,2
provenance,1
caricaturales,1
efforcent,1
jurant,1
sinon,6
pédagogisme,2
presque,5
valoir,1
asile,2
respectant,1
agent,2
honteuses,1
corporatistes,1
déposés,1
entraîner,1
confiné,1
amour,4
montrent,6
beauce,1
perdaient,1
inlassable,1
malaisie,1
nomenklatura,2
craignent,1
candidats,6
yeux,5
raisonnables,1
vitales,1
quelque,10
curieux,1
injuste,4
entreront,1
dépit,3
recréerons,1
finlandaises,1
décomposition,1
porto,1
mettrons,2
obtenaient,2
fera,4
tiré,1
3ème,2
porte,4
derrière,3
profonde,2
mariann,1
pantouflage,1
rapprocher,1
politisé,3
tendresse,1
profonds,1
meetings,1
permit,1
syndicalisation,1
bonnet,2
permis,3
7ème,1
diplomatique,3
vide,2
déçus,1
évangile,1
conséquences,5
bureaucratie,3
assèchera,1
déontologique,1
illettrisme,1
élus,2
mammouth,2
férir,1
masses,2
expériences,1
carcéral,2
banlieues,7
parmi,3
contrepartie,6
occulter,1
façade,1
frère,1
débiteur,1
touche,2
planté,1
rapports,3
propose,8
formés,1
sidérurgie,1
usés,1
accentuer,1
recherche,15
combattre,3
arrange,1
chercherons,1
apportera,1
suprême,3
canne,1
standing,1
turpitudes,2
greffiers,1
agitation,2
exclus,1
budgétaires,2
rééquilibrer,1
choisira,1
établissement,2
apparu,1
environnement,9
patrimoine,3
fraternelle,1
détention,1
maquillé,1
mauvaise,2
volontés,3
mesdames,26
froide,3
cohésion,3
faire,78
laquelle,18
revenus,2
tragique,1
touché,1
minh,1
humaniste,1
partiaux,1
fédérés,1
maximum,1
directement,1
proposé,3
territoriaux,1
cohabitations,1
véritablement,1
confrontée,1
sûreté,1
dévalorisaient,1
koweït,2
femmes,10
sacrifice,2
freine,1
procédures,1
etre,1
usine,2
dirigé,2
coton,3
revenue,1
abroger,1
même,1
grotesque,1
effondrement,1
medef,3
condamnées,2
délabrement,1
sentir,2
profond,2
démarches,1
agréablement,1
numerus,1
centaines,2
magazines,2
soumettent,1
allongement,5
législatif,1
certain,16
village,1
productifs,1
fondamentaux,4
correspond,2
dépasse,2
phénomène,1
décidée,1
semaines,2
tard,9
objet,4
assujettis,1
cruellement,1
vivant,1
soudanais,1
assujettie,1
excédent,1
aune,4
compreniez,1
culturelles,4
rond,1
dégager,1
citation,1
citoyenneté,3
illusionnistes,1
volontairement,1
modernes,2
êtres,1
terreau,1
bradé,1
malvy,1
serein,2
exposés,1
apparaissent,2
complète,1
rassemblé,1
disette,1
continuiez,1
mémoire,2
performantes,1
sorties,1
rejets,1
assimilationniste,1
conférences,1
propagande,4
parqués,1
juridiction,2
consacre,1
justice,44
vieilles,1
devaient,1
travaille,2
compétences,1
gaspillages,1
unité,2
travaillant,1
inouï,1
prévoyait,1
muselée,1
tournant,1
entendre,5
inspecteurs,1
noir,4
kahn,2
climat,1
dosage,1
confortable,1
inéligibilité,1
pétitionne,1
universités,2
composent,1
finalement,6
suivra,1
carcan,1
suivre,2
iran,5
vies,1
boursouflé,1
irak,7
restants,1
islamo,1
étendre,1
retour,13
largement,3
gouvernements,7
régression,1
convie,1
garantie,2
tassigny,4
digne,3
dresde,1
accompagneront,1
empêcher,3
humblement,1
titulaire,1
garantir,2
magnifique,1
refusent,1
tort,2
profs,1
anniversaire,1
guandong,1
proprement,2
consultation,2
valeurs,18
doublant,1
acceptons,1
conflit,2
effroyable,1
consacré,2
beau,1
suivront,2
formule,1
corridas,1
academy,1
laissés,1
populisme,1
accusation,1
cotisants,1
éléments,2
maritime,1
extrêmement,1
peur,14
source,5
peut,2
éloignés,1
peux,3
profitait,1
attaqués,3
renoncement,4
accord,3
annonce,6
progression,2
voleur,1
bourgeois,1
telles,1
guanzou,1
élites,7
misérable,1
éclata,1
obligeait,1
vitesses,1
garanti,3
metz,1
utilité,1
entends,2
partout,6
clients,1
prêtes,1
naïveté,1
sortir,6
syndicales,3
adresser,1
sociétés,7
proposons,1
cher,3
quart,3
confiscatoire,1
garants,1
gilles,1
devrais,1
chez,16
régimes,19
connus,1
adoucissant,1
consisté,2
sanctionnant,1
plastiques,1
reniement,2
égoïstes,1
écrasé,1
entière,1
gendarme,1
reprises,1
scolaire,6
ministre,11
liberticide,1
compris,6
2009,1
sego,1
insoutenables,1
négociations,2
minent,1
gouvernants,5
compagne,1
hésitation,1
originaires,2
avait,24
direction,2
curieusement,1
afrique,7
avais,4
trouvera,1
apprendre,1
éloge,1
soyons,4
exportatrice,2
revaloriser,4
domaine,8
pèsent,1
géant,4
mutations,1
plaie,1
automobiliste,1
prisonniers,1
puisque,21
probablement,2
méconnaît,1
ambassadeur,1
internationaux,3
jadis,3
consiste,2
engagement,2
raisonner,1
sociétales,1
pour,22
cotisant,1
dégrade,1
fâchent,1
arbitre,1
gardes,1
garder,2
attiré,1
austérité,1
influence,3
situation,18
peuples,20
parentale,2
lavandes,1
sénateur,2
germer,2
germes,1
marxistes,1
béat,1
parce,7
cadre,5
pénibilité,1
juger,3
juges,7
jugez,1
académicien,1
concentration,1
admettent,2
poignardé,1
7000,1
embauche,3
matières,1
travailleuses,1
incontrôlée,1
diffusée,1
prévoir,5
privatisations,1
extérieur,3
prévoit,1
observe,1
formations,1
toucher,1
1651,1
durable,4
décadence,5
handicapés,2
savons,4
massacré,1
pensent,9
industriels,1
continuelle,1
contrefaçons,1
umps,3
pages,1
comprennent,1
célèbre,1
destinées,2
reposer,2
1830,2
1832,1
proche,7
appui,1
parquet,1
acquis,2
origines,1
déstabilisant,1
favorable,6
libérer,2
cesse,7
forge,1
servi,2
justes,1
bénins,1
gloire,1
pénal,2
papier,3
dignement,1
niveleur,1
analphabètes,1
réaliste,1
déséquilibrait,1
indochine,3
savants,1
options,2
anglo,1
seselj,1
initiative,4
observé,1
sortants,1
confiscations,1
archives,1
croient,5
absentéisme,1
subordonnant,1
avril,3
tente,1
effrayait,1
opposer,1
rompre,3
structurés,1
bourget,1
statut,4
mettrais,1
dissuasive,1
productivité,2
pareds,1
territoires,2
bout,7
crut,1
développerons,1
violents,1
subsistera,1
villiers,9
exclusivité,1
atteler,1
nier,1
dissuade,1
nien,2
19ème,1
accroissement,1
réel,2
faux,9
trappes,1
faut,79
téléphonie,1
instit,1
juppé,1
éliminé,1
triompher,1
lèvres,1
basque,1
variés,1
importance,4
charette,1
immobilisme,2
résister,2
respectez,1
ensuite,6
respecter,4
différences,1
sanctionner,1
midinettes,1
notion,3
drastiquement,1
personnellement,2
instruction,7
pourfendeur,1
produits,7
sentent,1
fondamental,3
individu,4
syndicale,1
phréatiques,1
catastrophiques,2
montesquieu,1
réhabilité,1
respectueuse,1
dissimulent,1
suffire,1
poincaré,1
esclavage,2
gujarat,1
qualification,2
hiérarques,1
grevé,1
rural,2
attend,3
supprimé,2
littéralement,3
dilatait,1
soumets,1
récentes,1
mois,19
emprisonnement,3
médias,5
suisse,1
partenariat,1
principales,2
privilégier,2
évidemment,9
immédiatement,3
sandrine,1
porteurs,1
escalade,1
viticole,2
piquet,1
attendons,1
douloureux,1
incarnent,1
tenues,2
acceptent,1
miss,1
quelle,3
fréquentes,1
conquête,2
contentaient,1
mercantile,1
adoptée,2
mise,4
supportent,2
appartements,1
mauvais,2
parfait,1
répété,1
sortis,1
défaite,1
patrons,4
héritage,1
yougoslaves,2
allonge,1
rejet,1
sortie,2
bellum,1
donne,15
amortissement,1
sein,1
sordide,1
foulée,1
opérationnelle,1
crime,4
supplémentaires,6
aucun,1
réside,1
blanc,4
bouché,1
sent,2
ruineux,1
substituer,3
également,9
intérim,1
viendront,1
malhonnêteté,1
révélait,1
débutent,1
puissances,3
sauvée,1
imposition,2
pascal,1
judiciaires,3
vivre,8
2019,1
vainqueur,4
activisme,1
applications,1
essence,1
ayant,9
fais,3
remit,1
remis,3
meilleur,5
faim,1
remplissent,1
bourgeoisie,1
traitements,3
individuelles,1
notions,3
soldat,1
antipodes,2
visible,1
donné,10
facteurs,1
ensembles,1
pourraient,1
incarcération,1
pension,9
26000,1
remonter,1
sérieusement,1
séance,3
vème,1
cession,1
parties,1
héritiers,3
joufflu,1
farouche,1
planétaires,1
bouche,4
propriété,2
reçoit,1
leviers,1
enfant,14
ciel,2
peines,13
1800,1
décrivait,1
figure,1
transmis,1
hebdomadaire,1
cultures,1
foncier,2
tourner,3
semble,7
collégiens,1
sentiment,9
correctionnels,1
lire,6
importatrice,1
indispensables,3
mille,2
oser,1
sportives,2
révolutionnaire,1
mantes,2
utilisation,2
insurmontable,1
froideur,1
augmentant,1
entraînait,1
prise,4
lourd,4
anciens,3
alentours,1
suicide,1
tour,7
danger,8
stratégique,1
aurez,1
tout,12
dossiers,1
désirent,2
contrat,1
garantirait,1
épuisé,1
courir,2
doctrine,1
professeur,4
stopper,2
devant,18
cherchent,1
salle,1
bidonville,1
instaurerons,3
référendaire,2
brandissons,1
cinglant,1
parle,3
exercera,1
instituerai,1
préfère,1
disciplinaire,1
communautarismes,1
rencontrer,1
spiritualité,1
équivaudra,1
ravages,2
néerlandais,1
augmentent,1
proportions,1
storming,1
administratives,2
cette,26
détriment,1
considérer,3
tonnes,2
palestine,1
préoccupés,1
ennemis,1
capitalisation,2
xviiième,1
inde,11
gergovie,2
avion,1
sanctionne,1
autorités,2
sociales,9
retraités,6
exclure,1
production,6
poste,4
quotidien,2
différents,3
gauche,36
déductions,1
permettra,5
menacés,1
permettre,10
prestations,5
appauvrit,1
nourrissent,2
richesses,4
habitués,1
totalité,1
épuise,1
détresse,2
tenaient,1
bergers,1
pacte,2
régaliennes,2
conséquence,3
exercerons,1
parlé,2
bureau,3
utopies,1
values,2
atrocités,1
élucidée,1
pute,1
mêmes,23
significatives,1
marchais,1
pratique,3
géostratégiques,1
dépecée,1
changerais,1
enseignements,3
chinois,1
légitime,8
difficile,2
professeurs,6
travaillent,2
poitou,4
superpuissance,1
inverse,4
impossibles,1
panem,1
panel,1
sape,2
nationaux,7
voile,1
visées,1
définira,1
hélicoptères,1
hyper,1
oligarchies,1
baisse,4
notable,1
ancestrales,2
retenues,1
transmettre,3
luxe,1
penseraient,1
fondamentalement,1
changement,9
rappelé,1
interdictions,1
retrouver,6
sites,1
insuffisance,2
tartuffes,1
iranien,1
chômeurs,5
scandale,1
diversifier,1
rallier,2
celles,3
puis,1
mises,2
scolaires,3
tristement,1
bovine,3
libérale,3
irréversibilité,1
serait,13
petit,9
pure,4
bovins,2
déficit,4
cavalier,1
laboratoire,1
souffrance,2
publics,27
système,39
fatal,1
compétitifs,1
hôtel,1
ouest,4
intellectuel,6
boucliers,1
fragmentation,1
baissé,1
voilà,12
levés,1
contrées,1
première,22
médecin,1
plagient,1
immédiat,1
horizon,1
lafargue,1
conservatrice,1
soja,3
surendettés,1
suffrage,3
pensions,4
caractère,3
étaler,1
nouvelle,13
ruine,4
véritable,20
facilité,1
voté,1
espèce,1
départ,7
briguer,1
pudiquement,1
alliés,1
clairs,1
iraient,1
privé,20
artisans,4
payant,1
photo,2
allons,3
claire,1
étonne,1
gendre,1
prêts,2
inscrit,2
usage,3
accroître,3
mesurer,2
mesures,17
abandonnant,1
irriguée,1
conçu,1
commissaires,1
brisée,1
espionnage,1
irakiens,1
présider,1
sanctification,1
navire,1
mandelson,3
géographiques,2
varsovie,1
chemins,1
hémorragie,1
accroches,1
champion,2
affronter,1
profiteurs,1
chercheurs,3
"...,",3
juillet,3
....,4
défilé,1
cause,10
...),1
complices,3
syllabique,1
entreprise,12
progressive,2
décennies,2
faites,1
endettement,1
peuplement,1
souhaitent,2
ecole,1
vieillit,1
judiciaire,16
régionales,2
enfonçons,1
noblesse,1
élevés,1
solde,2
mondialisme,2
inverser,1
demandé,2
douanières,2
appellerais,1
détester,1
harmonie,4
naissance,1
nous,34
prolifèrent,1
version,1
groupe,2
centre,5
encourage,1
radicalement,1
prends,2
vestiges,1
monarchique,1
créatrice,1
vécu,1
attendre,1
membre,2
employée,1
angleterre,2
graves,4
pesant,1
prononcer,1
gouvernait,3
intitulé,1
approche,1
employés,4
donnerait,1
protagonistes,1
conseilleurs,1
tactique,1
masquer,1
vertigineusement,1
populaires,3
spectre,1
slogans,1
conduire,3
politisation,3
rétablies,1
identité,4
éventuellement,2
embuscade,1
attachés,1
chars,1
émissions,1
artisan,1
interposés,1
postes,4
comportement,1
gardiens,1
self,1
brossé,1
sécu,1
bonheur,3
malmené,1
recalés,1
aimons,1
concentré,1
disparu,4
vous,15
médical,1
construit,2
officiels,1
gaston,1
déférés,1
règlementaires,1
beaucoup,18
tomber,1
syrie,1
fière,2
utopique,1
indications,1
inscription,1
lescure,1
stabilité,1
fillon,1
fidèles,2
notations,1
massifs,1
maladies,2
heure,4
inassimilées,1
motifs,1
sauront,1
étroitement,1
radical,3
pire,5
dumouriez,1
sondages,6
absurdes,2
domination,1
gigantesques,1
cassandre,2
intérieures,2
culot,2
réorganisation,1
garantira,2
âmes,1
latino,1
gêner,1
cirque,1
latine,1
tricolore,1
amérique,6
emporte,1
instaurer,2
exploitations,1
atteignant,1
contrats,1
stérile,1
ouvrir,2
préoccupations,1
vise,1
apparence,1
caméléon,1
matière,7
intégrés,1
humbles,2
emploi,18
licra,1
venues,1
confondons,2
crise,2
ceci,7
bidon,1
dons,1
amender,1
vérité,16
spirituel,1
dont,39
dignité,3
cubes,1
pommes,1
solutions,5
célébration,1
terrain,2
plagie,1
viole,1
trottoirs,1
perverti,1
lors,1
botte,1
allure,1
promotion,6
appelé,3
fonder,1
rentrera,1
financières,3
nageaient,1
permette,1
sensibles,1
atteignent,1
élevait,1
dogmatique,1
incrédules,1
pantalonnade,1
accusent,1
jusqu,11
concernent,2
alerter,1
préfet,2
obligés,1
indienne,1
insensé,1
maréchal,2
prospère,2
mosquées,2
impératif,4
privatisation,4
belges,1
devenue,1
lignée,1
française,33
savoyard,1
présent,3
incompatibilité,1
ferme,6
communs,2
langue,1
juridiques,4
fulgurante,1
connu,4
signature,1
grippe,2
laisse,3
bilan,3
réglementations,4
commune,1
arrogance,1
gendarmerie,1
reproduction,1
outre,11
conseil,10
plainte,1
structuré,1
technologiques,1
genre,2
étrangères,1
divisant,1
dissuadés,1
tremplin,1
miels,1
efficace,9
musée,1
concernant,2
évidence,4
enseigne,1
sauvegarde,1
capillarité,2
intention,1
délinquance,13
éprise,1
ligne,5
repositionnement,1
dentaires,1
perdu,3
irresponsabilité,3
reconnus,1
monnaie,6
centralisme,1
sénégal,1
épopées,1
stupidité,1
préférentiels,1
lycéen,1
majeure,2
gaspilleur,1
psychologie,1
arithmétique,1
uruguay,2
soudain,2
demande,5
attitude,2
tradition,2
plis,1
véritables,7
déséquilibre,2
exprimés,1
restaurerons,1
cotisent,1
provenant,1
irremplaçable,1
exprimée,1
repas,1
simplifierons,1
physiquement,1
nivelé,1
voici,2
structure,1
arrête,1
propres,4
divers,1
actionnaire,1
vendée,3
constitution,10
délirant,1
économiques,10
pénalisant,1
cycle,3
pédagogistes,1
coréen,1
était,30
restructurations,1
salvatrices,3
ralentie,1
appellerai,1
adaptant,1
yann,2
proscrire,1
profondes,1
approchent,1
initiatives,1
manquement,1
incohérence,1
gadgets,1
partiront,1
investir,1
paresseux,1
consigne,1
garderais,1
perméables,1
jordanie,1
offrira,1
patienter,1
exprimer,6
abstention,1
scandaleux,4
pêche,1
départements,2
fonctionnement,3
scolarisation,1
décharges,1
réclame,1
conserver,2
formatrice,1
copiée,1
abondantes,1
instruit,1
comparer,1
renversement,1
détruit,4
blés,1
expérimentation,1
atermoiements,1
sanctuarisé,1
inexistant,1
permanence,1
éternelle,2
trinité,1
aviation,1
style,2
dernier,7
frontex,1
formateurs,2
dépression,2
dynamique,1
contrôle,3
payés,4
formation,19
fixée,1
consommateurs,2
élément,1
payée,1
américain,3
inacceptable,1
rente,1
députée,1
limiter,3
instrumentalisée,1
mari,1
apprentissage,8
abîmé,1
niveau,9
députés,4
voyons,2
théorique,1
redressement,8
défenseur,2
entreprendre,3
conformément,1
démagogique,1
établiront,1
obsolète,1
méchanceté,1
riches,2
plongeurs,1
présidence,3
limousines,1
françaises,8
évite,1
reims,1
mouilleron,3
synergie,1
ministère,4
diront,3
parts,1
valet,2
parti,8
démesure,1
dangereux,3
terre,11
désordonnée,1
attaque,2
ouvriers,5
pointer,1
télécommunications,1
reprennent,1
abattoirs,1
chaînes,2
encouragée,1
pénitentiaire,2
réservé,3
conserverons,1
éloigner,1
offrant,1
acquisition,2
bétail,1
problème,16
contradiction,1
entreprenez,1
frappant,1
cités,1
surveiller,4
méthodes,5
autoriser,1
salariale,1
sciemment,3
biais,3
morale,10
européen,12
obligatoire,2
rupture,13
sainte,1
semi,1
espaces,1
chance,3
porteuse,1
extérieure,1
valorisée,1
slogan,1
paysans,30
réélection,1
soviets,1
saints,1
feignent,1
encadrés,3
espérances,1
strictes,1
gratis,1
immigrants,1
rase,1
lénine,1
peuvent,19
corps,13
succédées,1
tracter,1
territoriale,1
entrepreneur,1
découverte,1
dotés,2
candidature,3
libre,13
dira,1
assentiment,1
dire,68
accéder,1
souffre,3
traité,1
emplois,12
voulons,4
périr,1
impossible,2
fabius,3
population,8
géopolitique,5
affaiblissant,1
éducatif,2
contradictoires,1
sports,1
favorisaient,1
catastrophe,3
réunir,1
travail,51
mourra,1
dessein,1
reconnaître,4
règne,3
réaffirmer,1
financement,3
convenue,1
presse,4
paisiblement,1
sanglant,1
terres,4
qualifient,1
hennion,1
providence,3
habitude,1
doter,1
fortes,2
démagogues,1
sécurité,38
optimisme,1
millionnaires,1
identités,1
depuis,4
division,1
manipulation,1
mathématicien,1
analysé,1
vilipendés,1
représentants,1
intéressent,1
ridiculiser,1
définissais,1
naturellement,1
institutions,3
constat,2
moralement,1
espérer,1
gauchistes,2
défendant,1
betteraviers,1
humilité,1
considération,1
suis,34
risques,5
lasse,1
honneur,6
couches,1
néocoloniale,1
aurai,1
hexagone,1
tueront,1
scrupule,1
100000,1
étage,2
raréfaction,1
xxème,1
puissant,1
victimes,6
déliquescence,1
département,2
gigantesque,1
commission,1
critères,4
kellermann,1
décembre,5
voulu,6
évoque,1
george,1
normative,1
vitrine,1
concertation,1
isolés,1
toujours,47
impôts,8
propositions,5
arménien,3
contreforts,1
dénoncé,1
breton,2
provinces,1
stratégies,2
historien,1
appliquer,1
sourit,1
légitimité,2
infligées,1
conditions,19
doubler,2
world,1
jungle,4
indiens,1
authenticité,1
promouvoir,1
durée,7
contemporain,1
contact,1
veuille,1
suédois,1
suffisant,1
instruire,5
bernard,1
york,3
paysages,3
dépendent,1
trop,2
ails,1
semblants,2
puissance,7
monnaies,1
naturelle,1
entretiennent,1
foulant,1
malheureux,2
pacifique,4
marées,1
coutume,1
haine,2
orange,1
universalisme,1
magouillant,1
universitaire,3
caillaux,1
collèges,1
passe,11
prix,7
normal,3
reprendre,2
rapidement,1
pris,5
redressera,1
machines,1
reconcentrera,1
émanant,2
contemporains,1
villages,2
services,14
veulent,12
contemporaine,2
cuisinier,1
effective,1
défavorisé,2
remède,2
aveuglement,2
savez,11
démographiquement,1
miséreux,2
grincent,1
manière,5
contribuer,2
buster,1
coque,1
polémique,1
agira,1
trouvées,1
précautions,1
cœur,1
effondrées,1
recevoir,2
caisses,4
réclamations,1
consciences,1
eurofédéraliste,1
profits,1
comble,1
comparables,1
forcée,1
titres,2
persuadé,1
présente,1
conduirai,1
plongée,2
cheptels,1
librement,2
maraîchers,1
seules,4
magistrature,18
passé,4
sélection,4
busho,1
hémisphère,2
profondeur,1
connaître,4
poudre,2
anarchiste,1
principe,10
sciences,1
mensonge,6
massacres,1
fields,1
cagoulards,2
versent,1
relancer,2
dérive,2
voudrait,1
prestige,1
menteur,1
antiracisme,1
protéines,1
note,1
agences,1
clore,1
interne,1
réussite,1
doux,1
quoibonnistes,1
décent,1
profité,1
dignes,2
quartiers,1
massif,1
urss,4
photos,1
ségolène,11
atlantiste,4
efforts,2
convention,1
ateliers,1
crédible,2
actif,1
réelle,1
georges,3
compagnie,3
sifflets,2
achat,9
mère,2
maintenu,2
transgressions,1
soigner,2
héros,1
atteint,4
casseurs,2
univers,1
financièrement,2
étouffantes,1
guerre,35
liquidation,3
contestation,1
adage,2
maille,1
conviendra,1
pompent,1
cumul,3
retraies,1
sectaires,1
concorde,2
huit,3
juridique,6
intimement,1
conserve,1
distribution,1
embrassant,1
secondaire,2
partie,14
offensante,1
cour,3
économistes,1
coup,12
modifié,1
effondrée,1
renseigne,1
partir,6
partis,4
éclairée,2
domestique,1
terribles,1
table,2
plafonds,1
réalisation,2
auparavant,1
disparaisse,1
employer,1
culturelle,1
réceptacle,1
sanctionnerons,1
stable,1
boom,1
reviennent,1
préretraite,1
admettre,1
géants,1
diminuer,1
dégoût,1
négociés,1
médiocres,1
étonnerait,1
salariat,1
copies,2
cloisons,1
protection,7
témoignage,1
démissionner,2
bobo,2
déferlement,3
épizooties,1
évoquer,3
fatalisme,1
verbale,1
quinquennat,2
établissements,2
inégalées,1
assimilatrice,1
monopole,4
psychologique,1
sargolène,1
otan,2
vignobles,1
coué,1
exercer,1
paradoxe,1
suppose,10
résoudre,2
attractivité,1
organisé,4
rendez,3
asiatique,1
résolutions,1
fournit,1
bourdes,1
fournir,1
successifs,2
prévenus,1
souvenons,1
oeil,1
bureaux,1
pourrais,1
pourrait,9
ière,1
commerce,7
impérative,1
issue,3
campagnes,4
théorie,1
imagine,1
issus,6
insécurité,11
gaulois,2
vierge,1
possibilité,3
ultraréformistes,1
programmée,2
salaire,6
reprise,1
course,2
désertification,2
milliards,12
chères,1
oeuvrer,1
2020,1
juin,3
correct,1
indus,1
cependant,4
coupables,1
obstacles,1
outrageusement,1
institutrice,1
sérénité,1
professionnel,1
avantage,2
rédiger,1
homogènes,1
service,27
finances,2
privilégié,1
savoir,13
tarir,1
défis,1
torture,1
clientèle,1
priorité,5
anarchie,2
agressent,1
nationale,44
attaquer,1
syndicalisme,2
pédagogie,1
mort,11
tiers,6
mors,1
sociale,26
construise,1
multinationales,3
substance,1
yacht,1
espoir,5
malheur,1
croire,11
sereine,1
concours,6
imminence,1
reculer,2
distorsion,1
saccagé,1
acharnent,1
entend,1
engagées,1
peau,2
devoirs,3
équivalents,1
persiste,1
substitution,1
pessimistes,1
maïs,3
négation,1
bobigny,1
réaffirmerons,1
zones,1
galvaniser,1
transports,1
prospérité,3
rabais,2
devenir,8
égalitarisme,1
silence,1
dénomme,1
augmentation,3
plaines,2
conversations,1
leur,3
unis,15
bientôt,4
inflation,3
régner,1
crucial,1
drastiques,1
atteindront,1
consubstantiel,1
désordres,6
justifier,3
profession,1
remplacerait,2
reste,8
électoral,1
resta,1
élevages,3
renouvellement,4
sentimentalement,1
armés,1
enseigné,1
santé,2
armée,12
électorat,1
remédié,1
assure,4
contentieux,1
aboutissent,1
décloisonnement,1
industrialisés,3
quatre,8
bacheliers,1
voudraient,1
construisait,1
étant,14
martyrs,1
discrédit,1
civisme,1
cohérent,1
endiguer,1
préjugé,1
continuer,6
aral,1
contre,38
barre,1
professionnels,3
censure,1
activités,3
franchissez,1
désespoir,1
6000,1
supprimées,1
gratuite,1
accueil,1
monté,1
paye,1
solennel,1
ramollissement,1
frappe,1
indien,1
différentes,6
nord,13
devise,2
resté,1
révélateur,1
incohérences,1
hypocritement,1
illusoire,1
fuient,4
raisons,6
coalition,1
départs,1
zaïrois,1
sportif,1
perlimpinpin,1
dissuasives,1
professionnelles,2
fraude,1
envisager,1
répètent,1
mélanger,1
incontestablement,2
dames,1
interdites,1
eurofédérale,1
prisons,10
stirbois,1
manipulateurs,1
mondialiste,3
médicaments,1
jurys,2
protégés,1
pharmaceutique,1
théâtres,1
primaire,3
quarts,1
consulté,1
égale,2
fuyant,1
efficacité,4
résolus,2
retenir,1
massivement,1
complaisamment,1
motif,1
résolue,1
pratiques,1
petrole,1
mégret,3
souveraines,2
marche,4
directe,3
avance,1
crains,1
subissent,3
belle,7
aime,4
aspirez,1
travailleurs,2
pompes,2
finalité,1
ethnique,1
acquitter,1
ouvrant,2
saccagés,1
sang,3
détenus,5
expliqué,1
terrils,1
subit,2
subcontinentale,1
viticulture,1
publicité,1
affirmer,1
sans,7
produit,5
institution,7
jours,6
cotisations,14
rien,23
destin,9
miracle,1
comparait,1
remboursables,1
baudot,2
pénitentiaires,2
nouvelles,3
rester,5
xixème,4
comment,7
supériorité,1
impossibilités,1
2003,4
nécessaires,3
salariaux,1
lafforgue,1
intelligence,2
libéral,3
échelonneront,1
meirieu,1
2006,4
lorsque,7
dépôt,1
policiers,6
entonner,2
versailles,1
policière,3
pensionnaire,1
privilégiât,1
marché,7
idéologie,6
lorsqu,10
sens,22
avouer,1
vilipender,1
raffarin,3
adjoindre,1
biens,2
immigrées,1
pouvaient,2
élèves,6
tableau,1
guignol,1
explique,3
fausses,1
groupes,4
ainsi,25
pressions,2
rare,1
paysan,3
défaillantes,1
moment,12
affamées,1
septennat,2
1906,1
ubuesque,1
vecchio,1
errements,2
nappes,2
qualité,5
consumériste,1
hésité,1
parer,1
relever,5
historiquement,1
fermé,1
descendaient,1
sait,11
régularisés,1
prenez,1
sais,12
gronde,1
brève,1
vaillants,1
temporairement,1
mesurette,1
constituant,1
partenaires,3
façon,8
intérieure,5
xxième,2
devrons,2
public,16
devront,3
remédient,1
mots,2
invitante,1
supprimer,10
médicaux,1
sérail,1
cessons,1
nécessités,1
marqué,2
spectaculaire,1
diagnostic,3
complicité,1
surfaces,1
tract,1
change,2
bénéficient,3
budgétaire,1
récemment,9
assurer,10
livres,2
sournoisement,1
descendre,1
épiciers,1
développement,12
machiavel,1
coutumes,1
protections,1
alourdit,1
pseudo,1
répand,2
prophètes,1
raréfient,1
prononcé,1
aille,1
homme,14
couverture,1
généralise,1
fameux,4
majeurs,1
liste,1
piaget,1
commémore,1
expérience,2
administratifs,2
porter,3
présents,1
commençait,1
logis,1
chiens,5
rallient,1
justifiée,2
purement,3
vues,1
trahissent,1
dégonflent,1
synthèses,1
sieur,1
changé,2
migratoire,4
animation,1
nombreuses,4
pardon,2
enfermer,1
tuberculose,1
père,9
affectés,2
france,127
prétendraient,1
texte,2
secrétaire,3
pourquoi,9
napoléonienne,1
soviétoïde,1
popularité,2
fumeuse,1
alternative,3
francs,4
entièrement,1
perfidies,1
préoccupant,1
philosophique,3
dépresseurs,1
fédérale,2
banalisation,1
grandes,17
strict,1
affiche,1
ultrapédagogistes,1
culs,2
prioritaires,1
gardée,1
retiré,1
diminuait,1
sélectionnées,1
métrologie,1
simple,13
divisée,1
courant,1
années,20
super,1
copinages,1
simplement,12
concurrence,8
sine,1
assuré,1
intellectuelles,1
bons,3
victoire,11
durant,10
arme,4
bénéfice,2
technocrates,3
carcérale,1
tchécoslovaques,1
commencer,1
farine,1
innombrables,1
commencez,1
soulever,1
apparait,1
affectifs,1
passer,2
consacrer,3
rééquilibrage,1
bravoure,1
homosexualité,1
confidentielle,1
politiciens,5
restait,1
solidarité,8
light,1
ambition,1
égalité,33
appliquent,3
éclairer,1
développé,2
monde,51
jeanne,2
effort,11
courrier,3
répondait,1
figures,1
valorisant,1
visuel,1
appesantir,1
actifs,6
budget,13
coiffé,1
paient,1
auraient,1
défenseurs,1
devoir,10
occident,2
vraiment,6
expriment,1
adolescents,1
armé,1
clinton,1
catastrophique,2
aboyer,1
2008,3
mission,10
mépris,18
exprimant,1
2000,3
2002,11
fondements,2
2004,6
2005,15
opposé,2
2007,16
raison,25
cnrs,2
restaurants,1
acharné,1
difficultés,4
consommation,3
desquels,1
plusieurs,3
populaire,1
remplacée,1
malédiction,1
lois,8
craindre,1
déductibles,1
loin,11
terroristes,4
violences,1
associée,1
larme,1
jeune,5
exigences,3
mesure,16
sept,3
charge,4
villepin,3
civil,5
proclamer,1
songe,1
anglais,1
lancer,3
fruit,5
ratp,2
personnelles,1
tolérance,1
criminel,3
énergie,7
suicidaire,1
profiter,1
posent,1
fiscal,2
souverains,1
vérifier,1
réputés,2
4ème,2
épargne,2
montpellier,1
définition,2
maxime,2
comédie,1
modifier,2
remerciement,2
manquent,1
convictions,1
ancienne,2
piètre,1
plaisir,3
inefficaces,1
assurance,1
ultra,1
braves,2
choix,9
acharnés,2
laisser,6
régionalisant,1
thématique,1
socio,1
mesuré,1
brutes,1
dérisoires,1
celle,39
chargé,3
président,13
puise,2
conflictuelles,1
engagent,1
foyer,1
dominique,1
programmation,2
embourgeoisée,1
sourire,1
récente,2
marchés,3
empoisonnent,1
cyrien,1
prochaine,2
actes,3
faiblesse,2
contribuables,2
amalgame,1
intervenir,2
victime,3
courageusement,1
encore,3
marque,1
asie,5
doublé,1
municipales,1
adversaires,3
programmes,8
29ème,1
financements,1
éventuels,1
domicile,1
affirment,1
vertige,1
egypte,1
facteur,1
accomplisse,1
épanouissement,1
conseiller,2
désastre,1
vergogne,2
compte,15
aurais,1
aboutissement,1
sacré,3
aurait,9
milieu,4
lubies,1
totalitaire,1
vignerons,6
jusque,1
belligérants,1
guident,1
spécialisé,1
pacifié,1
pluies,1
végétales,2
financiers,1
neutralité,8
aquitaine,2
confrontation,1
américaines,2
volé,1
alimentaires,1
dumping,2
menacent,2
autonomie,1
payent,2
privées,3
longue,4
représentant,1
vingt,4
abandon,2
devais,1
enfance,3
devait,3
écrasante,4
paiement,3
milliers,6
vecteur,1
repasse,1
souvenez,2
notoire,1
bien,119
sacre,1
renseignements,1
eurofédéralistes,1
brevetage,1
autres,50
fontaine,2
méritent,2
causes,2
mondiale,13
regroupement,2
multipliant,1
immigration,35
réglementant,2
siens,1
espace,1
regroupe,1
comporte,1
premières,1
classes,5
missiles,1
précarité,2
manquera,1
islam,3
parlements,1
clandestine,3
provoqué,1
tourne,2
clandestins,3
arabie,2
proverbe,1
espoirs,2
plutôt,8
partager,1
monologues,2
destination,1
intégration,1
permettrait,1
effet,53
palestiniens,1
diminution,2
préconisent,1
peser,1
finit,2
schengen,1
finir,6
registre,1
présidera,1
pendant,17
...).,1
chagrin,2
préservation,3
disons,3
régularisant,2
impitoyablement,1
attendez,1
guillaume,1
découpages,1
décider,3
destructrice,2
instauration,4
artisanales,1
japon,2
merveille,1
incompressibles,1
raciale,1
renom,1
échappe,1
mains,5
paix,19
distingue,1
rêvé,1
garanties,2
paie,2
dépendra,1
autel,2
clément,1
résulte,1
révélées,1
véto,1
instituteur,1
subsisté,1
venons,1
nécessairement,2
policier,1
départemental,2
écran,1
grève,1
jeunesse,1
famille,8
noirs,2
habités,2
civilisation,4
enfermés,1
scrupuleusement,1
napoléon,1
déloyale,2
dénis,1
souhaitables,1
souche,2
logique,3
méritocratique,1
préférer,1
magouilles,2
évaluent,1
boumediene,1
modification,1
classiques,1
alignés,1
réservés,2
forgée,2
axes,3
rêve,2
fidèle,1
armées,3
réduction,1
préparer,3
meilleure,2
accusée,1
étais,1
conseils,1
considérons,1
illégitimes,1
malade,1
mouvement,6
remplacer,2
meilleurs,3
péniblement,1
pyramide,1
voix,9
pouvoir,34
respectée,1
lady,1
actuelles,1
voit,16
dégradation,1
projets,1
respectés,1
mélange,1
apprentis,2
opéra,1
terrains,2
injures,1
paul,2
naturelles,1
répression,2
secteur,13
viticoles,4
fermez,1
traditions,4
déséquilibres,2
pervertie,1
fermes,1
aller,7
prédire,2
hôtesse,1
préférentiel,1
privatives,2
terme,5
tait,1
chemin,4
perspectives,3
utopie,2
employé,1
sursaut,1
pèse,2
interpellations,1
soutenant,2
technologie,1
union,14
mourut,1
attentif,1
situations,2
égalitaire,3
plongé,1
vouloir,4
impliquent,1
légaux,2
sportive,1
études,8
gauloise,1
sociaux,15
naître,1
empires,3
familiale,2
détruite,3
visages,1
juridictionnelle,1
jettent,1
limitée,1
sphère,2
convaincu,2
.......,1
relations,4
réussir,1
désert,1
avantages,3
commun,7
défier,1
élections,3
prouvent,1
supprimant,3
avons,27
petites,6
cinq,6
humain,2
plaideur,1
défavorable,1
emprunter,1
travailler,12
copains,3
contester,1
persécutés,1
passant,1
champignons,1
ressort,1
marquera,2
exonérerons,1
relative,2
réensemencement,1
proposition,1
décisive,3
prison,25
fragile,2
coûteux,5
familial,3
connaissances,2
primitifs,1
bédier,1
dévouent,1
creuses,1
creuset,2
suite,4
réactionnaires,1
chapitre,2
arrivée,2
compagnon,1
persévérance,2
fumeur,1
1995,1
chargeant,1
damas,1
insultant,1
fumeux,1
renommés,1
pratiquement,3
défaillant,1
défendre,10
fnsea,1
découragement,1
trouve,9
livrés,1
exprime,2
insultent,1
occasion,9
globalement,1
législature,1
immobilière,1
éclatant,1
singularise,1
quolibets,1
réfugient,1
militaire,12
gatt,1
tantôt,2
contesteraient,1
ultime,1
folie,2
alésia,1
bouton,1
promettre,1
électroniques,1
amis,5
créés,1
aliments,1
rares,3
pénible,1
traditionnel,1
villes,9
nommé,1
chevillée,1
agriculture,19
relevant,2
prochain,1
impérieuse,2
mutuelle,1
constitue,2
diviser,1
millénaire,2
regardez,1
envoyer,2
regarder,1
étouffante,1
frontière,1
investissement,7
stature,1
ouvertement,1
madone,1
émeutes,3
vôtres,2
cassant,1
pouvons,2
humanités,1
génocide,5
restaurée,1
demeurant,1
présidentiel,1
preuves,2
désespérer,1
rocard,1
peine,19
légumes,1
garde,5
fraudes,1
orateur,1
optique,2
sensible,2
fort,11
vladivostok,2
sera,22
bonifiables,1
moeurs,1
brevets,2
nomme,1
généralisée,1
route,1
voeux,3
constitué,1
réellement,2
termes,1
généralisation,1
pérennité,2
deux,2
faisait,4
avertissement,2
exportateur,4
profitera,1
urgence,2
algérienne,1
casernes,1
hésitait,1
hauts,3
patriotes,1
hectares,7
millet,1
vital,2
lycée,1
impuissance,3
protéger,8
équilibre,15
haute,1
pourchassés,1
offre,3
complexités,1
rôles,1
proposer,2
désastreuse,3
replongées,1
vivifiante,1
avoir,3
enseignante,1
voulue,1
incontournables,1
superbe,1
planétairement,1
privant,1
héroïques,1
apprennent,1
effectués,2
émis,2
gaulle,3
ajouter,1
universel,2
stratégie,3
hong,2
seuils,2
réduirons,1
âges,1
classe,12
hommes,14
marie,5
surcroît,3
base,6
annihilée,1
harangue,2
générale,3
portons,1
58000,1
divorce,1
annexé,1
alain,2
proposées,3
exercice,4
vérifiées,2
populations,5
scrutin,4
chômage,18
vague,1
saluer,2
lasser,1
exigence,2
animales,1
remettre,4
chantait,1
conduite,1
volonté,10
évènements,1
vraie,5
migratoires,1
feront,1
2012,2
habit,1
privent,1
arriveront,1
ferons,1
vrais,1
bruxelles,7
sncm,1
alimentaire,5
conduits,1
redevenir,1
dictée,2
préposé,2
sncf,1
mères,2
verre,1
coureurs,1
convaincus,2
commandement,1
suffirait,2
refuge,1
différence,4
americana,1
vécurent,1
privilégiant,2
accélération,1
fiscalement,1
processus,4
mentors,1
naïfs,1
hochet,1
détenteur,1
sources,2
conférence,1
ambitions,1
culture,4
vitale,1
gribouille,2
charentes,2
salut,2
inefficace,2
agissant,1
vassaux,2
fosse,1
soient,11
multilatéraux,1
réveil,1
résume,1
visas,1
libéralisme,2
condamnations,1
dette,2
politique,84
comprend,2
sacrifié,2
guerrier,1
amazonie,1
commissaire,5
intégrer,1
haye,1
fraternité,14
étatiques,1
filière,2
barons,2
assoces,1
parfaite,1
stages,1
fierté,3
total,1
laboureur,1
suivi,1
douanier,1
sérieux,2
palinodie,1
côté,2
historique,2
saturées,1
hostile,2
entamerons,2
bonne,3
avis,4
préserver,2
infantilisation,1
garçons,1
savent,2
cassent,1
faudra,6
seule,1
....),1
immigré,1
tienne,1
perspective,3
déroute,2
individuel,2
stèle,1
reprochent,1
résumé,1
ruptures,1
décrétant,1
dirige,1
reproche,1
redistribution,1
hospitalières,1
banquet,2
prefon,2
constitutionnel,1
discussion,1
question,3
facilités,1
vite,4
planétarisée,1
régional,4
aussi,1
dupes,1
minorité,1
conséquent,6
rurale,1
rebaptisés,1
égaux,1
empoigne,1
intervention,3
puces,1
confiance,12
remerciements,1
propre,9
occupés,1
mutualiste,1
convaincre,1
entreprises,14
broutille,1
visant,1
agro,1
augmenter,8
honnêteté,4
relèvent,2
global,3
accroît,1
sauverait,1
50000,1
aquifères,1
conscience,5
maastricht,3
accepterez,1
création,5
recherchent,1
diplomatiques,1
marseillaise,1
accorder,1
inviter,1
volontaires,2
defferre,1
mines,1
toute,30
bourgades,2
surpeuplées,1
rejoindre,1
suzerain,1
brutalement,1
obtenir,2
réussites,2
époques,1
tête,4
preuve,8
coins,1
minimale,1
volontaire,4
matrice,1
vote,6
réglé,1
financier,5
britanniques,1
amputer,1
exige,6
hostiles,1
horreur,1
insuffisant,1
principaux,3
déplait,1
label,2
bonnes,2
auvergnat,1
compétitivité,2
habiter,1
régions,1
goulag,1
exècrent,1
olympiques,1
universelles,1
appuierai,1
baisser,5
rythme,1
grandissante,2
entasse,1
communautarisme,1
montrée,1
pied,3
prétendre,1
écrivit,1
vignes,2
intolérable,2
57000,1
diriger,1
finissent,1
matériel,2
spécificité,1
foucault,1
émanation,2
monétaires,1
assemblée,3
choquantes,1
arboriculteurs,1
dominés,1
détruire,5
manifestations,3
incroyable,2
exploité,1
appliquée,5
appliqueront,2
anciennes,2
relève,2
diable,1
inégalités,4
manipulations,1
ambigu,2
moyens,20
armement,3
experts,3
sincères,1
vaccinée,1
prononcées,3
compétence,2
contreparties,1
lettres,3
quitte,1
globale,5
ridiculisés,1
inadmissible,1
sentant,2
envers,6
énorme,1
directive,1
fleuron,1
matin,5
circonstances,1
rétablissant,3
intégrale,2
crus,1
brûle,1
retraites,24
chers,12
refait,2
rebelles,1
composée,1
kong,2
contestable,2
ancien,3
légitimes,1
essentielle,1
immorale,1
chantage,2
bompard,1
progrès,2
prélèvements,6
exception,5
façonnés,1
mentent,6
épopée,1
organisation,3
sortiez,1
énumération,1
sauver,7
vaste,1
passants,1
périodes,1
corée,1
foule,1
immobilier,1
actions,4
déterminer,1
offrent,1
maltraités,1
bénéfiques,1
engager,1
brighelli,1
lève,2
bureaucratiques,2
déceptions,1
gave,1
déjà,32
salariés,18
égard,9
épreuve,2
dressés,2
dantesques,1
réelles,1
clémenceau,5
géographie,1
niveaux,1
universelle,2
voteront,1
basse,1
corporatisme,1
championne,1
kerry,1
brigades,1
délocalisation,1
alpilles,1
sable,3
précédés,1
éternel,1
aviez,2
importantes,3
pusillanime,1
cela,6
ostraciser,1
chances,4
réhabilitation,1
abrutissante,1
filtre,1
sérieuses,1
nations,14
exportatrices,1
ancel,1
quelques,25
lionel,1
démarche,1
république,22
carrières,1
aura,8
exporter,1
comportant,1
répondent,2
merci,2
lutté,1
carrément,2
urbanisation,2
informatique,3
parfois,5
oublier,4
considérable,1
train,3
beurs,1
mettant,1
françois,4
ponctionné,1
trahison,4
atlantique,2
firent,1
ralentit,1
importe,5
majorité,11
dite,3
définitivement,5
état,50
agressive,1
totalitarisme,1
équitablement,1
effectuées,2
loisirs,2
déclenché,1
anesthésie,1
adopter,2
apprentissages,1
légalité,2
2ème,2
européenne,15
nantis,1
principale,3
possédait,1
auxquelles,2
royal,13
candidat,15
expérimentations,1
passés,1
prioritairement,1
courraient,1
passée,1
traite,1
tigre,2
sélectionnés,1
terreur,1
revanche,3
créant,2
appliquera,1
républicaine,4
famine,1
robots,1
injure,1
mondialistes,2
importé,1
jeunes,26
terrorisme,2
nourrir,5
prévues,1
pornographie,1
indivisible,1
représentent,4
chacune,1
bobos,4
maitrise,1
spécialement,1
étonnant,2
propos,6
accordent,1
générant,1
désarmer,1
extraordinaire,2
versées,1
traits,1
exemple,21
fatigant,1
liée,2
attentats,1
contraint,1
roman,1
commencé,1
analyses,3
défavorisés,1
discipliné,1
robinetterie,1
miettes,1
celui,30
musulman,1
valeur,1
délabrées,1
actuel,2
optionnels,1
commerciale,2
laïcité,10
distinguer,2
autoriserons,1
affaire,10
laxisme,3
leroy,1
proposent,1
habitant,1
racistes,1
opinion,5
encombré,1
secret,4
voies,2
apathie,1
frelatés,1
bannir,2
pudeur,1
dollars,2
instrument,1
afghanistan,1
corruption,1
infirmiers,1
survivre,2
actuellement,6
présidente,2
commis,4
campagne,12
employeurs,1
université,7
assister,1
territoire,7
réaliser,2
fixé,3
affaires,12
équilibres,5
commence,2
théorisé,1
numéro,2
émotion,1
progressivement,1
appelée,2
mètres,2
cohérence,2
rang,2
instances,2
plaisantez,1
possibilités,1
appel,6
installer,2
demi,3
préférences,1
spéculation,2
passages,2
énergies,2
constituer,1
bête,1
délocaliser,1
progressiste,1
apparition,2
rentrée,1
réaffirme,1
cinquième,1
outils,1
différenciation,2
constituèrent,1
caricaturale,1
réalisa,1
1929,1
secteurs,4
auquel,2
1923,1
1920,1
supérieur,6
deuxième,5
difficiles,4
juridiquement,1
moqueries,1
réformette,1
signes,1
bavures,1
associées,1
transition,1
prépare,4
clémence,2
apprend,2
bâtir,1
partisan,5
jacobin,1
forces,14
étendards,1
exigerons,1
général,11
année,7
conduit,4
quatrième,1
existé,1
fâche,1
refaire,2
enfreignent,1
démographie,1
ramener,1
avions,5
ennemies,1
août,2
amer,1
languedoc,2
intraitables,1
immédiate,1
cargos,1
étrangère,6
démagogie,3
cent,1
qualifiantes,1
essayé,1
nationalité,2
brésiliens,1
dévoyés,1
évader,1
avancées,1
songez,3
garant,1
préparant,1
amené,1
filières,4
innovantes,1
arrêtent,1
répétés,1
conjugués,1
échange,3
respectent,2
pain,1
assécher,1
dénonciation,1
pauvreté,3
voire,6
répétée,1
8ème,1
arrondissement,1
barrage,1
sacrifices,1
méthode,7
existe,10
serbe,1
responsable,3
tendre,2
poser,1
gourous,1
baccalauréat,1
négatifs,1
questions,3
cotiser,4
prestation,1
ouvertes,1
mineurs,5
tours,2
fédéraliste,1
travers,10
poussée,1
para,1
fond,10
parc,2
leclerc,1
délires,1
déplacer,1
cœurs,2
obligation,1
chanteur,1
original,1
second,3
otages,1
essaye,1
communes,2
colonisatrice,1
échaudée,1
aline,1
fournissant,1
dépendance,1
proposant,1
logements,2
erre,1
échangé,1
démocratie,6
fonctionnait,1
témoigne,2
honnêtes,4
soutiens,1
déclarer,1
identifiés,1
technocratique,1
élever,2
donnée,1
corbières,1
fabrique,1
voisins,1
souffert,1
insufflée,1
passéistes,2
feuilleton,1
concrétisera,1
domaines,2
articulée,1
efficaces,3
boréal,2
attends,2
modes,3
sollicité,1
traditionnelles,1
maîtresse,1
empressent,1
outrecuidance,1
crimes,5
relationnel,1
habitants,5
convient,1
arrière,3
présentaient,1
joaquin,1
conclure,1
indéfectible,2
prendra,1
électeur,1
néfaste,1
dans,18
poteau,2
atout,2
réserve,4
avoue,1
responsabilités,4
laitiers,4
allemagne,5
roses,1
mutuelles,1
êtes,4
confier,2
parité,4
minutieuse,1
réels,1
pâturages,1
rangs,1
libérerons,1
solstice,1
modèle,4
parallèlement,2
penser,4
écoles,6
pensez,1
guerres,6
assis,1
oublions,2
combattu,1
éléphants,1
éternels,1
spécifiques,3
individualisation,2
dénaturés,1
défaillances,1
débarrassé,1
novembre,7
rassemblés,1
révolte,2
permettez,5
indépendante,1
report,1
gagnent,1
extérieurs,2
municipal,1
parallèle,1
rappeler,5
pendaison,1
objectivité,1
inutile,3
brader,2
indépendants,1
foncières,1
besançenot,2
arrivera,1
journal,3
conseillers,3
devons,7
droiture,1
excuse,1
dealers,1
évadés,1
détournées,2
pilier,1
physiques,2
imposent,1
loisir,2
turreau,1
égoïsme,1
blancs,2
élévation,2
survivent,1
trouver,7
prendre,12
absent,1
fallait,6
détours,1
laurent,1
chère,1
constituent,3
balance,2
rappellerai,2
particulièrement,7
flux,2
dure,1
pardonnerez,1
cheval,1
ville,6
agricole,14
censés,1
colonisation,1
syndicat,10
phytosanitaire,1
sitôt,2
légalisés,1
régulièrement,1
hier,7
rassemblée,1
insoumission,2
annoncée,1
cynisme,1
karcher,2
religieuses,1
réseau,3
mettez,1
cérémonie,1
tissu,1
impunité,3
dirigeants,5
serai,1
admet,1
double,2
indépendant,2
diabolisation,1
rappel,1
profitant,1
nouveauté,1
remplirai,1
reculons,2
réalisant,1
fameuse,4
apiculteurs,1
confortant,1
urgent,2
incapable,1
caravane,1
tendance,5
commandes,1
banque,4
adulées,1
lient,1
redresser,1
attaches,1
liens,1
pénalise,1
toutes,19
chef,7
charnelles,1
fonctionnera,1
loger,1
expertise,1
forfanterie,1
coule,2
féliciter,1
marquée,2
féminine,1
complice,1
courageux,2
problèmes,11
comme,14
conscription,1
islamique,1
lignes,1
parvenir,2
anarchistes,1
inférieurs,1
tant,28
coûts,4
tient,2
délabrés,1
commerciaux,1
pacification,1
spontanément,1
disparition,8
coûte,3
dérisoire,2
spectateurs,1
jouer,7
démonstration,1
démographique,8
attirés,1
valets,1
tiens,2
démographiques,2
moitié,7
mais,63
remédier,1
octobre,1
roussillon,1
comptes,4
compter,4
administration,6
transcendant,1
viêt,1
confidence,1
souci,1
afflige,1
hollande,1
encadrer,1
saxonnes,1
appelle,9
débit,1
veto,1
coupable,1
rochejaquelein,1
calculée,1
expulse,1
conjoint,1
jugements,2
riom,1
extraction,1
néfastes,2
favoriserons,1
favoriseront,1
certitude,1
afghans,1
attache,1
servant,1
possible,10
zone,1
accusés,2
réitéré,1
décourage,2
vainquirent,1
ambulanciers,1
sixième,1
écrasant,2
expression,1
incompétence,2
trompent,1
présomption,1
bayer,1
universitaires,2
guide,1
continuité,1
virevoltant,1
cité,3
favoriser,6
contrôler,1
implicitement,1
gens,28
entières,1
gendarmes,2
national,28
construction,5
faillite,3
battre,1
promesses,7
férule,1
contente,2
collège,5
important,2
libertés,5
viendrait,1
étouffées,1
générations,12
oligarchie,1
intégratrice,1
attachement,2
unies,1
croyons,2
aujourd,51
heureuse,1
fortement,1
bref,4
connue,2
tango,1
pousser,3
statistiques,1
éphémère,1
ouvrière,1
attaché,1
gauchiste,1
supportable,1
lucides,1
novatrices,1
viennent,2
passive,1
effectifs,1
sanitaires,3
raciste,4
télé,2
retrouvant,1
city,1
exonèrent,1
transformant,1
accomplir,2
subordonné,1
importent,1
recettes,3
impétrants,1
justiciables,1
guidé,1
goethe,1
sonner,1
aimez,1
moyenne,10
réintroduisant,1
contrairement,2
confirmer,2
donner,18
aimer,2
pavillon,1
vois,2
procès,4
vision,4
souffle,1
impitoyable,2
murs,1
représenter,2
risquer,2
inquiets,2
écologie,1
signer,1
soustrait,1
verts,1
attendant,1
zidane,1
formatage,1
organisations,5
action,16
grotesques,1
californie,2
pieux,1
verte,6
masse,9
suscitait,1
coopération,7
élection,10
dictera,1
totale,1
comparerez,1
auront,2
abonnées,1
laisserai,2
rassurent,1
souhaitaient,1
ténacité,1
spolier,1
tremblent,1
cochon,1
ferai,4
poids,4
jospin,2
participent,2
revenu,6
particuliers,1
larcher,1
camps,2
placée,1
port,2
audiard,1
evidemment,2
religion,4
absence,1
certes,11
allez,1
humilient,1
fruits,6
arrogante,1
affecté,1
diabolisée,1
qualifié,5
remarqué,2
labeur,1
capables,1
moderne,3
assimilés,2
arrogants,1
consécration,1
final,2
réduits,1
détenteurs,1
produisent,1
réduite,1
statuts,1
ordre,23
publique,29
aveugle,1
sport,1
parachever,1
couvre,1
délirante,1
politicien,1
faible,2
maux,1
garantes,1
survie,5
amitié,1
minus,1
poussons,1
quant,2
modernité,1
institue,1
dimension,1
quand,5
régaliens,1
traiter,3
algérien,3
principes,13
induites,1
troupeaux,1
donnera,1
courtois,1
pourra,3
familles,11
actualité,1
logement,3
alliée,1
caractéristiques,1
incompatible,1
adversaire,1
révolution,10
programme,13
fascistes,1
étonnent,2
soumettrait,1
bienfaits,3
recueillies,1
définir,2
définis,1
définit,1
surveillance,1
supérieures,2
entravé,1
amputée,1
cassé,12
payeurs,1
delà,8
déclin,3
nantes,1
soviétiques,1
1792,1
uniquement,1
détestation,2
fiscales,6
échapperont,1
doublement,1
détaillé,1
contraintes,3
éloigné,1
répondre,3
versement,1
viande,3
départementales,1
calamiteuse,1
champagne,1
18ème,1
remerciefrançaises,1
artisanat,1
secondaires,1
évocation,1
organiserons,1
toilettée,1
regarderai,1
ouverte,1
chiffres,3
débordé,1
partage,1
animateur,1
jamais,19
isoloir,1
récurrent,1
sordides,1
ministériels,1
enseignement,12
profondément,6
hiérarchies,1
choisi,2
entendez,1
égal,3
montant,6
politiques,20
alsace,1
certainement,1
insupportables,1
vieux,9
couve,2
dispensés,3
vedettes,2
empêchant,1
othily,1
exceptionnels,1
concevoir,3
céréaliers,1
défends,3
nature,8
objectifs,1
intéressant,1
sienne,1
giscard,2
déplaise,4
seniors,1
représente,6
dictateur,1
quotient,1
accepter,2
émissaire,1
après,36
vive,9
explosé,1
privilège,1
malades,1
condamner,4
courantes,1
repose,3
charlemagne,1
plus,255
gaucho,1
quotas,5
flatteurs,1
chute,2
bâtiments,2
cabinet,3
bourses,1
entre,57
énoncer,1
entra,1
admissible,1
grave,5
folle,2
musulmans,1
passif,1
commerçant,1
post,1
signifie,4
bénéficiaires,3
défiance,2
étudiants,1
intérêts,8
méprisé,1
cumuler,1
donnent,3
privée,6
conception,1
terrible,5
yaourts,1
surface,1
ruches,1
bouvines,2
dame,1
conducteurs,1
tenu,3
jamet,1
méthodiquement,1
risquent,2
mauvaises,1
interdit,1
chargées,1
démocratique,2
séparation,2
brain,1
mato,1
brusquer,1
réorganisa,1
protégeant,1
tétanisée,1
chrétienne,1
planification,1
privilèges,4
antillais,1
disciplinaires,1
demander,5
demandes,1
promis,3
kafkaïennes,1
esprits,3
grands,12
demandez,1
compatible,1
votiez,1
appelant,1
dénaturer,1
candidatures,2
débâcle,1
grande,28
individuelle,1
cessait,1
culturels,1
semaine,3
émerger,1
héroïsme,2
lesquelles,4
injustices,3
souhaite,2
trompés,1
soviétique,1
créent,1
vitaux,2
posture,1
décodé,1
menti,5
élaboré,1
étendu,1
longues,1
prologue,1
préférence,6
fédération,2
cravate,1
subsistance,1
financés,1
bush,5
développements,1
sauvera,1
réprima,1
ouverture,7
norme,2
sûre,1
spéculative,1
destinés,1
prébendes,1
sûrs,1
disparaître,1
administrations,1
annuités,2
volaille,1
tenir,7
réconciliation,2
chaises,1
peter,3
verdun,4
pénétrer,1
explicites,2
bloch,1
doivent,14
économie,6
environnemental,1
rassembleur,1
électrices,1
exerçant,1
esquissé,1
crèche,1
parlementaires,2
pacem,1
échelle,4
délinquants,16
intégrante,1
exécutées,1
libérales,2
soin,1
intellectuelle,3
électeurs,5
commissariat,1
chaos,5
réveillent,1
regarde,1
usant,1
chaîne,2
lorraine,2
cataclysmes,1
soit,45
sois,1
soir,2
arrive,3
travaillons,1
éducateur,1
continent,5
habitent,1
salan,2
moral,9
réduire,5
offensive,1
didacticiens,1
répétition,1
lettre,1
premier,19
ranger,2
immiscer,1
rapport,5
carte,3
9ème,1
animaux,3
fondement,1
réussie,1
bayrou,2
toilettes,1
cessions,1
robien,1
électricité,2
dépenser,1
propice,1
disait,10
dépenses,9
disais,4
accompagnée,1
glissées,1
davantage,1
refuser,1
civiles,3
observateur,1
relayé,1
nationales,2
élève,4
changer,7
céréales,1
restitution,1
large,2
insurrection,1
derniers,8
populiste,1
tiendrait,1
savais,1
afin,9
fiscale,4
tomberont,2
solution,6
mythifiées,1
1917,1
indicible,1
1914,2
cessé,2
financent,1
organiser,1
rire,1
mondial,13
endémique,1
alternance,3
places,11
assez,15
faudrait,9
créative,1
communier,2
clef,2
illégaux,2
évènement,1
serbes,1
acclamation,1
yougoslavie,1
allégeant,1
débriefing,1
28000,1
contesté,2
éduquer,5
rigueur,3
tend,1
encombrés,1
royale,1
autoritaire,2
issu,1
grosso,1
marchandes,1
frénésie,1
plage,1
ciblages,1
organisateurs,1
punir,2
réalité,10
marginalisation,1
salarié,3
gâchés,1
ores,3
relation,1
idéologies,2
boel,1
dépensé,1
fameuses,1
coloniales,1
mettaient,1
fréquent,1
front,18
voudrais,3
impériale,1
censé,1
barrières,3
unique,7
engloutie,1
apercevront,1
officiellement,1
imparties,1
acteurs,1
turque,1
pressuré,1
spéciaux,11
délocalisations,3
coeur,11
désormais,14
abattre,1
installant,1
résistance,6
décennie,2
converti,1
estaing,1
industrielle,2
accessibles,1
applicables,1
conjuré,1
bébés,1
sentiments,1
favorisent,1
éliminée,1
abus,1
méprisés,2
instance,2
connaît,2
soyez,1
confisquée,1
lancement,2
assujetti,1
allemands,2
corrigée,1
pression,7
personnelle,1
sociologique,1
équivalente,1
inventés,1
générosité,1
séjour,1
dépense,2
képi,1
sarkozy,29
cinquante,2
allemande,1
arts,1
doha,1
avalés,1
rebondir,1
refus,1
néanmoins,1
kosovo,1
rend,3
identifier,1
lendemain,2
performance,2
disposant,1
ralentissement,1
perceptible,1
francemes,1
soignant,1
serons,2
écriront,1
attention,1
gérard,1
seront,13
marc,3
amener,2
marx,1
chirac,7
mars,1
exact,1
assistés,1
montrer,1
forts,3
serez,3
chrétien,1
forte,7
entrez,1
pleins,1
ordinaire,1
résultats,3
défigurent,1
médiocre,1
risible,1
entrer,2
enfants,26
stocks,2
quelqu,1
collégien,1
durement,3
station,1
combien,3
amène,1
ministérielle,2
fonds,7
unanime,2
camp,4
mène,2
dangers,2
violence,5
terroriste,2
religieuse,4
fonda,1
circulaire,1
fonde,1
combats,2
proposait,1
visiblement,2
essaient,1
gueule,1
assaut,2
ahurissantes,1
ernest,1
social,12
exemples,2
reproché,1
propriétaires,1
vieille,5
criminalité,5
trade,1
tenait,1
artistique,1
rôle,10
procède,1
user,1
"""...",2
sensiblement,1
maîtres,6
chausse,1
ingéniosité,1
gardent,1
menacer,1
déclaration,3
caillassés,1
essayiste,1
menaces,2
règle,4
émise,1
lecture,6
mensonges,4
valut,1
ceux,6
spolié,1
hommage,2
transparence,1
écoutez,6
devenait,2
value,1
atteindre,1
écrire,3
enrichis,1
assimiler,2
concitoyens,3
concernés,1
laïque,1
éradiquer,1
trésors,1
fastidieuse,1
côtoyer,1
apparemment,1
inadaptés,2
illettrés,2
calcul,1
occidentale,1
bolkestein,1
harmonisation,1
méditée,1
aspire,2
couveuses,1
appris,1
occurrence,1
superflues,1
haut,2
impasse,1
objectif,6
hulot,1
saoudite,2
décidez,1
extrême,9
arrivants,1
vouée,1
exportations,3
combat,5
pensée,4
annuel,2
affliger,1
fischer,1
lente,1
états,27
marginal,1
ethniques,1
idée,9
survivant,1
difficilement,1
idéo,1
sceaux,1
enfermera,1
avec,5
démange,1
participation,2
glorieuses,4
avez,11
aveu,2
près,4
1909,1
réagir,1
bougez,1
rémunération,1
planétaire,3
fîmes,1
condition,13
ingérer,1
civique,3
cages,1
lobbys,1
devraient,5
parfaitement,1
retrouvera,2
aimant,1
révélateurs,1
utilisées,1
énarques,2
diplômes,4
positions,2
apparaître,1
habile,1
saumur,1
adjoignant,1
chante,1
forfaits,1
pourtant,13
élitisme,3
détour,1
multiplié,3
libération,2
maitriser,1
outreau,2
internationales,1
envergure,2
mécanismes,2
planifiés,1
démoralisatrice,1
agricoles,12
maghrébins,2
compromis,1
comparaison,1
viens,1
chevaux,1
torrent,1
planifiée,1
vient,4
collaboré,1
amenés,1
cursus,2
silicium,1
implique,5
favorables,2
catherine,1
gainsbourg,1
préparation,3
assurances,1
ministres,8
incarnera,1
renan,1
denis,1
fixation,1
souffrances,1
actuelle,6
productives,2
consternés,1
libanais,1
reniant,1
généraliste,1
blessé,2
vaincu,2
fondé,1
bossu,1
souvent,23
dispositions,1
passage,6
cessant,1
suicident,1
décimées,1
laxiste,1
impartiale,2
contrôlent,1
caisse,1
certaines,8
avocats,2
traditionnelle,1
présidentielle,12
associant,1
vulgaires,1
bretagne,3
agressés,1
énormément,1
hiérarchie,1
vendéens,1
matériels,3
compagnons,2
sanctions,3
crépuscule,1
foutu,1
transmise,1
patron,1
techniciens,1
cris,1
étouffer,2
dénonçant,1
ballottage,1
flots,1
résultat,9
argument,1
oppression,1
utilise,1
modulables,1
cohérents,1
crétin,1
provocateur,1
espérance,4
manifeste,3
iraquiens,1
colonnes,1
franc,3
agit,8
productions,1
accélérer,2
strauss,2
hiroshima,1
nombre,31
libres,7
signatures,7
parent,1
contraire,4
anticipée,1
fallu,3
central,1
lurette,1
opérationnels,1
produisant,2
aimait,1
ouvrier,1
forgent,2
renforcer,3
irréversible,1
sauvés,2
associe,1
positive,3
pouvoirs,9
immigrés,10
viandes,4
centrale,3
lucidité,1
aggrave,1
échéance,3
phénomènes,1
entrée,5
composants,1
colère,4
corse,3
interpellés,1
auxquels,1
endettements,1
saurait,1
dossier,1
filmer,1
complémentarités,1
minimaux,1
acte,4
moniteurs,1
chuter,1
contradictions,2
manuelle,2
demain,27
collectivités,1
arrivant,2
féminin,2
grain,1
talents,1
bombardements,1
rendue,3
grèves,2
modeste,1
construisît,1
conjonction,1
principal,2
elles,4
bénéficier,5
pédagogiquement,1
autrement,1
romain,1
soleil,3
raser,1
assurent,2
zéro,3
créer,6
libellule,1
caricature,1
puits,4
électorales,2
gouverner,1
unanimité,1
singulière,1
instant,2
rendront,1
balkans,1
rapide,3
aléas,1
légale,2
réaffirmation,2
million,2
écoutent,1
kilomètres,2
endommagé,2
appuyant,1
peuplés,1
trouvent,1
1975,2
1974,2
alger,1
1970,2
mitterrand,3
punta,1
progressifs,2
choses,7
soumettre,1
troupes,2
rigide,1
terrestres,1
aubrac,1
offrons,1
écologique,1
charente,1
guillemets,1
tubulaires,1
artistes,1
vaut,1
dragons,1
court,5
adour,1
attendent,2
messieurs,27
concrètes,2
reconnu,1
couplée,1
salutaire,1
renouvelable,1
session,1
clientéliste,1
sonnette,1
restaient,1
latché,1
équité,7
résolution,1
reculades,1
dynamisme,1
ignorer,1
croit,4
rachetées,1
revient,1
ringards,1
crois,33
souveraineté,9
cours,11
déréglementation,1
bouc,1
visité,1
formidable,1
massive,6
canonnade,1
spécialiste,1
esprit,12
casse,1
rival,1
autonome,1
colombier,1
amoralité,1
culturel,1
ferais,1
heures,11
expansion,1
maintenant,2
aménagement,4
palavas,1
abusivement,1
thème,2
frères,1
constaterez,1
perpétuation,1
permanent,1
parait,5
banlieue,3
associations,2
malheureusement,6
professionnelle,4
engage,1
méritée,1
races,1
extrémistes,1
regrette,1
licencier,2
gagné,1
écartées,1
intérêt,6
inra,1
rébellion,1
compétitives,2
cancer,1
entreprenants,1
suppléer,1
respectueuses,1
anti,3
vulnérabilité,1
discours,8
primo,2
prime,1
malgré,9
redoutent,1
irrégulière,1
deviennent,1
arsenaux,1
côtes,1
visite,1
sanctuarisation,1
parler,11
souverain,1
observez,1
autosuffisants,1
écrit,1
soupes,1
effectivement,1
chili,2
recueil,2
exerce,3
inégalité,1
montretout,2
engagé,1
instigation,1
hasard,1
veux,3
marchandise,1
ronds,1
automaticité,1
revêt,1
strasbourg,3
précampagne,1
leçon,1
pensaient,1
correctionnelle,1
conservatoire,1
représentaient,1
gagna,1
égoïste,1
gagne,1
martinez,1
missions,8
marmites,1
marasme,1
inscrite,1
conduisant,1
député,3
multirécidivistes,2
dorment,1
inférieures,2
éducateurs,1
hégémoniques,1
sursis,1
écrasée,1
insérer,1
accepté,3
africains,2
immense,5
réglementation,4
monter,3
égarées,1
pénalisée,1
titre,8
utilisé,1
quartier,1
alibi,1
spectacles,1
armistice,1
sarkolène,1
boutoir,1
théoriciens,1
échapper,1
vaincre,4
décisions,6
brochure,1
cruelle,1
janvier,3
petits,5
précieux,1
circulation,3
recrutement,4
petite,1
fussent,1
pouvez,2
conduisent,1
paralysie,1
conscient,1
bataille,5
remplir,2
recherches,1
établi,1
immigrée,1
émergence,4
fraternellement,1
nombrilistes,1
invite,1
platini,1
tenter,3
référendum,9
comptabilise,1
champs,3
dévalorisant,2
mobiles,1
vacillante,1
nationalisme,1
dénuement,1
accepte,2
stagnation,1
sauvage,8
absentéistes,1
unes,3
innovation,2
former,1
oppositions,1
veille,1
autour,4
internationale,9
illustration,1
nerveuse,1
gaffeuse,1
contenu,3
pesticides,1
girouettes,1
trompons,1
brésilien,2
annoncer,3
permettent,7
taux,10
sorte,9
minimum,4
assurée,2
efforcerons,1
inculque,1
1960,1
seine,1
catholique,1
capital,3
inquiétante,1
assurés,1
assorti,1
inique,1
stades,2
technologique,2
simples,1
volontiers,1
confiant,2
adaptation,3
désir,2
invité,1
dialogue,1
baignade,1
