word,raw_frequency
jugerez,1
modestement,1
sentimentalement,1
légitime,1
dirige,1
talent,3
attendez,2
police,1
1957,1
siècle,2
1955,1
composition,1
exclamation,1
brillant,1
interdit,1
resté,1
mode,1
fonction,3
expression,3
celui,3
diaboliser,1
modo,1
bloquerais,1
blessés,1
mains,1
merveilleux,1
bénéficie,1
hyper,1
couleur,1
élus,2
détermine,1
xxème,1
considérables,1
nécessaire,1
petit,6
présent,2
respecter,1
porté,2
échec,4
guerre,7
rajeunit,1
cantonales,1
parle,7
sera,5
vignancour,1
croche,1
priorité,1
conditionne,1
coups,2
déclaration,1
édition,1
vivant,2
même,1
amok,1
sais,6
hersang,1
jeunesse,2
famille,1
celles,1
délit,1
partie,1
dénie,1
survivre,1
actuellement,2
civilisation,1
présidente,1
condamnent,1
statuts,1
symbolique,1
indien,1
serais,1
noire,2
partis,1
africain,1
souche,1
sorte,7
amour,1
conquérir,1
tactique,1
consacrer,1
bide,1
souhaitait,1
électeurs,3
disques,1
oubliée,1
préférence,1
perception,1
maltraités,1
matière,1
regarde,1
ailleurs,15
candidats,4
rééquilibrage,1
réservés,1
soit,7
sois,1
lesquels,1
selon,2
quelque,10
tient,1
nazi,2
puisque,9
quinze,2
jeux,4
voilà,7
salan,1
première,3
frapper,1
timidité,1
autant,1
parce,1
lettre,2
premier,5
local,1
agriculture,1
mouvement,5
rigoler,1
lois,1
élevé,1
tsunami,1
rapport,4
voix,7
spectateur,3
baril,1
pouvoir,3
animaux,1
millions,8
différent,2
cinquième,1
subventions,1
défense,1
arabes,3
naturaliste,1
montais,1
avons,5
projets,1
voté,1
estiment,1
mieux,3
disait,3
auquel,1
disais,1
simplement,1
supérieur,1
mérite,2
deuxième,6
importance,1
migrations,1
patrie,1
appétence,1
enraciné,1
paul,1
mundi,1
jeanne,2
excessif,1
trouvé,3
conséquences,1
paix,1
particulier,2
changer,1
présentation,1
aller,2
syndicale,1
prépare,1
inscrit,1
strictement,1
défile,1
morts,1
forces,2
pudeur,1
plume,1
mais,20
exceptions,1
1914,1
supermarchés,1
dument,1
année,3
ensembles,1
facile,1
baisse,1
gauchiste,1
noué,1
parisiens,1
reviendra,1
affaires,1
barreau,1
particulièrement,1
lequel,1
avions,3
faire,26
commerce,2
trouvons,1
assez,8
avenir,1
introduction,1
fuligineuses,1
boire,1
affaire,1
glisse,1
succession,1
prix,1
syndicaux,1
sportive,1
morceau,1
œuvre,1
vice,1
chine,2
préoccupés,1
défilé,1
cent,3
transit,1
milliard,1
programmée,1
bruxelles,1
active,1
montée,1
précédent,1
cantonale,2
dernière,2
responsables,1
relations,2
prouvé,1
amateurs,1
grosso,1
tamoul,1
rajeunir,1
assumer,3
témoin,1
lecture,1
musique,1
bande,1
déluge,1
réalité,1
arabe,1
barnier,2
véhicules,1
élections,9
opinion,4
communistes,2
mondialisme,2
inverse,3
puisse,1
subventionnés,1
cependant,1
cadre,1
cinq,2
amoureux,1
lindbergh,3
image,2
considèrent,2
charme,1
avantage,1
journée,1
ecoutez,4
choses,3
agriculteurs,1
considèreraient,1
unique,1
service,2
disant,1
chers,1
vendre,1
existe,1
coutière,1
remarquable,1
restreignent,1
responsable,2
connais,1
absolument,2
clientèle,1
interdictions,1
michel,1
nationale,3
dans,1
certaine,2
décorum,1
députation,1
mort,3
adolf,1
naïfs,1
financières,2
écrivent,1
parlement,1
bras,1
prégnante,1
doute,3
certains,2
fond,5
disent,2
extension,1
venons,1
gloria,1
grotesque,1
troupes,1
chapitre,2
relirai,1
essaye,1
point,1
ingérence,1
obligatoire,1
européiste,1
musicien,1
progression,1
éveillé,1
rire,2
opposition,3
dirigé,1
possible,1
intérieurs,1
gaza,1
piqués,1
drame,2
personnelle,2
majeur,1
excès,2
effondrement,2
modestie,1
problèmes,2
israël,2
siège,1
trouve,6
étonné,1
sarkozy,14
consacré,1
inquiète,1
inventée,1
emblématique,2
donnée,1
centaines,1
évidente,1
affrontent,1
voiture,1
responsabilités,1
unis,1
dieudonné,3
présentent,1
certain,7
obama,1
camerounais,1
promesses,1
période,1
paris,2
reparle,1
calme,1
reno,1
bombardement,1
gaston,1
nombre,7
militaire,1
profession,1
tomber,2
reste,3
attention,2
redressement,2
péché,2
cruellement,1
remarqué,1
amie,1
postérieures,1
autrement,2
banal,1
avatars,1
abstenus,1
amis,2
terrestre,1
votent,2
patriotiques,1
massifs,1
européennes,1
habitants,1
principales,1
attentivement,1
établir,1
volontairement,1
brouhaha,1
auraient,3
dialogues,1
noirs,2
spectacle,2
travail,1
chansons,1
sondages,2
allemagne,1
paternelle,1
quatre,6
devoir,1
médiocre,2
indéniable,1
enfants,2
étant,2
dany,2
invité,1
mesurant,1
infranchissables,1
seront,1
pupille,2
commencement,1
aériens,1
personnel,2
regarder,4
décharge,1
herriot,1
minutes,1
hein,3
intervenu,1
contemporain,1
veut,1
vieilles,1
milieux,1
élire,2
contre,4
idées,1
philosophie,1
tchèques,1
quelques,6
continuera,1
étonnera,1
sûrement,1
pensent,1
coubertin,1
prendrais,1
fini,1
souvent,5
daladier,1
entendre,1
chansonnier,2
clases,1
noir,2
rappelle,4
penser,3
capronnier,1
vous,5
dire,30
peine,1
objectif,1
mariée,2
sorti,1
guerres,1
défendre,1
personnage,5
fasciste,1
abord,5
différentes,1
nord,1
attendons,1
futures,1
analyses,1
désigner,1
suivre,2
combattu,1
minute,1
encouragent,1
retraite,1
déteste,1
désertifier,1
extravagant,1
serait,2
société,1
crise,4
ceci,2
raisons,2
battu,1
dois,3
vérité,5
novembre,1
dont,8
dignité,1
permettez,1
après,8
écoutez,10
route,1
humanité,1
terrain,1
constitué,1
compare,1
holocauste,1
soutien,1
groupusculaire,1
vente,1
privations,1
économies,1
combattre,1
fusées,1
magnifique,1
mélanger,1
trébuche,1
autorité,1
domaines,1
absolu,1
barrer,1
mini,1
dessus,1
tricolores,1
semblez,1
physiques,2
homme,1
quarts,1
poétique,1
longtemps,2
égale,1
grand,5
musiciens,1
résolus,1
prendre,2
fallait,3
bidasse,1
appris,1
impôts,3
clinton,1
équilibre,3
qualités,1
critiqué,1
veulemans,1
treize,1
national,24
accueille,1
appartenais,1
apercevoir,1
victime,1
extrême,2
madame,1
ensemble,1
peut,2
aveu,1
allure,1
triste,1
éternité,1
rockets,1
syndicat,1
pétrole,3
bavardais,1
pensée,2
essayais,1
proposer,1
décontractée,1
prenant,1
hier,2
états,1
française,5
offre,1
énergie,1
leçons,2
exploiter,1
chef,1
commence,1
aime,1
trêve,4
pourrait,1
dirigeants,1
liste,2
mets,2
union,1
avec,2
dégâts,1
connu,5
démocratie,1
avez,4
recommandée,1
résistance,1
scott,1
jours,8
près,5
rien,4
commune,2
chez,2
nations,1
rédacteurs,1
discret,1
prêtent,1
juge,1
base,1
optimisme,1
million,2
causé,1
proportionnel,1
intéresse,3
tendance,1
edouard,3
condition,1
rester,1
semble,2
nombreuses,1
viennent,1
enterre,1
lobbys,1
médiatique,1
fondateur,1
mouvements,1
accès,1
oublié,2
traversé,1
dettes,1
moderne,1
disproportion,1
énarques,1
lancées,1
toutes,2
liberté,4
compris,1
martiniquais,1
vague,1
considérons,1
nouvelle,1
intention,1
admis,1
habile,1
exigence,1
persécution,1
critique,1
perdu,1
gouvernants,1
volonté,2
armes,1
olympiques,1
musulmane,1
vraie,1
avait,14
commandité,1
marché,2
pierre,1
bourreau,1
avais,4
comme,1
ridicule,1
gouvernements,1
sens,1
désolé,1
serai,1
législatives,3
dictature,1
montré,1
fonctionnaires,1
harmonieuse,1
attitude,2
tant,4
dirai,2
intervenue,1
forme,1
quelqu,1
comparaison,1
honnêtement,1
encadraient,1
louis,1
disparition,1
paille,1
ainsi,2
entendrait,1
vient,1
nordiste,1
jouer,2
source,1
démonstration,1
étroites,1
demande,1
intéressé,2
implique,1
mienne,1
désamour,1
confrontation,1
origine,1
obligés,1
concerto,1
surréaliste,1
gaulle,1
propres,2
admettre,1
responsabilité,3
rectification,1
mémoires,1
accompagnement,1
qualité,2
occasion,3
générations,1
diplômé,1
appréhension,1
présenté,1
habitude,1
meilleure,1
cher,1
constater,1
sait,3
soient,1
faute,1
suivait,1
demi,3
produit,1
minorative,1
regret,1
hitler,1
vécue,1
vais,4
était,25
obsède,1
histoire,3
étais,10
étonnez,1
partenaires,1
expliquer,1
espèce,1
exagération,1
politique,14
vécu,4
rebondir,1
céleste,1
violons,1
revenir,1
quoiqu,1
mènerai,1
vers,2
chose,5
poitrine,1
blindée,1
capable,1
immenses,1
individuelle,1
intellectuellement,1
caisse,1
exactement,1
bref,1
défendus,2
nostalgique,1
déception,1
augmenterais,2
présidentielle,2
réponse,1
suivi,1
prononcer,1
légion,1
remarquer,3
traitent,1
paquebot,1
modeste,1
orchestre,1
loin,2
côté,1
génération,1
totalitaire,1
patron,1
points,1
essayer,4
gagner,1
prestidigitateur,1
aperçu,1
savent,1
côtoyés,1
collèges,2
milieu,1
quoique,1
gens,17
donnons,1
appréciez,1
occurrence,7
mâts,1
construction,2
devenue,1
souhait,1
correspond,1
aventure,1
scandale,1
guadeloupéens,1
expérience,1
pouvoirs,2
schwarzenegger,2
tixier,1
important,3
parents,2
aviation,1
accélérer,1
1965,1
adresse,1
genre,1
cesse,1
aucune,1
contraire,3
idéologique,1
conception,1
gloire,1
donne,2
central,1
aujourd,1
légende,1
vite,1
beaucoup,10
élément,1
régional,1
sondage,1
sujets,5
exprime,2
stade,1
brynner,1
changé,1
vois,1
conséquent,14
indochine,1
attaché,1
appliquent,1
voit,2
irréversible,1
intéressante,1
pardon,2
cannes,1
pyramides,1
pieds,1
entreprises,1
économique,2
père,6
tracé,1
shrapnel,1
aperçoit,1
publication,3
réduction,1
regard,1
députés,3
propre,3
france,11
savoir,1
choqué,1
européen,1
europe,3
relis,1
tâche,1
démonstratif,1
choquant,1
défenseur,2
allons,3
sympathie,1
robert,1
conformément,1
bush,1
front,20
nanterre,1
différences,1
soixante,1
proportionnalité,1
présidence,4
référence,1
fâchés,1
obligé,2
rêvait,1
heures,1
grandes,1
mère,1
pensais,1
donner,3
aimer,1
intérêt,2
bout,2
parti,4
dizaines,2
naturiste,1
marseillaise,1
procès,1
attaque,1
sortait,1
condamne,2
calais,1
journal,2
toute,3
bombardements,1
étonnante,1
phonographique,1
courant,2
années,3
intéressants,1
espère,2
principal,2
dieu,2
savez,8
peintre,2
faut,14
position,1
librement,1
appliqué,1
festival,3
pense,9
verts,1
appuyer,1
preuve,1
traite,1
villiers,1
hypocrisie,1
lèvres,1
bien,38
médiocrité,1
testament,1
scrutin,2
ancien,1
chômage,1
fossey,1
ensuite,1
immédiatement,1
parfum,1
morale,1
élection,7
instant,2
favoritisme,1
déçus,1
distribution,1
compétition,2
venu,3
participais,1
auront,2
réaliser,1
autres,5
personnellement,1
aurons,1
chance,1
chapitres,1
hostiles,1
avocat,1
justifiera,1
chacun,1
compté,1
cryptozoologie,1
seraient,1
mauvaises,1
reprises,1
désavoué,1
jospin,1
préoccupations,2
terminé,1
rompt,1
aurions,1
mitterrand,2
face,1
voitures,1
traditionnel,1
montrer,1
classique,1
atteints,1
créé,1
socialiste,2
semblant,1
ligne,5
réfléchiront,1
officiel,1
peuvent,1
zones,1
voisin,2
sillon,1
carré,2
martyre,1
évident,3
condamné,2
attends,1
considère,4
structurellement,1
guillemets,1
inquiéterais,1
assure,2
sommes,3
continuer,1
candidature,1
événements,1
officier,2
médias,3
assemblée,2
plan,2
court,2
moyen,2
alliant,1
molière,1
apprécié,1
interdire,1
pays,10
évidemment,9
succès,1
poutre,2
intellectuels,2
raréfaction,1
militants,1
nation,3
télévision,2
aviateur,1
puisqu,3
pour,2
triomphe,1
choisir,1
gageons,1
2002,3
jusqu,3
pêcheur,1
2007,1
raison,2
appréciation,1
politicien,1
moyens,3
présidentielles,4
difficultés,1
financière,1
mise,1
trente,1
rentrant,1
qualifient,1
prête,1
mauvais,3
croit,1
dessous,1
plusieurs,1
quant,1
sortir,1
crois,25
lettres,1
servir,1
devriez,1
redoutable,1
quand,3
époque,1
spécialiste,1
désigné,1
esprit,2
jeune,3
français,18
injustice,1
essayent,1
myopes,1
décisions,1
gisements,1
mesure,2
sept,2
opinions,3
aurais,6
cultivé,1
assume,1
euros,1
grandeur,1
suis,27
engagements,1
civil,1
surpris,1
ferait,1
actualité,3
fille,4
voter,1
légitimes,1
monde,6
amandla,1
personnages,4
progrès,1
villes,1
parait,6
souhaitent,1
style,1
serrer,1
organisation,1
poursuive,1
malheureusement,2
victimes,3
pêcheurs,1
situations,1
supplémentaires,2
aimé,2
espèrent,1
marquer,1
presque,1
lien,1
ayant,1
fais,3
souplesse,1
patronale,1
voulu,2
sarkozysme,1
voyez,4
général,2
portais,1
aliot,1
laisse,2
justement,1
intéressant,1
comité,1
lieu,1
traitements,1
toujours,5
antipathie,1
distribué,1
faits,1
déjà,2
suédois,1
parachutisme,1
domaine,2
thèse,1
donné,4
dirais,10
pêche,1
florentin,1
mène,2
quatrième,1
breton,2
sciences,1
laisser,1
provoquées,1
beethov,4
envoyé,1
assumé,1
rassure,1
terrifiante,1
effet,3
supérieures,1
parler,3
peuple,2
votre,1
redressons,1
balladur,1
jamais,6
nazis,1
exprimé,1
grands,2
celle,1
exclusivement,1
président,8
totalitarisme,1
remontons,1
enfin,3
aurait,1
film,3
politiques,5
defferre,1
engagent,1
vieux,2
scientifique,1
communauté,2
explosion,1
récente,1
marchés,1
objection,1
diane,1
fils,2
prochaine,1
défends,1
nature,1
objectifs,1
absurde,1
médiatiquement,1
sentiment,2
plains,1
strasbourg,1
dollars,1
puissance,1
uimm,1
fascisme,1
encore,1
laissé,1
défende,1
distribuer,1
adversaires,2
radios,1
matin,1
égoïste,1
pacifique,1
quarante,2
différence,2
continue,3
accepter,2
résoudre,1
député,2
batailles,1
proportionnellement,1
témoigner,1
trompent,1
notamment,1
aimerais,1
relativement,3
république,3
passe,2
carrières,1
aura,3
harmonieux,1
faudrait,1
rapidement,1
compte,2
alika,1
talentueux,1
plus,42
tour,1
immense,1
sort,1
étonnant,2
chambres,1
tout,1
chaînes,1
heure,4
laquelle,3
déontologie,1
réserves,1
monsieur,1
généralement,2
contemporaine,1
obsédé,1
arrive,1
ironique,2
emprunté,3
donnait,1
devant,1
entre,9
salle,3
faux,3
financiers,1
propos,1
programme,1
cruelle,1
totalement,1
grave,1
manière,2
mousse,2
boon,2
majorité,1
inopiné,1
manifestation,1
petite,2
auprès,1
prose,1
1986,1
révélation,1
essentiel,1
insécurité,2
cœur,2
tsunamis,1
surtout,4
études,1
revenant,1
arrivent,1
égard,2
document,1
américanisation,1
moment,3
syndicats,2
devais,1
empêché,1
appelle,1
européenne,3
immigrés,1
rencontré,1
remonter,1
connaitre,2
condamnée,1
négatif,1
tenu,2
nationalisme,1
belles,1
candidat,3
qualifiez,1
promenoir,1
mois,2
interdis,2
gouverneur,1
communiste,2
présenter,2
certainement,2
besoin,4
cause,1
écrivain,1
poujadiste,1
procureur,1
leurs,2
faurisson,1
oppositions,1
ordinaires,1
poste,2
mondiale,3
essayé,1
différents,1
bienfaiteurs,1
emporté,1
immigration,1
adoptées,1
voulez,4
défavorise,1
meilleures,1
bornée,1
rattache,1
habitués,1
problème,2
admonestation,1
trompés,1
discours,2
demander,1
livre,6
appartient,1
préjugés,1
jeunes,2
tenons,1
désignés,1
ayons,1
demandez,1
nous,5
allant,1
propositions,1
marine,6
voudrais,4
extravagante,1
défendons,2
elle,4
zoologie,1
probablement,2
tempérament,1
organismes,1
sanctionné,1
plutôt,3
subi,1
parlé,2
grande,2
caractère,1
étonnants,1
rendre,2
trois,3
perd,1
mêmes,1
exagérons,1
photos,2
confiant,1
apercevront,1
souhaite,2
exemple,3
efforts,1
félicité,1
représentatif,1
réformes,1
pendant,5
conseiller,1
