word,raw_frequency
aligné,1
gratuites,1
1958,1
finance,1
talent,1
commencé,1
sifflets,1
financièrement,1
police,3
satisfecit,1
querelle,1
ensuite,1
facilement,1
voulait,1
mesures,5
troisième,1
maintenu,1
réduit,1
scoop,1
poil,1
américaine,1
venir,3
merveilleux,1
bénéficie,1
brésil,1
commerciale,2
dimanche,3
repos,2
allaient,1
atteint,2
amandiers,1
exigent,1
furent,1
affaire,3
américains,1
régularisé,1
laxisme,3
échec,2
guerre,5
habitant,1
racistes,1
opinion,2
cependant,1
séculaire,2
aboutira,1
violentées,1
passionnels,1
matières,1
activité,2
battant,1
alentours,1
consistait,1
aveuglés,1
afghanistan,2
étendu,1
réalisé,1
volonté,1
partie,4
survivre,1
provençales,1
commis,1
cour,2
campagne,6
soldats,1
patriotique,1
règle,1
indien,1
climatisme,1
partir,4
préfectures,3
territoire,2
duflot,1
familier,1
sorte,7
croupions,1
venus,3
litham,1
raisons,1
protestation,1
souffrent,1
affaires,3
gagnants,2
préférence,3
fonction,2
candidats,2
actionnaires,1
yeux,3
branle,1
cortège,1
archéo,1
selon,4
quelque,9
table,1
normal,6
augmentations,1
nous,10
science,1
entreront,1
électronique,1
installer,1
régression,1
chevalier,1
précédent,1
fêtes,1
combat,1
pendant,5
voiler,1
complicité,1
borgne,1
pistes,1
constituer,1
porte,2
allocations,1
tsunami,1
derrière,2
prennent,1
profonde,1
organisateur,1
mener,1
millions,9
sommes,4
bruno,1
frappent,1
passée,1
1956,1
notons,1
chacun,1
salaires,1
spirituelle,1
enlève,1
secteurs,2
mieux,2
verbale,1
contrainte,1
joindre,1
simplement,1
deuxième,1
partiel,1
vide,1
déçus,1
ravi,1
impuissante,1
dépassent,1
chefs,1
otan,1
conséquences,2
culottes,1
bureaucratie,1
instauré,1
réchauffement,5
terrain,3
résoudre,1
prépare,1
mosquée,2
considérable,2
faits,1
apprend,1
parlementaire,2
morts,2
ouverture,2
concitoyens,1
forces,3
créatrices,1
banlieues,1
parmi,2
dégainez,1
tentaculaire,1
formule,1
éclatante,1
inutile,1
quatrième,1
baisse,1
buridan,1
touche,2
dûment,1
rapports,1
absolution,1
propose,4
ajoutée,1
cocteau,1
international,1
déroule,1
théorie,1
languedoc,1
recherche,1
doutaient,1
aligner,1
habitants,3
sarkosisme,1
tire,1
insécurité,6
cambriolage,1
latente,1
étrangère,5
contribuable,1
compatriotes,1
participerai,1
régionale,2
concrète,1
montée,1
resigner,1
accuse,1
alourdissent,1
forme,1
cacophonie,1
doutes,1
douter,1
tristes,1
course,1
acquises,1
environnement,4
eurostar,1
arabe,1
fracture,1
patrimoine,1
cartes,1
aggraver,1
records,1
cohorte,1
crédits,1
inévitable,1
humaines,1
puisse,2
officielle,1
charmante,1
offusquer,1
interdiction,1
mesdames,1
depuis,2
aubry,2
combattue,1
restés,1
faire,18
avantage,3
décideront,1
grognent,1
filles,1
gollnisch,2
observatoire,1
savoie,1
service,3
disant,1
enrage,1
existe,2
humaniste,1
savoir,2
docilité,1
responsable,1
mythique,1
craintes,1
abus,1
allah,1
huma,1
directement,3
sanhedrin,1
proposé,2
projet,1
pauvre,1
monclar,1
darty,1
financières,1
parlement,4
douteux,1
passerons,1
doute,4
sociale,13
raconte,1
carpentrassiens,1
fond,1
multinationales,1
disent,1
département,1
obligation,1
malheur,1
croire,2
femmes,2
leçons,2
2ème,2
exceptionnelles,2
extraordinairement,1
fiscalistes,1
entend,1
peuvent,5
riverains,1
érigée,1
mers,1
littéralement,1
démocratie,2
souverainistes,1
devoirs,1
cons,1
allé,2
corses,1
apparaitre,1
scandales,1
soutiens,1
chiffre,3
folkloriques,1
concepts,1
insupportable,3
agréablement,1
silence,3
centaines,1
masse,1
augmentation,2
servitude,1
enseignement,1
rappelant,1
unis,1
joie,1
grève,3
certain,5
monte,1
100000,1
perdre,3
produites,1
franciliens,1
justifier,1
semaines,3
tard,1
attends,1
reste,5
électoral,4
nombreux,1
applique,1
péché,1
cruellement,1
mâles,1
hypertrophié,1
clientèle,1
démesuré,1
vante,1
traditionnelles,1
débuts,1
modem,2
brusquement,1
injustes,1
conciliation,1
affirmons,2
armée,2
votent,2
outrecuidance,1
crimes,4
siècles,4
capables,1
biniou,1
détail,1
flamands,1
arrière,1
ouvert,2
papeterie,1
conclure,1
aval,1
concurrents,1
emprisonnement,1
fêtent,1
exposés,1
néfaste,1
dans,5
matériel,1
étant,2
socialistes,3
épouse,1
chère,1
anarchique,1
lendemain,1
laitiers,1
violée,1
propagande,2
similitude,1
hein,1
pères,2
permettait,1
organisées,1
éliminé,1
collabos,1
traverser,1
quelques,7
constant,1
tibet,1
haute,1
activités,1
arrêter,1
retomberaient,1
rangs,1
souvent,2
vais,1
entendre,2
préfet,1
parallèlement,1
rappelle,5
intérieur,3
vitesse,1
climat,1
gratuite,1
coûte,2
écart,1
obligés,1
portent,2
arrêt,1
abord,4
différentes,3
motif,1
prend,1
nées,1
suivre,2
celui,9
coté,1
générée,1
comtois,1
retraite,1
lorsque,1
principales,1
néfastes,1
étendre,1
importants,1
frais,1
permettront,1
ferroviaire,1
syndicaux,1
gouvernements,1
impérieux,1
garantie,1
permettez,2
envisage,2
parallèle,1
rappeler,3
fondamental,1
délinquants,4
mais,22
conduit,1
2200,1
courants,1
conduis,1
cynique,1
constituées,1
place,1
rassurez,1
revenus,1
mondialiste,1
opère,1
matraquage,1
médicaments,1
donne,2
consultation,1
marmite,1
valeurs,3
physiques,1
anges,1
structurelle,1
revenue,1
iceberg,1
déclarer,1
beau,1
trouver,2
tension,1
allié,1
festival,1
prendre,6
taxes,3
taxer,3
fallait,1
candidate,2
rend,1
partis,2
histoire,2
qualités,2
hautes,1
réunit,1
éléments,2
balance,2
technologies,1
particulièrement,2
flux,1
dure,1
madame,1
source,1
peut,1
ville,1
marche,2
congé,1
peux,1
accord,1
italie,1
parlements,1
carton,1
régulièrement,1
telles,2
étranger,1
vulgaire,2
croissance,1
attaquée,1
geneviève,1
belle,2
compter,1
2008,5
abstentionnisme,1
monopoles,1
picards,1
entends,1
partout,2
impunité,1
applaudissements,1
serai,2
héritage,1
sortir,1
benoit,1
publics,2
élites,1
malheurs,1
typiquement,1
cher,2
sans,4
appauvrissement,1
mépris,2
jours,6
cotisations,1
rien,2
chez,6
façon,6
courber,1
visibles,1
formations,1
babel,1
petite,1
amont,1
modernes,1
aménagé,1
acquis,1
intéresse,1
hésite,1
hospitalier,2
légende,1
etat,1
proches,2
acceptés,1
viennent,1
tartufferie,1
comment,1
tenues,1
doive,1
reprises,1
cambriolages,3
territoires,2
postuler,1
symptomatiques,1
patronyme,1
ministre,4
ronde,1
expulsés,1
toutes,4
hôpitaux,1
histrions,1
2005,1
mission,1
2006,2
bras,2
critique,1
pourront,1
indiscutablement,1
menés,1
abysses,1
donna,1
choisie,1
avait,6
rang,2
marché,1
fête,1
observent,1
problèmes,5
comme,2
suivisme,1
longtemps,1
conquête,1
contribue,1
élevés,1
trésorerie,1
soyons,1
législatives,4
supérieure,1
immigrées,1
religieux,2
présidentielles,1
épisode,2
tant,3
domaine,1
apportant,1
explique,1
fonctionner,1
bouillir,1
hauteur,1
bâtit,1
centrales,1
céréaliers,1
sous,1
super,1
chic,1
ainsi,7
probablement,1
commerçants,1
démonstration,1
françoise,1
marchand,1
avoine,1
dérangerait,1
proposée,1
consiste,1
engagement,1
ficelés,1
voilà,7
préconiser,1
1906,1
remédier,1
gauche,7
sympathie,1
auvergnats,1
octobre,1
roussillon,1
exister,1
qualité,1
jouissant,1
avatar,1
grande,5
menteurs,1
relever,1
garder,1
fermé,1
habitude,2
cellules,2
terrifiantes,1
découlent,1
sait,8
bourgogne,1
sais,2
judiciaire,2
apport,1
institution,1
intervenants,1
douloureuse,1
billets,1
proportions,1
premiers,1
importunées,1
arrivaient,1
bayrou,1
1405,1
acheteurs,1
devenues,1
scientifiques,2
dépôt,1
coupable,2
menées,1
vert,1
vers,2
vauclusienne,1
accueillir,1
pape,1
7000,1
surfaces,1
turque,2
certitude,1
acheteur,1
parents,1
change,1
bénéficient,1
budgétaire,2
zone,1
feuilletons,1
citoyenneté,2
planter,1
dogmes,2
dizaines,1
copieusement,1
voleur,1
veste,1
producteurs,1
alourdir,1
océan,2
blasphème,1
démagogue,1
savons,1
feignons,1
publiques,1
gagner,2
matière,3
emploi,1
insee,1
quand,4
paca,2
normaux,1
personne,1
seconde,1
gens,8
couverture,1
siècle,4
racaille,1
allant,1
reposer,1
faillite,1
protection,4
battre,1
devenue,2
liste,3
férule,1
passeport,1
sournois,1
viie,1
accidents,1
écrans,1
important,1
accents,1
tipp,1
réseau,1
cesse,3
sorcier,2
suffisant,1
justes,1
figurent,1
gloire,1
subi,1
autochtone,1
aujourd,8
rétablis,1
82000,1
traiter,1
hostilité,1
prétendait,1
sujets,1
avignonnais,1
scandale,3
changé,2
somme,1
hémicycles,1
papiers,3
premier,4
mortelles,1
gauchiste,1
celle,2
devenus,1
avignon,3
mondialisation,1
sûrement,1
économique,11
refusent,1
grippe,1
racailles,1
effectifs,1
voitures,1
apte,1
france,28
télé,1
bonne,3
européen,4
véritable,2
cuistres,1
institutions,1
grünen,2
face,2
soumettre,2
importent,1
aider,1
dogme,2
alternative,1
honorent,1
suffit,2
rompre,1
presse,1
reçoit,1
préexistante,1
faux,2
second,1
aménagés,1
ininterrompue,1
grandes,6
contrairement,1
fléaux,1
donner,4
affiche,1
intérêt,1
région,3
nagy,1
mortel,1
rangées,1
reçue,1
euros,11
disait,3
logés,1
affirmait,1
auquel,1
2500,1
pesante,1
injectés,1
vaucluse,10
bond,1
simple,1
concept,1
années,2
empoignez,1
titre,2
écologie,3
dieu,3
savez,4
signer,1
faut,15
émission,1
bons,1
victoire,2
pense,7
verts,1
temps,14
honneur,1
jamaïque,1
organisations,1
marchepied,1
condamnés,1
médiatiques,1
carcérale,2
commencer,1
étoilée,1
présenteront,1
compris,3
emparés,1
présenterons,1
indument,1
élection,5
désirs,1
oppose,1
prétendument,3
distribution,2
médecine,1
totale,2
auront,2
consacrer,1
prophète,1
instruction,1
trahisons,1
journalisme,1
vaincus,1
défense,4
rentrée,1
politiciens,2
identité,8
gouvernance,1
objectif,1
vagues,1
séparer,1
roumanie,1
esclaves,1
bosca,1
participent,2
revenu,2
croyaient,1
renie,1
surcroît,1
occidentaux,1
atteints,1
créé,2
socialiste,2
complètement,1
deum,1
définie,1
reviennent,1
religion,5
choses,4
progrès,2
certes,1
taux,5
zones,4
fruits,1
permanent,1
rancie,1
récupération,1
axes,1
paient,2
mois,4
labeur,1
interrogeait,1
auraient,2
défenseurs,2
devoir,1
martyrs,1
disparait,1
dramatiques,1
enfin,6
inch,1
crêpages,1
plan,9
moyen,3
sort,1
gonfle,1
vaille,1
vindicte,1
croirait,1
clair,1
pays,15
évidemment,3
apprenons,1
intellectuels,1
concentre,1
dupont,1
publique,1
résolus,1
aveugle,2
2009,7
pèse,1
puisqu,1
pour,8
citoyen,1
choisis,1
nouvelles,3
meurent,1
pêcheurs,1
2003,1
travailleur,1
planète,2
opposé,1
2007,1
raison,5
hebdomadaires,1
obsèques,1
malheureusement,3
difficultés,2
maux,4
mise,2
intégration,2
2011,2
oeuvre,2
puissant,1
parfait,1
plusieurs,2
quant,7
arrivé,1
incapable,1
patrons,2
partent,1
populaire,1
lois,2
mariani,1
loin,2
diminue,2
violences,3
vols,2
alpes,1
oreille,1
citer,1
rendez,2
précédentes,1
quotidiennement,1
remplacés,2
jeune,4
français,25
pouvais,2
ridicule,2
mesure,3
sept,2
donnera,1
devienne,1
continueront,1
scandaleuse,2
sens,3
civil,1
présence,4
familles,1
drapeaux,1
situations,1
monde,11
programme,1
délits,3
également,3
écartés,1
inégalés,1
discrimination,2
gouailleur,1
trahis,1
énergie,1
compétent,1
prison,1
artisans,2
fiscale,1
judiciaires,2
vivre,2
proclamer,1
essence,1
témoigner,1
habituelle,1
appliquer,1
delà,2
ayant,2
fais,1
commande,1
aquatiques,1
terrorisme,1
risqué,1
meilleur,1
mécontentement,1
voyez,1
ascèses,1
envergure,1
hortefeux,3
responsables,3
doutent,1
justement,1
redécouvert,1
lieu,4
camarades,3
indicatif,1
berlusconi,1
multicolores,1
sentons,1
année,9
boîte,1
élèves,1
métropole,1
braves,1
choix,2
déficitaire,1
surtout,4
champagne,1
multiplier,1
1973,1
soixante,2
pourraient,4
laisser,2
dangereuse,1
correctement,1
célèbrent,1
antiracistes,1
sarko,2
approvisionnements,1
effet,4
vingt,4
islamisme,2
peuple,2
sommé,1
ouvre,1
jamais,8
héritiers,1
dérisoires,1
aiguë,1
exclusivement,2
bouche,1
président,9
test,1
journalistes,1
économies,1
débouchent,1
enfant,1
politiques,6
thierry,1
soutenir,1
peines,3
scientifique,1
figure,2
réponses,2
locaux,2
corresponde,1
communautés,1
masochisme,1
confort,1
avions,2
fils,3
foncier,1
prochaine,1
actes,2
lance,1
nature,3
surpopulation,3
compenser,1
semble,3
sentiment,3
devons,1
confondus,1
carrel,1
encore,1
représente,2
offert,1
disparition,2
maître,1
cabrette,1
matin,1
prostitution,1
inhumaine,1
nationale,6
trotskiste,1
continue,2
assez,2
couleurs,1
opaque,1
forcément,1
après,12
vive,2
prolifération,2
tambours,2
désastre,1
roms,1
armées,1
faudrait,1
prise,1
trafic,1
expulsions,1
départements,1
croupion,1
sacré,2
aurait,2
ancienne,1
tour,4
tous,2
trompé,1
spécifiquement,1
malsaine,1
rendu,1
territoriales,1
grand,4
chute,1
monsieur,1
régularisations,2
généralement,1
exotique,1
targui,1
impôts,1
cécile,1
dominicaine,1
départemental,2
plier,1
devant,3
entre,9
pensée,3
persécution,1
provoque,1
financiers,3
sauf,3
disposait,1
totalement,2
azincourt,1
génère,1
tabou,2
folle,1
musulmans,2
parle,2
américaines,1
partiellement,1
techniques,2
ifop,1
ambitieux,1
valoir,1
bénéficiaires,2
aignan,1
complaisance,1
spiritualité,1
intérêts,2
injection,2
donné,1
prochaines,1
dépouille,1
deviennent,1
criminelles,1
démanteler,1
moment,2
syndicats,3
fiscal,1
devait,1
détriment,1
précise,1
sociaux,1
considérer,1
processus,1
bouvines,1
diner,1
disons,2
retournerait,1
retirer,1
tenu,1
bien,26
sectes,1
chercher,1
nicolas,1
coup,1
présenter,1
sociales,2
répréhensibles,1
basques,1
séparation,1
production,2
chuté,1
mondiale,3
supplémentaire,1
quotidien,1
tests,2
regroupement,1
immigration,16
contredits,1
espace,1
comporte,2
premières,1
reculait,1
richesses,2
semblants,1
noir,1
vaste,1
sachant,2
antillais,1
naturalisations,1
islam,2
augmente,1
demander,1
clandestine,1
esprits,1
général,1
provoqué,2
magistrats,1
assistons,2
collectivités,1
comptes,1
suppression,3
touristiques,1
conséquence,1
douze,1
paysage,1
socio,1
plutôt,1
diplomatie,2
remontée,1
désertées,1
transports,2
répétées,1
rendre,1
moyennes,1
chiffres,2
mêmes,3
semaine,1
royal,1
cathédrale,2
hausse,1
décennies,1
souhaite,3
soviétique,2
audace,1
félicite,1
conversation,1
prosélytes,1
conditions,1
turquie,3
chagrin,2
clients,1
chinois,1
expulser,1
téléphone,1
dernières,3
burquas,3
réservée,1
travaillent,1
liaison,2
société,1
urne,1
mode,1
toujours,5
expression,1
détruisant,1
modo,1
touristique,1
mains,2
constater,2
70000,1
pontet,1
élus,2
dissuader,1
probité,1
posés,1
peurs,2
maladie,1
paie,1
sournoise,1
situation,10
sûrs,1
assumer,2
pensants,1
respectent,1
citoyens,1
déclencher,1
etablissement,1
menace,5
signale,1
patente,1
tenir,1
bâtir,1
organisateurs,1
verdun,1
chômeurs,4
tombent,1
chignon,1
légères,1
famille,4
doivent,5
économie,2
celles,1
houp,1
créature,1
coulpe,2
diffamatoire,1
civilisation,1
espagne,1
traitée,1
2800,1
milliards,11
amende,1
évêque,1
retour,1
carpette,1
radiations,1
xénophile,1
sauve,1
exécutées,2
déficit,3
électeurs,3
carrière,1
pôles,1
système,5
déclaré,1
déremboursement,1
juge,1
ailleurs,18
social,3
charia,1
lorraine,1
clairvoyance,1
soit,8
fellagha,1
habituellement,2
ciel,1
tient,1
hôtels,1
puisque,4
perte,1
tiens,1
préparer,2
figurants,1
publiquement,2
première,2
alsace,1
laïcité,2
décidé,1
gratuit,1
considérons,1
servile,1
tirent,1
malade,1
mouvement,1
remplacer,2
capitalisme,1
fendre,1
rapport,2
voix,4
allouer,1
carte,1
pouvoir,3
individus,1
gouvernement,15
partenaires,1
nouvelle,8
ruine,4
ressources,1
voit,7
dégradation,2
escroquerie,1
avons,5
électricité,1
constituée,1
départ,2
excellentes,1
réel,1
électriques,1
mérite,1
lobby,1
clairs,1
pitié,1
prête,1
têtes,1
secteur,2
succession,1
mayotte,1
médias,5
nationales,5
sanctionnés,1
maitre,1
listes,1
aller,2
h1f1,1
inscrit,1
hongrie,1
encouragée,1
prouve,1
solution,1
humanisme,1
ressentent,1
profiter,1
perspectives,1
parlent,1
prédit,1
400000,1
réussissait,1
hypothèses,1
combattre,1
sortez,1
rire,1
mondial,1
union,9
avais,2
élisez,1
sortes,1
criant,1
malte,1
nucléaire,4
apporte,1
accroissent,2
franchises,1
1989,1
séculier,1
promesses,2
œuvre,1
ecoutez,4
honte,2
développer,1
plus,85
autorités,1
cause,4
familiale,1
complices,1
importance,1
excités,1
risibles,1
excuser,1
contribuables,1
remèdes,1
cachots,1
anciens,1
pelotons,1
dernière,1
relations,1
pacifique,1
nécessaire,3
créations,1
verra,1
ressortissants,1
croupie,1
abusives,1
désert,2
préférentiellement,1
avantages,1
réalité,4
intégrer,1
amusement,1
régionales,2
élections,5
illusionnisme,1
inquiétantes,1
campagnes,1
mondialisme,3
provoquée,1
inverser,1
petites,1
trouvé,1
révélé,1
contrôlée,2
prémices,1
harmonie,1
mobiliers,1
prolifèrent,1
réalités,2
sedan,1
allez,2
travailler,3
contester,1
centre,4
passant,1
officiellement,2
considérablement,1
attendre,1
renaissance,1
absolument,7
vous,3
bannière,1
nécessité,1
délocalisations,3
aggravation,1
coeur,1
désormais,3
permettent,1
proposition,2
décisive,1
assiste,1
explosion,1
résistance,1
chaos,1
nulle,1
graves,1
prononcer,1
familial,1
fallacieux,1
tranquillement,1
certains,3
fuel,1
mutation,1
intenterait,1
venant,1
promoteurs,2
vise,1
majoritairement,1
lourde,1
incontrôlée,1
courez,1
point,3
veuves,1
rajouter,1
effondrer,1
connaît,1
proclamés,1
verdisme,1
faurecia,1
maîtrisée,1
opposition,1
existantes,1
pratiquement,2
allemands,1
prévoir,2
étude,1
livrée,1
chronique,2
automne,1
plainte,1
michel,1
défendre,4
difficulté,1
absurdes,1
quarante,1
dirait,1
trouve,2
sarkozy,14
demande,1
allemande,1
exacerbée,1
emblématique,1
mères,2
sécu,1
occasion,2
contribution,1
médicales,1
obtenu,1
touchant,1
triste,1
ruinant,1
bénéfices,2
rescousse,1
obama,2
jeûne,1
combler,2
paris,1
indifférence,1
officiels,3
naturels,2
inexact,1
nombre,12
empire,1
rends,2
beaucoup,8
tomber,1
assemblées,1
aidée,1
besson,3
récidives,1
seront,3
virés,1
créée,1
lutter,3
vauclusiennes,1
comités,1
remercier,2
ouvertes,1
autrement,2
cessent,1
stabilité,1
fillon,2
mars,2
fidèles,1
hébergement,1
vengeurs,1
nucléaires,1
déchets,1
européennes,2
trouvent,3
adhérents,1
tertiaire,1
pleine,1
attendrai,1
coutumes,1
comptabilisé,1
forfait,2
comité,1
spectacle,2
agriculture,1
vérité,1
prochain,3
cuir,1
relativement,2
iles,1
enregistrées,1
enfants,7
places,1
carpentras,7
dimension,1
triche,1
culot,1
idées,2
artistes,1
décharge,1
délitement,1
prix,4
violence,1
veut,3
terroriste,1
religieuse,1
combier,1
suivant,1
grâce,3
fonde,1
familiales,1
limougeauds,1
antenne,1
particulier,1
déboucher,1
assassinée,1
demeurant,1
compte,7
dérives,2
électorale,2
aurais,1
propriétaires,1
salariés,4
empoisonnés,1
peine,2
préoccupations,3
rôle,1
apparence,1
ordinateurs,1
sers,1
mariage,1
chérie,1
montfavet,1
fonctionnaires,3
licra,2
fort,4
héros,1
sera,4
apprenti,2
conjoncture,2
20h00,1
crise,10
ceci,1
accoure,1
universelle,1
mensonges,1
communes,1
devenu,3
dont,12
agisse,1
chinoise,1
petit,3
surfant,1
ouvriers,1
écoutez,4
solutions,1
mayonnaise,1
perdent,1
transport,1
agitent,1
soutien,1
évasion,1
régionaux,1
catastrophistes,1
appuyer,1
termes,1
généralisation,1
habituer,1
patrie,3
1000,1
réparer,1
touchés,1
complaire,2
incendies,1
triché,2
dossiers,1
occupait,1
trompettes,1
pouvant,1
entraîne,1
grosso,1
homme,6
amour,2
concilier,1
pollution,1
désordres,1
bout,1
halte,1
jusqu,4
conduire,1
chouan,1
euphémisme,1
autant,2
rééditer,1
équilibre,1
archétypiquement,1
consécutif,1
explorateurs,1
contribuent,1
national,31
roulant,1
crises,1
pouvait,1
récent,2
occupation,2
ensemble,1
vouée,1
prospère,1
mosquées,3
terminée,1
pétrole,1
pierre,1
date,3
montre,3
misère,2
aggravait,1
oumma,1
modération,1
total,2
états,1
française,6
sacrifiés,1
recours,1
régularisée,1
liberté,5
idée,1
relatives,1
pourrait,2
récession,1
ferme,1
corollaire,1
woerth,2
jean,1
indemnités,1
avec,2
bafouent,1
gaulle,1
pression,1
ajouter,1
provençal,1
régularisés,1
bilan,2
près,2
commune,1
printemps,4
classe,2
outre,2
conseil,3
ayme,1
perdus,1
législation,1
taxe,6
technologiques,1
trimestre,2
tabac,1
clercs,1
générale,1
circuit,1
technique,5
certaines,1
médiatique,3
guadeloupe,1
concernant,7
parfaitement,2
gêne,1
visiter,1
extraordinaire,1
vauclusiens,2
azimuts,1
populations,2
marge,1
chômage,10
martiniquais,1
produire,3
invités,1
rappelons,2
délinquance,2
commission,3
paysans,1
manie,1
replaçant,1
catharsis,1
promotion,1
perdu,1
accoutrements,1
conduite,1
truqués,1
pourtant,10
zapatero,1
nation,1
vraie,1
migratoires,1
persuader,1
2010,1
multiplié,1
travailleurs,3
bruxelles,2
manceaux,1
horaires,1
climatique,2
impose,2
logis,1
sncf,1
harmonieuse,1
tradition,1
imaginé,1
automobile,1
déséquilibre,1
mettent,1
reprend,1
réunion,1
prévu,1
détonateur,2
viens,1
louis,1
marque,2
torrent,2
vient,2
vergogne,1
imposer,2
livré,1
construire,1
merci,2
jetée,1
arracher,1
docteur,2
taxé,1
catherine,1
outil,1
niveau,2
plaidé,1
direction,1
inconstitutionnellement,1
sources,1
conférence,1
dividendes,1
origine,1
consultations,1
démontré,1
vitale,1
contraire,1
joueurs,1
gros,3
actuelle,1
révoltant,1
économiques,1
bois,1
idéologique,1
soient,5
lutte,3
faute,1
dominical,1
siffrein,4
antennes,1
manipule,1
prompte,1
était,8
condamnations,1
état,1
fonctionné,1
comptaient,1
retrouver,1
expliquer,1
arras,1
politique,9
retrouvée,1
agressive,1
claude,1
stasi,1
vertes,1
jugent,1
revenir,3
public,6
rétablir,1
chose,7
profondes,1
éducation,1
industrie,2
requiem,1
clairement,1
immenses,1
résilier,1
poils,1
malaucène,1
phénomène,3
bref,1
investir,1
militant,1
gâtés,1
présidentielle,1
sondages,1
garderais,1
bretagne,1
prince,1
assister,1
déclarées,1
convention,1
dépense,1
modeste,1
exprimer,2
serait,2
côté,1
critiquer,1
bataille,1
abandonnées,1
rationnels,1
récupérer,1
avis,2
débat,6
période,2
débats,2
savent,2
comparer,1
climatiques,1
servent,2
détruit,1
accru,1
diplômes,1
palsambleu,1
quatorze,1
occupent,1
âmes,1
guadeloupéens,1
situe,1
parlait,1
reproche,1
sert,1
statistiques,1
doté,1
ferroviaires,1
seuls,3
agit,4
représentation,1
migratoire,2
dernier,2
pauvres,2
dramatique,2
nocivité,1
camarde,1
parachute,1
algérie,3
contrôle,2
banques,2
parisienne,1
question,4
provocation,1
élément,2
votée,1
régional,2
sondage,1
historique,1
américain,1
accorde,1
inacceptable,1
conséquent,6
rivalités,1
utiliser,1
multiples,1
menteur,1
pieds,1
entreprises,10
confiance,1
spécialement,1
pouvoirs,1
catastrophe,1
paquebot,1
efficaces,2
scrupules,1
propre,1
responsabilités,1
milliers,4
dires,1
ferveur,1
ordre,3
entrée,2
reconnu,1
régions,3
visant,1
côte,1
augmenter,4
résout,1
positive,2
front,22
bafouées,1
voient,1
global,1
mobilisent,1
prétextes,1
françaises,4
conscience,1
signification,1
manquaient,1
création,4
normands,1
révèle,1
parti,1
déposé,1
libère,1
ennemis,1
marseille,1
attaque,1
volontaires,1
détachent,1
forcé,1
améliorer,3
saint,4
bondissant,1
toute,4
trait,1
femme,1
compères,1
odieux,1
rejoindre,2
roboratif,1
règne,1
elles,1
potentiels,1
quasi,1
députés,3
réelles,1
tête,3
principale,1
scène,2
preuve,6
villiers,1
créer,1
problème,2
pathétique,1
adoucissement,1
profit,2
aggravée,1
criants,1
doigt,1
amis,3
vote,3
europe,9
potentiel,1
retourner,2
annoncé,3
remontrance,1
raciaux,1
biais,1
morale,1
13000,1
obligatoire,2
touchent,1
presque,2
électorat,1
autres,10
écologistes,1
prisons,3
taper,1
alexis,1
tout,1
encouragements,1
tenaient,1
accumule,1
migrations,1
retrouvé,1
saints,1
12697,1
julien,1
bernadette,1
droits,4
hurlé,1
interdit,3
thermales,1
mitterrand,1
allons,1
1968,1
européenne,7
copenhague,1
pauvreté,2
réveillez,1
rarement,1
criminels,1
semblant,2
plans,1
émettre,1
interchangeable,1
panne,1
seules,2
géantes,1
rues,1
corps,1
vaine,1
pied,2
coûteuse,1
irrite,1
discrédités,1
destruction,1
heureux,1
sommet,1
intolérable,1
arsenal,1
attendu,2
incarné,1
réserve,1
libre,1
causes,3
invasion,4
dire,20
court,2
emplois,5
détruire,1
manifestations,2
incroyable,1
messieurs,2
étape,1
population,5
éviter,4
blancs,1
possession,1
vocation,1
contradictoires,1
chargés,2
cheval,1
pénitencier,1
horions,1
militants,1
pire,1
travail,6
sociétés,2
relève,1
triomphe,1
ramadan,3
vivier,1
gesticule,1
moyens,1
entrainant,1
argent,1
dynamisme,1
multiplication,1
manque,2
terres,1
truqueurs,1
mette,1
nobel,1
croit,1
dessous,1
prononcées,1
occurrence,2
décret,1
crois,25
souveraineté,1
croissant,2
eurosceptique,1
servir,3
cours,1
application,2
courage,1
sois,1
envers,1
démographique,1
étrangers,3
repli,1
massive,3
esprit,1
pylônes,1
intéressent,1
circonstances,2
principe,1
mirages,1
chrétienne,1
gauchistes,1
chargée,1
chers,1
passaient,1
troqué,1
confirmation,1
suis,9
risques,2
alternatives,1
ferait,1
ancien,1
surenchère,1
aberrant,1
épingle,1
légitimes,1
adoubé,1
absence,3
villes,4
parait,3
pandore,1
émeuvent,1
gascogne,1
organisation,1
populo,1
hypothèse,1
plateaux,1
professionnelle,1
victimes,2
correspondent,1
sauver,1
corrompu,1
étrangères,1
supplémentaires,4
chantent,1
besoins,2
bracelet,1
resterai,1
aisés,1
périodes,1
militaires,1
caractères,1
foule,1
concerne,6
immobilier,1
commerciales,1
bretons,1
laisse,1
engager,1
judiciairement,1
tergiverse,1
touraine,1
anti,3
nouvel,1
bulgarie,1
charbon,1
fonds,1
auxquels,1
formes,1
occupé,2
prime,1
déjà,8
précis,1
humaine,3
azur,1
malgré,2
redoutent,1
culte,1
égard,1
jacques,1
dénoncé,1
marseillaise,1
inouïe,1
provinces,1
endiguer,1
veulent,2
comtadine,1
parlez,1
terre,4
réfutent,1
hygiène,1
souris,1
apporterons,1
avaient,1
parler,2
expirants,1
organisée,1
ruptures,1
micro,1
cavaillon,2
piscine,1
grands,7
effectivement,1
carbone,3
jeanne,1
faille,1
église,1
manquants,1
christ,1
suédois,1
pigeons,1
unique,2
galants,1
baudet,1
contraignant,1
paysages,1
trou,3
murées,1
cela,2
veux,1
révoque,1
contre,13
souhaitent,2
rapières,1
menti,1
crif,1
asservir,1
remplir,2
crie,1
puissance,1
patron,1
frapper,1
barre,1
coram,1
clandestins,5
dray,1
bouts,1
elle,4
quelqu,1
éventuellement,1
refuse,1
opération,1
islamique,1
nations,1
combats,1
orange,2
appelez,1
député,1
redevance,1
permettre,1
immigrationniste,1
notamment,1
radical,1
directe,1
république,6
passe,8
obtient,1
aura,4
guyane,2
restera,1
pris,2
arrivent,2
achat,1
tenus,1
iraniennes,1
utilise,1
sémantique,1
hommage,1
singularité,1
frontières,2
parfois,2
circonscription,1
oublier,1
services,2
laquelle,5
appelle,2
faisant,1
spectacles,1
extrêmement,2
conduisait,1
train,1
catégories,2
notre,1
1200,1
sécurité,3
fiscalité,1
représentants,1
échapper,1
prétexte,2
soumis,1
réellement,1
vendu,1
atlantique,2
brochure,1
manifesté,1
historiques,2
cesser,1
honnêtement,1
petits,2
précisant,1
circulation,1
majorité,2
multiplient,1
dite,1
manifestation,1
molle,1
définitivement,1
pollueurs,1
suisses,1
submersion,1
insulter,1
perd,1
effectuées,1
1519,1
assuré,1
espère,1
apportées,2
clament,1
corollaires,1
rechercher,1
joue,1
emeutes,1
provence,3
vainqueurs,1
bête,1
admis,1
immigrés,2
structurel,1
invite,1
remet,1
référendum,1
alors,2
sagesse,1
prêtres,1
gelait,1
vigoureux,1
candidat,2
cités,2
smic,1
enjeux,1
présente,1
dien,1
communiste,2
tentant,1
affaiblir,1
délocalisent,2
passé,1
leurs,14
transfert,1
autour,3
internationale,2
importe,1
illustration,1
financière,1
revanche,4
seuil,1
foire,2
participer,1
conformes,1
lequel,1
cherche,1
hésitez,1
désir,1
oeil,1
licencier,1
exemple,6
discours,2
tapie,1
agriculteurs,1
consommateur,2
jeunes,3
invité,3
soutenue,2
assurée,1
antiracisme,1
respect,2
note,2
malheureux,1
éloignement,1
logique,1
dhimitude,1
allègre,1
étonnant,1
inquiétante,1
scores,1
restent,2
aveuglement,1
propos,3
trois,6
rendent,2
perdants,1
rencontre,1
masque,1
affirmé,1
efforts,1
oublions,1
préféré,1
quartiers,2
défaillances,1
tente,1
martinique,1
