first,second,likelihood_ratio
soumis,marchés,28.890587927765786
peuple,français,351.98117107229643
peuple,libyen,49.919258596471316
peuple,peuple,24.102440899825357
peuple,toujours,7.724209243505691
peuple,soit,6.770809481978764
peuple,france,1.1434059400423755
légitime,défense,37.81499729805583
maîtrise,frontières,25.035466794964144
maîtrise,monnaie,24.0936608308952
chômage,masse,72.56830619677359
attendez,attendez,55.196640590281866
dernières,années,84.12425919540631
cantonales,mars,53.31184131648271
lutte,contre,84.18607940328545
peuples,européens,22.11451577628309
sais,rien,16.202399278068075
sais,plus,6.483981237843592
moindre,choses,29.53317322345022
présidente,république,30.503480978197835
présidente,front,27.67474531133265
présidente,retour,26.84746268731357
pure,perte,38.061357265991525
pure,simple,37.057196256052215
banques,dépôt,44.33469216108314
banques,marchés,30.350840815302323
banques,affaire,24.861360565417172
normes,règles,33.730076915772045
préférence,nationale,76.89661583855819
fonction,publique,93.68573626087462
était,ministre,34.46242904864151
était,trompé,26.721653848368245
était,milliards,9.81068857443952
était,bien,4.580122819818731
était,plus,0.824714487879612
fêtes,foraines,57.10955389447748
dette,publique,27.013200646595255
dette,était,12.254204736608475
partenaires,européens,70.01025434507798
femmes,gauche,21.43439508124088
régularisation,clandestins,47.265502199926964
hyper,classe,40.50509777446963
couleur,peau,59.340989407619574
redressement,économique,31.44843754044964
redressement,pays,14.697286626103837
sécuriser,nucléaire,57.798590542207414
baisse,salaires,94.51194090649325
baisse,allocations,51.007752843724624
vers,pouvoir,14.62693250106934
intelligence,économique,24.82592538249608
situation,légale,39.70997351630922
situation,économique,13.234340818968791
situation,pays,6.739466372658759
situation,plus,3.763667019302087
guerre,civile,63.31754369511009
guerre,libye,28.300630448930292
respectent,aucune,33.13243627310827
sera,plus,7.191997083049436
signale,ailleurs,17.31927204101579
tenir,compte,63.04724145277022
matières,premières,73.25730393692487
zone,euro,158.20562680211737
activité,économique,25.58182990510879
présidentielle,nous,11.26816597597144
présidentielle,pense,10.301571241616799
doivent,savoir,31.051027494102566
doivent,pouvoir,14.433443719659962
doivent,faire,11.174016156077684
écoutez,monsieur,11.991835408086995
écoutez,crois,8.831214495446051
jeunesse,france,17.486620600699975
conseil,général,116.88951646985578
conseil,régional,60.83452343266434
vote,étrangers,108.15902189538288
aides,sociales,173.7758795699081
action,politique,15.978686261817703
maurice,allais,63.83967056457004
hommes,femmes,66.10596790646514
exprimer,pense,18.463592447283165
protections,frontières,49.56652395663474
protections,intelligentes,45.29611561557222
bonne,gestion,39.923340708591795
bonne,raison,32.028061268943105
bonne,dépense,30.09443552814802
commis,erreur,40.166951956016405
cour,comptes,95.67503220436414
campagne,présidentielle,90.5498560385934
campagne,mais,11.003082539693914
parce,croyez,20.031571558503323
parce,pense,15.13492082404974
parce,crois,8.992926402452431
petite,caste,30.702444464388066
débat,débat,32.169156269299464
matière,immigration,38.42802090324378
matière,internationale,30.64250879396608
matière,sociale,17.159186925031968
préparé,sortie,62.36768360521819
déloyale,pays,21.08394179561288
small,business,63.83967056457004
retour,réel,62.958247522312675
retour,monnaie,27.860606279047953
partis,politiques,32.88733523027029
place,conditions,23.00784388640871
place,protectionnisme,21.24172902108309
amour,patrie,52.46058808258031
amour,france,13.615770773842065
homme,femme,30.322869757988776
oppression,désordre,45.96171160154242
candidate,élection,39.7240503503219
candidate,présidentielle,24.506378137238617
taux,intérêt,61.80766365382876
inscrire,constitution,48.3971884788852
protection,sociale,186.29275435889224
imaginez,bien,16.132546110608224
système,protection,108.79075582820849
système,umps,48.06665260186083
système,monétaire,31.255969134592526
système,bancaire,30.94804444138312
système,bout,21.15567964365254
élections,cantonales,114.09622064802653
élections,régionales,38.35199840197324
cure,austérité,60.417015341432815
ailleurs,plan,14.028355384707055
ailleurs,était,10.302389164162655
ailleurs,beaucoup,8.644183754735451
ailleurs,mais,6.459637938063928
ailleurs,pays,4.73789914729883
ailleurs,france,3.6767374544870117
ailleurs,monsieur,3.3685559317198983
candidats,faussaires,45.49342100093456
candidats,interchangeables,40.995694570442424
candidats,seront,26.6794069799192
franc,euro,44.96181860571177
agit,faire,11.362314774087341
soit,plus,9.214569486363162
soit,ailleurs,7.606908504010712
diversité,sociale,27.460423490667168
strauss,kahn,514.8645181979601
quelque,sorte,272.14858655668974
quelque,chose,132.3700351501259
avons,payé,25.073066186630488
avons,énergie,18.500979703621994
avons,plus,13.893523394423228
moment,donné,29.19977633820578
notes,frais,77.81399316734961
puisque,sommes,14.224097453443083
valse,étiquettes,90.47755215156486
réduction,drastique,49.78044949454966
voilà,choses,15.64537775475029
voilà,alors,12.657221278523867
voilà,pense,11.490612355869212
voilà,choix,9.870473607170037
voilà,aujourd,9.120219868431066
voilà,suis,7.477582429726947
voilà,mais,5.202060578332813
salaires,français,10.004149103087919
aucune,garantie,38.189780827377284
aucune,aide,27.26473274847495
dont,parle,26.08340562322988
dont,sait,22.46728405197047
dont,français,2.3718876428831575
contrôle,frontières,24.60753260956223
pétrolières,gazières,54.842351637427086
donne,argent,20.791732679865163
combat,menons,39.026408813756355
aujourd,plus,8.475196287893993
aujourd,euro,3.7153413588250332
aujourd,français,1.196550402317487
aujourd,bien,0.5740958886429115
aujourd,france,0.556088532787792
question,savoir,34.342151130716246
question,pose,25.796408044912923
premier,ministre,50.19186730178606
premier,rang,36.02044139059947
premier,tour,26.83144719583887
énergies,nouvelles,57.30827846250405
mouvement,politique,19.44556333872606
porte,projet,35.61638519879687
porte,monnaie,19.64440808983002
médicale,etat,27.061738841513407
rapport,entre,21.44348382451152
voix,français,9.772845747999419
somme,toute,40.91256341960476
carte,vitale,52.61095951200389
pouvoir,achat,238.67632870754397
pouvoir,sarkozyste,40.56381841208687
pouvoir,accéder,21.98112870450644
pouvoir,relancer,20.715758808177675
mener,bien,17.533833736960904
millions,chômeurs,99.22905033392011
millions,euros,77.50629378385835
millions,fausses,40.55404065347534
millions,français,18.923616301467064
cotisé,france,24.36350713002998
bruno,gollnisch,57.10955389447748
nombreuses,années,56.279998546486276
voit,bien,51.96422449603381
mondialisation,débridée,42.37498296603077
made,france,38.47169686935224
entreprises,cac40,51.20063932341882
entreprises,françaises,38.22856236125544
devient,insupportable,38.12907483435616
économique,social,48.953243827677355
économique,faut,9.526590203020149
pouvoirs,publics,66.6734291582053
secteurs,économiques,61.57419854612892
initiative,populaire,100.82365470299703
réel,monde,18.124627379265114
identité,nationale,29.59703790935326
france,prérogative,28.845851885978494
france,esprit,14.100142674038882
france,aller,13.051831211465462
france,vive,12.533108647689813
france,tunisie,12.21525559651565
france,sera,10.671182984447043
france,puissance,10.186381106425925
france,français,10.01548924703547
france,monde,7.688812505250651
france,avenir,6.042883490143763
france,était,4.533382600400561
france,vous,4.458648592319563
france,nicolas,2.9903822590590456
france,pays,1.8213929875540895
france,suis,1.7685552092640964
france,mais,1.6737662162901223
france,bien,1.0315850013832861
france,aujourd,0.556088532787792
france,plus,0.016297103800032686
arrivée,pouvoir,25.85387525762558
régler,problème,47.39115127945418
monopole,marchés,30.78244056614828
démocratie,liberté,18.574502675582977
pourquoi,parce,65.31624930004384
politique,étrangère,58.46157831147572
politique,sociale,27.622691924310473
politique,incarne,20.655897932674005
politique,arabe,19.2412465354267
politique,française,18.343319126556985
politique,économique,14.854873383630267
politique,umps,13.919336014739875
politique,crois,3.0426744667255337
politique,monsieur,1.987941497022634
aide,médicale,81.4162137899294
aide,sociale,22.630749700261553
allez,dire,18.369498179914437
front,national,1360.8024215084738
front,républicain,27.379343848417875
changer,avis,29.10411610048409
systèmes,protection,37.0061755231653
aller,emprunter,34.215965254111126
hénin,beaumont,137.09645386588872
folle,politique,19.2412465354267
rendez,compte,47.46877222172866
grandes,écoles,54.986431950328125
grandes,entreprises,49.617041815733344
grandes,économies,24.44387254786926
alors,vais,17.58548654399128
alors,faut,13.033497305848542
alors,suis,10.762690705430124
donner,leçons,54.339638900085944
donner,chiffre,32.670962641134146
donner,moyens,24.17549315573503
aimer,france,27.446516166818686
oubliés,contre,21.23976188483048
général,gaulle,83.5964522317862
général,corrèze,39.83718277744118
bout,souffle,84.20673762829318
bout,système,21.15567964365254
parti,socialiste,413.1703001491899
parti,politique,8.685204578120375
parti,france,5.870403364319635
année,dernière,31.4576614957319
acheter,français,24.98037891033455
blanc,rouge,45.96171160154242
vision,homme,38.70946254215375
vision,politique,9.807115545162091
affaires,sociales,30.10632356145774
ouvriers,ingénieurs,40.511393835744904
autant,plus,15.47088604359218
union,européenne,670.9165891113981
places,prison,43.694813089551126
simple,bonne,26.92458219499703
nous,avons,238.34176915097464
nous,sommes,100.96580830147086
nous,voulons,75.24155088317289
nous,pouvons,63.581766932818525
nous,devons,55.689459830624784
nous,pourrons,28.128028648713435
nous,arrivons,26.54633218404934
nous,croyons,26.54633218404934
nous,vivons,24.290992992195974
nous,avions,20.363491767600717
maitrise,frontières,27.146681659438954
avenir,pays,21.89867088978402
avenir,enfants,19.21592543288021
automatique,nationalité,36.52382927635273
titre,séjour,57.30827846250405
fédéralisme,européen,48.3971884788852
train,passer,31.577303624391902
train,mettre,16.165207971111577
train,dire,13.19551128800732
train,faire,12.664549942157109
sécurité,sociale,23.199629593716963
concurrence,déloyale,139.43246175099875
concurrence,internationale,44.98935019947512
concurrence,sauvage,37.0061755231653
ministre,affaires,29.820718479181682
faut,faire,54.152206961806726
faut,bien,40.00200429820782
faut,arrêter,37.3799592989739
faut,rappeler,33.48450577810008
faut,mettre,29.70818039355309
faut,réserver,25.317270396030807
faut,attaquer,20.928306775905035
faut,commencer,18.653946530002372
faut,admettre,16.155069205082697
faut,absolument,14.135222433225449
faut,retrouver,12.443996278730637
faut,sortir,12.240015403319656
faut,savoir,9.373459228248775
faut,abord,8.930349787169629
faut,dire,5.815229135192064
tête,etat,16.38754553354394
chose,monsieur,11.853794782522076
pense,faut,47.238853563912706
pense,certain,10.492578010732778
pense,pense,8.54392141503267
pense,français,7.312455418028801
pense,monsieur,3.1539283204472257
propre,dette,23.91124326948526
patriotisme,économique,64.76752036584418
temps,modernes,31.924184313730255
temps,temps,28.024892949806805
temps,coûte,22.84784742580424
acquisition,automatique,52.61095951200389
bénéfice,grands,24.821900969063236
créer,emploi,49.095125276235514
candidat,présidentielle,68.5734297121395
candidat,national,20.58467924896828
prières,rues,62.8149729051074
relèvement,exigences,71.72766251377236
difficultés,financières,36.54208599909981
peux,dire,16.292594585600217
niche,fiscale,102.64932088130827
niche,copé,77.0254770547419
créent,emploi,59.79810435148933
venir,chercher,28.368673179678126
petit,pays,10.26405218985435
petit,plus,6.955090316182423
morale,publique,158.03790967850952
élection,présidentielle,180.8287417751793
retrouver,souveraineté,31.889442360362136
court,terme,53.24328998973117
totale,frontières,25.997281572018547
milliards,euros,343.7832245952078
milliards,supplémentaires,41.40296178523847
auront,choix,34.067922168101106
patrimoine,culturel,52.660669481377546
autres,pays,42.24285726242161
autres,domaines,23.493951371807157
autres,candidats,18.697965503461013
conflits,intérêt,39.5779515624551
décision,prise,60.93087367114301
million,euros,40.39897651929403
tout,monde,18.764218052676128
mauvaise,dépense,102.85228974879355
chacun,entre,26.2825810761612
chacun,sait,23.50108481086958
puisse,dire,77.30584925787934
solidarité,nationale,31.650866170198853
construction,européenne,24.382843747057933
mesdames,messieurs,191.72457358124663
égalité,fraternité,93.42959656387814
égalité,droits,29.55067538932235
artisans,commerçants,64.08983961099463
faire,objet,50.007949913912874
faire,rentrer,33.388921289331876
faire,élire,29.960410278131484
faire,entendre,28.697294103798292
faire,sacrifices,25.06166830737334
faire,sorte,21.292019211621774
faire,oublier,20.216055726138023
faire,croire,19.613255105239332
faire,vivre,19.613255105239332
faire,entrer,17.945753603185867
faire,preuve,17.352549475186013
faire,confiance,15.872167011851356
faire,gagner,15.872167011851356
faire,respecter,15.872167011851356
faire,grand,11.227315533185
faire,choix,8.62225100946253
faire,aujourd,1.4332410399079163
faire,pays,0.5728307057755093
faire,plus,0.06211195894570687
délits,graves,41.03889141467128
petits,enfants,24.79610068955167
choses,soient,25.2336848324721
choses,peuvent,21.759798817054392
face,mondialisation,19.516559911982334
face,europe,15.86203102347508
service,public,48.12095129573542
trouve,assez,23.492100573271074
voyez,bien,16.400440254384677
existe,plus,16.367598474275127
emprunter,marchés,32.02304347900741
savoir,faire,13.82789619265992
responsable,politique,18.645686566084194
électeurs,front,27.245636496157577
plans,renflouement,117.68833281021024
plans,austérité,34.28509072146039
poser,question,86.15037688391774
faisons,choix,26.38830296614482
projet,redressement,65.84276900746404
projet,alternatif,44.999708772760634
projet,présidentiel,44.999708772760634
projet,mondialiste,24.60581132683803
projet,présidentielle,13.764437585916788
projet,projet,11.429339031382401
projet,national,8.472986348305177
projet,politique,6.521454368896927
proposition,concrète,44.7932312182185
politiques,français,9.166855654673261
mois,élection,36.79290728719115
mois,août,32.615008663621154
mois,viennent,21.312964603045266
mois,mois,15.017420853454329
réindustrialisation,pays,26.128681726714923
réindustrialisation,france,24.310421988279487
sommes,seuls,42.84506111982837
sommes,camp,28.771315061205378
sommes,aujourd,10.017759308740072
certains,quartiers,30.967846127824064
trésor,intérêt,57.99103261089289
libre,échange,128.16984669627723
libre,entreprise,38.7133110466714
lorsqu,agit,24.2505753706211
lorsqu,était,22.77329701557349
assemblée,nationale,77.5984501455233
plan,économique,33.517430157664435
plan,austérité,28.550109655089855
second,tour,243.38969064301855
traité,lisbonne,90.70596596516951
emplois,industriels,49.20313400512881
messieurs,chers,65.30194015122757
pays,monde,41.53627617042011
pays,origine,32.685788070378806
pays,respectent,30.444175418109495
pays,maghreb,25.478598226221763
pays,émergents,25.478598226221763
pays,européens,24.392540756065813
pays,arabes,23.260701869294092
pays,étrangers,9.154117708104469
pays,temps,5.74767041768843
pays,nous,5.47509361230709
pays,mais,4.591205959389318
pays,plus,3.33024316512153
pays,suis,2.466128162085829
pays,faut,2.371289834327417
pays,pays,0.3126666050927245
pays,france,0.06777352514649759
aspect,symbolique,54.27895709876344
ordre,etat,16.99043352400514
peuvent,plus,19.681425861366428
caste,pouvoir,17.68449486435317
publique,territoriale,42.92600481682427
publique,etat,17.836620539868356
restauration,politique,21.518615874108093
nation,peuple,9.249134550450735
assurer,sécurité,35.12476937541001
primaire,ultralibérale,39.21152069644574
pour,instant,62.32747542742768
pour,faire,9.7285883360233
choisir,leurs,24.207959124661752
intérêt,général,39.391066949820974
intérêt,français,27.65318068553828
intérêt,france,19.037615883814826
intérêt,national,10.5404768332848
défendre,intérêts,23.934264236411686
conseils,généraux,283.7017004535358
conseils,régionaux,68.35332912023047
financement,public,31.08129462294599
raison,laquelle,57.058873178972725
quelle,liberté,37.99720837463654
argent,public,137.8461381200896
argent,français,13.197931991044833
accord,entre,17.04183246975925
demande,adoption,39.04869957157608
mise,place,103.58488926039215
mise,concurrence,46.586288254063916
madame,lagarde,39.07071596407469
madame,madame,38.720675778802445
madame,parisot,26.470841275339318
madame,mais,12.536009433397274
directives,européennes,44.21929054038331
centaines,milliers,40.166951956016405
conséquent,aura,20.388573715371088
plusieurs,reprises,44.7932312182185
plusieurs,générations,36.40429620629511
sortir,euro,14.902659969834927
crois,crois,28.602515009084687
crois,faut,19.752845056862068
crois,français,6.210831082124834
souveraineté,monétaire,47.750167731449636
souveraineté,nationale,31.860359181242444
souveraineté,française,16.806814507759093
foire,trône,57.10955389447748
paraît,évident,39.76056794206598
certain,nombre,757.9897592758912
vous,savez,184.535930864965
vous,voyez,132.30040654402168
vous,avez,68.22091973331285
vous,imaginez,61.44283372810284
vous,parlez,31.453815602231067
vous,êtes,19.905439583065608
vous,croyez,18.974779623748923
sortie,euro,74.43822079938994
rend,plus,14.268189022115234
nombre,propositions,22.556298582661846
nombre,autres,12.139303817173072
nombre,pays,9.787849927750742
esprit,france,32.80563776006644
esprit,résistance,29.3326598631745
esprit,rassemblement,28.831121214806334
beaucoup,plus,53.99846816931783
beaucoup,autres,23.86943538493605
beaucoup,argent,14.194891637977381
beaucoup,pays,5.0599497530465385
français,savent,41.387029873404245
français,doivent,39.036662504013805
français,afrique,15.847271585661645
français,peuvent,11.928519301376497
français,vive,11.661882667680981
français,soient,10.50051186772837
français,veulent,10.50051186772837
français,savoir,10.397958008401908
français,besoin,8.571557243415617
français,bien,7.9151726818178965
français,intérêt,4.952993647950548
français,écoutez,4.439633967315538
français,mais,4.29015683322492
français,sera,3.1881472622328326
français,liberté,2.0125381303824694
français,nous,1.5515270322625931
français,suis,1.261643608228574
français,faut,0.989280900111809
français,faire,0.6212475044385122
français,plus,0.4601365769480483
français,français,0.38749517595050476
français,aujourd,0.26173443048707434
principes,républicains,41.530088063344955
principe,fondamental,38.43741244303122
défense,intérêts,27.763619512051402
nombreux,mois,31.701650915916453
nombreux,plus,9.260237817426972
réguler,flux,36.613956978280044
jamais,cotisé,34.488120950323996
lutter,contre,156.03297697829123
chers,amis,515.7163745830703
chers,compatriotes,68.73050851245888
euros,mois,54.563625668917545
euros,dette,23.267896707651964
euros,vous,13.15188691538799
suis,sûre,130.91452373291756
suis,désolée,59.75088929914618
suis,allée,38.14514797794715
suis,convaincue,34.30792857937016
suis,exprimée,29.815765978895765
suis,heureuse,29.815765978895765
suis,présidente,25.857890178665446
suis,candidate,18.950198777752366
suis,train,11.154239699290525
sens,projet,22.461647325993034
sait,bien,24.565721983091407
familles,polygames,50.34362709371865
amis,pouvoir,15.913685865397074
amis,france,5.545374632918593
logement,social,30.019468962685167
toutes,forces,62.15453412478111
toutes,circonstances,34.75278242177942
toutes,élections,18.356941334747813
droits,douane,74.62878261752415
monde,entier,87.94961930318473
monde,france,4.755930614048131
monde,mais,4.355625994643516
monde,faire,3.674091999347831
programme,commun,34.575854045029246
programme,économique,19.28509468130389
pleine,crise,32.96775092104682
villes,campagnes,35.336241124797
exception,culturelle,44.21929054038331
discrimination,positive,57.10955389447748
ambassadeur,france,20.577095989821963
aimerais,bien,16.79001002216483
problème,économique,12.198075793402854
problème,monsieur,7.099259678046372
aphatie,français,10.76770997202706
dans,temps,26.116875336137642
dans,combat,24.79610068955167
dans,pays,9.447266003930435
sauver,euro,41.701003759880265
sauver,prix,23.74929288456122
anticiper,sortie,36.03367908504823
enfants,petits,24.79610068955167
vivre,décemment,41.25693298722714
vivre,france,11.10402331520562
réalité,grands,12.838188294583436
protéger,peuple,15.504625255556109
essence,pompe,46.52497597518861
histoire,france,21.760223314072345
histoire,pays,7.903633544852408
génie,français,22.963106555695926
personnel,politique,19.905392405360466
hein,vous,16.841228244872468
aura,préparé,36.64627735395313
aura,candidats,22.84156330336094
aura,plus,12.481872968421078
veut,dire,152.7104286182582
veut,mettre,23.657971554678134
veut,faire,17.664901648154814
êtes,train,42.43189641688272
laisse,développer,36.30222492121765
veux,dire,61.23042697812765
veux,redonner,26.11651342577639
veux,faire,21.18404460945134
contre,meeting,47.675760999954214
contre,corruption,43.371608726646855
contre,plans,21.23976188483048
contre,insécurité,20.355770150838083
contre,candidat,15.08221900690496
contre,mondialisation,14.461787950235644
répondre,question,24.00798929378533
quelques,mois,140.24822753982204
quelques,semaines,90.52674701256349
quelques,jours,84.8390708574675
quelques,années,34.824373591788444
quelques,temps,21.597555042688867
unité,nationale,26.135867353924624
coup,était,19.259022230164604
croire,celui,21.04695586398296
pouvons,plus,26.672493452472395
remise,ordre,40.20266580453008
gens,gauche,21.244883216308153
vais,répondre,61.13686203409733
vais,dire,55.463858072941534
vais,aller,20.157215990045557
vais,donner,19.857117102200363
vais,faire,19.702098406965433
pris,décision,30.106323561457735
pris,mesure,27.497017552381287
soient,claires,37.7127389386928
belles,âmes,59.340989407619574
dire,chose,11.580343236184225
dire,aujourd,6.255632771041846
dire,suis,6.173415630933043
dire,était,3.8263002824377503
dire,faut,3.3839853346597977
dire,faire,1.0998127299509823
dire,français,0.11572666170371293
dire,plus,0.014438222205407414
feront,choix,22.94885738349665
peine,mort,80.65407227022968
balance,commerciale,57.10955389447748
chiffres,immigration,17.400476922000596
abord,pense,17.092635050133218
mariage,homosexuel,87.50855580736673
traités,européens,91.77616917634111
prendre,charge,28.655000865699055
prendre,pouvoir,13.720307304884088
emploi,croissance,24.595060816892335
emploi,pouvoir,11.429406467398898
emploi,pays,7.584076298480753
vème,république,50.46259388742479
celui,porte,19.64440808983002
celui,vérité,19.242942054137743
faibles,plus,12.037322746196411
fort,etat,42.89394353780506
plus,faibles,82.14917766364925
plus,tard,73.85093170266404
plus,nombreux,66.39631747616765
plus,difficile,46.9450226726972
plus,plus,41.91262228760962
plus,grande,35.965643925649985
plus,cher,28.859190388130827
plus,grand,27.075285421377654
plus,fragiles,26.310350530003422
plus,facile,25.021702424889682
plus,efficace,22.84691420791981
plus,forts,21.836685525092733
plus,modestes,21.836685525092733
plus,jamais,21.79886302511134
plus,rien,20.288988941881726
plus,loin,19.346379008052182
plus,grave,15.47088604359218
plus,pauvres,15.003200604899767
plus,jospin,13.61953743576938
plus,devoir,12.515228925622505
plus,générale,12.515228925622505
plus,important,12.515228925622505
plus,près,12.176354410127022
plus,immigrés,10.136506143281762
plus,décider,8.999008098297473
plus,aucune,6.0585051190526675
plus,emploi,4.504859009582728
plus,immigration,1.1085352103724482
plus,france,0.7360932352592235
plus,euro,0.5086522138248322
plus,pays,0.24088746927906324
plus,faire,0.06211195894570687
grands,groupes,334.26681342106843
grands,patrons,32.615008663621154
grands,choix,26.374569828102068
président,république,269.120683183084
président,honneur,26.961846708999772
président,conseil,20.875879470030426
rendre,compte,25.80510335738126
rendre,peuple,16.384285904196187
culturelle,française,37.991212289172566
intelligentes,frontières,35.52163475547092
régression,sociale,83.05810056845951
allocations,familiales,72.81001231968628
permettez,dire,48.12831071341392
dominique,strauss,180.90571012780765
communauté,nationale,45.793968553113224
donc,faut,12.240015403319656
monétaire,international,50.29200617608561
marchés,financiers,258.63690280776376
marchés,publics,36.58039432480923
alliot,marie,87.83833517506287
empêcher,front,44.425218362745575
fraude,sociale,67.2901174630203
mais,monsieur,119.55589366217629
mais,madame,57.09041132808365
mais,écoutez,23.042723676536358
mais,suis,14.207727566735022
mais,surtout,11.159627090833952
mais,mais,9.681185713698452
mais,vais,9.65189987423518
mais,avez,9.41961082608078
mais,crois,8.49096944151131
mais,bien,8.045216071084898
mais,beaucoup,6.456346581059428
mais,rien,5.530522448414141
mais,avons,4.656248857394272
mais,aujourd,1.948349171844428
mais,plus,1.1685707226811788
vois,bien,15.395636281506375
enfin,veux,15.23164912820701
économies,faire,35.954985725535764
gouvernance,mondiale,41.26679417191408
nationalité,française,81.54966535043118
autorité,etat,29.076485821391877
puissance,équilibre,29.772631239054896
puissance,mondiale,28.94289970071806
puissance,publique,22.376529884919993
puissance,économique,18.04951596350947
toute,série,126.89336187519922
toute,façon,125.18337173134185
toute,misère,25.619095999138885
toute,petite,21.294660204179312
toute,énergie,20.65115440175919
toute,classe,19.060742077204594
toute,politique,6.818701754861822
valeurs,civilisation,59.47682923555404
valeurs,république,18.614423276929372
lourde,responsabilité,38.76521380447695
coûte,plus,10.81665162560914
egypte,tunisie,34.719185269429076
cartes,vitales,88.92566939694544
toujours,plus,42.67934934901152
toujours,mêmes,15.986072984704895
après,autres,28.765846415747994
vive,république,52.185110207620276
vive,france,34.25113816034313
vive,front,28.12889403718978
lionel,jospin,86.13277452921074
république,française,61.134993136863
république,vive,52.185110207620276
république,mais,6.456346581059428
série,gens,24.95098607346396
prix,nobel,41.79596815305284
prix,essence,31.22007201451854
prix,pétrole,25.97751979124283
compte,tenu,144.54740831991705
compte,situation,18.755574407327522
national,monter,21.4299965405928
national,parti,10.725741812611322
portent,responsabilité,32.0059708140409
aurait,fallu,37.39990391562966
aurait,permis,31.246354808180207
flux,migratoires,188.0952022311124
protectionnisme,raisonné,46.6147851964364
protectionnisme,égard,28.036142609606507
protectionnisme,économique,19.863723352318647
milieu,culturel,41.79870545495142
trompé,porte,36.02044139059948
etats,unis,325.514877063938
grèce,irlande,35.05047822639862
services,publics,293.533207131136
grand,bénéfice,35.54869563007367
grand,rassemblement,24.642361560739893
grand,nombre,21.347774097860416
pétrole,taxes,31.431249052715202
nicholas,sarkozy,46.2058760763675
règles,société,28.818641277422813
monsieur,aphatie,197.7791676037853
monsieur,hollande,67.19234486143789
monsieur,mougeotte,41.96397106727014
monsieur,obama,41.96397106727014
monsieur,fillon,41.921826908847706
monsieur,strauss,32.79304329780022
monsieur,copé,32.71560947945723
monsieur,huertas,31.460680589498647
monsieur,kadhafi,23.174496533953143
monsieur,montebourg,23.174496533953143
monsieur,guéant,20.066591843496223
monsieur,monsieur,19.896261747268717
monsieur,paul,19.317089347121236
monsieur,sarkozy,18.866415686560423
monsieur,mais,16.424011486093477
monsieur,vais,9.490629543156533
monsieur,savez,8.426948539568958
monsieur,suis,6.480920285187642
monsieur,faut,6.172279710609477
monsieur,pense,5.956941781934549
misère,monde,23.071037874340256
notre,projet,37.17841248419547
notre,vision,22.593241725667536
impôts,france,14.029839481162583
croissance,emploi,24.59506081689233
françois,hollande,105.44797566532887
françois,mitterrand,36.183851405029124
etat,fort,140.7660516257859
etat,stratège,80.32342722775944
etat,collectivités,44.05667028500411
etat,etat,21.987958097011454
etat,nation,21.37299827849695
etat,conseils,15.842352925545777
etat,français,7.2580387630104415
etat,faut,3.1281281670994634
devant,commission,46.616907247115314
entre,mains,118.16821963230092
entre,élites,19.994633294593577
entre,autres,10.352456770620002
entre,monsieur,9.31189876984343
entre,bien,3.4745951210876695
liberté,syndicale,31.138543130114343
liberté,égalité,30.201830599335654
liberté,monétaire,19.490016682037215
liberté,peuple,19.37884148713054
liberté,presse,18.812286489355845
liberté,décider,17.924526293448167
liberté,peuples,12.94830469361979
liberté,liberté,8.050738964558466
pose,question,62.00921614634781
financiers,banques,25.29600653039237
fête,foraine,69.35778406254636
dirigeants,européens,24.92801107051777
dirigeants,politiques,20.192275714687508
serai,présidente,31.928087840525116
double,nationalité,121.83112287124912
double,peine,30.48172758379393
jean,marie,149.1340802921772
prêter,trésor,68.25340986750032
janvier,2011,43.694813089551126
manière,dont,46.68428200988498
manière,générale,40.169921417734244
manière,concertée,33.765933238610856
manière,plus,9.446648671185056
parle,beaucoup,37.75557079698578
parle,immigration,17.155329810085764
niveau,national,14.740165391044805
puisqu,aujourd,20.013734748951045
choix,économiques,27.766851194934716
choix,oubliés,22.45009992345606
choix,entre,22.278272700272005
choix,politiques,20.423428602655754
choix,choix,16.196859859059856
choix,nation,12.807540987983998
choix,gouvernement,12.463169625870675
choix,politique,10.154299079858125
choix,peuple,7.031250410052225
choix,faire,4.996091550538608
avez,raison,47.4025053456282
avez,entendu,21.905513386964387
avez,bien,11.402653119154046
sans,doute,41.389388023387134
appauvrissement,pays,25.478598226221763
coûté,milliards,31.453815602231064
jours,plus,8.073955775120039
près,millions,21.11002820368937
près,milliards,18.76365456117366
rien,faire,4.8024544450641
rien,plus,1.6862121411009001
chez,monsieur,13.596830916762569
classe,politique,159.2945100530924
unes,autres,32.45795500268774
formations,politiques,40.22660544874542
intérêts,particuliers,48.14555974827301
intérêts,france,8.732950310858893
modèle,économique,29.01324740230005
économie,réelle,26.562819585924363
égard,pays,11.67859660660876
désindustrialisation,massive,43.1214367888493
revanche,faut,23.550062152136498
tunisie,egypte,64.93788316432303
devait,apporter,63.17132639272189
pôle,rassemblement,61.06287860645617
cette,situation,26.08049707700816
valises,billets,90.70596596516951
transmission,savoirs,42.06288600587916
tenter,faire,25.82177593541763
référendum,initiative,72.27113270473865
alain,marleix,57.10955389447748
chine,etats,36.9099935538745
chine,chine,25.730826234672648
ministère,intérieur,166.8883880415287
ministère,affaires,31.409028515635605
savez,combien,24.042222440849358
savez,bien,6.17259669572696
perte,souveraineté,25.077716085060832
perte,pouvoir,18.031764851859982
renflouer,grèce,33.808919861487354
titres,séjour,46.52497597518861
bien,évidemment,42.65891296543653
bien,compris,35.79194732928593
bien,dire,22.77907399487699
bien,entendu,21.907805075131627
bien,souvent,14.87515624724365
bien,autres,14.06306737836469
bien,crois,13.873987948157447
bien,problème,12.695498933125364
bien,contraire,12.26102494216013
bien,monsieur,10.471160730516539
bien,sommes,6.700268723760317
bien,voilà,5.88465764266488
bien,toujours,4.157202661650918
bien,réalité,3.6558471097510354
bien,pense,3.4502169558854385
bien,faut,3.246122143917484
bien,bien,1.0630513735061244
bien,plus,1.0152655064054859
bien,france,0.0018632157841435293
chef,etat,29.8413459096447
europe,bruxelles,35.56516001873192
strictement,rien,35.553498839995235
nicolas,sarkozy,1416.6885371601572
commission,discipline,59.36322195517284
frédéric,mitterrand,87.42803416449834
1700,milliards,50.95364420022285
policiers,gendarmes,49.78044949454966
pourrons,plus,19.63026671009837
leurs,propres,35.879252757973376
leurs,enfants,33.42793718690021
leurs,dogmes,28.12483052599732
leurs,projets,28.12483052599732
leurs,parents,24.809353111762334
leurs,compétences,21.505952046701932
leurs,frontières,14.059478039768415
volonté,peuple,16.075678908784116
volonté,politique,15.002587082455356
monnaie,nationale,100.83200202078139
monnaie,forte,93.10068051685516
monnaie,unique,88.29743381876574
monnaie,économie,14.846434955511558
internationale,déloyale,50.29200617608561
vraie,question,46.680997881536655
dépense,publique,125.5505214344348
justice,sociale,36.20067506954077
justice,fiscale,26.340129651623876
immigration,légale,57.973746689156535
immigration,massive,38.265907482705444
immigration,problème,10.893008555262785
immigration,plus,4.991837916207723
marché,travail,67.66740413577685
idéologie,ultralibérale,34.357522342167854
travailleurs,français,11.996791028471284
vrais,problèmes,37.37354449515733
milliard,euros,34.07144353416221
classes,moyennes,213.88551178836943
classes,populaires,84.58329567876203
échelon,européen,36.943318241915364
échelon,national,22.85057309029253
puissances,argent,31.707499005582584
sarkozy,soit,8.070039153446334
italie,espagne,37.037709878160015
vaut,bien,18.38987001181364
gouvernement,nicolas,17.950263011080693
gouvernement,français,4.439633967315538
relancer,emploi,51.883659701972746
relancer,économie,49.59544422902841
tant,aura,19.75578932487017
tant,ailleurs,12.904491369444507
fausses,cartes,52.38241553526342
purement,simplement,42.56227302170194
maîtres,illégitimes,45.96171160154242
collectivités,territoriales,151.61830243497081
collectivités,locales,48.84515478900198
viens,dire,22.887430639758406
immense,majorité,75.63930245007185
langue,française,26.380262389353085
arabie,saoudite,63.83967056457004
culture,française,30.821006754744737
jouer,rôle,32.26686194454884
quotas,importation,54.842351637427086
construire,avenir,27.921048113944742
grande,bretagne,103.84884254831103
grande,distribution,77.71371223041585
grande,partie,40.65938766671687
grande,puissance,19.73935558442381
grande,politique,17.523160915756822
grande,nation,14.51682370863718
euro,imploser,34.229236388880274
euro,atlantique,29.737160846170767
euro,monnaie,15.433956879140734
euro,pense,5.282144518235276
euro,aujourd,3.7153413588250332
euro,bien,1.7506650235475743
euro,plus,1.711507561313109
banque,france,76.28186045583969
dévaluation,compétitive,71.72766251377236
gestion,argent,23.834761725450225
rendent,compte,47.46877222172866
processus,démocratique,110.6836592910026
révolution,fiscale,45.52345494624679
responsables,politiques,123.30124381865915
peser,baisse,44.92663114554253
gauche,parti,16.872220553337385
majorité,français,16.730706049655762
conférence,presse,78.7975719909449
nord,calais,110.36382217602439
mettre,place,180.77170672487335
mettre,œuvre,72.59995945094587
mettre,terme,43.58203423567051
mettre,protections,25.507275495744853
quartiers,entiers,43.065114021923655
pendant,cinq,38.20338730753676
bleu,blanc,47.54918753788631
constitution,européenne,56.915439452329665
constitution,république,22.415530268940604
