first,second,likelihood_ratio
passage,ailleurs,24.405426036956055
peuple,français,381.7019887127634
peuple,france,32.54442437745787
peuple,souverain,21.30699853903861
peuple,libre,18.474293919645508
peuple,soit,7.532880593629178
peuple,plus,0.09190616947006303
légitime,peuple,37.160024612677006
maîtrise,frontières,42.187378423762105
dernières,années,174.37093041433818
police,gendarmerie,50.15933539320952
augmentation,euros,24.075875424360554
sais,bien,15.817983132688301
sais,france,6.1359633948343175
moindre,choses,75.88222680511088
moindre,coût,31.180380289394936
saccage,social,29.689893882875666
mode,scrutin,59.098073567763635
équivalent,ville,47.066115991300116
syndic,faillite,86.63394507434548
politico,médiatique,45.051455686526054
histoire,france,49.9810038722496
histoire,pays,13.627393129394768
étais,contre,44.35067626800348
savez,bien,30.277634025380046
savez,monsieur,8.311283949221995
bulletin,vote,39.017738476588335
partenaires,européens,54.49965131326168
expliquer,français,10.966204525786608
cotisations,sociales,54.86925347894047
politique,française,58.55885770266596
politique,agricole,40.80576164464161
politique,ville,21.226233032392493
politique,internationale,19.33037210895442
politique,sens,11.607878796218195
politique,aujourd,5.878007162775085
politique,mais,1.5310262850899723
politique,français,0.22587870598661963
paix,civile,53.58256495195188
public,faut,16.016119486782898
ouverture,totale,98.2709016412735
service,public,113.53486449571379
baisse,salaires,101.80739804394939
affaire,merah,28.575873110698932
vers,france,5.60072078911738
chose,bien,4.3541554070913
compatriotes,métropole,49.87847707903578
compatriotes,outre,28.904610827468122
compatriotes,zones,25.292361901486153
compatriotes,chers,14.478218265979102
sait,pertinemment,49.68968820716384
sait,bien,33.67525731170479
échec,nicolas,28.416288580190773
guerre,civile,32.990811680631374
education,nationale,37.756764395598054
fracture,politique,34.8444126684765
fracture,entre,20.541868730830522
cantonales,mars,42.37532122987088
citoyens,entière,36.76816155053346
sera,fier,25.86993472175858
sera,plus,6.144637555410889
sera,france,5.159886765187527
terre,france,15.711315632096222
priorité,nationale,135.12921832735182
priorité,accès,38.468527429906786
payent,plein,80.14090006864676
coups,milliards,27.72328728585848
exactement,inverse,88.15008571443053
exactement,chose,26.342742083750412
change,choses,22.670827372115617
zone,euro,64.99822531228601
religieux,ostentatoire,50.27757875127748
2011,contre,20.887555093302495
jeunesse,france,30.060481507225756
doivent,connaître,43.798223550208405
doivent,faire,23.653564096604242
doivent,pouvoir,10.305479668718583
aides,sociales,139.51360634496794
celles,plus,9.07903438483713
trois,jours,36.47641510495951
trois,quatre,31.62696969010202
trois,mois,31.52325988714575
trois,enfants,18.636313556601113
hommes,femmes,86.08025717353152
producteurs,lait,45.923588460949496
kosciusko,morizet,150.8958560085723
bonne,volonté,47.48637652893489
cour,comptes,44.6003167538117
campagne,présidentielle,133.84953997133408
campagne,électorale,26.84636243986862
campagne,monsieur,8.385215183954607
coup,pouce,61.1663749729712
coup,etat,16.40315862298855
rapports,entre,29.199495646218217
gagner,argent,34.31664319508113
gagner,nous,20.51332798115445
vents,mondialisation,61.531674541068355
matière,santé,40.13836374526158
matière,immigration,35.98503444690027
présidence,république,59.16957489693535
small,business,84.13288879712212
retour,monnaies,102.17340772797412
retour,france,11.18115361725291
partir,moment,49.640776816545085
partis,politiques,55.56657736079934
partis,système,17.873631351939174
délinquants,étrangers,37.64264161433652
territoires,ruraux,61.11260463894022
amour,france,16.886733474910134
amour,pays,15.296028081163067
homme,femme,31.046409295999755
candidate,élection,21.941216141552665
souffrent,plus,14.520159334461315
national,aurait,15.488814769481762
national,parti,14.546494442728967
politiques,gauche,20.244611342090227
enfin,veux,29.913329608470907
enfin,écoutez,21.647196612915522
enfin,monsieur,6.867893878209805
enfin,plus,1.575383114590513
extrêmement,claire,35.55714434405036
extrêmement,difficile,25.85008047545284
aménagement,territoire,41.10745896040239
promesses,tenues,52.120868379990135
décider,entre,23.73720603596746
système,protection,155.98566817682575
système,ultralibéral,33.65796138398449
système,économique,26.432260342979262
système,construit,24.736707435503646
fonction,publique,46.06552217495012
ailleurs,certain,13.027998365037236
candidats,présidentielle,26.796278244247237
candidats,système,12.740344786523902
franc,euro,37.437593624966915
yeux,français,17.00928509636853
cohérence,action,29.551431982396956
oubliés,invisibles,32.990811680631374
tous,enfants,29.135714725510972
tous,français,21.789006130450197
générations,futures,67.38134031673492
quelque,sorte,202.3827337069729
quelque,chose,193.949125514361
comprenez,bien,19.563507514089462
notes,frais,70.67265545691286
drapeau,national,43.7704407252692
tiens,dire,24.393487743300362
voilà,donc,17.87139293070136
voilà,parce,9.494662248788083
voilà,pense,8.12592330371067
voilà,faut,8.108696638048217
voilà,crois,7.730928581158818
voilà,veux,6.307661863076981
aucune,raison,31.25275693709452
aucune,communauté,25.777405735593298
première,chose,64.90963337743533
première,étape,49.50137873101129
première,victime,30.57565282930113
première,libertés,26.95979256442547
dont,parlé,24.00387103004438
dont,espère,22.072763173559565
dont,sait,15.718487635157722
dont,faut,9.632647517727928
banques,dépôt,54.25320329298449
banques,spéculatives,44.35022145386411
banques,marchés,21.708871789266496
conseils,généraux,172.9098779713122
xxième,siècle,68.85654875802248
question,crise,18.57901181637959
premier,tour,132.03000297126178
premier,lieu,39.73240795298424
premier,logement,22.584980628396547
mouvement,politique,50.7487191311683
temps,plus,3.848175506408377
protections,frontières,38.06748569209718
médicale,etat,95.94483398756674
mondialisme,dire,12.43691088315462
changé,changé,35.73379817261909
protection,sociale,232.64925851192652
pouvoir,achat,445.7960910061668
pouvoir,peuple,20.27817332884006
pouvoir,avait,12.332038879621217
pouvoir,faire,10.07846623127341
pouvoir,mettre,7.826183818180477
pouvoir,politique,3.228372737016813
pouvoir,dire,1.9104394981300161
millions,chômeurs,126.5535737977219
millions,euros,61.43214883955936
millions,français,41.646269178006406
millions,pauvres,23.49544018626849
1400,milliards,34.66749400124017
sommes,confrontés,52.900569195501454
sommes,arrivés,35.13816303488078
sommes,seuls,25.615407633318057
sommes,situation,23.521305892989087
sommes,déjà,13.242552949719038
mauvaise,dépense,71.74987297622839
voit,bien,99.02461104800318
mondialisation,sauvage,37.45627697645256
entreprises,françaises,148.83394977235787
entreprises,allemandes,37.40881645318902
entreprises,cac40,32.914004125729825
entreprises,leurs,8.49405393531442
entreprises,bien,2.5588258197771934
entreprises,plus,1.2562603473092975
salaires,inférieurs,42.00657048819276
salaires,france,5.60072078911738
économique,social,59.114031277348055
économique,sociale,49.106520296151814
économique,patriotisme,35.77929206455169
karl,marx,64.82581424693193
écoutez,monsieur,15.094774866999463
écoutez,crois,12.315046390101752
voté,contre,37.65754248321658
secteurs,économiques,34.840361664454825
effectifs,police,38.69328869283626
identité,nationale,71.27367096845849
identité,française,24.5848918370622
france,rurale,68.93044958722905
france,descend,40.336827726688476
france,mesdames,31.587942701999378
france,prêter,25.56377784196759
france,éternelle,22.9452251037875
france,oubliés,15.022976783000956
france,cœur,13.038293017973333
france,aujourd,12.328789461321474
france,campagnes,11.702302944370679
france,besoin,10.592414954603989
france,patrie,9.53366291268884
france,doivent,8.459066381896406
france,sera,8.236989576048536
france,chers,8.15242075619187
france,serait,6.7475338501721644
france,aller,5.80670584486396
france,mais,5.029854824879944
france,toujours,4.7363472763703145
france,histoire,4.624954759866844
france,soit,4.622502587441011
france,vais,4.547352724395321
france,temps,2.7868145093092727
france,vous,2.4502125579763345
france,parce,2.372388507879074
france,toutes,1.571236591577195
france,crois,1.2327392839413234
france,france,0.673876683608404
france,veux,0.5141107043329054
france,plus,0.05820152299860837
france,français,0.05285548742959101
france,dire,0.0413376753251673
france,pays,0.028425921150844635
france,bien,0.020634533064545546
régler,problèmes,51.32037616560041
accès,logement,64.29705720565536
accès,emploi,25.934824373900213
europe,bruxelles,140.53409769975883
europe,nations,21.686359270762196
europe,euro,13.260147599968764
europe,plus,5.205193476238396
proportionnelle,intégrale,41.87659853168869
démocratie,france,7.940072234642515
dumping,social,50.38629230719799
dumping,monétaire,38.44146391111791
pourquoi,parce,45.44766153341044
pourquoi,croyez,21.87063043088454
artisans,commerçants,40.47936872460002
face,mondialisation,65.65591310149252
racisme,anti,67.36481107781971
allez,vendre,33.0599837171124
allons,gagner,42.75000994979055
allons,vers,23.450623034761136
front,national,788.1948448380975
dites,france,12.250549836754328
aller,chercher,107.78192627966988
aller,vers,19.516210432813487
aller,faire,8.85430452897495
résoudre,problème,45.4897760945423
hénin,beaumont,84.13288879712212
charges,patronales,44.88512959651831
parfaitement,accord,23.092914998673262
moyenne,européenne,34.55099010170328
grandes,entreprises,152.91865444143014
grandes,institutions,45.68855836977048
grandes,compagnies,42.51230120300204
chemin,vers,22.54933085170264
mesures,immédiates,42.802319602099466
forces,france,20.7094640423757
ministère,intérieur,57.17593509903718
donner,moyens,76.14764020577223
donner,priorité,39.576999045958374
donner,vote,20.882367125342768
donner,exemple,19.04498656497322
banlieues,françaises,37.11059305698953
intérêt,général,46.994225399155226
parti,socialiste,158.4996139259808
parti,politique,65.78357103650148
année,dernière,28.82828469216549
année,2012,28.36584704897789
mécanisme,européen,40.41593496805233
chacun,sait,20.67465392590515
chacun,entre,13.82516055129416
brésil,argentine,51.36572815233282
anniversaire,naissance,73.04253390813886
vision,homme,43.187444777528185
vision,france,31.839900518241524
collectivités,territoriales,89.07163984694319
union,européenne,541.4444141546678
esclaves,système,23.869993919336327
places,prison,48.463488933257324
nationale,bien,8.593039480571008
femme,libre,29.030841622561113
crise,euro,15.24056467542155
avenir,pays,14.553526238699448
avenir,france,13.2475939031647
années,années,17.921471588451016
titre,individuel,41.96102747246073
titre,personnel,38.82275356486441
fédéralisme,européen,75.19705556753436
train,préparer,45.007472485172904
train,passer,24.514648952835437
train,mettre,15.723870904946308
sécurité,sociale,43.63443732859406
concurrence,déloyale,325.58413842083183
concurrence,internationale,68.53734396563124
privation,liberté,39.39412804581083
faut,bien,64.36383988367174
faut,arrêter,44.1400109072752
faut,supprimer,23.862482455179958
faut,faire,21.265616984921472
faut,mettre,20.692403214050557
faut,convaincre,18.13767478605608
faut,poser,16.376946651773235
faut,sachent,16.376946651773235
faut,change,12.839263754197422
faut,abord,12.23842000736557
faut,dire,10.413594575994825
faut,savoir,10.315937399169082
insécurité,physique,35.91873975673477
utilisée,grand,33.33178410056767
tête,etat,41.342596874696355
pense,faut,21.410662057771052
pense,mesure,16.226061994208024
pense,beaucoup,9.429213559746465
pense,bien,6.522190669365728
pense,suis,6.237089436727682
propre,pays,22.874111658732467
preuve,ailleurs,21.83757371956844
durant,quinquennat,36.147650212267834
traite,intégriste,60.327133089981444
acquisition,nationalité,39.02955094197016
deuxième,tour,44.14737645324696
créer,emploi,68.64169585656515
créer,richesse,60.160831452639464
bien,souvent,78.05697779266717
bien,entendu,46.14721878324538
bien,dire,35.07343188900376
bien,évidemment,20.29695291145606
bien,faut,16.33872699756264
bien,ceci,14.136738647084224
bien,écoutez,13.445401635634857
bien,cherche,12.056173555160258
bien,contraire,10.062205183791114
bien,loin,10.062205183791114
bien,tant,8.877484796108657
bien,suis,8.848477368730661
bien,vais,8.648384919923668
bien,moment,7.2588571923678415
bien,mais,5.977778553439075
bien,nation,5.876998661840127
bien,chers,5.679542816111674
bien,système,5.414764566971814
bien,après,5.164433160729489
bien,madame,4.925879806122783
bien,projet,3.3296534278865773
bien,plus,3.081832170245619
bien,beaucoup,2.6735838620347607
bien,était,2.051680771139265
bien,république,1.8203038813259438
bien,ailleurs,1.587323358178672
bien,monsieur,1.3006131546700432
bien,france,1.2274749021050306
bien,bien,0.8261656188066242
bien,français,0.00023537801704366645
véritable,changement,35.48715273847778
véritable,honte,31.964843676859672
véritable,démocratie,24.10410412501547
entreprise,moment,16.32926640057599
maintient,territoire,36.61084024781632
amis,monsieur,7.757493220368488
dialogue,social,34.74341664928302
niche,fiscale,42.46384481148798
endettement,perpétuité,56.508048080212575
créent,emploi,35.402407031875256
venir,france,7.017906347015451
petit,monde,38.944028843497094
petit,commerce,29.37670246950672
petit,coup,23.228478874628287
petit,plus,4.494341188389096
morale,publique,161.7068810645505
élection,présidentielle,236.45285310155467
témoin,assisté,51.36572815233282
grosses,capitalisations,52.00947735743962
nombre,habitants,28.111978164291727
nombre,années,23.96578180309418
nombre,temps,20.03205326283117
nombre,gens,14.399488490008235
nombre,pays,7.467290139731471
coût,sortie,33.52462909383427
totale,frontières,54.73997028093182
milliards,euros,346.0650658344573
milliards,économie,24.201029934550405
milliards,coût,21.409008136767742
milliards,milliards,13.725063861912332
clairement,suis,19.371082425284797
disent,administration,32.44235757596135
disent,veut,20.806077936449615
courage,aller,25.374545881774612
autres,candidats,62.07178401743844
autres,pays,37.83602473193744
autres,grands,17.887007354731125
autres,bien,4.025341848109372
élections,cantonales,83.52287789140655
élections,présidentielles,59.25608605987723
élections,générales,44.35022145386411
élections,municipales,36.035990189795186
élections,législatives,30.3166975199939
pipeau,magique,69.56826153213781
goldman,sachs,64.82581424693193
cœur,projet,18.70046506065624
ores,déjà,38.18997675186121
défense,intérêts,39.5720428543999
avons,devoir,35.70561360939093
avons,versé,30.358010104947866
avons,besoin,15.343599075530488
avons,millions,14.007103358988882
avons,peur,12.929995326900702
avons,plus,10.543434100224509
puisse,dire,57.5392432411262
petites,communes,49.20484957550506
petites,moyennes,35.44525206258966
petites,entreprises,35.149679645663625
mesdames,messieurs,92.34957164761437
délinquance,mineurs,36.797925332600755
faire,croire,80.01331777483693
faire,fructifier,51.51922713740406
faire,objet,46.124010997109174
faire,oublier,32.53899531852643
faire,choix,32.1673559775417
faire,baisser,26.729513689617818
faire,respecter,23.932379868743865
faire,économies,23.932379868743865
faire,vivre,19.730914184085158
faire,confiance,19.46192588675998
faire,élire,18.756420861361768
faire,payer,13.587329857551886
faire,demain,12.114434813386087
faire,promesses,11.13442882454596
faire,crois,6.3568381485937655
faire,milliards,6.134864383431172
faire,plus,0.02180558167555391
nous,avons,264.4821041262883
nous,sommes,160.64323958454202
nous,devons,124.01466660488032
nous,allons,55.58448307917237
nous,voulons,32.914532874452306
nous,croyons,29.946398313976218
nous,savons,27.124572400990314
nous,pouvons,22.16775100634813
dépôt,banques,37.62246136385293
livré,france,17.945469024708192
aide,médicale,124.97352189252413
aide,sociale,18.52901719343209
savoir,faire,26.678000442329328
conflits,intérêt,39.504648904897664
aujourd,heure,13.742780581858888
aujourd,clairement,12.258443921968105
aujourd,sommes,8.78882156039231
aujourd,pays,2.614644388049568
aujourd,plus,0.44411020607239493
existe,plus,7.23116593424069
choses,claires,33.81648843561678
baisser,salaires,56.865550679373925
baisser,prix,25.355962709476543
rurale,france,21.460685784482724
bouclier,patriotique,240.31574766071242
plans,sociaux,41.35131741155995
absolument,aucune,34.4809847132492
fausse,alternance,58.09569757683934
encore,faut,16.376946651773235
poser,question,25.723023597667108
peuvent,plus,20.025157667208433
ascenseur,social,78.7120169138768
augmenter,salaires,23.958730848246454
zones,rurales,120.77672356446212
proposé,république,24.05127366089402
projet,présidentiel,96.90615757683628
projet,contre,32.8305961210275
projet,national,17.813438194724448
projet,économique,12.179036304583775
projet,france,2.9244760844359563
attends,réponses,41.770382630324065
graves,irrégularités,48.5352786076336
avril,dites,36.49620354292359
situation,crise,17.952152550780394
situation,france,4.704197645209491
réindustrialisation,france,11.8698201546774
donné,faut,22.964307334347314
sociale,importation,38.240885362730204
sociale,plus,4.230679965422943
continuer,faire,26.729513689617818
réserve,légale,41.35131741155995
socialiste,bien,12.003594250962273
fond,choses,47.95774175642885
libre,échange,154.63888532663665
assemblée,nationale,155.2671344133164
accéder,pouvoir,25.316908848800274
plan,désendettement,76.65824394541254
plan,vigueur,41.260065966893215
plan,rigueur,39.02955094197016
plan,économique,37.558033259234236
second,tour,248.38475588224352
traité,européen,90.64684596326269
traité,lisbonne,46.740846506622944
emplois,emplois,31.019728654242293
mandats,exécutifs,55.265100781125305
pris,charge,50.19682114722908
pays,émergents,42.737869534820994
pays,étrangers,20.588917502987115
pays,europe,17.495735335453652
pays,origine,16.72367253965235
pays,européens,12.04460794967558
pays,monde,9.645523369156747
pays,dont,9.578496234083271
pays,enfin,6.12523449616061
pays,bien,2.0221312394784414
pays,plus,0.0548861388775006
évidemment,objectif,20.077561453280715
économie,française,15.05448693340978
économie,mais,8.590830826642064
ordre,républicain,97.82090732796787
ordre,public,21.875807768366514
ordre,pays,11.543194074200104
caste,politique,12.546035038895301
dupont,aignan,84.13288879712212
sainte,patrie,36.922091276431836
militants,sympathisants,52.60852820583405
nation,etat,14.465434059518575
nation,française,11.513392707972084
nation,peuple,8.12633541037344
assurer,redressement,31.58113642101488
pression,baisse,29.084524395834414
pour,instant,37.89580880789225
pour,faire,8.85430452897495
tout,monde,27.826510152369426
michel,sapin,64.82581424693193
pêcheurs,artisans,42.37532122987088
jusqu,smic,31.468690692189316
moyens,transport,36.2178372218335
raison,laquelle,123.68406543008224
raison,simple,21.91359650807243
trouve,honteux,42.51230120300204
trouve,assez,22.268909517812794
vérité,français,31.49485130628794
argent,public,97.35373979397174
argent,français,11.524574594170284
sarkozy,guéant,23.714514269052273
sarkozy,hollande,16.255445498038856
sarkozy,vision,13.332521966090567
sarkozy,était,12.272354901639034
sarkozy,avait,9.024577612344014
sarkozy,pouvoir,8.698773711522804
sarkozy,jamais,8.217087317363694
immigration,massive,140.4136720784871
immigration,légale,60.434070311503575
immigration,masse,47.791879423644716
immigration,insécurité,31.44879462928064
immigration,clandestine,30.974605858471467
mise,place,125.55545758284748
mise,œuvre,89.9597775610801
devenir,français,26.118209991055576
questions,auxquelles,36.46395112452302
numerus,clausus,84.13288879712212
centaines,milliers,53.66632317512436
contribution,sociale,54.086957371949325
donnerai,consigne,55.265100781125305
premiers,bénéficiaires,46.282193525554774
crois,crois,28.494228042890768
crois,faut,15.810582254779925
crois,beaucoup,14.217601369799347
crois,français,1.455770669391872
combat,politique,30.22295701911346
certain,nombre,599.4666567137573
certain,montant,37.27200589471258
vous,savez,158.02692392807916
vous,président,88.79192363584804
vous,voyez,88.02296263695821
vous,avez,73.6157133622574
vous,êtes,61.332548819890725
vous,comprenez,54.681891354485415
vous,direz,50.462829113803075
vous,pouvez,31.443446033883813
vous,parlez,26.381179412368624
vous,croyez,18.620204129475447
sortie,euro,72.97846846948222
agricole,française,37.02403994436834
quand,autres,22.03475461331924
étrangers,légaux,64.21214485091076
dramatique,plan,37.4428219505518
vote,étrangers,107.5078729585036
beaucoup,plus,122.1259136499638
beaucoup,autres,20.881337876124498
beaucoup,mieux,15.432181097656219
beaucoup,pays,5.772049252164271
français,doivent,40.17868161685749
français,attendent,30.25789963959282
français,musulmans,17.864170983389958
français,décider,15.76096066692517
français,origine,12.65185553647271
français,peuvent,12.63346074012103
français,sachent,12.26971262387373
français,savent,10.96620452578661
français,toute,10.025067699365422
français,fais,8.672540913493481
français,soient,6.982781385390103
français,crois,5.781415340129155
français,pouvoir,5.4784497130395025
français,faut,5.471427649229483
français,soit,5.038336307608563
français,celui,4.044962922347484
français,savez,4.044962922347484
français,veut,3.6346666505204155
français,vous,2.731299750075461
français,rien,2.706442630357034
français,plus,1.0491049513030362
français,france,0.04064691505505735
français,français,0.0017029973505775786
français,faire,0.0015746983052382924
français,mais,0.0003026264152808447
principes,républicains,40.57158362137218
objet,publication,56.508048080212575
redressement,national,32.27346768626656
mesure,temps,18.31323749961109
lutter,contre,115.20250439398811
mois,avril,28.55370007564296
mois,bien,5.596803030464584
chers,amis,643.7112706780414
chers,compatriotes,321.1703088931232
chers,internautes,63.43884248955659
euros,nets,33.15923091258916
euros,mois,24.546989341578133
charge,communauté,26.851008234440783
charge,etat,15.580860168937928
suis,prête,102.85213033899008
suis,candidate,59.60582204436798
suis,sûre,54.62876337706456
suis,attachée,40.3346932544801
suis,vouloir,36.891753086087405
suis,femme,30.11039121612761
suis,allée,29.491177518796412
suis,heureuse,29.491177518796412
suis,obligée,29.491177518796412
suis,accord,24.091137661716893
suis,élue,21.14717253242805
suis,contre,17.66039322670715
suis,absolument,14.270715998287923
suis,train,11.494842871069649
suis,dire,2.1380230215842255
sens,noble,32.78311151473699
pourra,faire,26.304459018179656
pourra,plus,7.843372788915798
familles,françaises,40.95652257907427
ancien,président,43.07779345009753
logement,social,120.626293138123
voter,socialiste,69.73102107544491
sentent,beaucoup,26.14556349073225
droits,douane,281.21067253389367
droits,plantation,44.00207811716693
monde,entier,87.57031188674542
monde,meilleur,21.009132710092278
aphatie,monsieur,13.832023186288694
aphatie,mais,11.976260683100897
partie,entre,13.953569268689627
création,emploi,26.709083273471755
plateaux,télévision,41.96102747246073
dans,villages,27.32784288520378
sauver,système,28.60643226396124
entrer,étrangers,38.23806932619578
parce,réalité,23.276425889814618
parce,crois,20.13798665348455
parce,pense,9.536772793358374
enfants,france,8.49751941680378
vivre,ensemble,18.839733847422846
réalité,problème,19.544620042919405
protéger,français,8.491710490941543
certains,étrangers,21.99394809860118
certains,pays,12.597477435359574
aura,plus,16.032223334404634
combien,mohamed,34.12897851040393
combien,parents,27.123138536847648
descenseur,social,145.04493898450198
comédie,pouvoir,39.84011575837133
delà,certain,32.25715128179238
terrorisme,intellectuel,45.2053289890361
meilleur,score,43.753553778152956
voyez,bien,38.48514270722825
voyez,veux,11.971426419383556
caméras,télévision,56.29245804626122
implantation,locale,84.13288879712212
êtes,tombés,53.12355232772899
êtes,chômage,20.300307855801577
veux,dire,254.93986016156663
veux,meilleur,26.047770751124105
veux,école,19.738946189758103
veux,plus,19.096732508037896
veux,mettre,18.64152181254475
veux,donner,17.93580561909518
veux,protéger,14.395124333102611
veux,bien,6.39047568528127
veux,français,0.6747889231276365
héroïne,nationale,50.38241559549792
anti,français,20.572879981141696
quelques,semaines,139.26550499342986
quelques,jours,62.1436164881932
quelques,mois,53.1157601762387
quelques,mots,22.310252016615213
unité,nationale,35.98709315430038
cercle,industrie,37.92894881734892
mohamed,merah,189.23404291056923
pouvons,plus,11.565213954946532
métropole,outre,65.66885210009964
déjà,certain,30.796054671681404
proximité,idéologique,41.96102747246073
choix,entre,35.49398751266734
social,veux,9.045039349547846
modèle,économique,92.19976528379264
modèle,ultralibéral,30.857659589296446
modèle,société,29.072060287633228
modèle,social,17.59157866256502
maires,petites,27.907408620983727
maires,france,10.571965241386044
colère,légitime,33.17030845033727
gouvernement,socialiste,20.52624177320982
gouvernement,sarkozy,18.79035015212346
gouvernement,français,5.753547883484209
dire,clairement,27.851149306834216
dire,vérité,25.64850794049513
dire,veut,19.541065301797722
dire,franc,18.626567576837246
dire,faut,13.649001663567384
dire,puisque,11.810798640138525
dire,sommes,10.633925489790506
dire,écoutez,7.706538472920041
dire,était,7.158720464834999
dire,chose,6.637585800842889
dire,immigration,4.818631940794322
dire,parce,4.818631940794322
dire,soit,4.679469879829706
dire,veux,4.5517237685812
dire,monsieur,1.5028302226808528
dire,dire,0.511475251956282
dire,plus,0.03725535165619165
dire,français,0.006121195924030709
laisser,tomber,29.551431982396956
laisser,faire,18.513585648368466
débat,public,21.092700709180413
débat,protectionnisme,20.460768301744544
débat,euro,16.645047573992308
croire,celui,19.422794800495105
sert,rien,37.17628030611129
sert,plus,10.002083078015222
agences,notation,58.09569757683934
électricité,train,30.559922022421627
justice,fiscale,29.969290899364808
justice,sociale,26.435632673698247
chiffres,immigration,20.851634627233942
abord,faut,12.23842000736557
abord,français,4.044962922347484
puisqu,avait,19.43440702413523
mariage,homosexuel,132.44421697624324
parler,français,12.420619760337686
parler,france,7.3053988482779735
traités,européens,147.27450082902612
menti,menti,37.836709412587666
hein,faut,8.03378413561234
vème,république,43.345721209284136
celui,dont,12.549883135219567
jamais,aucune,24.3258106098846
jamais,serai,22.33242129805188
jamais,rien,12.920074307867974
hollande,monsieur,13.452453491095902
déloyale,pays,12.999970662770703
plus,faibles,58.937636459332325
plus,profond,54.26948985825244
plus,difficile,49.29082106415035
plus,tard,40.27659386087331
plus,pauvres,38.771329378223655
plus,proches,37.65747679021128
plus,value,34.42428956480629
plus,strictes,29.44743150269224
plus,facile,29.063203414316654
plus,exigeant,26.840452395213468
plus,grosses,26.840452395213468
plus,attractif,25.81418889794341
plus,niveau,23.438111312032685
plus,plus,22.576606247089877
plus,importantes,19.138478699926548
plus,rien,18.544504945262407
plus,grand,16.464631823871215
plus,durement,16.36229039275134
plus,efficace,16.36229039275134
plus,grande,15.92760131689419
plus,faible,15.365197048568074
plus,importants,15.365197048568074
plus,nombreux,13.140869283083667
plus,acheter,12.562990432260575
plus,tiers,12.562990432260575
plus,important,12.39713700760177
plus,ferme,10.725384929587534
plus,moyens,10.609175944409252
plus,aucune,9.774544414202829
plus,grave,9.67532878010104
plus,loin,8.066521459016831
plus,petit,7.938855773801165
plus,possible,7.426427177703499
plus,intérêt,5.915637138609297
plus,face,5.553784657678142
plus,grandes,4.698084280719129
plus,frontières,4.594823271158368
plus,souvent,3.18772026706021
plus,beaucoup,3.1836442485241614
plus,jamais,2.9404714800930094
plus,place,2.1804165129383746
plus,ailleurs,1.796123743797783
plus,pouvoir,1.5277942724502962
plus,voilà,0.6725731823921972
plus,mais,0.41465124079944093
plus,faut,0.08432451610493907
plus,faire,0.02180558167555391
plus,politique,0.008424829976967974
plus,bien,0.0002564276119590009
lorsque,vérité,24.476223804448484
cumul,mandats,74.57217533129139
serait,plus,5.383569234619397
jeanne,plus,7.630266508898766
président,république,450.3759125233514
président,sortant,72.6792205409833
président,normal,20.258715497240857
tour,élection,37.69481882351705
importe,lequel,32.74078038700082
travailleurs,pauvres,29.230026114545907
travailleurs,français,16.616803467416954
veut,dire,251.04435822713282
veut,rien,34.39957415155802
novembre,2011,75.02721570780257
immense,majorité,96.9108281674536
immense,responsabilité,27.964470040305585
prend,charge,29.91429036275221
effacement,nation,43.33159973969692
permettez,dire,51.51443038511076
après,autres,41.759148214532374
après,midi,40.90226577318123
après,affaire,20.151180563610797
après,élection,16.450167832350346
communauté,nationale,145.22675338157285
adultes,responsables,42.516100174530905
donc,crois,38.411643706114425
donc,veux,9.795177282345739
donc,suis,9.67638817143229
marchés,financiers,462.78398644769015
marchés,publics,38.86653706549289
territoire,national,28.78169494176222
territoire,français,13.220037498849146
mais,monsieur,63.19475324040984
mais,madame,41.71834736885238
mais,veux,23.000109021575504
mais,bien,18.95698346481242
mais,suis,18.425957380963716
mais,problème,15.961237375513042
mais,crois,13.827597094404208
mais,effectivement,10.228457440905801
mais,évidemment,6.672739617087014
mais,veut,6.136312247357557
mais,réalité,4.986090996510793
mais,était,4.136233681226765
mais,nicolas,4.098519899798142
mais,mais,2.0118692973859327
mais,faut,1.1795003862284044
mais,plus,0.41465124079944093
pourrait,croire,26.211046119254668
pourrait,faire,12.80138210910469
inter,lgbt,84.13288879712212
long,terme,36.23632093643542
long,campagne,25.19693158603562
nationalité,française,152.34545438935643
tourner,vers,29.129755230631783
contre,mariage,27.535841385798317
contre,ententes,24.31817080823762
contre,intervention,23.45186340591514
contre,islamisme,22.69776832004161
contre,projet,20.06228877952426
contre,lequel,16.41343174815259
contre,immigration,13.277065347611895
contre,concurrence,12.696701432730945
contre,chômage,11.89665443505512
contre,front,10.421532018632435
autorité,etat,130.54443414354824
autorité,publique,64.83783101036693
autorité,maître,23.81689286840742
patrimoine,français,15.106636696290057
représentent,plus,26.840452395213468
place,conditions,33.63813070603709
place,impôt,23.21149684426895
place,protectionnisme,16.336482165285705
devons,toutes,17.88553567977672
douane,ciblés,47.917450734692274
monnaies,nationales,121.30367471546332
toute,série,201.82623151961
toute,façon,88.40672064746576
toute,transparence,24.431825411254813
toute,histoire,19.44884622190759
toute,petite,18.1232721428983
toute,volonté,16.834163804903287
toute,politique,5.561633250428943
vient,dire,13.460587540124699
valeurs,traditions,45.08970477036029
valeurs,france,7.773188898742836
gens,avaient,21.186816990736574
chiffre,affaire,34.44637256845441
nations,monde,58.912366335403334
hauts,fonctionnaires,65.66885210009964
école,république,22.506978621626963
grand,patronat,120.55034126420021
grand,groupe,41.115182849027335
grand,nombre,38.56644700876698
grand,chose,15.285801431514944
nathalie,kosciusko,112.33616872286724
voulez,pense,28.9570289437889
toujours,plus,51.01097954436687
toujours,menti,24.175976131734444
prendre,charge,64.1666066912721
vive,république,62.246391158274854
vive,france,53.75350981052739
taxer,taxer,41.912629496162175
françaises,français,17.208146503546793
françaises,leurs,14.378823635159163
lionel,jospin,129.86283627062033
république,vive,72.57349023940381
république,française,56.51656623219443
république,référendaire,48.345064967837615
république,avez,34.27012046681193
république,mais,3.845376063307566
république,plus,0.7099972256415472
autant,plus,38.89126388840607
prix,pompe,39.17568760562813
prix,essence,33.09465964779386
contrat,social,29.689893882875666
prise,charge,43.27836060359288
compte,tenu,154.97680243474326
compte,plus,5.641042943984855
achat,français,21.399873871238675
balance,commerciale,76.49471877756024
aurait,fallu,51.770138341781966
aurait,permis,31.064768498766384
protectionnisme,intelligent,97.59288842363573
protectionnisme,social,24.460101696310225
protectionnisme,frontières,19.64214905771608
protectionnisme,économique,15.533495882977945
madame,parisot,40.607064738046546
madame,nathalie,32.29603877939596
peur,peur,16.156529556202905
quotas,importation,63.03492719853075
frontières,nationales,37.06412241200901
ville,rennes,86.98854104173216
etats,unis,142.60544469843575
parfois,ailleurs,14.273251687196714
grèce,italie,52.94744641649162
services,publics,408.5481976892553
services,informatiques,40.418037556785514
services,police,23.881000713235945
syndicat,défense,41.497300718533964
accord,monsieur,10.3733726982104
accord,mais,8.590830826642064
pensée,harkis,45.051455686526054
monsieur,aphatie,321.5816073371312
monsieur,hollande,144.86072181495038
monsieur,bourdin,132.11500825865147
monsieur,copé,111.70240346485812
monsieur,valls,49.49186663796393
monsieur,fillon,44.80675529835402
monsieur,darmon,43.89454582071329
monsieur,dupont,43.89454582071329
monsieur,poutine,43.89454582071329
monsieur,mélenchon,41.57482229540099
monsieur,dalongeville,32.90761127344162
monsieur,longuet,28.417192685758607
monsieur,sarkozy,20.900223923148154
monsieur,avez,9.74921391660348
monsieur,abord,8.311283949221995
monsieur,mais,3.6156187784324247
arrivé,pouvoir,23.064341579191165
hier,soir,41.93667070934414
arrive,plus,9.07903438483713
chefs,entreprise,45.90772922323647
états,unis,44.05112615686623
française,voilà,9.60447845289131
française,suis,7.650273978202482
françois,hollande,367.4588193368915
françois,copé,62.734284681927015
françois,bayrou,33.09131005289034
françois,mitterrand,32.06859529785194
banque,france,52.864750305873585
banque,centrale,37.74238592913645
devant,français,10.926902177282836
entre,maintient,31.425955482324888
entre,mains,30.579169354331192
entre,leurs,11.659733039499011
entre,gauche,9.129385959108085
entre,entreprises,9.025600996753829
entre,français,3.511230086120279
liberté,peuple,33.18659486205163
liberté,monétaire,25.922950578847455
liberté,presse,24.415210927644537
liberté,souveraineté,19.759422111333485
paysans,viticulteurs,44.107481802721786
pose,questions,46.725817009868265
pose,question,26.551094633709198
partout,partout,19.760356292986742
partout,france,5.80670584486396
double,peine,64.0552006568798
jean,mélenchon,85.24018865462622
jean,françois,71.91891991893887
jean,marie,51.791634279662205
prêter,trésor,59.583184106533764
langue,française,34.44671024589732
langue,nationale,34.366628647226854
manière,dont,45.671328744056495
manière,pragmatique,34.70282862365751
croissance,mondiale,32.990811680631374
ayons,courage,38.35924083556887
ayons,plus,16.36229039275134
majorité,silencieuse,40.012276185586735
majorité,français,10.16417781264039
avez,raison,18.988397631307215
avez,monde,14.118339095776742
lutte,contre,128.27023092463423
parrainages,maires,34.715273190765245
vais,dire,62.61693757878469
vais,mettre,29.344668438449673
vais,répondre,24.89082669270598
vais,créer,22.15808430096998
vais,donner,18.11101431867676
vais,faire,7.466502466343311
fondamentalistes,islamiques,52.60852820583405
fondamentalistes,islamistes,45.87892691900774
rien,change,78.98381595427824
rien,changé,20.50115294472157
rien,dire,20.31362003708772
rien,changer,13.890134347209546
rien,faire,12.374980949876193
rien,sera,8.770449893815847
rien,plus,6.855196367950338
obtenir,nationalité,35.177417367945495
gilbert,collard,64.82581424693193
pouvez,dire,14.718477883119572
pouvez,plus,10.002083078015222
revendications,communautaristes,47.51105389042903
classe,politique,122.79190803539105
classe,moyenne,57.587907393193674
outre,étranger,32.141183822711426
unes,après,45.05006143540758
conseil,général,93.30411948687104
conseil,régional,47.01404498835932
conseil,etat,44.477238155191486
intérêts,électoraux,49.317406478446955
intérêts,dette,40.956068954073004
intérêts,français,10.76217917335396
henri,lévy,60.327133089981444
prochaines,élections,44.35022145386411
étranger,chers,25.93962419636823
moment,donné,278.68737594658427
moment,faut,17.185086397263653
moment,français,3.922599763010038
volonté,politique,19.807301877159514
financiers,bien,6.986981714158168
etat,nation,40.05709985210703
etat,fort,39.915230793729116
etat,stratège,39.51113940472036
etat,collectivités,33.71089937331787
etat,etat,6.661271414018016
etat,français,5.2822485000312795
nombreuses,années,44.08379506928933
européenne,2005,33.419961590499724
européenne,mais,7.044267794239722
terrible,sentiment,32.167062801011085
redresser,france,16.941930191398583
référendum,constitution,41.044851348754335
alain,marleix,55.265100781125305
alors,abord,64.873460541026
alors,chers,16.166287108374426
alors,faut,5.224299722659112
métier,enseignant,46.6388843005546
commerçants,artisans,40.47936872460002
cette,france,10.424768311152024
toutes,circonstances,135.01457810077454
toutes,forces,67.1837841780544
toutes,mères,40.90429403329682
toutes,charges,20.993585060187637
toutes,aides,17.64982336843268
toutes,promesses,16.408427214051216
toutes,entreprises,14.79235077152052
marge,manœuvre,48.5352786076336
chômage,masse,41.055357268362165
chômage,insécurité,19.442438823662535
strictement,rien,44.53764322331517
nicolas,sarkozy,1568.3452644800732
accepte,veuille,49.778152280543814
bras,corps,70.450421113444
commission,européenne,51.91524106164167
cause,dumping,32.03113357496619
ligne,politique,18.295151774324008
policiers,gendarmes,89.15214833637468
remettre,cause,43.27836060359288
leurs,enfants,122.42248164009025
leurs,traitants,39.51113940472036
leurs,propres,36.0698659788116
chiffrage,projet,37.96401507228848
poste,important,31.450366557975457
soit,considère,19.786716982037984
soit,gauche,10.61058864377628
soit,plus,3.1335564518268644
monnaie,unique,60.20015995807899
monnaie,nationale,59.89434276064354
monnaie,commune,44.06622607163527
internationale,déloyale,45.59490113166771
vraie,question,37.49062445120755
dépense,publique,85.53179441909333
avait,promis,38.61451978048367
avait,déjà,32.10915413238057
signe,religieux,62.3776842258047
marché,intérieur,84.571771030623
marché,travail,50.8761961730175
marché,financier,30.183748225303898
prestations,services,55.16482704325804
patriotisme,économique,186.7773373658133
patriotisme,social,47.49244121872958
cherche,empêcher,35.11453771035147
cherche,faire,14.846257266403267
classes,moyennes,413.2323111105655
classes,populaires,45.08970477036029
strauss,kahn,64.82581424693193
chèque,premier,37.2744653595282
problème,nicolas,11.855231157390705
puissances,financières,55.398082560043235
puissances,argent,38.0949162810537
rassemblement,bleu,90.4074089132362
action,publique,22.632403548362348
aime,france,19.401744526900245
islam,radical,231.77308919495223
islam,france,21.55242251820298
relancer,emploi,30.68219246535075
tant,mieux,36.57315158794083
tant,autres,12.67484393704811
agriculteurs,pêcheurs,58.52488331752052
jeunes,filles,50.311091912441015
jeunes,femmes,37.936813861289906
souverain,légitime,85.00714502705671
général,gaulle,82.76855189224844
grands,groupes,199.63805829062977
grands,projets,42.15603471831814
grands,parents,38.946974034925894
grands,sujets,31.65953558680844
grands,candidats,25.312157083853933
purement,simplement,40.665619607204746
bernard,henri,52.00947735743962
marine,candidat,24.877064205266645
tourne,vers,51.088610342037356
suppression,aide,59.387809048285234
capitalisations,boursières,84.13288879712212
différence,entre,21.426162040818355
probablement,probablement,28.151138397190287
mettre,place,157.57356128185512
mettre,œuvre,102.078639368851
mettre,droits,17.673440922532055
mettre,france,2.831963000225886
petits,enfants,50.79039282335484
heure,grave,28.35646691015044
achète,paix,41.770382630324065
surtout,plus,5.141521755743205
grande,distribution,149.30873438525572
grande,partie,108.05918742234746
grande,bretagne,58.104167416372206
grande,finance,51.304079085625276
grande,famille,23.99187047468787
rendre,compte,25.615918407151177
monopole,marchés,82.60847920347484
moyennes,descendent,44.35022145386411
moyennes,populaires,31.468690692189316
moyennes,entreprises,17.05706157056777
puisque,normalité,33.881441498634615
puisque,savez,23.132239858646994
puisque,avons,13.110832965418233
priorités,politiques,30.96022761159821
appelle,français,8.860288135277763
candidat,socialiste,44.123503381283896
candidat,rassemblement,26.562021901800925
impôt,sociétés,37.527677093658134
tenu,situation,24.714108521736303
niveau,etat,39.93413983296835
niveau,exigence,31.554995499933316
responsables,politiques,66.74836686194838
peser,baisser,35.02716983188861
gauche,centre,56.99474376423965
gauche,bien,2.634784712017038
était,parfaitement,17.88737528546807
était,pouvoir,6.286612257314594
directives,européennes,60.44709542461119
nord,calais,106.17532779025755
culture,excuse,40.012276185586735
quartiers,entiers,47.917450734692274
pendant,années,88.22236994112825
pendant,campagne,72.10708477390878
bleu,marine,152.28468463155616
constitution,européenne,67.39663682081672
