word,raw_frequency
neuilly,1
idéal,1
georges,1
producteur,1
exporter,1
police,1
populistes,1
avoue,1
appartiennent,1
ensuite,1
étiquettes,1
disparaissent,2
américaine,2
entamerai,1
fort,7
sienne,1
fleurons,1
serai,6
univers,1
américains,2
avertir,1
financièrement,2
guerre,3
antithèse,1
intensifier,1
ardue,1
croyances,1
coups,1
oppose,1
comprend,1
concorde,4
aigu,1
fanatismes,2
séparer,1
abrogation,2
faces,1
coupe,1
participant,1
partie,4
innocence,2
cour,2
économistes,1
coup,2
crise,5
symbolique,2
fatuité,1
partir,2
partis,8
imprégner,1
place,15
disparaissant,1
consacrer,1
battu,2
auparavant,1
bompard,1
savoirs,1
noyer,1
nonchalance,1
moyenne,1
vérité,12
reviennent,1
admettre,1
précédent,4
dégoût,2
utile,2
agisse,2
poursuivit,1
rayonner,1
rendait,1
obsession,1
harlem,1
dénoncée,1
protection,5
mener,4
millions,4
structures,1
cogite,1
frappent,1
défense,7
menez,1
devez,1
lanterne,1
absolues,1
fondamental,2
salaires,2
coupé,2
déplorer,2
berlin,2
fatalisme,1
inspiré,1
fermement,1
devenait,1
célébrer,2
massive,5
patrie,14
préoccupation,1
dumping,2
vivons,1
otan,1
racisme,2
exercer,1
dernière,2
idéologiques,2
suppose,2
passent,1
hénin,1
organisé,3
transport,1
imagination,1
morts,1
atteindra,1
affilier,1
huile,1
successifs,2
cessèrent,2
mortifères,1
morte,1
baguette,1
pourrais,3
millénaires,1
commerce,6
international,3
concrètement,2
décomposition,1
issue,4
évoluons,1
affaire,5
préfèrent,1
exprimées,1
tire,1
obtenir,2
insécurité,10
parlons,2
chine,4
laxisme,4
possibilité,4
sanctuarisé,1
régionale,5
détournements,1
isolement,2
privatiser,1
fiscal,3
accroche,1
asservissement,1
sexes,1
redressée,1
douter,1
remette,1
pourrions,1
course,2
apporter,2
odieuses,1
milliards,5
reflet,2
déclaré,1
mettrai,3
cohorte,1
souvient,1
humaines,1
puisse,5
coupables,1
obstacles,1
préside,1
sérénité,1
désespérance,1
adhésions,1
enorgueillit,1
service,8
finances,3
restaurer,1
savoir,4
remettant,1
fausse,1
statué,1
nationale,25
mortel,1
pédagogie,1
infernale,1
mort,3
1983,1
bassesse,1
parlement,3
sociale,7
subrepticement,2
disparus,1
effets,5
multinationales,3
disent,4
catégorie,1
evidemment,1
espoir,8
malheur,1
civile,1
échoué,1
croire,10
humble,1
concours,1
reculer,1
reconnaissent,1
dessinons,1
sectaires,1
entend,2
engagées,1
précède,1
peau,1
langage,1
régissent,1
tendus,1
remettrai,2
frontisme,2
oise,1
négation,1
allé,2
trente,2
essayer,1
reprochés,1
prospérité,5
exigences,1
remettent,1
extrémistes,1
insupportable,2
légèreté,1
deviendront,1
silence,2
juridique,1
accomplit,1
avancées,1
méthodique,1
croyaient,1
rappelant,1
unis,9
bientôt,2
drôle,1
paraît,1
régner,2
hérité,1
unie,4
monte,1
leurre,2
gratuité,1
diverger,1
patron,2
combattons,1
reste,2
électoral,2
nombreux,5
défends,1
frappé,1
laxistes,1
couper,1
dites,5
client,2
épopée,2
santé,2
abusé,1
cautionné,1
armée,2
votent,1
école,7
électorat,1
indiqué,1
recommandables,1
ouvert,4
entendus,2
défende,1
ferments,3
chatel,1
quatre,1
entendue,1
marinières,1
ligués,1
étant,2
insidieusement,1
laisser,10
génie,3
méprisent,1
étend,1
assemblée,5
personnel,1
fondamentales,1
continuer,4
élire,2
contre,42
barre,1
caricature,1
bégaye,1
censure,2
soldats,1
adresse,1
régime,1
excel,1
arrêter,1
autoproclamées,1
condamnations,2
estimer,1
satisfaction,1
désespoir,4
intérieur,3
gratuite,1
accueil,1
ébahi,1
italiani,1
renouvelé,2
périls,1
magnats,1
échecs,1
personnage,2
abord,17
dorian,1
préparé,2
supranationale,1
coté,2
croyez,6
éducation,2
retraite,2
patronat,2
illusoire,1
négocier,2
raisons,2
impérieux,1
trembler,1
différentes,4
tutelle,4
flou,3
pouvions,1
fraude,1
explosa,1
blessés,1
quotidiens,2
deuxièmement,2
protégée,1
autorité,12
nauseam,1
insuffisants,1
clair,2
douane,1
adaptée,1
tricolores,1
protégés,2
énième,2
efficacité,1
incarnez,1
enquête,3
histoire,19
rempart,1
hautes,3
éclat,1
supprime,1
nuit,8
vénération,1
mégret,4
capable,7
directe,2
cadenassé,1
acceptera,1
contestations,1
entendu,5
subissent,1
entamé,1
belle,3
étranger,3
travailleurs,6
concentrent,1
marigot,1
réclamaient,1
aspirer,1
ouvrant,1
fleurs,1
monopoles,1
vain,1
clés,1
ressources,2
ressourcer,1
subir,2
équipe,1
morales,1
proposée,1
publicité,1
affirmer,1
sans,4
appauvrissement,1
vais,7
jours,3
rien,37
conclusion,1
avoueront,1
française,27
tenez,4
miracle,4
modernes,1
acquis,1
nouvelles,3
rester,2
légal,5
hélas,3
trahi,1
connaissais,1
comment,2
changeons,1
dramatique,1
voulue,1
territoires,2
nécessaires,1
importation,2
pitoyable,1
intelligence,2
rassemblement,3
proclamons,1
donc,8
lorsque,8
paille,1
connivence,1
critique,1
pourrons,2
antidote,1
comportements,1
porteurs,1
amélioration,1
choisie,1
quelle,4
manœuvres,1
capacités,4
idéologie,3
ordres,1
nuptiale,1
lorsqu,6
virage,4
longtemps,5
sens,11
poursuivre,2
selon,1
menée,4
puissances,2
devedjian,1
notions,1
tableau,1
naissent,1
forme,8
hauteur,1
fêté,1
groupes,2
aimeraient,1
cupidité,1
ainsi,13
bafouée,1
pressions,2
gagnée,1
rabaissement,1
bleus,1
1905,1
origine,2
divisent,2
exclure,1
heureuse,1
gauche,32
rude,1
repli,1
exister,3
épais,1
rejoint,1
mortels,1
responsables,5
relever,2
soumis,3
inconséquente,1
cellules,2
constater,5
gouverne,1
sait,6
fraudent,1
sais,21
bricolage,3
bilan,2
intervenants,1
constituant,1
sortir,5
prend,3
payées,1
façon,3
dégonflés,1
plein,4
fortiori,1
public,6
destinée,1
dépôt,2
mots,4
vert,1
vers,9
entreprise,3
mutinerie,1
dissuasions,1
spectaculaire,1
troublés,1
surfaces,1
prussiens,1
fera,5
protège,3
parents,2
exactement,5
change,5
gravement,1
budgétaire,2
assurer,1
médiocres,1
dogmes,1
minoritaires,2
développement,1
barbarie,1
bête,1
pseudo,5
battons,2
publiques,3
gagner,2
matière,3
emploi,5
veulent,11
botte,1
seconde,1
homme,7
essentielles,2
parait,1
payante,1
renseignement,1
ferme,3
privilégiés,1
expérience,2
verrait,1
mitterrand,1
anesthésié,1
porter,4
portes,2
présents,2
fanatiques,1
diversité,2
devenus,2
inversées,1
acquisitions,1
enfonce,2
gadget,1
aucune,10
injustifiable,1
spécifique,1
certainement,1
purement,2
trafics,1
trahissent,1
défaire,2
subversif,1
français,155
sujets,8
exiger,1
changé,1
encadré,1
migratoire,1
ouais,1
haines,1
inacceptable,1
mondialisation,22
sûrement,1
économique,12
père,1
redonnerai,1
catimini,1
france,189
profit,5
texte,4
européen,4
râleries,1
pourquoi,7
crime,2
face,16
divorce,2
chirurgien,2
sommet,1
sommes,59
systèmes,1
voulons,11
entièrement,1
presse,9
jérôme,1
faciles,1
abrogeraient,1
œuvrent,1
grandes,11
nivellement,1
gêne,1
évoquer,2
feront,1
région,1
hallal,1
mieux,7
respectives,1
afficher,2
condamne,2
inspirent,1
hérisse,1
rabougri,1
simple,2
valorisera,1
fragmente,1
années,15
pléthorique,1
groupe,3
concurrence,4
sine,1
saveurs,1
idéologique,1
consciences,1
victoire,2
pense,17
pénale,1
temps,32
refusera,1
sortent,1
payé,2
médiocrité,3
commencer,6
réelle,3
entier,5
civilisations,1
permanent,2
coût,2
venu,1
raccourcis,1
maire,3
passer,3
souffrent,2
sénat,1
élémentaires,1
trahisons,1
expliquant,1
divergences,1
vend,1
importez,1
politiciens,1
restait,1
solidarité,5
adhésion,3
couronne,1
égalité,11
éclairer,1
suscité,1
réservées,1
jeanne,3
dérèglement,1
remettra,1
dégradés,1
guerrière,1
socialiste,10
complètement,2
taubira,2
goasgen,1
manifestement,1
combattre,2
mittal,1
lentement,1
zones,3
itinérants,1
opposent,1
budget,8
retire,1
nombril,1
condamné,8
claquage,1
auraient,2
défenseurs,2
devoir,1
minoritaire,1
dirigeant,1
chimène,1
votant,2
migre,1
paieront,1
expriment,1
naifs,1
oubli,2
conduite,1
armé,1
sort,3
volonté,13
représailles,1
incapacité,1
tournerai,1
pays,47
énergie,4
progresse,2
pervers,1
massivement,1
crains,1
nation,34
choisit,1
meuble,1
puisqu,6
pour,10
permanents,1
choisir,1
choisis,1
2000,1
fondements,2
travailleur,1
2005,2
opposé,1
raison,3
agonie,1
permanente,2
voraces,1
2012,2
prison,1
romprai,2
prenez,3
plusieurs,3
internet,2
desquelles,2
partent,1
populaire,9
mettons,1
lois,6
craindre,1
loin,6
rejetée,1
précédentes,1
beaumont,1
jeune,1
attente,2
somme,1
injustice,3
congrès,1
constatent,1
endetté,1
ridicule,1
mesure,4
interventions,1
intelligent,5
assume,5
grandeur,6
goût,1
sincèrement,1
funeste,1
regagner,1
voter,3
innocent,2
anglais,3
virulent,1
allait,5
monde,36
personnelles,1
tolérance,1
solide,2
discrimination,1
criminel,2
transformer,2
absorption,1
suicidaire,1
impose,3
profiter,2
municipalité,1
dictature,1
proclamer,1
numériques,1
locales,1
lien,3
transférée,1
sarkozysme,1
inédites,1
occuper,1
jugement,2
solidaire,1
voyez,18
définition,5
arriver,1
fais,5
contrepartie,1
justement,1
gouvernement,28
assistance,1
approuvait,1
convictions,1
membre,1
anodine,1
protectrices,2
métropole,1
terrorisme,2
assurance,1
ultra,3
choix,5
politicienne,2
déterminée,1
laissez,1
maires,2
remerciés,1
format,1
1973,1
transportable,1
défauts,1
facile,2
thématique,1
assumé,2
fiers,4
mesuré,2
washington,1
effet,2
hachette,1
complait,1
soigner,1
peuple,71
prospérer,1
sérieuse,1
agissements,1
futur,2
souveraine,6
celle,11
comprendre,7
chargé,1
président,17
contrecarrer,1
enfin,14
orient,1
tabou,1
suffirait,1
tentée,1
explosion,1
marchés,1
compter,2
communautés,1
saignée,1
confort,2
aurais,4
opprimé,1
faiblesse,1
lance,1
risque,2
abandonné,1
louis,1
bienvenu,1
crocodile,1
victime,3
lieu,5
encore,2
expliquons,1
municipales,2
confondue,1
gravité,2
privé,1
mollet,1
addition,2
griffes,1
continue,2
permettre,1
dissidente,1
militantes,1
terminé,3
impérieuse,1
noires,1
particulier,2
compte,13
tirons,1
théorie,1
aurait,3
blessantes,1
milieu,1
doute,1
durant,1
radote,1
plaisir,4
message,4
monsieur,13
généralement,1
imposées,1
stratégie,9
tolérer,1
convaincue,2
métier,2
plier,3
réapprendre,1
exclusifs,1
prédateurs,2
financiers,2
extraordinaires,1
totalement,7
insiste,1
niveau,5
lente,1
lutte,6
soignent,1
enfumage,1
constitutive,1
tourné,1
dévoyé,1
complaisance,1
éparpillés,1
bafouer,1
pitoyables,1
donné,3
demandera,1
convier,1
déficits,3
longue,4
représentation,1
allemand,2
syndicats,1
opposerait,1
enfance,1
devait,2
rayonnerons,1
présentant,1
insertion,1
milliers,1
représentons,2
condamnation,2
défendent,3
journaliste,1
surement,1
commerçants,1
bien,71
continué,2
europe,17
strictement,3
nicolas,13
casting,2
verbe,1
désenchanté,1
cent,1
cruels,1
sombre,2
causes,2
mondiale,2
permanentes,1
archaïque,2
regroupement,2
immigration,24
compétence,1
réflexion,1
resteront,1
soucieux,1
premières,1
classes,1
dépassée,2
habits,1
agence,1
défavorisées,1
ridiculisée,1
précarité,4
maintien,2
naturalisations,1
phrase,1
existera,2
tranquillité,1
conférence,1
envolés,1
hein,10
chaleureuse,1
marine,1
vulnérables,1
tourne,1
suppression,1
clandestins,2
arabie,1
marins,1
espoirs,1
plutôt,3
heure,2
bergère,1
destination,1
fertile,1
rendre,5
gourmandise,1
présidence,1
perd,1
accéléré,1
auprès,2
révèlent,1
diminution,1
rodomontades,2
hausse,2
rentabilité,1
finir,3
mettre,16
pendant,11
bleu,1
auront,2
siècle,2
adeptes,2
sanction,8
actuel,2
attendez,1
dernières,3
achat,9
reconstituerai,1
réintégration,1
plates,1
trébuchant,1
présidente,2
société,11
tentative,1
lesquels,3
résistants,1
mains,3
municipaux,5
paix,3
trafiquant,1
jalonné,1
fierté,3
probité,2
exposer,1
peurs,1
prétend,1
paie,1
giscard,1
autel,1
posée,2
sent,2
reconnaissons,1
aggraver,1
citoyens,11
méthode,3
hersant,1
menace,1
constitutionnelle,2
nécessairement,2
plongeait,1
enseignement,2
ultralibérale,7
répétitive,1
profondément,7
jeunesse,5
famille,8
anathèmes,1
fatalité,2
féroce,1
consacré,1
dissout,2
civilisation,2
bouche,3
enfermés,1
choisi,7
napoléon,1
déloyale,1
déclinistes,1
souhaitables,1
radicales,1
enfermée,1
vécue,1
puisez,1
préférer,1
transgression,1
péninque,1
merkel,6
positives,1
abandonner,1
forgés,1
connaissent,1
soumission,5
battent,1
terminer,4
ailleurs,24
approfondie,1
axes,1
auguste,1
tient,3
armées,1
tiens,1
préparer,1
oiseaux,1
meilleure,2
apparaît,1
délinquant,3
conseils,1
accèdent,1
considérons,1
saxonne,1
rassemblent,1
respecte,1
meilleurs,1
voix,7
périodicité,1
pouvoir,30
individus,5
respectée,1
différent,1
sylvestre,1
vois,3
voit,5
expliquer,3
hissera,1
agace,1
projets,1
évident,3
position,1
piscines,1
remboursement,2
sanctionnée,1
maintenir,2
féodalités,1
récompensé,1
paul,1
vienne,1
têtes,1
secteur,1
aide,1
allez,3
traditions,1
moralisation,1
maitre,1
listes,2
aller,11
embauches,1
veule,1
flexibilité,1
fédéraliste,1
terme,3
consistent,1
chemin,10
poursuite,2
chaine,1
commercer,1
soutenons,1
parlent,3
tunnel,2
marcheront,1
ayrault,3
moquer,1
rendrai,1
voudraient,1
arrêtant,1
apparente,1
pied,1
union,17
avais,5
chevallier,7
illégitime,1
accepter,1
avenir,14
beaux,1
habitudes,1
forfaiture,1
vouloir,3
coûter,1
œuvre,11
privée,2
honte,1
moments,1
carence,1
nécessité,2
excusez,2
brachay,1
tombe,1
maintiens,1
objectifs,13
fini,2
pourra,1
sociétaux,2
sphère,1
injustices,1
fins,1
patrimoniales,1
relations,1
sympathie,1
cultivent,1
assumer,1
disparaître,1
tourner,1
rabaissée,2
commun,5
intellectuelle,1
élections,8
disant,4
interdit,1
rois,1
avons,16
procureur,2
petites,2
changent,1
félicite,1
consommation,1
relancer,5
existe,4
genoux,1
lisbonne,1
réalités,3
ecoutez,1
nuisibles,1
travailler,1
comptoir,2
étude,1
spirale,1
métaphysique,1
considérablement,2
ferré,1
aperçus,1
électorales,1
professionnalisation,1
alourdissement,1
aggravation,1
reçu,2
indécentes,1
maurice,1
certaine,2
craintes,1
familial,1
sache,3
étoile,1
certains,13
fléchir,1
creuser,1
creuset,1
suite,3
euro,12
tombé,1
point,10
faïence,1
nécessite,1
persévérance,1
surcroît,1
entrepreneurs,3
damas,1
opposition,3
communicants,1
saoudite,1
pensance,1
empire,1
adapter,2
arrivés,2
défendre,5
ruraux,1
indépendance,7
assauts,1
quarante,2
trouve,3
argentine,1
mourir,1
bord,2
mettent,1
exprime,2
projet,11
directives,3
mettant,1
partageaient,1
accumulait,1
attentifs,1
mauvaise,2
rempli,1
loup,1
réclamer,3
malhonnêtes,1
obama,1
période,1
paris,3
piège,6
irréprochable,1
urnes,1
militaire,4
vitae,1
lève,1
pavé,1
enfumages,1
luttez,1
cantines,1
installée,1
simonpieri,1
lutter,4
factieux,1
financer,2
folie,1
alésia,1
autrement,1
amis,16
punaisé,1
dispute,1
créés,1
européennes,2
trouvent,1
dessine,1
assassin,1
bowie,1
quasiment,4
cédant,1
placides,1
phrases,1
sûreté,1
prochain,2
lumineux,1
élevé,1
droite,8
scandaleux,3
enregistrées,1
rebond,1
maladresse,1
mensongères,1
diviser,1
hypothèse,2
regardez,3
motion,2
envoyer,2
regarder,4
frontière,2
délitement,2
charles,1
adhérer,2
veut,24
milieux,1
rantanplan,1
veux,37
rime,1
fascisme,1
âgées,1
château,1
pouvons,5
remise,1
prendrais,1
extension,1
intentions,1
réseaux,1
fondamentale,2
injecter,1
électorale,1
souffrances,1
fête,1
gouvernent,2
peine,1
ressentie,1
sert,1
tenons,2
ferons,4
garde,4
forment,1
augmenterait,1
sévèrement,1
journaux,2
dissoudre,1
stupide,1
capacité,5
sera,15
commettant,1
savent,1
tour,11
faillir,1
reculs,1
généralisée,1
chinoise,1
libye,2
route,1
humanité,1
ruinent,2
grilles,1
soutien,6
ravi,1
régionaux,1
appuyer,1
faudra,5
deux,1
vulgarité,1
marée,1
faisait,4
minimums,1
objectif,1
inconsistante,1
salariée,1
urgence,2
philippe,2
communiant,1
ceux,1
dessus,1
achèverai,1
satisferons,1
criminelle,1
fraternisation,2
inspection,1
lourde,1
touchée,1
diffuser,1
hauts,2
patriotes,8
grand,17
absolue,1
échanges,1
assurément,1
balader,1
usine,1
conscrits,1
protéger,5
autant,3
équilibre,3
contrat,3
haute,6
obstacle,2
fossé,1
protectionnisme,8
offre,1
dati,1
ensemble,11
enseignants,2
fauteuils,1
date,3
oserai,1
montre,1
proposer,1
misère,1
finira,1
déplacement,2
etat,19
chances,2
liberté,29
redoutables,1
récession,1
privant,1
réflexions,2
jean,9
prêter,2
dépense,1
tactiques,1
utilisée,1
âges,1
revendications,1
classe,5
récidivistes,2
hommes,3
redonnant,1
perspective,8
soupçon,1
base,4
ouvrez,1
améliorées,1
revanche,1
bandes,1
siècles,5
générale,5
fabriquer,1
commencerai,1
image,2
entiers,2
médiatique,1
technocrate,1
suffit,3
sahel,1
ajoutée,1
pacs,2
exercice,3
fromages,1
scrutin,1
chômage,17
politiquement,1
portée,1
vague,3
plaisant,1
défaites,1
produira,1
exigence,1
concurrents,1
rédactions,2
remettre,7
ménages,1
infatuation,1
armer,1
armes,3
immatérielles,1
vraie,1
migratoires,3
montrent,3
arriverons,1
2011,1
épouvantable,1
contraires,2
2014,2
vrais,2
bruxelles,4
soutient,1
rassembler,3
nait,3
inutiles,1
surfer,1
redevenir,1
excellence,2
agir,1
montré,2
harmonieuse,1
verra,1
dominent,1
rassure,1
partenaire,1
avancer,2
commandement,1
abrutissant,1
succède,1
refuge,1
dérogatoires,1
différence,9
assimilation,2
imposer,3
âprement,1
morue,1
nôtre,2
outil,3
réformes,1
responsabilité,7
puissants,2
entité,1
couronner,1
magistrats,1
culture,6
tony,1
terrain,2
croyance,1
dynamique,1
salut,1
gros,2
irlandaise,1
comporte,1
individualiste,1
soient,11
faute,2
augmentation,1
servitude,2
enchaînements,1
protégera,1
détourner,1
extrémismes,1
bâtiment,1
ravier,1
libéralisme,3
destructeurs,1
dette,15
suivants,1
auteurs,1
fondamentalistes,1
aisément,1
solitude,3
cures,1
condamner,2
travaillions,1
lobbies,2
détiennent,1
fixée,1
duquel,1
républicain,4
chose,12
messieurs,4
expérimenté,1
industrie,5
sclérosé,1
noient,1
immenses,1
fraternité,5
manifesteront,1
individualisme,2
attendue,1
élément,1
nôtres,2
existence,4
lancerai,1
surévalué,1
occupation,2
grâce,4
annonçant,1
aider,2
aides,2
sérieux,3
attendus,1
visera,1
côté,4
retirée,1
bonne,9
minutes,3
points,1
avis,3
téléspectateurs,3
débat,13
rapacité,1
partisans,2
chiraquien,1
privilégier,1
pointe,1
faibles,1
installe,1
remporter,1
cuillère,1
représentés,1
sorte,1
valorisation,1
fonctionnaire,1
mouvements,1
seuls,10
regroupements,1
pauvres,1
dirige,1
orientation,1
conception,3
banques,6
constitutionnel,2
parisienne,1
question,6
vite,4
profession,4
gogo,1
régional,1
sondage,1
portées,1
réduction,1
accorde,1
visait,1
conséquent,9
majeures,1
venues,1
découragent,1
égaux,2
centristes,2
multiples,1
intervention,1
déstabilisée,6
proportionnelle,1
permettrai,1
confiance,16
incohérents,1
rudesse,1
dirigent,1
regard,1
systématique,2
propre,7
pieds,3
majoritairement,1
islamiste,1
entreprises,5
céder,1
devient,1
cachent,3
augmenter,2
imaginez,1
naturellement,1
vocation,2
bouvines,1
apôtres,1
oublié,1
conscience,7
blair,1
misères,1
jugeront,1
attaquerai,1
faits,4
éduction,1
vœux,4
marseillaise,2
marseille,3
glorieux,1
améliorer,3
mollesse,1
torts,1
toute,20
règlements,1
pluie,1
rejoindre,2
incarna,1
inaptitude,1
renforcé,1
brutalement,1
saine,1
réussites,2
dérangent,1
quasi,1
tête,8
scène,1
compétition,1
saisissent,1
preuve,2
obscurs,5
coins,2
expliquent,1
prières,1
autorisés,1
volontaire,2
intrinsèque,1
affairiste,1
interne,2
vote,7
venir,4
alliance,1
exclusif,4
submerger,1
sévères,1
financier,2
étais,1
valls,4
clairement,4
produit,2
rétrécir,1
hostiles,1
disparaît,1
proportionnel,1
principaux,3
déplait,1
bonnes,2
désaccord,1
présenter,1
regardons,1
totalitarismes,2
cicatrices,1
oublie,1
illusion,1
exclus,1
direz,1
échappé,1
1870,1
baisser,4
rythme,2
criminels,2
semblant,2
discriminations,1
personnels,1
incertain,2
communautarisme,10
radical,1
faisons,1
inféodons,1
alimentent,1
force,1
résout,1
violant,1
multipolaire,1
commentateurs,1
autoritarisme,1
diriger,1
finissent,2
auxquels,1
atouts,2
spécificité,1
rejointes,1
marbre,1
dirigez,1
terreau,2
zélé,1
auxquelles,1
exécutif,1
demanderait,1
guider,1
détruire,3
refusent,1
persuadée,1
éviter,1
démontrée,1
succès,3
caractérisé,1
circonstance,1
paresse,1
appliquée,4
glorieuse,2
tendancielle,1
anciennes,1
relève,1
verdâtres,1
chair,1
portugal,1
ineptie,1
retrouve,2
moyens,4
permettra,2
experts,1
sincères,1
moque,1
pessimisme,1
métronome,1
premiers,2
souhaitons,1
croissant,2
existait,1
quitte,1
servir,1
extérieur,1
toucher,2
arrange,1
envers,2
étrangers,2
phase,1
époque,3
concentration,1
diffusions,1
subi,1
puissantes,1
instillent,1
descente,1
homosexuels,6
diversion,2
intégrale,1
grecque,1
naturel,1
chers,19
faible,2
craignait,1
dissimuler,1
résiste,1
supportons,1
légitimes,1
sentent,1
provisoirement,1
attentive,1
personnages,1
afrique,1
récidive,3
respectabilité,1
exception,1
lénifiants,2
style,1
marchez,1
organisation,1
acteur,1
stupéfait,1
convergent,1
sauver,4
complexe,3
vaste,1
taille,1
périodes,2
dépourvus,1
militaires,1
conflictuelle,1
concerne,1
refusé,3
actions,1
déterminer,1
implantation,1
engager,2
angoisse,1
trancher,3
malléable,1
aboutit,1
bulgarie,1
déjà,13
précis,1
marchandisation,1
suffisamment,1
égard,2
demandes,1
règle,2
représenté,1
humains,6
argumente,1
loyauté,1
clandestine,3
égales,1
motivation,1
démocratiques,1
construite,1
pratique,2
avaient,6
planche,1
traités,1
souvenir,1
rompent,1
banquiers,3
failli,1
enfers,1
attaque,1
rappelé,1
divisions,3
scolaires,2
vendredi,1
reculerai,1
collectivités,1
provoquent,1
sable,1
éternel,1
communauté,5
bases,2
organisées,1
sépare,1
endroit,1
dégrader,1
redevient,1
cela,2
sévit,1
friche,1
désespèrent,1
crin,1
infligent,1
nécessaire,2
saint,2
universités,2
considéreraient,1
prenait,1
montons,1
rhin,1
indivisible,1
éventuellement,2
refuse,5
nations,4
vicieux,1
batailles,2
batailler,1
déterminées,1
particuliers,1
adhérents,1
notamment,4
pontifiantes,1
république,27
idées,9
aura,8
battrai,1
arrivent,2
paisible,1
oubliez,1
capitale,1
décrètent,1
présenté,1
parfois,5
venezuela,1
oublier,2
laquelle,5
constante,1
martel,1
achète,1
complexité,1
prospère,4
régule,1
train,8
catégories,2
notre,11
sécurité,10
fiscalité,1
préventions,1
croissante,2
circuit,1
trahison,1
gaminerie,1
européens,8
paysans,4
perdu,2
firent,2
guise,1
rangs,1
tiennent,1
honnêtement,3
aucun,1
majorité,8
dite,1
manifestation,3
sachiez,1
état,2
démantèlement,1
gouvernementale,1
produisant,1
estrosi,1
impérialisme,1
presqu,1
essentiel,2
converti,1
henri,1
crée,1
joue,2
désindustrialisation,1
fortune,2
voler,1
féodal,1
fournissent,1
européenne,18
affirme,1
récolter,1
scandaliser,1
incompétents,1
lumière,4
alors,26
réindustrialiser,1
enterrée,1
candidat,1
insurgés,1
commet,1
réfugie,1
lointaines,1
besoin,8
jouent,2
leurs,35
oukases,1
textile,3
républicains,3
erreur,3
collectif,9
fortes,1
participer,2
voulez,7
lequel,8
redonner,6
poison,2
adoptant,1
mondialistes,2
schengen,3
franchise,1
conçus,1
livre,3
soviétique,1
jeunes,2
tournent,1
nourrir,1
minimale,2
audace,2
bernard,1
amorcer,1
difficultés,2
respect,9
défendons,2
elle,12
pilule,1
vitalité,1
atlantisme,1
gratuitement,1
restent,1
caractère,2
propos,2
trois,4
créé,2
prononcés,1
mépris,1
extraordinaire,3
puissions,1
rencontre,2
exemple,11
symbole,3
préfets,1
réformer,1
quartiers,1
thèmes,1
contraint,2
examen,2
divergents,1
finance,9
commencé,2
fixe,3
clandestin,1
endroits,1
bercy,3
disons,5
1813,1
répète,1
poids,1
voulait,2
fonction,2
ennemi,1
réduit,1
formation,1
poil,1
unanimité,1
difficile,5
brésil,1
couleur,1
fragmentent,1
détermine,1
tienne,1
pleinement,2
planer,1
fermeté,2
renvoyer,2
compatriotes,12
porté,1
échec,5
salaire,1
fécond,2
opinion,7
cependant,1
réveille,1
priorité,4
pauvre,1
réélu,3
victoires,3
monétaire,2
exécution,1
parisot,1
écart,4
instrument,1
afghanistan,1
berne,1
corruption,1
exaspération,2
survivre,1
presque,2
commis,2
valoir,1
campagne,7
roms,1
asile,1
sainte,2
devise,1
territoire,9
amour,4
venus,1
appelés,1
candidate,1
entrées,1
fixé,1
affaires,9
disposer,1
inlassable,1
commence,1
chaleureux,1
catégoriels,1
candidats,1
yeux,6
capitalistique,1
oubliés,5
expression,4
écouler,1
quelque,8
chance,1
nourriture,1
injuste,1
inspire,2
demi,4
lèvent,1
pneu,1
combat,9
xxième,1
spéculation,1
mettrons,1
énergies,2
3ème,1
constituer,1
porte,6
délocaliser,1
derrière,2
profonde,1
plombe,1
éventuel,1
encouragements,2
chiens,1
déconstruction,1
invention,1
coupez,1
tranchent,2
chambre,4
tendresse,1
charge,1
insu,1
dingueries,1
simplement,3
croisière,1
diplomatique,1
bénéfice,2
régler,4
vide,1
difficiles,3
eglises,1
hyper,1
rouages,1
digne,3
quelconque,1
conséquences,2
bush,1
amaigrissement,1
associées,1
fronts,1
arrache,1
craignant,1
remercie,1
bâtit,2
prévention,1
fruit,1
forces,13
banlieues,1
général,5
voyons,3
formule,1
année,19
rétroactivité,1
baisse,2
muraille,1
touche,5
rapports,3
rappelez,1
avions,1
baby,1
décris,1
benoitement,1
desséché,1
accentuer,1
recherche,2
pernicieux,1
achètent,1
immédiate,2
événement,1
problématiques,2
respecté,1
étrangère,6
démagogie,2
soupçons,1
parviennent,1
nationalité,2
participe,1
ralentir,1
partisanes,1
accuse,1
oblige,2
budgétaires,1
petit,4
apparu,1
poignée,2
positif,1
environnement,1
permettez,3
généreuse,1
pensants,1
patrimoine,2
fraternelle,1
échange,2
illégitimes,3
pain,1
adoption,2
devons,8
détermination,2
voire,1
absolu,3
mesdames,2
débuter,1
cohésion,1
débattre,1
compteurs,1
faire,65
barrage,1
positions,2
ambages,1
fondamentalement,1
évitable,1
sacrifices,1
promesse,6
dissolution,3
baisses,2
entraine,1
responsable,5
commissaire,8
poser,1
directement,2
licencié,1
discussions,1
proposé,2
questions,3
plans,2
objectivement,1
ouvertes,1
mineurs,1
parties,1
tenir,6
ravages,3
indépassable,2
travers,6
fond,3
posément,1
cœurs,1
salariés,3
divinatoire,1
leçons,1
communes,4
pharmaceutique,1
progression,3
ultralibéraux,2
février,1
record,1
accusé,2
subsistent,1
irrépressible,1
logements,2
démocratie,13
émises,1
loyale,1
uniformisation,1
medef,2
qatar,1
tribalisation,1
honnêtes,2
péremptoires,1
sentir,1
potaches,1
files,1
donnée,3
centaines,1
prennent,2
micro,1
recréer,2
voisins,1
souffert,1
milliardaire,1
législatif,2
certain,4
bourgs,1
village,2
fondamentaux,2
mènent,2
asservi,1
correspond,1
dépasse,1
phénomène,1
domaines,1
destruction,1
semaines,1
tard,1
objet,1
déontologie,1
quoi,1
repentances,2
modes,1
politique,95
recompose,1
valéry,1
maîtresse,2
épargnerai,1
fraudeurs,1
scrutins,3
magique,1
obéira,1
arsenal,1
chrétiens,1
investissement,3
motivations,1
arrière,2
conclure,2
explications,2
électeur,1
dans,15
repentance,3
rassemblé,1
atout,1
ressemble,2
légalement,2
irréaliste,1
accélère,1
mémoire,1
deviné,1
chère,1
partielles,2
responsabilités,4
réelles,1
militairement,1
minorités,1
doublons,1
vénérable,1
êtes,11
antécédents,1
absurde,2
appartenance,2
remplacée,1
quelques,9
unité,15
cercle,1
inouï,1
intégré,1
mariés,2
proximité,1
gère,1
souvent,5
entendre,2
modèle,17
parallèlement,1
penser,4
écoles,3
climat,1
dire,46
émissions,1
confortable,3
pensez,2
respectueuses,1
parlementaires,4
finalement,1
insinuez,2
dénaturée,1
oublions,3
dépend,2
futures,1
analyses,3
suivre,1
celui,18
irai,2
accordés,2
dévastatrice,1
retour,7
extrêmement,3
salir,1
largement,1
gouvernements,1
novembre,1
fondateurs,1
affichage,1
élite,1
résignons,1
indépendante,4
municipal,1
chefs,1
rappeler,2
avançons,2
absolument,3
bruxellois,2
entraves,1
inutile,1
florence,1
indépendants,1
garantir,1
cynique,1
portugaise,1
conseillers,4
autrefois,1
droiture,1
excuse,1
logique,2
œillères,1
clients,1
épargnés,1
valeurs,7
chanteur,1
camp,3
mensonge,2
égoïsme,1
déclarer,1
beau,4
syndicat,1
retrouvions,2
prendre,3
taxes,2
fallait,2
prendra,1
bouquet,1
inévitables,1
accusation,1
confrontée,1
laissée,2
prenons,1
particulièrement,2
flux,1
dure,7
peur,7
salutaire,1
peut,2
ville,6
agricole,2
peux,4
imposent,2
renoncement,1
accord,6
annonce,1
adressons,1
hier,11
rassemblée,2
élites,13
annoncée,1
puiser,1
attaquée,1
vivent,1
banque,10
ténèbres,3
vraiment,1
chef,5
mettez,1
entends,1
partout,11
allemagne,6
dirigeants,7
exigeant,1
admet,1
double,1
imposés,1
croissance,3
montebourg,1
sociétés,5
proposons,3
cher,1
catin,1
imposée,2
entoure,1
devrais,3
chez,6
régimes,1
désengagement,1
inventer,1
arnaud,1
incapable,2
dessinée,1
entière,4
évitent,1
viennent,5
censée,2
redresser,2
liens,1
social,7
perte,1
ministre,16
toutes,33
compris,8
loger,2
utilité,1
ferai,6
roumanie,1
progressons,2
rabaisser,1
réindustrialisation,2
marquée,2
compétitivité,3
complice,1
avait,11
survie,5
confrères,1
problèmes,4
patriotisme,2
flatté,1
argent,9
contribue,1
soyons,3
lignes,1
répétant,1
tant,9
domaine,7
mets,1
arrêtée,1
discussion,1
favorisée,1
fragmentation,1
programmes,1
disparition,5
espérés,1
viendra,2
probablement,3
jouer,1
degré,1
internationaux,3
valets,1
limite,4
honnête,1
antidémocratique,1
consiste,1
engagement,1
condamnée,1
mais,59
contribué,1
ministérielles,1
asphyxie,1
promis,2
substitué,1
comptes,3
cacher,1
administration,3
contribuerai,1
habitude,3
portrait,1
précisés,1
austérité,18
influence,2
situation,13
souci,1
reprend,2
opportunités,1
peuples,12
économie,9
réglée,1
hollande,18
appelait,1
remèdes,1
conduites,1
marxistes,1
réfléchir,1
moral,3
espérant,1
serviles,2
immédiat,1
cadre,5
garants,2
constance,1
juger,3
espagnole,1
coupable,1
accroire,1
vaniteuse,1
dirigeante,1
animateurs,1
contributions,1
jugements,1
croyant,2
certitude,1
venez,5
notoriété,1
mouvement,5
incontrôlée,3
possible,16
déception,3
terroriser,1
dizaines,2
plantez,2
cessent,2
destin,6
incompétence,1
présomption,2
savons,3
mandat,7
pensent,5
amenée,1
industriels,2
guide,1
dominé,1
illégal,2
umps,4
lobbyistes,1
intermédiaire,1
contrôler,2
comprennent,1
gens,15
célèbre,1
occurrence,1
national,41
construction,1
réagir,1
battre,4
rassurions,1
promesses,10
décider,2
contente,2
lisibles,1
contents,2
répéter,2
libertés,7
plaît,1
générations,1
internationales,1
cesse,11
leurres,1
cessa,1
pourraient,2
luttons,1
croyons,7
gloire,4
déconnectée,1
aujourd,52
revendication,1
bref,1
communion,1
connaissez,2
retrouvent,1
circonstances,1
démantèlent,1
pousse,2
parenthèse,1
renforcer,2
claires,1
anglo,1
lucides,1
culte,1
initiative,2
voitures,2
exécuter,1
zéro,1
gouverner,2
véritable,6
affaissement,2
tâche,1
soumettre,3
dogme,1
solution,2
bourges,2
renouerai,1
opposer,3
rompre,2
statut,3
opinions,5
connexion,1
clivage,4
aimez,1
heures,1
contrairement,3
donner,9
aimer,2
dessiner,2
traduire,1
intérêt,4
entreprenants,1
invincibles,2
procès,1
vision,3
souffle,1
abat,1
succomberai,1
abordé,2
maitrise,2
titre,1
réel,1
faux,7
signer,1
divers,2
ampleur,1
drames,1
verts,2
vertu,1
marchent,1
litanie,1
stratège,1
importance,2
pourcentage,2
provocation,2
simples,3
résister,1
masse,6
respecter,3
élection,10
épreuves,1
compagnies,1
totale,2
couvert,1
supporte,2
courage,2
aurons,1
instruction,1
produits,1
chacun,12
endosse,1
individu,1
seraient,2
incantations,1
insinuer,2
suffira,1
curriculum,1
constitueront,1
inextricablement,1
esclavage,1
prestigieuses,1
cartes,1
brejnev,1
menons,2
intéressés,2
affaiblissent,1
mentir,1
rural,1
attend,1
religion,5
progrès,2
certes,1
adoptée,3
impossible,3
déloyales,1
déconstruire,1
hésitent,1
impardonnable,1
fabricant,1
marquise,1
mois,8
livrent,1
capables,1
banquier,1
pacifier,1
minent,1
ressentons,1
changer,4
final,1
médias,3
suisse,4
vassal,1
réduits,1
obéir,1
moyen,4
cahuzac,8
produisent,2
effectivement,6
fermes,1
évidemment,6
lâcheté,1
ordre,4
divertit,1
parviendra,1
publique,9
idéologies,2
triomphant,1
attendons,1
douloureux,1
tenues,3
devine,2
patient,1
planète,2
délirante,1
attention,1
politicien,1
amenuise,1
claquant,1
mercantile,1
maux,1
mise,7
intégration,1
essoufflée,1
madame,36
relâche,1
mauvais,2
aplatir,1
sarkozyste,1
quant,1
défaite,1
compresseur,1
patrons,3
effondre,3
protestataire,1
applaudissements,1
sortie,1
quand,13
indispensable,2
parlait,1
éprouvée,1
donne,3
sein,2
principes,2
comme,4
pouvait,2
défile,1
long,2
réside,1
blanc,2
résistaient,1
fixer,1
heureux,3
familles,1
logement,2
suivent,1
appétits,2
drapeaux,3
laurence,1
substituer,2
mondialisé,1
programme,2
également,2
rappellera,1
exorbitants,1
veuillent,2
législatives,1
définir,4
espace,5
fiscale,2
tronquée,1
vivre,3
affaiblissement,2
marques,1
magie,1
appliquer,3
delà,3
ayant,4
déclin,1
évolutions,1
meilleur,6
blablate,1
colossaux,1
trafiquants,1
qualités,1
entrainé,2
fondamentaliste,1
bloquée,1
répondre,2
individuelles,5
fier,1
déshonorait,1
décembre,1
surtout,12
voulu,2
retirer,1
acheter,3
effrontément,1
incarcération,1
fasse,2
taire,6
ouverte,1
chiffres,2
partage,2
aspiraient,1
vème,3
balladur,1
jamais,22
guillemets,1
héritiers,1
manque,2
passion,1
farouche,1
chantre,1
vents,3
association,1
gorge,1
monétiser,2
journalistes,9
maltraités,1
combattez,1
politiques,18
préau,1
culturel,2
vieux,4
druon,1
laissiez,1
méprisantes,1
concevoir,2
développer,1
rétablirons,1
intéressant,1
semble,3
sentiment,4
lire,1
montent,1
laissa,1
représente,1
dévaluent,1
indispensables,1
entrainerait,1
situations,1
errances,1
révolutionnaire,1
après,11
vive,7
marché,2
2013,11
fournies,1
prise,2
lourd,1
anciens,4
repose,1
écoute,1
plus,151
ouvre,3
danger,1
rejettent,1
tout,4
réjouissons,1
importations,1
radicaux,1
annoncerai,1
remplaçant,1
passerons,1
chantiers,1
réfugiés,1
cabinet,1
stopper,2
devant,12
entre,29
salle,1
pose,2
velléitaires,1
folle,3
parle,8
reconnues,1
parla,1
ouvrira,1
signifie,7
prérogatives,1
étudiants,1
remplissent,1
délai,2
patriote,3
intérêts,28
notion,1
enchaine,1
études,2
comprenne,1
allier,2
atterrés,1
donnent,2
prévisions,1
consommateur,1
moment,5
symposium,1
vaine,1
aime,1
considérez,1
cette,26
détriment,1
sociaux,4
considérer,3
épouse,1
attachement,1
ennemis,1
cherchez,1
type,3
inde,1
naître,1
chercher,1
ennemie,1
taper,1
mauvaises,2
sociales,4
retraités,4
créateurs,1
discuter,1
envie,3
démocratique,3
séparation,2
production,3
poste,1
chargés,1
quotidien,1
différents,1
justice,16
ultralibéralisme,3
enquêtes,1
usines,2
prestations,1
différente,1
meilleures,1
noir,1
désordre,2
rebellés,1
demander,1
servage,1
appartient,1
casser,2
pacte,2
grands,14
assistons,1
rang,3
modèles,1
conséquence,4
planétaires,1
utilitariste,1
mélenchon,1
rémunérateur,1
diplomatie,4
parlé,1
bureau,2
grande,10
individuelle,1
horreurs,1
mêmes,14
puissent,2
complémentaires,1
remorque,1
quotidienne,4
suprême,1
renonçant,1
souhaite,2
trompés,3
indigentes,1
parler,12
grossit,2
chinois,8
légistes,1
posture,1
légitime,3
grossir,1
organisée,1
professeurs,1
travaillent,1
quittés,1
longuet,1
désillusion,1
inverse,6
tromper,3
gray,1
pole,1
nationaux,1
voile,2
semblable,1
financés,1
fortunés,1
élus,9
vendent,1
ouverture,2
norme,1
sûre,7
circuler,1
leitmotiv,1
désillusions,1
artifice,1
élue,1
défait,5
caresser,1
sympathisants,1
changement,2
chasse,1
ruiné,1
retrouver,9
discutable,1
voyante,1
désagrègent,1
heureusement,1
juppé,1
tombent,1
geste,1
gentil,1
vertueux,1
pneus,1
doivent,4
pasteurisation,1
celles,9
promouvoir,1
mises,1
miser,1
2008,1
disciples,1
portera,1
gains,1
mercantiles,1
souterraine,1
serait,3
échelle,1
délinquants,1
sauve,1
déficit,2
électeurs,5
dauphin,2
souffrance,2
redit,1
publics,6
système,19
chaos,2
compétitifs,1
regarde,2
rejoints,4
ouest,1
lorraine,1
francfort,2
soit,22
soir,2
reconnaissance,1
spéculateurs,1
transmette,2
sonnant,1
puisque,8
continent,3
voilà,22
publiquement,2
première,5
solides,1
légitimement,2
parce,16
répétition,1
horizon,2
premier,13
écrire,1
prêt,1
marre,1
capitalisme,1
rapport,2
radicalement,4
origines,4
pitrerie,1
partenaires,1
nouvelle,15
fondement,1
marcher,1
défaitisme,1
lancée,1
croient,1
facilité,1
livrant,1
lancés,1
violents,1
dépenses,6
pudiquement,1
disais,2
alliés,3
mérite,4
lobby,1
trompions,1
davantage,1
propose,5
émirs,1
artisans,3
nationales,2
mettait,1
claire,2
affiliés,1
dénoncer,4
massives,1
insurrection,1
avide,1
derniers,2
devrons,2
oublient,2
renaissance,1
afin,1
rosière,1
charte,3
corrèze,1
mesures,1
humanisme,1
fréquentable,1
1914,1
tarifaire,2
brisée,1
étrangement,1
symbolise,1
présider,1
organiser,1
euros,3
mondial,1
désespère,1
alternance,2
placer,1
assez,11
faudrait,1
bipolarisation,1
dissolutions,1
supprimer,2
affronter,1
épanouit,1
airs,1
chercheurs,1
tribunal,1
cause,6
complices,1
posent,2
rigueur,1
desseins,2
informations,2
grosse,1
progressive,1
décennies,6
transferts,1
doigts,1
issu,1
subissons,1
tuer,1
ecole,6
incontournable,1
grave,2
stéphane,1
réalité,15
judiciaire,1
noblesse,1
implantations,1
décision,1
égide,1
campagnes,2
entretenu,1
communistes,1
mondialisme,3
bedonnants,1
élevée,1
remporte,1
étonna,1
photo,1
étonne,2
amoureux,2
harmonie,1
naissance,1
nous,52
désespériez,1
pensaient,1
défilé,2
dispose,1
pièges,2
centre,5
1980,2
pièces,1
anxiogène,1
serment,1
attendre,3
regards,1
délocalisations,4
vécu,2
désormais,3
angleterre,1
retirerai,1
nulle,1
faussée,2
décennie,1
plaies,1
conviction,1
protectrice,1
industrielle,3
bravo,1
reportage,2
consommé,1
vise,4
luttera,1
vieille,1
tactique,2
mandats,1
méprisés,1
inquiéter,1
racine,1
fragiles,2
populaires,1
muscles,2
conduire,1
caste,1
danses,1
apolitique,1
allemands,2
pression,3
figé,1
personnelle,1
attachés,1
deuxième,1
autocensure,1
bousquet,1
générosité,1
prochainement,1
postes,2
sarkozy,18
demande,9
allemande,2
inquiète,3
édifices,1
personnalités,2
soldé,1
draper,1
bonheur,2
proposition,3
touchant,1
rebondir,1
refus,1
aimons,1
lourdingues,1
cherchent,1
renaisse,1
réduisait,1
rend,3
construit,1
communication,11
toulon,3
économiquement,2
beaucoup,12
tomber,3
serons,5
syrie,2
fière,1
assassinat,1
illégalement,1
seront,7
galopante,1
inquiétudes,1
resplendir,1
démontré,1
chirac,1
fillon,2
fidèles,1
montrer,2
espagne,1
pleine,1
forts,1
serez,1
déménager,1
travail,12
forte,8
sondages,2
signons,1
risible,1
entrer,1
enfants,4
gardant,1
quelqu,2
célébrons,1
réorganisation,1
combien,1
mirage,1
amène,2
ministérielle,1
fonds,2
retrousse,1
rouge,2
satisfaisons,1
inquiété,1
manœuvre,2
violence,2
chocolat,1
marier,1
fonde,1
combats,3
retrouverait,1
apanage,1
visiblement,1
parlerai,1
laïcité,3
cambrioleurs,1
vendu,2
intègre,1
venant,1
détériore,1
dérives,2
propriétaires,1
ouvrir,4
préoccupations,3
terrible,1
rôle,5
cherchons,2
parvenus,1
escarcelle,1
islamisme,1
chérie,1
belliciste,1
clarté,2
cellule,1
contestation,1
arrivée,2
mesurent,1
activement,1
jalousie,1
etienne,1
ceci,4
mensonges,6
représentants,1
interminable,1
devenu,6
dont,19
transparence,2
dignité,1
antirépublicain,1
écoutez,10
surpassent,1
solutions,4
atteindre,4
enrichir,3
perdent,1
viole,1
concitoyens,3
frontières,15
sacrifient,1
simplistes,1
bonjour,1
hypocrite,3
information,4
manches,1
concret,1
textiles,1
anarchie,1
financières,1
sectaire,1
apprenne,1
lamenter,2
renfort,1
désordres,1
impression,1
accusent,1
jusqu,2
attarder,1
perspectives,1
concernent,1
alerter,1
prises,1
haut,1
alignement,1
obligés,2
règles,3
extrême,1
paysanne,1
chute,1
multiplia,1
gaulle,1
exportations,1
pensée,5
cassation,1
pompes,2
comprends,5
diversions,1
devenue,2
vivions,1
attributs,1
ethniques,1
idée,4
musulman,1
membres,1
liste,3
effrayante,1
indemnités,1
avec,1
proposera,1
connu,2
détestable,1
avez,10
aveu,4
près,4
commune,1
justifiant,2
portez,1
outre,5
conseil,4
plainte,2
perdus,1
multiplièrent,1
françois,16
genre,2
condition,3
marie,8
démontre,2
enthousiasmant,1
civique,1
certaines,2
musée,1
parfaitement,9
évidence,4
accepterai,1
archaïques,1
invitée,1
exclurai,1
réarmement,1
dommage,1
permet,4
désirs,1
pensons,1
imposant,1
délinquance,2
commission,2
ligne,1
multiculturalisme,2
dépréciation,1
pourtant,10
monnaie,11
composantes,2
très,2
copé,2
stupidité,1
villeneuve,1
lancer,3
exploser,2
globe,1
comportement,1
attitude,2
dirai,1
véritables,1
adhèrent,1
nommerai,1
vulgaire,1
gardiens,1
comparaison,1
viens,1
exprimée,1
vient,5
maitresse,2
importe,1
merci,9
gratter,1
désunion,2
succèdent,2
abandon,2
rouleau,1
ministres,5
propres,3
rayonnement,1
écarté,1
attendront,1
loups,1
couturé,1
constitution,2
actuelle,1
économiques,4
augure,1
cycle,1
pédagogistes,1
italienne,1
départements,1
inappropriée,1
petite,5
homosexuel,3
était,33
restructurations,1
soutenait,1
hurler,1
papier,2
rétablir,2
vice,1
profondes,2
tragédies,2
uniques,1
impartiale,1
abonder,1
indigeste,1
effectuées,1
correctionnel,1
entourer,1
électoralistes,1
traditionnelle,1
présidentielle,3
réponse,1
bretagne,1
ambitions,5
assister,1
vous,32
travaillerai,1
matériels,2
exprimer,2
prémisses,1
moribonde,1
millénaire,1
tournée,1
récupérer,1
fonctionnement,1
scolarisation,1
gouffre,1
conserver,1
résultat,2
oppression,1
détruit,1
préfiguration,1
aise,1
satisfaire,1
espérance,9
errons,1
permis,2
permanence,2
éternelle,2
boutique,2
agit,10
productions,2
accélérer,1
insinuations,1
liées,2
dernier,1
empressés,1
nombre,5
pigiste,1
contraire,6
fouquet,1
contrôle,4
fallu,1
central,1
jihaddistes,1
anonymes,1
consommateurs,1
filière,1
arbitre,1
relais,2
historique,2
fixées,1
savants,1
constats,1
constate,1
positive,1
pouvoirs,2
ravage,1
centrale,3
réaction,1
députés,4
machine,2
dénonçons,2
anticipés,1
bannira,1
allons,4
redressement,3
défenseur,1
colère,2
entreprendre,2
pans,1
front,32
résous,1
obsolète,1
riches,3
guaino,1
dossier,1
réclamé,1
entrés,1
françaises,7
catalogues,1
acte,3
essentielle,2
fédèrent,1
ministère,3
appréciable,1
révèle,1
aggrave,1
sociétal,1
parti,13
lgbt,1
terre,3
demain,10
enlever,1
ouvriers,2
sociétales,1
talents,3
neige,1
complaisante,1
rendue,1
reprennent,1
modeste,1
conjonction,1
règne,3
elles,2
aptes,1
principale,1
indiquer,1
locale,1
créer,3
problème,18
bourguignon,1
dotée,1
moteurs,1
inexpulsables,1
méthodes,1
enchaînent,1
manie,1
sorcellerie,1
morale,3
russie,1
instant,7
bannir,1
rupture,3
université,2
orientations,4
autres,18
aléas,1
manifestiez,1
légale,3
porteuse,1
avocat,2
slogan,1
laissent,2
gangrène,1
démonstratif,1
croyais,1
pille,1
invraisemblable,1
droits,2
petits,1
chérissons,2
institution,1
diktats,1
aggravent,3
partenariats,1
socle,2
peillon,2
choses,6
gagnons,1
peuvent,5
rues,2
prédateur,2
exercices,2
repenti,1
histoires,1
percevez,1
dévalue,1
universalité,1
aplomb,1
journée,1
asservit,1
candidature,1
drogue,1
libre,16
blague,1
plateau,1
avaler,1
irréparable,1
alternative,1
souffre,1
traité,3
emplois,3
attendent,2
cours,2
population,5
concrètes,2
réunit,2
cheval,1
réunis,1
pire,6
cachait,1
lendemains,1
renflouement,1
dessein,3
reconnaître,1
gagnant,1
réaffirmer,1
reconnaîtra,1
impunité,2
empreinte,1
évidences,1
aspirantes,2
laps,1
vives,1
honteux,1
croit,1
direction,4
dépêche,1
crois,19
souveraineté,20
identité,2
division,6
suivons,2
rêvait,1
esprit,4
autonome,1
donnez,2
revendiquent,1
institutions,4
recettes,2
moralement,2
espérer,1
immergé,1
ininterrompue,1
suis,15
insensées,1
suit,1
honneur,3
collectives,1
invente,1
espéraient,1
méditons,1
hexagone,1
absence,3
villes,1
moderne,1
compétente,1
malheureusement,1
victimes,6
trouverez,1
exécrons,1
flageller,1
présence,5
portait,1
gagné,1
félicités,1
entendez,1
bout,3
sapent,1
déplaise,2
anti,4
toujours,27
feuille,1
dérive,3
prime,1
impôts,3
électoraux,2
malgré,3
analyse,1
reprendre,1
jacques,1
lointain,2
théâtre,1
provinces,1
parlez,3
rappelle,3
trimestre,1
légitimité,2
conditions,6
menti,2
relevée,1
observez,1
communautaire,1
conflit,1
indifférente,1
écrit,1
nourris,1
organisés,1
crèche,2
totalitarisme,2
alerte,2
encouragent,1
retenez,1
diluées,1
résolument,1
inégalité,1
foie,1
propositions,2
unique,5
barbare,1
revoir,1
collective,5
choc,1
paysages,1
hasard,1
querelles,1
propriété,1
secondes,1
salarié,1
remplir,1
puissance,5
ultrarentabilité,1
monnaies,1
naturelle,3
estaing,1
conservatismes,1
familiales,1
opération,3
optimisation,1
inscrite,1
député,1
délit,4
nier,1
piliers,2
heurter,1
passe,10
prix,6
débats,4
crédo,1
meurtrières,1
pris,2
redressera,1
contournement,1
accepté,1
menaces,2
immense,5
recommencement,1
contemporains,1
etats,6
vercors,1
grèce,2
inquiétante,2
services,8
indigne,2
appelle,3
appris,1
emploient,1
sincérité,1
maîtrisent,1
culpabilise,1
dieu,1
décisions,1
réellement,2
cassagne,1
savez,8
voudrais,2
score,2
retrait,1
réputation,1
janvier,1
manière,7
brouillard,1
fussent,1
faut,50
pouvez,3
répandue,1
investies,1
conscient,2
cœur,12
bataille,2
délire,1
établi,2
législative,1
surplace,1
pourriez,1
émergence,1
sereinement,1
bons,1
décidées,1
profits,1
corse,2
tenter,2
référendum,9
gouvernants,1
sagesse,1
prêtres,1
défendait,2
naïve,1
titres,4
affaiblie,1
accepte,1
amalgames,1
sauvage,14
librement,2
affaiblir,3
grandissante,2
passé,8
formes,1
graverai,1
autour,1
internationale,4
lassitude,1
connaître,2
communs,1
innovante,1
principe,2
cherche,1
troubles,1
osons,1
jachère,1
action,8
incapables,1
discours,5
tapie,1
annonces,1
souverain,4
voudrait,3
enfoncent,1
abrogerai,1
seine,2
quiconque,1
concurrences,1
trompent,1
réussite,1
capacitaire,1
contraindre,1
rabâche,1
étiquette,1
légales,1
manifesté,1
jurisconsultes,1
opposées,1
inique,1
rendent,1
présomptueux,1
mettra,1
technologique,1
immobilisme,1
photos,1
désir,2
mariage,10
crédible,2
1990,1
communautariste,1
allocation,1
paradis,1
